playerId,name,position,team,proj_points
5105849,Devon Dampier,QB,Utah,247.0
5197065,Ahmad Hardy,RB,Missouri,238.8
4870906,Arch Manning,QB,Texas,232.6
5238868,Liam Szarka,QB,Air Force,231.6
4870857,Avery Johnson,QB,Kansas State,230.8
5079653,Demond Williams Jr.,QB,Washington,229.1
4911529,Trinidad Chambliss,QB,Ole Miss,226.0
5150297,Cale Hellums,QB,Army,224.0
4685574,Conner Weigman,QB,Houston,221.8
4695600,Bryson Barnes,QB,Utah State,221.6
4685454,Jayden Maiava,QB,USC,220.0
4911929,Alonza Barnett III,QB,UCF,219.6
4870971,Marcel Reed,QB,Texas A&M,216.1
5148803,Brad Jackson,QB,Texas State,216.0
4880272,Byrum Brown,QB,Auburn,214.5
4775136,Owen McCown,QB,UTSA,214.4
5153846,Nick Minicucci,QB,Delaware,212.7
5125715,Colton Joseph,QB,Wisconsin,211.3
4801717,Noah Fifita,QB,Arizona,209.1
4915980,John Mateer,QB,Oklahoma,208.5
5079301,CJ Bailey,QB,NC State,208.1
5121169,Darian Mensah,QB,Miami,208.0
4685401,Josh Hoover,QB,Indiana,206.2
5086388,Kewan Lacy,RB,Ole Miss,203.7
5079720,Jeremiah Smith,WR,Ohio State,201.7
5084084,Kevin Jennings,QB,SMU,201.4
5044387,Anthony Colandrea,QB,Nebraska,198.6
4685578,Gunner Stockton,QB,Georgia,197.2
5074245,Broc Lowry,QB,Western Michigan,196.7
5087156,Nathan Hayes,QB,North Dakota State,195.9
5193580,Cameron Dickey,RB,Texas Tech,194.2
4801299,Rocco Becht,QB,Penn State,194.1
4869991,Caden Veltkamp,QB,Florida Atlantic,191.9
4875127,LaNorris Sellers,QB,South Carolina,189.3
4921108,DeSean Bishop,RB,Tennessee,187.7
5079369,CJ Carr,QB,Notre Dame,187.7
5079322,Jadan Baugh,RB,Florida,185.7
5141367,Bear Bachmeier,QB,BYU,185.5
5122157,Caden Creel,QB,Jacksonville State,185.1
5079574,Jordan Marshall,RB,Michigan,184.5
5079712,Julian Sayin,QB,Ohio State,183.1
4870921,Dante Moore,QB,Oregon,182.9
5101124,Micah Alejado,QB,Hawai'i,182.7
5209945,Antwan Raymond,RB,Rutgers,182.5
5141695,Malik Washington,QB,Maryland,180.4
4432691,Carlos Del Rio-Wilson,QB,Marshall,180.0
5146712,Dylan Riley,RB,Boise State,179.9
5164332,Nate Sheppard,RB,Duke,179.3
4690158,Noah Kim,QB,Eastern Michigan,176.0
5152414,Beau Sparks,WR,Texas State,175.4
5258016,Caleb Hawkins,RB,Oklahoma State,174.3
4871091,Lunch Winfield,QB,Louisiana,173.8
5177084,Kamario Taylor,QB,Mississippi State,173.3
5173431,Wayshawn Parker,RB,Utah,172.9
5086393,J'Koby Williams,RB,Texas Tech,171.4
5219834,Drew Mestemaker,QB,Oklahoma State,168.0
4869553,Bishop Davenport,QB,South Alabama,167.9
4795295,Katin Houser,QB,Illinois,166.8
5078810,Sam Leavitt,QB,LSU,166.0
5223167,Will Henderson III,RB,UTSA,165.9
5084771,KJ Duff,WR,Rutgers,165.9
5141741,Bryce Underwood,QB,Michigan,165.7
5079555,DJ Lagway,QB,Baylor,165.4
5159175,Malachi Toney,WR,Miami,165.4
4918126,LJ Martin,RB,BYU,165.0
5141517,Bo Jackson,RB,Ohio State,163.5
5154734,Griffin Wilde,WR,Northwestern,161.8
5076122,Evan Dickens,RB,Boston College,160.7
5125754,Jai'Den Thomas,RB,UNLV,160.2
4920227,Gio Lopez,QB,Wake Forest,160.1
4816099,Javen Jacobs,RB,Utah State,159.8
5078916,Joe Jackson,RB,Kansas State,159.5
4918103,Cam Cook,RB,West Virginia,158.7
4804878,Cooper Barkate,WR,Miami,158.2
5104738,Ryan Browne,QB,Purdue,157.8
4431328,Rodney Hammond Jr.,RB,Sacramento State,157.1
5218633,Ryan Wingo,WR,Texas,157.0
4870513,Maddux Madsen,QB,Boise State,156.7
4870799,Nico Iamaleava,QB,UCLA,156.3
5079345,Mario Craver,WR,Texas A&M,154.8
5077060,Amare Thomas,WR,Houston,154.7
5191162,Alberto Mendoza,QB,Georgia Tech,154.5
5208095,Mason Heintschel,QB,Pittsburgh,154.3
4870607,Jackson Arnold,QB,UNLV,152.3
5079516,KJ Jackson,QB,Arkansas,151.6
5132629,Braylon Staley,WR,Tennessee,151.2
5233016,King Miller,RB,USC,150.4
5226019,Caden Pinnick,QB,Washington State,150.4
5141423,Jordon Davison,RB,Oregon,150.3
4431091,Ben Finley,QB,Akron,149.9
5164313,Jaron-Keawe Sagapolutele,QB,California,149.3
5084047,Nate Frazier,RB,Georgia,148.9
5086034,Cam Edwards,RB,Michigan State,148.5
5030333,Sedrick Alexander,RB,Vanderbilt,147.6
4914830,Easton Messer,WR,Florida Atlantic,147.0
4832804,Jordan Dwyer,WR,TCU,146.6
4920901,Darius Taylor,RB,Minnesota,146.6
5085006,Jalen Buckley,RB,Western Michigan,146.0
5167252,Duncan Brune,RB,Ohio,146.0
4685696,Beau Pribula,QB,Virginia,145.6
4870922,Duce Robinson,WR,Florida State,145.2
5078244,Caleb Komolafe,RB,Northwestern,144.7
4685345,JC French IV,QB,Cincinnati,144.1
5155366,Malachi Hosley,RB,Georgia Tech,143.5
5078165,Junior Sherrill,WR,Vanderbilt,143.4
4870819,Eli Holstein,QB,Virginia,143.3
4870736,Mark Fletcher Jr.,RB,Miami,142.8
5083171,Jack Layne,QB,New Mexico,141.5
5194626,Roman Gagliano,QB,Middle Tennessee,140.9
5126468,Will Hammond,QB,Texas Tech,140.8
4912453,Lucky Sutton,RB,San Diego State,140.0
5119841,Dru DeShields,QB,Kent State,139.6
5080403,Jaylen Raynor,QB,Iowa State,139.3
5079663,Jeremy Payne,RB,TCU,139.0
5079349,Isaac Brown,RB,Louisville,138.8
5158343,Braxton Woodson,QB,Navy,138.7
4694149,Walker Eget,QB,Duke,138.6
5148787,Wyatt Young,WR,Oklahoma State,138.5
5080703,Isaiah Sategna III,WR,Oklahoma,138.3
5077502,Carson Hansen,RB,Penn State,137.4
5084135,Pofele Ashlock,WR,Hawai'i,136.1
4870883,JJ Kohl,QB,Florida International,136.0
4832918,Ethan Vasko,QB,Liberty,135.1
5084582,Jordan Gant,RB,Akron,134.8
5079580,Mike Matthews,WR,Tennessee,134.6
5141378,Cutter Boley,QB,Arizona State,134.6
5114311,Jackson Harris,WR,LSU,134.2
4433829,Mitch Griffis,QB,East Carolina,134.1
5141677,Ja'Kyrian Turner,RB,Pittsburgh,133.8
5294263,Byrd Ficklin,QB,Utah,133.2
5069231,Deondre Johnson,WR,Jacksonville State,132.7
5075805,Aidan Chiles,QB,Northwestern,132.7
5153885,Rodney Nelson,RB,Miami (OH),132.6
5085337,Keyone Jenkins,QB,UCF,132.2
5084769,Angel Flores,QB,Central Michigan,132.2
5196864,Rodney Tisdale Jr.,QB,Western Kentucky,131.6
5141572,Andrew Marsh,WR,Michigan,131.1
5121879,Keshaun Singleton,WR,Auburn,130.8
4871010,Shelton Sampson Jr.,WR,Louisiana,130.7
5083042,Skyler Locklear,QB,Missouri State,130.6
5193302,Telly Johnson Jr.,RB,Northern Illinois,129.6
5144959,Drake Lindsey,QB,Minnesota,129.6
5212641,Weston Bryan,QB,Georgia Southern,129.5
5295238,Luke Weaver,QB,San José State,129.0
5088153,Micahi Danzy,WR,Florida State,128.7
5141684,Austin Simmons,QB,Missouri,127.7
5147379,Sire Gaines,RB,Boise State,127.4
5164314,Scotty Fox Jr.,QB,West Virginia,126.6
4838536,Tyler Hughes,QB,Wyoming,126.3
5218753,T.J. Moore,WR,Clemson,125.8
5082330,John Alan Richter,QB,Toledo,125.5
5077873,Chris Dawn Jr.,WR,Texas State,125.4
5220197,Fluff Bothwell,RB,Mississippi State,125.0
5079687,Jordan Shipp,WR,North Carolina,124.5
5141711,Ryan Coleman-Williams,WR,Alabama,124.2
4912342,Wayne Knight,RB,UCLA,124.0
5141395,EJ Colson Jr.,QB,UTEP,123.7
5193926,Cameran Brown,QB,Georgia State,123.5
5141499,Dierre Hill Jr.,RB,Oregon,123.4
5141556,TJ Lateef,QB,Nebraska,123.2
5121691,Blaze Berlowitz,QB,Vanderbilt,123.1
4871053,Hollywood Smothers,RB,Texas,123.1
4685445,Rayshon Luke,RB,Fresno State,122.4
5224011,Baylor Hayes,QB,Tulsa,122.1
5224789,Landen Clark,QB,LSU,122.0
4870900,Dylan Lonergan,QB,Rutgers,121.8
5146670,Alessio Milivojevic,QB,Michigan State,121.1
4837193,Jmariyae Robinson,WR,Missouri State,120.5
5153782,Amari Odom,QB,Syracuse,119.3
5171031,Matt Vezza,QB,Ohio,119.2
5166797,Dezmen Roebuck,WR,Washington,118.3
5166161,Scottre Humphrey,RB,New Mexico,118.3
4870934,Rueben Owens II,RB,Texas A&M,117.3
5084404,Liam O'Brien,QB,Cincinnati,117.2
5078005,Abu Sama III,RB,Wisconsin,116.0
5144078,Ethan Grunkemeyer,QB,Virginia Tech,116.0
5126513,Jayden Scott,RB,NC State,115.8
5156998,CharMar Brown,RB,Miami,115.6
5143191,Micah Ford,RB,Stanford,115.6
4689529,Kenji Christian,RB,UConn,114.9
4870642,Jeremiah Cobb,RB,Auburn,114.8
5295550,DeJuan Williams,RB,Maryland,113.5
4921116,Jamal Roberts,RB,Missouri,112.7
4838679,Ashton Daniels,QB,Florida State,112.2
5083848,Jamar Curtis,RB,Sacramento State,112.2
4907671,Anthony Evans III,WR,Mississippi State,112.0
5121750,Yamir Knight,WR,SMU,112.0
5224764,Sean Wilson,WR,Delaware,112.0
5146725,Kaden Shields-Dutton,RB,Florida Atlantic,111.9
5223119,Owen Allen,RB,Air Force,111.8
4986096,Chase Jenkins,QB,Kansas,111.4
4870728,Kaden Feagin,TE,Illinois,111.3
5153730,Jaden Barnes,WR,Charlotte,111.2
5298739,Logan Inagawa,QB,Massachusetts,111.0
5150424,Jordan Faison,WR,Notre Dame,111.0
5078312,Nyziah Hunter,WR,Nebraska,110.8
5093886,Kamari Moulton,RB,Iowa,110.4
4705859,K.D. Hutchinson,WR,Western Kentucky,110.3
4918099,Kenny Minchey,QB,Kentucky,110.2
5112674,Bryant Wesco Jr.,WR,Clemson,109.9
5122054,Aidan Armenta,QB,UL Monroe,109.7
5153889,Josh Derry,WR,UCF,109.4
5154224,DJ Scott,RB,North Dakota State,109.1
4870745,Nyck Harbor,WR,South Carolina,109.0
4881032,Taron Dickens,QB,Northern Illinois,108.9
4916941,Coy Eakin,WR,Texas Tech,108.5
4685291,Jacurri Brown,QB,Rice,108.1
4695867,Grant Wilson,QB,Indiana,108.1
5082271,Quinton Jackson,RB,Rice,108.0
5209679,Jeremiah Koger,WR,Auburn,107.7
5153074,Carlos Hernandez,WR,Wake Forest,107.7
4899369,Christopher Vizzina,QB,Clemson,107.6
4871076,Quintrevion Wisner,RB,Florida State,107.5
4869582,Cam Barfield,RB,Hawai'i,107.0
5212654,Braden Atkinson,QB,Oregon State,106.7
5146689,Brock Townsend,RB,Central Michigan,106.7
4911971,Jahiem White,RB,North Texas,106.1
5218787,Que'Sean Brown,WR,Virginia Tech,106.0
4685545,Gavin Sawchuk,RB,Northwestern,105.8
4912119,Tucker Kilcrease,QB,Troy,105.4
5154284,Ramone Green Jr.,RB,Missouri State,104.8
5294063,Tre Richardson,WR,Louisville,104.8
5079742,Aneyas Williams,RB,Notre Dame,104.8
5079600,Nick Marsh,WR,Indiana,104.8
5153399,Adjatay Dabbs,WR,Toledo,104.8
5084409,Jared Richardson,WR,Duke,104.6
5083490,Ayden Pereira,QB,Georgia State,104.5
5152815,Danny Scudero,WR,Colorado,104.5
4685268,Raleek Brown,RB,Texas,104.5
5296376,Trey Kukuk,QB,Louisiana Tech,104.3
5084802,AJ Wilson,WR,UTSA,104.3
5079508,Austin Mack,QB,Alabama,104.1
4899361,Kedrick Reescano,RB,Arizona,103.8
5079506,Daniel Hill,RB,Alabama,103.3
4871062,Asaad Waseem,WR,Purdue,103.3
4922992,Israel Polk,WR,Oklahoma State,102.6
5121334,Jayce Brown,WR,LSU,102.1
5141586,Dakorien Moore,WR,Oregon,101.7
5079376,Cam Coleman,WR,Texas,101.6
5078144,Landen Chambers,RB,UCF,101.5
4891198,Tre Spivey,WR,Arizona,101.5
4954455,Bryson Washington,RB,Auburn,101.3
4836476,Davin Wydner,QB,Louisville,101.1
4918108,Jordan Napier,WR,San Diego State,101.0
4917054,David Amador II,WR,UTSA,100.9
5152158,Deuce Alexander,WR,Ole Miss,100.9
5086952,Jo Silver,RB,Delaware,100.8
4917310,Zylan Perry,RB,Cincinnati,100.8
5150998,Blake Baker,QB,Louisiana Tech,100.6
5295070,Keenan Phillips,RB,South Alabama,100.4
5156152,Jaquari Lewis,RB,App State,100.3
4870760,Justice Haynes,RB,Georgia Tech,100.2
4685497,Maalik Murphy,QB,Oregon State,100.1
5157331,Adrian Norton,WR,Marshall,100.1
4922993,Devin Roche,RB,Old Dominion,100.1
5083205,Nick Devereaux,WR,Eastern Michigan,100.0
5139057,Ashton Bethel-Roman,WR,Texas A&M,100.0
5156906,Bill Davis,RB,Virginia Tech,99.7
5078225,Jaron Tibbs,WR,Kansas State,99.6
4713649,Drew Dickey,QB,Arkansas State,99.1
5110454,James Peoples,RB,Penn State,99.1
4592835,Dalton Stroman,WR,App State,99.1
4805256,Sutton Smith,RB,Arkansas,98.8
5168770,Carver Cheeks,WR,UTEP,98.7
5125900,Joshua Dye,RB,Ole Miss,98.3
5092811,CJ Miller,RB,Toledo,97.9
5160209,Landan Brown,RB,Sam Houston,97.9
5079620,Michael Van Buren Jr.,QB,South Florida,97.8
5092483,Josiah Freeman,WR,Fresno State,97.7
5079420,Trey'Dez Green,TE,LSU,97.5
5186586,Ty Clark III,RB,Wake Forest,97.5
4888886,Kenyon Clay,RB,Arkansas State,97.4
4917048,Dominique Henry,WR,Florida Atlantic,97.2
5298748,Nick Herman,RB,James Madison,97.1
5193346,Quinn Henicle,QB,Old Dominion,97.0
5083175,Anthony Woods,RB,UCLA,96.8
5147861,Adam Mohammed,RB,California,96.8
5079335,Chauncey Bowens,RB,Georgia,96.6
4869443,TK King,WR,New Mexico State,96.6
5295811,Vernell Brown III,WR,Florida,96.5
5224714,Latrelle Murrell,RB,Kennesaw State,96.4
5151339,Anthony Garcia,QB,Utah State,96.1
4685290,Tychaun Chapman,WR,Memphis,95.6
5159016,Julian Lewis,QB,Colorado,95.6
5260847,Marcellous Hawkins,RB,Virginia Tech,95.6
5159948,Chris Johnson Jr.,RB,Clemson,95.1
5155048,L.J. Phillips Jr.,RB,Iowa,95.0
5195300,Matt Zollers,QB,Missouri,95.0
5296438,Tristian Gardner,WR,Coastal Carolina,94.9
5091830,Cam'ron Lacy,WR,Middle Tennessee,94.8
4880358,Cam Pedro,WR,Charlotte,94.8
4685311,Jayden Denegal,QB,San Diego State,94.6
5089314,Hank Brown,QB,Iowa,94.6
5232049,Raymond Moore III,QB,UTEP,94.4
5148535,Brett Eskildsen,WR,Penn State,94.4
5154732,Kirby Vorhees,RB,Washington State,94.4
4923046,Keyjuan Brown,RB,Louisville,94.3
5083847,Dean DeNobile,QB,Florida State,94.1
5227057,Jalen Jones,WR,Texas Tech,93.9
4941012,London Montgomery,RB,Florida,93.9
5083569,Jaden Craig,QB,TCU,93.9
5084967,Victor Snow,WR,NC State,93.9
5161800,Viron Ellison Jr.,RB,Delaware,93.9
4870858,Cayden Lee,WR,Missouri,93.8
4869340,Brock Spalding,WR,East Carolina,93.7
5079379,Caden Durham,RB,LSU,93.7
4899368,Kendrick Raphael,RB,SMU,93.7
4577980,Luke Sprague,QB,Sacramento State,93.4
5122553,Peyton Lewis,RB,Virginia,93.2
4870609,CJ Baxter,RB,Kentucky,93.0
5091836,Jaxon Potter,QB,Old Dominion,92.7
5085496,Chauncy Cobb,WR,Arkansas State,92.6
4826505,Mudia Reuben,WR,South Florida,92.5
4912067,Chase Sowell,WR,Penn State,92.5
4922996,Dylan Wade,TE,UCF,92.4
4869603,Cam Pickett,WR,Kansas,92.2
5079372,Anthony Carrie,RB,Florida International,92.2
5295930,Trequan Jones,RB,Tulsa,91.8
5075390,Ian Strong,WR,California,91.6
5141560,Ousmane Kromah,RB,Florida State,91.6
4833635,Landry Lyddy,QB,Southern Miss,91.5
4685694,Steve Angeli,QB,Syracuse,91.3
5084210,Jo'Shon Barbie,RB,Marshall,91.3
5222671,Jaylin Carter,RB,Memphis,91.2
5224505,Tre Page III,RB,Oklahoma State,91.0
4869599,Chrishon McCray,WR,Michigan State,91.0
5057381,Ryder Burton,QB,UAB,90.8
5083370,Jacory Barney Jr.,WR,Nebraska,90.8
5100582,Hudson Clement,WR,Illinois,90.6
5146735,Charlie Becker,WR,Indiana,90.5
5224790,Isaiah Fuhrmann,WR,Georgia Tech,90.4
5194795,Na'eem Abdul-Rahim Gladding,WR,Maryland,90.4
5083747,Justin Bowick,WR,Oklahoma State,90.3
5189530,Joseph Williams,WR,Colorado,90.3
5157261,Ja'Vin Simpkins,RB,UAB,90.1
4685516,Shazz Preston,WR,Indiana,89.9
4801307,Tayven Jackson,QB,North Texas,89.7
5295918,Tre' Brown,WR,LSU,89.7
4870518,Zeon Chriss-Gremillion,QB,Tulane,89.7
5153978,Camden Coleman,QB,James Madison,89.7
4831976,Javon Tracy,WR,Minnesota,89.6
5146724,Turbo Richard,RB,Indiana,89.6
5121721,Jekail Middlebrook,RB,Virginia,89.5
5225717,Savion Hart,RB,Georgia State,89.2
4875853,Cody Jackson,WR,Iowa State,89.2
5221381,Tony Freeman,WR,Washington State,89.2
5122072,Nic Trujillo,WR,UL Monroe,89.0
4710843,Jasaiah Gathings,WR,Buffalo,88.8
4923226,Collin Dixon,WR,Illinois,88.7
5225646,Rico Bond,WR,Toledo,88.7
5157528,Nate Levicki,TE,Western Michigan,88.6
5141582,Donovan Olugbode,WR,Missouri,88.6
5122076,Cole Weaver,WR,Syracuse,88.5
5084658,Terrell Anderson,WR,USC,88.3
5298655,Kalvin Gilbert Jr.,WR,Toledo,88.2
5232131,KJ Cooper,QB,South Florida,88.1
5155532,Sawyer Seidl,RB,Wake Forest,87.9
5082584,DJ Epps,WR,West Virginia,87.8
4872721,Cardell Williams,QB,Maryland,87.8
5147347,Austyn Dendy,RB,Bowling Green,87.6
5258024,Marvis Parrish,RB,Michigan State,87.6
4717724,Rashod Dubinion,RB,App State,87.3
4921110,Chase Hendricks,WR,California,87.2
5125823,DJ McKinney,RB,Tulsa,87.2
5150460,John Neider,WR,West Virginia,87.1
5095360,Eric Singleton Jr.,WR,Florida,86.9
5089003,Colin Chase,WR,Temple,86.8
5161253,Devin Matthews,WR,Massachusetts,86.7
5184165,Nykahi Davenport,RB,Auburn,86.5
4900771,Marquis Gillis,RB,Arizona State,86.3
5155519,Yannick Smith,WR,SMU,86.2
4867887,Terrance Carter Jr.,TE,Texas Tech,86.1
5079519,Jeremiah McClellan,WR,Oregon,86.0
4726152,JoJo Bermudez,WR,Temple,85.8
5228002,Jackson Williams,WR,North Dakota State,85.8
5175334,Bryson Donelson,RB,Fresno State,85.6
5079619,Kalieb Osborne,QB,UConn,85.5
5121601,Hunter Summers,WR,Arkansas State,85.5
5130792,Nitro Tuggle,WR,South Carolina,85.2
5094032,Nico Brown,WR,Stanford,85.1
5079556,Parker Livingstone,WR,Oklahoma,85.0
5224084,Trey Hedden,QB,New Mexico State,84.8
4608922,Braydon Bennett,RB,Eastern Michigan,84.8
5102556,Cataurus Hicks,WR,Pittsburgh,84.8
5157391,Jayden Clerveaux,RB,Central Michigan,84.7
4918414,Dylan Edwards,RB,Kansas,84.6
5192899,Ashten Emory,RB,California,84.6
5088888,Torrance Burgess Jr.,RB,Texas State,84.6
5141975,Tanook Hines,WR,USC,84.5
5089545,De'Andre Tamarez,WR,Marshall,84.4
5151048,Duane Thomas Jr.,WR,UCF,84.4
5091725,Lee Beebe Jr.,RB,Indiana,84.2
5141386,Tory Blaylock,RB,Oklahoma,84.2
4917349,Jamari Hawkins,WR,Arkansas,84.1
4870928,Malachi Nelson,QB,Syracuse,84.1
4685283,Kaleb Brown,WR,UAB,83.8
4685269,Jovantae Barnes,RB,Kentucky,83.7
4870635,Anthony Brown-Stephens,WR,Tulane,83.4
5258056,Samuel Harris,RB,Wyoming,83.3
5300309,Adonis McDaniel,WR,Oregon State,83.3
4837269,Omari Hayes,WR,Iowa State,83.2
4920193,Ethan Crawford,QB,Arkansas State,83.2
5194306,Ashton Gray,RB,East Carolina,83.0
4896389,Louis Brown IV,WR,Baylor,82.8
5295723,Caden Knighten,RB,Baylor,82.7
5161892,Xavyion Noland,WR,Oregon State,82.7
5168788,Brayden Munroe,WR,Kennesaw State,82.6
5228607,Demon June,RB,North Carolina,82.6
4883110,Grant Jordan,QB,Oklahoma State,82.5
5219693,Solomon Beebe,RB,Virginia,82.2
4683234,La'Vell Wright,RB,Pittsburgh,82.1
5149007,Miles Coleman,WR,Oklahoma State,82.1
5155062,Larenzo Fenner,WR,Cincinnati,82.0
4430827,Troy Omeire,WR,New Mexico,82.0
4685383,Isaiah Horton,WR,Texas A&M,81.9
5127885,Kwazi Gilmer,WR,Nebraska,81.7
5159362,Zion Booker,WR,Kennesaw State,81.7
5228762,Nick Poulos,QB,Ohio,81.7
4804879,Quincy Craig,RB,Arizona,81.5
5193274,Cade Wolford,WR,Cincinnati,81.4
4870608,Benjamin Brahmer,TE,Penn State,81.4
4895711,Chris Reed,WR,Sam Houston,81.3
5081131,Javen Nicholas,WR,Duke,81.1
5148822,Chris Barnes,WR,Oklahoma State,80.9
4432757,Evan Pryor,RB,Florida,80.7
5106299,Ca'Lil Valentine,RB,Illinois,80.5
5296150,DeAree Rogers,WR,Northern Illinois,80.5
4918417,Ayden Greene,WR,Virginia Tech,80.4
5195952,Wondame Davis Jr.,WR,Wake Forest,80.3
4597499,Mikey Keene,QB,Arizona State,80.3
4244849,Marcel Williams,WR,Akron,80.2
5153845,Zach Marker,QB,Florida International,80.2
5078278,Lincoln Kienholz,QB,Louisville,80.2
5122231,Harlem Berry,RB,LSU,80.1
4816098,Makhi Hughes,RB,Houston,80.0
5231354,Caden High,WR,Stanford,80.0
5203477,Dominic Knicely,RB,Coastal Carolina,79.9
5122554,Xavier Robinson,RB,Oklahoma,79.9
5080547,Peter Clarke,TE,Temple,79.8
5225880,Xai'Shaun Edwards,RB,Missouri,79.6
4879292,Kam Thomas,RB,UTEP,79.6
5225435,Seth Cromwell,RB,James Madison,79.6
5153994,Landon Ellis,WR,UCLA,79.5
5089540,Cole Gonzales,QB,Charlotte,79.5
5214557,JJ Buchanan,WR,Michigan,79.4
5093837,Chris Hunter,WR,Arizona,79.3
4258419,Hunter Smith,RB,Temple,79.3
5079613,Emmett Mosley V,WR,Texas,79.3
5081367,Chas Nimrod,WR,Auburn,79.2
5132253,Isiah Canion,WR,Georgia,79.1
5083068,Kenny Odom,WR,South Florida,79.1
5079523,Derrick McFall,WR,SMU,79.0
5076952,Devin McCuin,WR,Ohio State,78.9
5159360,James Tyre,WR,North Texas,78.9
5125733,Joey Mattord,RB,Eastern Michigan,78.7
4870860,DeAndre Moore Jr.,WR,Colorado,78.7
5295318,Waymond Jordan,RB,USC,78.4
4921316,Nolan Ray,RB,Boston College,78.2
5121666,Kam Shanks,WR,Wake Forest,78.1
4870645,Rickie Collins,QB,Kennesaw State,78.1
5227849,Jordan Washington,RB,Massachusetts,78.0
4685252,Henry Belin IV,QB,Missouri State,78.0
4871013,Gemari Sands,RB,Florida State,77.9
5265446,Clayton Coppock Jr.,WR,Coastal Carolina,77.8
4690811,Savion Red,RB,Sacramento State,77.7
5227257,Markell Holman,RB,Wyoming,77.6
4431633,Goose Crowder,QB,Troy,77.6
5300856,Tony Diaz,WR,Iowa,77.6
5296439,Deuce Bailey,QB,Coastal Carolina,77.5
4869728,Jeremiah Hasley,TE,Duke,77.5
5157287,David Wells Jr.,WR,Tulsa,77.3
5110500,Kevin Riley,RB,Alabama,77.1
5079626,Micah Welch,RB,Colorado,76.8
4869422,Braden Pegan,WR,Utah,76.7
5079589,Braylen Russell,RB,Arkansas,76.6
5144962,Jalen Smith,WR,Minnesota,76.5
5120317,Jordan Lovett,RB,Troy,76.4
4873234,Victor Rosa,RB,Ohio,76.4
5120299,Patrick Overmyer,TE,Houston,76.3
5152045,Malachi Henry,WR,Cincinnati,76.3
5091890,Kadin Semonza,QB,Tulane,76.0
5154809,Jaylon Domingeaux,WR,Wisconsin,76.0
4685494,George Pettaway,RB,James Madison,75.9
4870929,Noah Rogers,WR,Alabama,75.8
5078251,Justin Marshall,RB,Liberty,75.7
5084772,Hayden Eligon II,WR,Northwestern,75.6
4685436,Antonio Martin,RB,Middle Tennessee,75.5
5075529,Anthony Eager,WR,South Alabama,75.4
5150313,Kanye Udoh,RB,Liberty,75.3
5146726,Kiefer Sibley,RB,New Mexico,75.2
4912130,Trell Harris,WR,Oklahoma,75.2
5142140,Khobie Martin,RB,Indiana,75.1
5227742,Nick Osho,RB,North Texas,75.0
5031157,Reed Harris,WR,Arizona State,75.0
4912275,Christian Washington,RB,San Diego State,74.9
5193298,Chris Durr Jr.,WR,Maryland,74.8
5225335,Noah Grevious,WR,James Madison,74.7
4908552,Dorian Thomas,TE,California,74.4
4838527,Josh Dallas,WR,Georgia Southern,74.4
5226267,Zyheem Collick,WR,Charlotte,74.4
4565355,Dexter Williams II,QB,Tulsa,74.3
4833597,Brayden Fowler-Nicolosi,QB,Michigan,74.2
5123048,Jason Patterson,RB,Kentucky,74.2
5122006,Landon Sides,WR,East Carolina,74.0
5150125,Brandon Tullis,RB,Michigan State,73.7
4838549,Kam Perry,WR,Colorado,73.7
4870868,Jayden Limar,RB,Washington,73.7
5142146,Thomas Gotkowski,QB,Miami (OH),73.6
4689118,Jyziah Rockwell,WR,Western Kentucky,73.6
4685237,Michael Allen,RB,East Carolina,73.5
4897730,Bam McReynolds,RB,UAB,73.5
4869552,Robert Briggs,RB,Southern Miss,73.5
5300740,Ky Wilson,WR,UConn,73.4
5017177,Keith Reynolds,WR,Miami (OH),73.4
5086096,Lawayne McCoy,WR,Louisville,73.4
5300775,Sincere Baines,RB,Western Kentucky,73.4
5146719,CJ Brown,WR,Arkansas,73.1
5141362,Jordan Allen,WR,Georgia Tech,73.1
5156183,Brendan Jenkins,WR,South Alabama,72.9
4685184,Don Chaney,RB,UL Monroe,72.9
4869694,Langston Lewis,WR,Central Michigan,72.8
5141471,Hardley Gilmore IV,WR,Kentucky,72.7
4921154,Eugene Wilson III,WR,LSU,72.7
5141394,Lotzeir Brooks,WR,Alabama,72.7
5079612,Dre'lon Miller,WR,Baylor,72.7
5229489,JV Gibson,WR,Cincinnati,72.5
4698727,Dallan Hayden,RB,Memphis,72.5
4705557,QuaRon Adams,WR,California,72.5
5136049,Duke Watson,RB,UCF,72.5
5224388,Shane Carr,WR,Kentucky,72.4
4900879,Jacquon Gibson,WR,Virginia,72.3
4878394,Ajay Allen,RB,Western Kentucky,72.3
5141422,Gideon Davidson,RB,Clemson,72.2
5078105,TJ Lott,WR,Troy,72.2
4804883,Jalen Moss,WR,Arizona State,72.1
5085509,Chris Corbo,TE,Georgia Tech,72.1
4429186,Sam Adams II,RB,Sacramento State,72.1
5149058,Devin Spencer,RB,Arkansas State,72.0
4700135,Cam Fancher,QB,Michigan State,72.0
5295920,Ja'Cory Thomas,WR,Vanderbilt,71.9
4875861,Ayo Adeyi,RB,Oklahoma State,71.7
4876144,Tuna Altahir,RB,Stanford,71.7
4871022,Robby Washington,WR,Coastal Carolina,71.7
4914482,Charlie Mirer,QB,Stanford,71.7
5148427,Landyn Locke,QB,Sam Houston,71.5
4912302,Makhilyn Young,RB,Vanderbilt,71.4
4911914,Andrew Paul,RB,Jacksonville State,71.4
5078063,Connor Walendzak,RB,Toledo,71.4
4714341,Ben Ford,WR,Boise State,71.3
5225509,Isaiah Johnson,WR,Cincinnati,71.2
5220253,James Jones,RB,New Mexico State,71.1
5160955,Jojo Phillips,WR,BYU,71.1
4922988,Jamari Johnson,TE,Oregon,71.1
5124334,PJ Martin,RB,South Alabama,71.0
5078453,London Humphreys,WR,Georgia,70.9
5110516,Arnold Barnes III,RB,Iowa State,70.9
5219086,Leland Smith,WR,UCLA,70.9
5077787,Jaxon Smolik,QB,Temple,70.7
5087069,Max Mosey,WR,Rice,70.6
5084408,Bisi Owens,WR,Purdue,70.5
4685495,Alex Orji,QB,UNLV,70.5
4804882,Garrett Oakley,TE,Kansas State,70.5
4685356,Greg Gaines III,WR,Florida International,70.5
5149563,DJ Butler,RB,Houston,70.4
5165117,Mark Hamper,WR,California,70.3
4870954,Randy Pittman,TE,SMU,70.0
4685704,Larry Simmons,WR,Utah,70.0
5079298,Lloyd Avant,RB,Oklahoma,69.8
4869497,Tommy McIntosh,WR,Central Michigan,69.7
5225343,Owen Sweeney,WR,Marshall,69.6
5148905,Carter Vargas,RB,California,69.5
5227209,Anthony Reagan Jr.,RB,Louisiana,69.5
5154420,Ahmad Miller,RB,Syracuse,69.5
4816307,Joseph Himon II,RB,Northwestern,69.4
4592532,Billy Edwards Jr.,QB,North Carolina,69.4
4870601,Jaylen Bonelli,WR,Arkansas State,69.1
5125819,Darrell Gill Jr.,WR,Ole Miss,68.9
5095096,AJ Johnson,WR,UAB,68.9
5226949,David Avit,RB,Arizona State,68.8
5300482,Evan James,WR,Iowa,68.7
5296027,Christian Neptune,WR,Auburn,68.7
4915837,Grayson Loftis,QB,Charlotte,68.7
4870835,Brandon Inniss,WR,Ohio State,68.6
5086051,VJ Wilkins,WR,Boston College,68.2
5092410,Dorian Fleming,TE,Maryland,68.2
4896289,Gavin Freeman,WR,Baylor,68.2
4916885,Jaylen Jenkins,RB,Texas State,68.2
5079492,Micah Hudson,WR,Texas Tech,68.1
5145396,Miles O'Neill,QB,North Carolina,68.0
4685418,Tavorus Jones,RB,UTEP,68.0
5087747,Jayce Freeman,WR,Temple,67.9
5250264,Kaelan Chudzinski,TE,Boston College,67.8
5141629,Keelon Russell,QB,Alabama,67.7
4870850,Omarion Miller,WR,Arizona State,67.6
5122147,Vaughn Blue,RB,Central Michigan,67.6
5121664,Kyle McNeal,WR,Florida International,67.4
5148995,Brady Kluse,WR,Memphis,67.4
4923295,Kenny Johnson,WR,Texas Tech,67.4
5161162,Ronnel Johnson,WR,Jacksonville State,67.3
5229589,Javon Ross,WR,Tulsa,67.3
5153318,AJ Little,WR,Southern Miss,67.3
5224354,Rashawn Cunningham,WR,Liberty,67.3
5125905,Corri Milliner,WR,North Texas,67.2
4873442,Xavier Brown,RB,Virginia,67.1
4870955,Samuel Singleton Jr.,RB,Florida State,66.9
4819228,Rodney Harris II,WR,Oklahoma State,66.9
4592531,Ari Patu,QB,Duke,66.8
5154413,Isaiah Spencer,WR,Ole Miss,66.6
5114332,Jaivian Thomas,RB,UCLA,66.6
5165154,Mason Mini,TE,California,66.6
5153369,Ja'Keith Hamilton,WR,East Carolina,66.5
5086628,AJ Jones,WR,Middle Tennessee,66.5
5079370,Ernest Campbell,WR,Colorado,66.4
5078227,Braeden Wisloski,WR,James Madison,66.3
5207842,Jalen Cooper,WR,SMU,66.3
5220256,Donte Lee Jr.,WR,Texas Tech,66.2
4879567,Trent Walker,WR,Houston,66.2
5294293,Javin Gordon,RB,Tennessee,66.2
4880964,Terron Kellman,RB,Liberty,66.2
5081089,Dylan Gary,WR,Kennesaw State,66.2
4612624,Antwan Roberts,RB,Arizona,66.1
5083103,Davis Bryson,WR,Kennesaw State,66.1
5148611,Will Wilson,QB,NC State,66.1
5079647,Caleb Odom,TE,Ole Miss,66.0
4870656,Johntay Cook II,WR,Ole Miss,66.0
4922995,Dijon Stanley,RB,New Mexico State,65.8
5079501,Zycarl Lewis Jr.,WR,Tulane,65.8
5298816,Devaughn Slaughter,WR,Kennesaw State,65.7
5121720,Noah Meyers,TE,Syracuse,65.7
4917093,Ryan Staub,QB,Tennessee,65.6
4832952,Mekhi Collins,WR,North Dakota State,65.6
5079378,Darrion Dupree,RB,Wisconsin,65.5
5096878,DeKalon Taylor,RB,Colorado,65.5
5205097,Carter Jones,QB,Nevada,65.4
5123988,Taylor Bradshaw,WR,Georgia Southern,65.3
4870699,Karmello English,WR,Coastal Carolina,65.2
4690298,Jake Thaw,WR,Delaware,65.2
4940235,Taeshaun Lyons,WR,UNLV,65.1
4921306,Mikey Matthews,WR,UCLA,65.1
5092275,Ty Dieffenbach,QB,UCLA,65.0
5084133,Alex Perry,WR,Illinois,64.9
5296067,Teddy Hoffmann,WR,NC State,64.9
5159139,Donovan Faupel,WR,Arkansas,64.8
4827047,Aidan Laughery,RB,Illinois,64.7
5225740,Tristan Smith,WR,Clemson,64.7
4880395,Tae Meadows,RB,Auburn,64.6
5086378,Diore Hubbard,RB,Wyoming,64.6
5150904,Cam Vaughn,WR,Miami,64.6
5167313,Cornell Hatcher Jr.,RB,Oregon State,64.6
5141563,Husan Longstreet,QB,LSU,64.4
5122401,Darius Curry,QB,Colorado State,64.4
5152717,Mason Humphrey,WR,North Carolina,64.3
5148838,Jamauri McClure,RB,Tulane,64.3
5220596,Kyri Shoels,WR,Utah,64.3
5079749,Yasin Willis,RB,Kansas,64.2
4917981,AJ Newberry,RB,Oregon State,64.2
4869802,Davis Dalton,WR,Southern Miss,64.2
4801306,Conner Harrell,QB,Charlotte,64.2
5079572,Dylan Raiola,QB,Oregon,64.1
4618083,Ethan Hampton,QB,Southern Miss,64.1
5095915,Moussa Barry,WR,Western Kentucky,64.1
5147872,Matthew Wilson,QB,App State,64.1
4838556,Kaleb Webb,WR,Maryland,64.0
5157187,Cameron Bates,WR,Boise State,64.0
5110019,Kyan Mason,WR,Akron,64.0
5141506,Deuce Knight,QB,Ole Miss,64.0
5089860,Chance Williams,RB,Charlotte,63.9
5156348,Bryson Kuzdzal,RB,Michigan,63.8
5227018,Mekhi Nelson,RB,Nebraska,63.7
5141697,Winston Watkins Jr.,WR,LSU,63.7
4899360,Jaden Platt,TE,Arkansas,63.7
5147053,Wayne Harris,WR,Kent State,63.6
5160197,Darius Cannon,WR,Jacksonville State,63.4
4711408,Horatio Fields,WR,Ole Miss,63.4
5225936,Jaden McGill,RB,Western Kentucky,63.4
5158341,Luke Hutchison,WR,Navy,63.4
5120454,Caleb Goodie,WR,Missouri,63.3
5079326,Terry Bussey,WR,Texas A&M,63.2
5153653,Kahanu Davis,WR,Utah State,63.2
4684003,Tahj Bullock,QB,Colorado State,63.2
5132812,Aaron Philo,QB,Florida,63.2
5079771,Isaac Wilson,QB,Colorado,63.2
5219089,Antonio Harris,RB,Purdue,62.9
5218931,DJ Vonnahme,TE,Iowa,62.8
5169245,Ethan Shine,RB,Pittsburgh,62.7
4876642,Maleek Huggins,WR,Miami (OH),62.7
5220671,Herschel Turner,RB,Nevada,62.6
4923252,Dante Dowdell,RB,Georgia,62.6
5225416,Tay Lanier,WR,Colorado State,62.6
5079542,Luke Kromenhoek,QB,South Florida,62.5
5151405,Jaceon Doss,WR,Nevada,62.3
5227400,Travis Terrell Jr.,RB,Purdue,62.3
4921517,Dawson Pendergrass,RB,Baylor,62.2
5147757,Arrington Maiden,QB,James Madison,62.1
5151618,Kirk Francis,QB,Texas Tech,61.9
5079419,TJ Engleman Jr.,RB,East Carolina,61.8
5295814,Tramell Jones Jr.,QB,Florida,61.8
4808767,Xavier Townsend,WR,Purdue,61.8
4912286,Iverson Hooks,WR,Oregon,61.8
5085609,TreyShun Hurry,WR,Louisville,61.7
5077500,Luke Duncan,QB,Nevada,61.7
5193349,Maurki James,RB,Old Dominion,61.5
5121616,Grayson Tempest,WR,Tulsa,61.4
5164730,Autavius Ison,RB,Toledo,61.4
5154559,Jason Collins Jr.,RB,South Florida,61.3
4755664,Nick Evers,QB,Missouri,61.3
5117836,Jamari Person,WR,Liberty,61.2
5219436,Brady Anderson,WR,Army,61.2
4833629,Jace Wilson,WR,Sacramento State,61.2
4574964,Gavin Thomson,WR,Sacramento State,61.0
5193270,D'Shawntae Jones,RB,Miami (OH),61.0
5218961,Fame Ijeboi,RB,Purdue,60.8
5296412,DJ Taylor,RB,Middle Tennessee,60.8
5126474,Danny O'Neil,QB,Wisconsin,60.8
4680018,Alton McCaskill,RB,Sam Houston,60.7
5159232,Jawarn Howell,RB,South Carolina,60.6
5302266,Donovan Brown,WR,San Diego State,60.6
5079691,Malcolm Simmons,WR,Texas Tech,60.6
4875755,Mason King,RB,Kent State,60.6
5220473,Jackson Gutierrez,QB,Navy,60.6
5238876,Jonah Dawson,WR,Air Force,60.5
4685565,Evan Stewart,WR,Oregon,60.4
5159831,Derek Eusebio,WR,Arizona State,60.3
4816095,Blaine Hipa,QB,Duke,60.2
4870842,Vandrevius Jacobs,WR,Miami,60.1
5150003,Terrance Shelton Jr.,RB,Buffalo,60.1
5079524,Keenan Jackson,WR,NC State,60.0
5207657,Brodie Malone-Bradford,WR,New Mexico State,60.0
4602895,Makai Cope,WR,Missouri State,60.0
4869602,Toby Payne,TE,Marshall,59.9
5082548,A.J. Turner,RB,Minnesota,59.9
5079577,Quinton Martin Jr.,RB,Penn State,59.8
5211694,Harold Mack,WR,Eastern Michigan,59.8
4819226,Brody Foley,TE,Louisville,59.6
5164331,Girard Pringle Jr.,RB,Miami,59.6
4869962,Ashton Hollins,WR,Georgia Southern,59.5
5153408,Kendall Harris,WR,Old Dominion,59.5
5228882,Ryder Treadway,WR,UConn,59.4
5088336,Makai Jackson,WR,Liberty,59.3
4685254,Jabari Bates,RB,San José State,59.2
5157399,Nyeoti Punni,RB,North Dakota State,59.2
5079364,Kam Davis,RB,Liberty,59.2
5226453,Brennan Ridley,WR,Bowling Green,59.2
5193110,Dom Dorwart,WR,Ohio,59.1
5085503,Grayson O'Bara,WR,North Texas,59.0
5121607,Ke'Marion Baldwin,RB,Bowling Green,59.0
4870768,Jaden Greathouse,WR,Notre Dame,59.0
5222591,Jason Wright,QB,Buffalo,59.0
5158756,Damien Morgan,WR,Nevada,58.8
5077876,TJ Horton,RB,Ball State,58.8
4899704,Jordan King,WR,California,58.8
5307005,Mason McKenzie,QB,Boston College,58.6
5226828,Isaiah Dawson,WR,Bowling Green,58.6
5088952,Eric Olsen,TE,Oregon State,58.5
5079537,Ju'Juan Johnson,RB,Syracuse,58.5
5229572,Dennis Palmer,RB,Troy,58.5
4801276,Houston Thomas,TE,Texas A&M,58.4
5079531,Jake Merklinger,QB,UConn,58.4
5151112,David Mbadinga,RB,Georgia Southern,58.4
5296378,Clay Thevenin,RB,Rutgers,58.4
5079465,Michael Hawkins Jr.,QB,West Virginia,58.2
5075800,Emory Williams,QB,East Carolina,58.2
5081363,Justin Williams-Thomas,RB,Massachusetts,58.1
5092470,Ty Mims,WR,UAB,58.1
5076106,Marquis Johnson,WR,Mississippi State,58.0
4923298,Peyton Jones,RB,Liberty,58.0
4870912,Traylon Ray,WR,Ole Miss,58.0
4834817,Jayshon Platt,WR,Illinois,57.9
4918421,Tiger Bachmeier,WR,BYU,57.8
5295724,Michael Turner,RB,Baylor,57.7
5223112,Kemper Hodges,QB,Air Force,57.7
5075392,Keldric Luster,QB,Ball State,57.6
5079604,Isaiah Marshall,QB,Kansas,57.5
4907786,Rocky Beers,TE,Oklahoma,57.5
4870965,Taz Reddicks,WR,UNLV,57.5
4918110,Roderick Robinson II,RB,UAB,57.4
5224217,Marcus Calwise Jr.,WR,Louisiana Tech,57.4
5078422,Brandon High Jr.,RB,UTSA,57.4
4685699,Damari Alston,RB,Tulsa,57.2
5089539,Censere Lee,WR,Pittsburgh,57.2
4882122,Sterling Berkhalter,WR,Texas,57.1
5089549,Malik Knight,WR,Pittsburgh,57.0
5110535,Kyson Brown,RB,Arizona State,57.0
5152503,Adam Damante,QB,New Mexico State,57.0
5104888,Grady O'Neill,WR,Sam Houston,56.9
5196350,Jaylan Brown,WR,UTEP,56.8
4808744,Jaylon Glover,RB,UNLV,56.8
4699866,Nic Anderson,WR,Kentucky,56.8
5228804,James Laubstein,QB,New Mexico,56.8
5078533,Jabari Smith Jr.,WR,Ball State,56.7
4920153,William Watson III,QB,Massachusetts,56.7
5296407,Nahzae Cox,WR,Kansas,56.7
5081405,AJ Swann,QB,Mississippi State,56.7
4685740,Max Johnson,QB,Georgia Southern,56.6
5085507,D.J. Crowther,RB,South Florida,56.6
5145737,Matt Fuller,RB,South Carolina,56.6
5164351,Aveion Chenault,WR,Western Michigan,56.6
4870909,Jaden Rashada,QB,Mississippi State,56.6
5124975,Juelz Goff,RB,Boise State,56.5
5121998,Lacota Dippre,TE,Florida,56.5
5085830,Rahkeem Smith,WR,Georgia Tech,56.3
4870826,Micah Mays Jr.,WR,Florida,56.2
5301873,Jeremiah Harrison,WR,James Madison,56.2
4894839,Brandon White,WR,Kansas State,56.1
5142226,Xavier Williams,RB,Iowa,56.0
5079745,Joshisa Trader,WR,NC State,56.0
4682748,Max Patterson,WR,Delaware,56.0
5126472,JacQai Long,QB,Kentucky,56.0
5219572,Cade Keith,TE,New Mexico,55.9
5147376,Kameron Courtney,WR,Virginia,55.9
5218988,Jojo Stone,WR,Florida International,55.8
5155864,Julian Dugger,QB,Washington State,55.7
4870754,Rodney Gallagher III,WR,Arizona,55.6
5153499,Donnie Cheers,WR,Nevada,55.6
4899366,Semaj Morgan,WR,UCLA,55.6
5220785,TJ Pride,WR,New Mexico State,55.6
5079444,Mylan Graham,WR,Notre Dame,55.4
5152600,Reed Swanson,WR,Boston College,55.3
5141723,Dallas Wilson,WR,Florida,55.2
5027432,Ardell Banks,WR,Kent State,55.2
4922987,Takye Heath,WR,Virginia Tech,55.1
5179622,Jayden Sellers,WR,South Carolina,55.1
4869601,Chance Morrow,WR,Buffalo,55.0
5193089,Alvon Isaac,RB,South Florida,55.0
5138131,Deshawn Purdie,QB,Liberty,55.0
5154262,Gavin Harris,TE,Georgia Tech,55.0
5103852,Dalton Carnes,WR,North Texas,55.0
5125335,Rodney Fields Jr.,RB,Kansas State,54.9
5126534,Jeremy Scott,WR,TCU,54.8
5218881,Tama Uiliata,WR,Hawai'i,54.8
5077266,Trech Kekahuna,WR,North Carolina,54.7
5085788,Enzo Arjona,QB,Boston College,54.7
5296610,Tama Amisone,WR,San José State,54.6
5092787,Marlion Jackson,WR,Virginia Tech,54.5
4870869,Brett Norfleet,TE,Missouri,54.4
5217700,Giovanni Richardson,WR,Arizona,54.4
4871001,Jaedn Skeete,WR,Boston College,54.3
5153389,Colton Hinton,WR,Coastal Carolina,54.3
5222394,Da'Shawn Martin,WR,Virginia,54.3
5223108,Josh Johnson,QB,Air Force,54.3
5207931,Terrence Lewis,WR,Oklahoma State,54.2
5101621,Brandon Ramirez,RB,Fresno State,54.1
5165109,Deshaun Buchanan,RB,New Mexico,54.1
4683543,RJ Garcia II,WR,Florida Atlantic,54.0
5141607,Isaiah Mozee,RB,Nebraska,54.0
5226550,Khristian Lando,RB,Jacksonville State,53.9
5172036,JC Evans,QB,James Madison,53.8
4685601,Armani Winfield,WR,South Florida,53.7
5079373,Decker DeGraaf,TE,Washington,53.6
4921292,Isaiah Augustave,RB,South Carolina,53.6
5155000,Jer'Michael Carter,WR,Oklahoma,53.5
4871148,Jaylin Lucas,RB,Tulane,53.5
5151060,Cole Ballard,QB,Kansas,53.4
4603185,Markus Allen,WR,Middle Tennessee,53.3
5138451,Luke Reynolds,TE,Virginia Tech,53.3
4685459,Nicco Marchiol,QB,Northwestern,53.3
5141473,AJ Hill,QB,Arkansas,53.3
5219864,Terrez Worthy,RB,Maryland,53.2
5144023,Jackson Voth,WR,Louisville,53.2
5146753,Shamar Rigby,WR,Wisconsin,53.2
4685469,Sam Mbake,WR,App State,53.0
5294137,DJ Miller,WR,Kentucky,53.0
5151892,Ja'Kobi Jackson,RB,Ohio State,52.9
4918111,A'Marion Peterson,RB,UTSA,52.8
5194804,Steven Blanco,RB,Louisiana,52.8
5295532,Joshua Long,TE,Eastern Michigan,52.8
4710860,Oran Singleton Jr.,WR,Tulsa,52.8
4877714,Jaden Smith,WR,UTEP,52.7
4883119,David Pantelis,WR,Stanford,52.6
4884086,Jalen Macon,QB,Northern Illinois,52.6
5229332,Grant Hollier,TE,Georgia State,52.6
4870959,Shamar Porter,WR,UConn,52.6
5079299,Jordan Anderson,WR,San José State,52.6
5141561,Jamarion Morrow,RB,Texas A&M,52.6
5086379,Brandon Hood,RB,Southern Miss,52.5
5087240,Eddie Kasper,WR,Illinois,52.4
5075962,Baylin Brooks,WR,Western Michigan,52.4
4683461,Tyson Davis,WR,Virginia,52.4
5221043,Walker Lyons,TE,BYU,52.3
4799991,Cole Spence,TE,Vanderbilt,52.2
4709804,Cole Rusk,TE,Arizona,52.2
4701593,Mojo Dortch,WR,Troy,52.2
4873588,CJ Campbell Jr.,RB,Duke,52.2
5150845,Goldie Lawrence,WR,Coastal Carolina,52.1
4917945,Aidan Mizell,WR,UCLA,52.1
5219119,Jordan Washington,RB,Washington,51.7
5079410,Jerrick Gibson,RB,Purdue,51.6
5141701,Isaiah West,RB,Ohio State,51.5
5075952,Trey Cornist,RB,UConn,51.4
4812474,DJ Riles,WR,Georgia State,51.4
5146743,Kezion Dia-Johnson,WR,Massachusetts,51.3
5225383,Tariq Thomas,RB,Fresno State,51.3
5225792,Alijah Cason,WR,Sam Houston,51.3
5296612,Steve Chavez-Soto,RB,Utah,51.2
5300926,TJ Lester,RB,Marshall,51.1
4685348,Terrance Gibbs,RB,Georgia Southern,51.0
5079548,Air Noland,QB,Memphis,51.0
4869519,Gabe Burkle,TE,Penn State,50.9
5089182,CJ Nelson,WR,Ball State,50.9
4565180,Peter Costelli,QB,Middle Tennessee,50.7
5121453,Eli Finley,TE,Louisiana Tech,50.7
5125768,DeAngelo Irvin Jr.,WR,UNLV,50.7
5194659,James McNeil Jr.,RB,Buffalo,50.6
5194663,Cameron Pettaway,RB,Iowa State,50.6
5147046,Ben Black,WR,Rutgers,50.5
5150326,Carson Smith,RB,Army,50.5
5154527,Kristian Tate,WR,Troy,50.4
4899367,Ryan Niblett,RB,Texas,50.3
4702790,DJ Allen Jr.,WR,UTSA,50.3
5054036,Jackson Brousseau,QB,California,50.3
5103798,Daelen Alexander,RB,Coastal Carolina,50.3
5084286,Makhi Frazier,RB,Ole Miss,50.1
4871081,Richard Young,RB,Colorado,50.1
5084429,Darren Morris,WR,Boise State,50.0
5218664,Tyler Fortenberry,TE,Iowa State,49.9
4921113,Josh Manning,WR,Kansas State,49.9
5127724,Christian Clark,RB,South Carolina,49.8
4918094,Damian Henderson II,RB,Colorado,49.8
5079717,AJ Surace,QB,Rutgers,49.7
5224792,TJ Thomas,RB,Minnesota,49.7
5161386,Cody Hall,WR,San José State,49.6
4379471,Tyler Brown,WR,Clemson,49.6
5008017,Benjamin Hall,RB,North Carolina,49.6
5214401,Jon Denman,RB,TCU,49.5
4917949,Quinten Joyner,RB,Texas Tech,49.5
4879999,Maguire Anderson,WR,Florida International,49.5
5079500,Bryan Jackson II,RB,Wisconsin,49.4
4812374,Terrell Crosby Jr.,WR,Toledo,49.4
5150418,KK Smith,WR,Michigan State,49.4
4917947,Malachi Coleman,WR,Wisconsin,49.4
4922983,Manny Covey,RB,Memphis,49.2
4717430,Chris Marshall,WR,Arkansas,49.2
4431051,Izayah Cummings,TE,App State,49.2
5218820,Johnnie Daniels,RB,Tulane,49.1
5141406,Deion DeBlanc,WR,Wyoming,49.1
4869730,Nik McMillan,WR,Kansas,49.0
5107875,Cole Tabb,RB,Cincinnati,48.9
5159234,Nigel Johnson,WR,Western Kentucky,48.7
5146722,Devonte Lyons,RB,Florida International,48.7
4909541,T.Y. Harding,WR,Massachusetts,48.7
4576218,Sevion Morrison,RB,Tulsa,48.7
4712328,Anthony Simpson,WR,Toledo,48.6
5089327,Samaj Jones,QB,Cincinnati,48.6
5091891,Lamar Sperling,RB,UTEP,48.5
5295735,JP Coulter,WR,UL Monroe,48.5
5263613,Carter Pabst,WR,Iowa State,48.5
5153852,Ja'Carree Kelly,WR,Delaware,48.5
5160086,Desirrio Riles,TE,Florida State,48.3
4871088,Ayden Williams,WR,Mississippi State,48.2
5219136,Tommy Maher,WR,Colorado State,48.2
4694404,Nick Laboy,WR,Delaware,48.2
5164362,Raiden Vines-Bright,WR,Arizona State,48.2
4833591,Ky Woods,RB,Nevada,48.2
5296166,Ofa Mataele,RB,Western Michigan,48.1
5296247,Cyncir Bowers,RB,UConn,48.1
5197123,Nate Rogers,QB,UAB,48.1
5138293,Reece Vander Zee,WR,Iowa,48.1
5295923,TJ Johnson,WR,Old Dominion,47.9
4871040,Creed Whittemore,WR,Utah,47.9
5301028,JaQuail Smith,RB,Colorado,47.9
4429804,Jimmy Calloway,WR,Tulsa,47.7
5099736,Ja'shon Benjamin,RB,Rutgers,47.7
5219702,Xavier Daisy,WR,Kentucky,47.7
4685509,Gi'Bran Payne,RB,Cincinnati,47.7
5210003,Chris Denson,QB,Clemson,47.6
5164749,Noah Jennings,WR,Minnesota,47.6
5154886,Cyrus Traugh,WR,West Virginia,47.5
5206061,Darien Williams,WR,Syracuse,47.4
5301576,Kamari Maxwell,WR,Sam Houston,47.4
5301163,Refeno Vangates,WR,Liberty,47.4
4920162,Seth Davis,RB,Tulsa,47.2
5083458,Peyton Strickland,TE,Toledo,47.2
5265325,Jevon Edwards,RB,Coastal Carolina,47.1
5219270,Lyndon Ravare,WR,New Mexico State,47.1
5079475,Micah Gilbert,WR,Notre Dame,47.1
5296364,Keveun Mason,RB,Temple,47.1
4432774,Ty Thompson,TE,Tulane,46.9
5164316,Alex Manske,QB,Penn State,46.8
4920158,Brock Glenn,QB,Western Kentucky,46.8
5079743,Perry Thompson,WR,Minnesota,46.8
4709669,Christian Moss,WR,Washington,46.7
5120456,Kwinten Ives,RB,Nebraska,46.7
4691315,Umari Hatcher,WR,Syracuse,46.7
5226511,Gary Givens III,WR,Nevada,46.7
5150316,Samari Howard,WR,Army,46.6
5094035,Wilhelm Daal II,RB,Duke,46.6
5092954,Max Dowling,TE,Massachusetts,46.6
5079591,Jordan Lyle,RB,Miami,46.6
5175175,Owen Dupree,WR,Georgia State,46.5
5301984,Josiah Thomas,TE,New Mexico State,46.5
5085233,Brinston Williams,RB,Mississippi State,46.4
5079482,Dilin Jones,RB,LSU,46.3
5152586,Chris Gee,RB,Akron,46.2
4871069,Micah Tease,WR,Tulsa,46.0
4869655,Jameel Gardner Jr.,WR,Michigan State,45.9
5079535,Zion Kearney,WR,Wisconsin,45.9
4870951,Jaquaize Pettaway,WR,East Carolina,45.7
5138132,Corey Smith,WR,Purdue,45.6
4702560,Grant Page,WR,Southern Miss,45.6
5147191,Javon Rogers,WR,Kennesaw State,45.6
5219140,Jeremiah Patterson,WR,North Dakota State,45.6
5218880,Blaze Kamoku,WR,Hawai'i,45.5
5151368,Micah Woods,WR,South Alabama,45.4
5086156,Danny Lauter,QB,Syracuse,45.4
5079679,Ryan Puglisi,QB,Georgia,45.3
5228761,Max Rodarte,WR,Ohio,45.3
5155746,Jordan Dees,WR,Washington State,45.2
5152797,Curron Borders,RB,Sacramento State,45.2
5085729,Connor Lair,RB,Missouri State,45.1
5193112,Jalen Dupree,RB,Kansas,45.0
4870713,Rico Flores Jr.,WR,Virginia,44.9
4870843,Theo Melin Ohrstrom,TE,SMU,44.9
4912647,Austin Novosad,QB,Bowling Green,44.8
5122082,Justin Stevenson,WR,North Texas,44.8
5224237,Whitt Newbauer,QB,Oklahoma,44.7
5081332,Jaziun Patterson,RB,Michigan State,44.7
4870941,Cameron Seldon,WR,South Florida,44.7
5296622,Eric Richardson,WR,Wyoming,44.7
5088143,Terik Mulder,TE,Kent State,44.6
4900025,Kanye Roberts,RB,App State,44.6
5079714,Rico Scott,WR,Alabama,44.5
5081107,Luke Lindenmeyer,TE,Nebraska,44.5
5230176,Keith Jones Jr.,WR,Penn State,44.5
5079324,Christian Bentancur,TE,Clemson,44.5
5146708,Sean Patrick,RB,Akron,44.4
4870797,Luke Hasz,TE,Ole Miss,44.4
5222223,KD Daniels,RB,Wake Forest,44.4
5079468,Davion Gause,RB,NC State,44.3
4685695,Sam Brown V,RB,Temple,44.3
5078110,Noah Vaughn,RB,Virginia,44.2
4899137,Johnny Thompson Jr.,RB,Ball State,44.2
4703030,Jaiven Plummer,WR,Georgia Tech,44.2
5078166,Ajani Sheppard,QB,Temple,44.1
5079438,David Eziomume,RB,Clemson,44.1
5041960,Jayvontay Conner,TE,Vanderbilt,44.0
5227814,Maxwell Woods,RB,Washington State,44.0
5151353,Prince Strachan,WR,West Virginia,43.9
5155780,Taeo Todd,RB,Georgia Southern,43.9
4878681,Davis Warren,QB,Stanford,43.9
5141661,Kevin Sperry,QB,Florida State,43.9
5146273,Dennis Murray Jr.,RB,Georgia State,43.8
4868300,Nate Johnson,RB,Utah,43.8
5079329,Mazeo Bennett Jr.,WR,South Carolina,43.8
5219476,Isaiah Myers,WR,Missouri State,43.8
4912238,Turner Helton,QB,Georgia Southern,43.8
5079651,DeVon Rice,RB,Hawai'i,43.7
4918412,Harvey Broussard III,WR,Houston,43.7
5218381,Jalen Mickens,WR,Louisiana Tech,43.4
4870876,Kyler Kasper,WR,BYU,43.4
4924150,Keaton Kubecka,WR,Kansas,43.4
5086182,Jack Capaldi,QB,Maryland,43.4
5121384,Ezekiel Avit,WR,Fresno State,43.3
5146781,Xavier Gayten,RB,Mississippi State,43.3
5158751,Ian Duarte,WR,Tennessee,43.3
5141613,Quincy Porter,WR,Notre Dame,43.2
4685458,Shawn Miller,WR,New Mexico,43.1
5136838,Willie Rodriguez,TE,Kentucky,43.0
5193217,Jonathan Bibbs,WR,UCF,42.9
5226895,Malachi Marshall,QB,Florida State,42.9
5151200,Qua'Vez Humphreys,WR,Western Kentucky,42.8
5080819,Davion Dozier,WR,NC State,42.8
5200482,Ed Small,WR,TCU,42.7
4868249,Davis Lane,WR,Rice,42.7
5121030,Jeremy Hecklinski,QB,Iowa,42.7
4920156,Dylan Rizk,QB,Stanford,42.6
5091744,Garrett Mmahat,WR,Tulane,42.6
5220352,Hunter Tipton,TE,Memphis,42.6
5081213,DJ Black,WR,South Carolina,42.5
5158395,Joshua Guerin,WR,Navy,42.5
5126471,Daniel Kaelin,QB,Nebraska,42.4
4596437,AJ Green Jr.,RB,Western Michigan,42.4
5106301,Kedren Young,RB,Notre Dame,42.4
4711434,Eian Pugh,WR,Ohio,42.3
4837391,Maurice Turner,RB,Tulane,42.3
4912111,Sidney Mbanasor,WR,Old Dominion,42.3
5160003,Tyran Warren,WR,NC State,42.2
5119307,Daniel Blood,WR,Washington State,42.1
4819250,AJ Bianco,QB,Nevada,42.1
5141593,Joshua Moore,WR,Miami,42.0
4685476,Tobias Merriweather,WR,Utah,42.0
5296294,Jaylon Coleman,RB,Liberty,42.0
5085883,Jake Reichle,RB,Oregon State,41.9
5207930,D'Andre Hardeman Jr.,RB,Rice,41.9
5160730,Max Cutforth,QB,Boise State,41.8
5151369,Messiah Burch,RB,Buffalo,41.8
5078223,Re'Shaun Sanford II,RB,Houston,41.8
5076654,Leo Pulalasi,RB,Washington State,41.8
5079412,Trae'von Dunbar,RB,South Alabama,41.7
5125593,Bailey Stockton,WR,Florida,41.7
5203476,Daniel Bray,RB,Utah,41.6
5141671,Talyn Taylor,WR,Georgia,41.6
5151338,Viliami Teu,RB,San José State,41.6
5207927,Dramekco Green,RB,SMU,41.6
4833073,Zion Steptoe,WR,Minnesota,41.5
4870696,Malik Elzy,WR,LSU,41.5
5142600,Waden Charles,WR,UCF,41.5
5150556,Jay Haynes,RB,Clemson,41.4
5141756,Elyiss Williams,TE,Georgia,41.2
5093141,Jarvis Green,RB,Clemson,41.2
4685697,Zion Turner,QB,Marshall,41.1
5079627,Jadon Porter,WR,Baylor,41.1
5227784,Jeron Askren,TE,Missouri State,41.1
4712886,Mekhi Miller,WR,Missouri State,41.0
4900640,Kyle Parker,WR,Ohio State,41.0
5084704,Patrick Clacks III,WR,Buffalo,41.0
4870592,Jordyn Bailey,WR,Iowa State,41.0
5081863,Carson Brown,WR,Hawai'i,41.0
5227998,Roman Mothershed,WR,LSU,40.9
5126470,Trever Jackson,QB,Coastal Carolina,40.9
5295366,Matt Adcock,TE,Arkansas,40.8
4923267,Zane Flores,QB,Iowa State,40.7
5295590,Da'Realyst Clark,WR,Kent State,40.7
4870793,Tad Hudson,QB,NC State,40.7
5146575,Graham Knowles,QB,Georgia Tech,40.6
5098591,Carter Moses,TE,Kansas,40.5
4914980,Cole Turner,WR,Clemson,40.5
4869581,Braylen Walker,WR,Rice,40.5
4431516,Brandon Buckhaulter,WR,UL Monroe,40.4
5122887,Luke Moga,QB,New Mexico,40.3
5209464,Brian Rowe Jr.,WR,UCLA,40.2
4832792,Major Everhart,WR,TCU,40.2
5158973,Faizon Brandon,QB,Tennessee,40.1
5214566,Dawson Pough,WR,Boston College,40.0
4685560,Jaleel Skinner,TE,Louisville,39.9
5260691,Rodney Bullard Jr.,WR,Michigan State,39.9
5200374,Donovan Murph,WR,South Carolina,39.9
5150825,Donovan Delaney Jr.,RB,Kent State,39.9
5236325,Payton Matthews,WR,Rice,39.8
4709781,Myles Walker,WR,Akron,39.8
5295480,Marcus Beamon,QB,Central Michigan,39.8
4683417,Miles Campbell,TE,UTSA,39.7
5159150,Isaiah Rudison,RB,New Mexico State,39.7
4912280,Charlie Coenen,WR,Wyoming,39.6
5225213,Malae Fonoti,RB,Missouri,39.6
5158373,Vic Listorti,RB,Navy,39.6
5125521,Arhmad Branch,WR,South Florida,39.6
4827041,Jacob Bostick,WR,San Diego State,39.5
5218891,Mario Sanders,WR,Southern Miss,39.5
5193720,Javon Brown,WR,UConn,39.5
5141426,AK Dear,RB,Alabama,39.5
5228015,Reis Kessel,TE,North Dakota State,39.5
4702755,Amorion Walker,WR,UNLV,39.3
4695341,Izaiah Hartrup,WR,Ole Miss,39.3
4917172,Chris Brooks Jr.,WR,Wisconsin,39.3
4685297,Darrius Clemons,WR,Washington State,39.2
4685464,Tyler Morris,WR,Indiana,39.2
5219258,Aiden Flora,RB,Iowa State,39.2
5214410,Jasper Parker,RB,Arkansas,39.2
5210164,Bryce Yates,WR,Pittsburgh,39.2
4682927,Billy Wiles,QB,App State,39.1
4711421,CJ Smith,WR,UAB,39.0
4870683,Ethan Davis,TE,Tennessee,38.9
5084027,Miles Williams,WR,New Mexico,38.9
5078160,Richie Anderson,TE,Texas A&M,38.8
5220666,Derrick Jameson,RB,UL Monroe,38.8
4878109,Hayden Hansen,TE,Oklahoma,38.8
5083135,Carson Kent,TE,Pittsburgh,38.8
5141535,Lloyd Jones III,QB,Texas Tech,38.8
5024359,Trey Leckner,TE,Washington State,38.7
5141402,Royal Capell,WR,UTEP,38.7
5159035,Keisean Henderson,QB,Houston,38.7
5079503,Elija Lofton,TE,Miami,38.7
4870802,Sedrick Irvin,RB,Stanford,38.6
5157294,Karson Boschma,WR,Oregon State,38.6
5146713,Locklan Hewlett,QB,Auburn,38.6
5215011,J.P. Powell,RB,Georgia Tech,38.5
5150373,Tobi Olawole,WR,Army,38.4
5141559,Chris Lawson,WR,Washington,38.4
5141795,Braylon Isom,WR,Miami (OH),38.4
5084904,Josh Jackson,WR,LSU,38.4
5122043,Jaylen Poe,RB,Georgia State,38.4
5081241,Johnny Martin,RB,Temple,38.3
5150582,Salahadin Allah,RB,Iowa State,38.3
5076584,TJ Washington Jr.,RB,New Mexico State,38.2
4683719,Jaden Bray,WR,West Virginia,38.2
5264764,Elijah Faulkner,RB,Massachusetts,38.2
4878788,AJ Johnson,TE,Florida Atlantic,38.2
5219932,Elijah Porter,RB,Northern Illinois,38.1
4870874,Lawson Luckie,TE,Georgia,38.0
5166083,Dennis Moody III,RB,Oklahoma State,38.0
5141366,Bryce Baker,QB,Virginia Tech,37.9
5157430,Aldrich Doe,WR,San Diego State,37.8
4696273,Tim Conerly,WR,Sacramento State,37.8
5144853,Landon Wright,WR,Boston College,37.8
5193554,Eddie Freauff,WR,Oregon State,37.8
5079699,Corey Smith,RB,Toledo,37.8
4603191,David Larkins,TE,App State,37.8
4870776,Jalen Hale,WR,SMU,37.6
4683210,Brady Hunt,TE,South Carolina,37.6
5104212,Jaren Hamilton,WR,Arizona State,37.6
5156928,Caden Jensen,TE,Louisiana,37.6
4869324,Tyler Johnson,WR,East Carolina,37.5
5086097,Jaheim Merriweather,RB,Troy,37.5
5149910,Tristen Brown,WR,Vanderbilt,37.3
4950550,JeyQuan Smith,WR,South Florida,37.3
4900351,Noah Bennee,TE,Utah,37.3
5125012,Ismael Smith Flores,TE,East Carolina,37.3
5079499,Audric Harris,WR,Hawai'i,37.3
4916888,Bert Emanuel Jr.,WR,San Diego State,37.3
5303826,Evan Chieca,TE,Florida,37.2
5087160,John Gores,WR,North Dakota State,37.2
5141686,James Simon,RB,Texas,37.2
5146576,Joshua Porter,WR,South Florida,37.2
5155579,Cameron Flowers,WR,Western Kentucky,37.1
5222752,Drew Wagner,WR,Northwestern,37.1
5079289,TJ Abrams,WR,Florida,37.1
5228004,Isiah St. Romain,WR,North Dakota State,37.1
5079382,Jonathan Echols,TE,Auburn,37.1
4587722,Troy Stellato,WR,UNLV,37.1
5141598,Daune Morris,RB,Tennessee,37.1
5159046,Savion Hiter,RB,Michigan,37.0
5295525,Benson Prosper,WR,Eastern Michigan,37.0
5083748,Cam Thompson,WR,Northern Illinois,37.0
4702820,Bryson Donnell,RB,UTSA,37.0
5296430,Landon Collins,WR,Middle Tennessee,37.0
5141524,Kaliq Lockett,WR,Texas,36.9
4870839,Kaleb Jackson,RB,North Carolina,36.9
5296077,Agyeman Addae,RB,UCF,36.9
4612824,Broc Lane,TE,Utah State,36.8
5158975,KJ Edwards,RB,Texas A&M,36.8
5147203,Chase Tyler,WR,Wake Forest,36.8
5164350,Jayvan Boggs,WR,Florida State,36.8
5150329,Jake Rendina,RB,Army,36.7
5079561,Dwight Phillips Jr.,RB,Georgia,36.7
5082662,Cole Boscia,WR,California,36.7
4882061,Jacob Newell,TE,Toledo,36.7
4917119,Devin Alves,WR,Hawai'i,36.6
5151111,Jamarian Samuel,RB,Georgia Southern,36.6
5152796,Onterrio Smith Jr.,WR,Sacramento State,36.6
5151403,Tim Grear Jr.,WR,Akron,36.5
5153870,Donovan Lewis,WR,Delaware,36.5
5209425,Quinton Brown,WR,Boise State,36.4
5079552,Nate Palmer,RB,Wisconsin,36.4
4912135,Justius Lowe,WR,San Diego State,36.4
5191056,Donovan Hamilton,WR,Ball State,36.4
5145459,Nate Bennett,QB,Baylor,36.3
5215467,Branden Hoch,WR,Florida Atlantic,36.3
5227793,Jerrian Parker Jr.,RB,Sam Houston,36.2
5215500,Ethan Ervin,RB,Florida Atlantic,36.2
5079659,Jonathan Paylor,RB,NC State,36.1
5207934,Austin Carlisle,QB,UL Monroe,36.0
5156994,Trey Drake,QB,North Dakota State,36.0
5079769,Izaiah Williams,WR,Kansas State,36.0
5151692,Jake DeHaan,QB,Toledo,35.9
4567748,Sam Huard,QB,USC,35.9
5080888,Matt Wagner,TE,Boise State,35.8
5108225,Josiah Martin,WR,North Texas,35.8
4736246,Jacob Knuth,QB,Kansas State,35.8
4920163,Kelby Valsin,WR,Florida Atlantic,35.8
5192958,Dominic Overby,WR,Iowa State,35.7
5079536,Kam Mikell,WR,Georgia Southern,35.7
5208592,Bo MacCormack III,RB,Boston College,35.6
5105269,Sacovie White-Helton,WR,Georgia,35.6
4877014,Nana Burris,WR,Arkansas State,35.5
5193262,Bryce Baker,RB,Georgia Southern,35.5
5296832,Tim Burns Jr.,WR,Sam Houston,35.5
4840118,Tucker Holloway,WR,Florida Atlantic,35.4
5197034,Malachi Thomas,TE,LSU,35.4
5150682,Cortez LeGrant,RB,North Dakota State,35.3
5293685,Godspower Nwawuihe,RB,Army,35.3
5095138,Trevor Wilson,TE,Buffalo,35.2
5121471,Tyshawn Russell,WR,Syracuse,35.1
5296382,David Pierro,WR,Louisiana Tech,35.1
4871039,Jelani Thurman,TE,North Carolina,35.1
5296625,Landon Sims,QB,Wyoming,35.1
5144313,Michael Merdinger,QB,Minnesota,35.1
5146727,Josh Smith,WR,Tulsa,35.1
5189515,Nolan James Jr.,RB,Notre Dame,35.0
5119233,Dayton Howard,WR,Iowa,35.0
5212700,Jariel Cobb,RB,Charlotte,35.0
5145453,Jeremiah Melvin,WR,East Carolina,35.0
5082253,Keegan Holles,RB,Colorado State,34.9
4871048,Hykeem Williams,WR,Colorado,34.9
4570048,Michael Johnson Jr.,QB,Akron,34.9
4870662,Isaiah Carlson,RB,San José State,34.8
4921322,Zion Taylor,WR,Western Kentucky,34.7
5079417,Channing Goodwin,WR,Michigan,34.7
5193496,Jay Harris,RB,Kansas State,34.7
4569262,Alex Honig,TE,Northwestern,34.6
5221382,Hunter Najm,QB,Bowling Green,34.6
5079348,Jason Brown Jr.,RB,Arizona State,34.6
5151316,Brandon Tennison,QB,UTSA,34.6
4606685,Logan Mauldin,TE,Charlotte,34.6
5126473,Whit Muschamp,QB,Vanderbilt,34.6
5056106,Evan Boyd,WR,Iowa State,34.5
4921305,Matthew Klopfenstein,TE,Baylor,34.4
4816104,Michael Masunas,TE,Texas,34.3
5146667,Khristian Martin,QB,Fresno State,34.3
5079539,Elijah Moore,WR,Syracuse,34.2
4696561,Jacob Conover,QB,Utah State,34.2
4899484,Andrew Rappleyea,TE,Penn State,34.2
5254150,Javion Kinnard,RB,San Diego State,34.1
5151218,Lucian Anderson III,QB,South Carolina,34.1
5141599,Cortez Mills Jr.,WR,Nebraska,34.1
4685517,Talyn Shettron,WR,Louisiana Tech,34.0
5172095,Bo Walker,RB,Georgia,34.0
5193492,Ryan Boe,QB,Northwestern,34.0
4869252,Jaron Glover,WR,South Florida,34.0
4923281,Jamel Hardy Jr.,WR,UTSA,33.9
5078816,Jackson Holman,WR,Wyoming,33.9
5085066,Mason Cumbie,QB,Buffalo,33.9
4914368,Gavin Frakes,QB,Northwestern,33.9
5081611,Mason Williams,TE,Ohio State,33.9
4869341,Cade Yacamelli,RB,Miami (OH),33.9
5151609,Everett Hunter,TE,South Alabama,33.8
5215310,Chaston Ditta,QB,North Texas,33.7
4702556,Arlis Boardingham,TE,Auburn,33.7
5296232,Justin Cook,RB,Pittsburgh,33.7
5120970,Ismael Cisse,WR,Arkansas,33.7
4917858,Cole Cabana,RB,Western Michigan,33.6
4602923,Jaylen Henderson,QB,Liberty,33.6
5219242,Marcus Brown,WR,Stanford,33.5
5221103,Landon Strother,WR,Louisiana,33.4
5081172,Xayvion Turner-Bradshaw,WR,Marshall,33.4
5195409,Bryson Jones,WR,Texas Tech,33.4
5141531,Jamar Malone,QB,Sacramento State,33.4
4432669,Joshua Burrell,TE,Arkansas State,33.3
4879192,Jonah Burton,WR,Duke,33.3
4879655,Henry Rutledge,RB,Charlotte,33.3
5295336,Link Rhodes,RB,SMU,33.2
5158127,Landon Graves,QB,UL Monroe,33.2
5210543,Ian Premer,TE,Notre Dame,33.2
4601283,Trey Cooley,RB,Washington,33.2
5086956,Elijah Sessoms,TE,Delaware,33.1
5141488,Zion Johnson,RB,Cincinnati,33.1
4684421,Simeon Price,RB,Oregon,33.0
4698179,River Helms,TE,Georgia Southern,33.0
5210501,Tristan Ti'a,QB,Auburn,33.0
5157410,Charly Mullaly,WR,South Carolina,33.0
5125301,Carson Cruver,QB,Kentucky,33.0
5121541,Cam Wallace,RB,Penn State,33.0
5122018,Jacob Harris,TE,Wisconsin,32.9
4893702,Elizjah Lewis,WR,Louisville,32.9
5154227,Navelle Dean,WR,Kennesaw State,32.9
5142753,Jesse Watson,WR,Purdue,32.8
5221576,Jonathan Mathis,RB,Kennesaw State,32.8
5119868,Jaylen Lloyd,WR,Florida,32.8
5191048,Bryce Dorsey,WR,Memphis,32.7
4870927,Bryson Rodgers,WR,South Florida,32.7
5103836,Marshaun Brown,WR,Nevada,32.6
5079704,Emanuel Ross,WR,UConn,32.6
5148741,Khamani Alexander,RB,Charlotte,32.6
5146987,Brandon Young Jr.,TE,UTSA,32.6
4827049,Max Reese,TE,North Texas,32.6
4700147,Joseph Griffin Jr.,WR,Massachusetts,32.6
5141525,Koby Howard,WR,Penn State,32.6
5164324,Sterling Joseph,RB,Florida International,32.6
5265178,Dominic Kelley,RB,Nevada,32.5
5216495,Derrick Avery Jr.,WR,Georgia State,32.5
5209295,Jake Fette,QB,Arizona State,32.4
4919037,Sergio Snider,RB,Louisiana Tech,32.3
5123665,Trey Owens,QB,Arkansas State,32.3
4869390,Wyatt Sullivan,TE,South Florida,32.3
5077806,Tucker McDonald,QB,UConn,32.3
5079738,Landen Thomas,TE,Florida State,32.2
5297931,Myles Mitchell,RB,North Dakota State,32.1
4912254,Jordan McCants,WR,North Dakota State,32.1
5150538,Devin Hyatt,WR,Miami (OH),32.1
4879824,Callum Wither,QB,Kentucky,32.0
5079645,Cam Williams,WR,Notre Dame,32.0
5093733,Joshua Acord,TE,App State,32.0
4685510,Kaden Saunders,WR,Southern Miss,31.9
5239157,Quentin Gibson,WR,Colorado,31.9
4714046,Tyrell Henry,WR,Wisconsin,31.9
5207925,Tyvonn Byars,RB,Rice,31.9
5077877,Justyn Reid,TE,Louisville,31.8
5094040,Brogan McCaughey,QB,Eastern Michigan,31.8
5214639,Lazaro Rogers,RB,Miami (OH),31.7
5109511,Cooper Rusk,WR,Toledo,31.7
4892983,Terrell Timmons Jr.,WR,Memphis,31.7
5159944,Kris Hughes,WR,Louisville,31.7
5152783,Kristian Ingman,TE,Arizona State,31.7
5156115,Elijah Pedro,WR,Massachusetts,31.6
5218655,Jamezell Lassiter,RB,Vanderbilt,31.6
5156057,Myles Libman,WR,New Mexico State,31.6
5293893,KD Hunter-Gibson,WR,Charlotte,31.5
5223131,Rocco Conti,RB,Air Force,31.5
4920896,Lavon Brown,WR,Colorado State,31.4
5150681,Cade Osterman,WR,North Dakota State,31.4
4918121,Cole Adams,WR,Vanderbilt,31.4
4702561,De'Nylon Morrissette,WR,Purdue,31.4
5126514,Harry Stewart III,RB,Boise State,31.3
5078917,Khalifa Keith,RB,Alabama,31.3
5219644,Jovesa Damuni,RB,BYU,31.3
5219898,Drew Devillier,QB,Florida Atlantic,31.3
5220681,Petey Tucker,WR,Colorado State,31.3
5108220,Kendrick Bell,WR,Michigan,31.3
4431009,Hunter Welcing,TE,Ohio State,31.3
5114594,Brycen Coleman,WR,Vanderbilt,31.3
5146661,Daniel Beale,QB,Louisiana,31.2
5121936,Brandon Phelps,WR,Arizona,31.2
5126539,Jaydon Wright,RB,UL Monroe,31.2
4875125,Max Brown,QB,West Virginia,31.2
5297079,Noah White,RB,Utah State,31.1
5141575,Daylan McCutcheon,WR,Texas,31.1
5141435,Jaime Ffrench,WR,Michigan,31.1
5158948,Jared Curtis,QB,Vanderbilt,31.1
4685364,Andre Greene Jr.,WR,Georgia Southern,31.1
5153855,Saeed St. Fleur,RB,Delaware,31.1
4685256,Kojo Antwi,WR,Colorado State,31.0
5141522,Iverson Howard,RB,Maryland,31.0
4871003,Christian Ross,TE,Miami (OH),30.9
5083041,Gerard Bullock Jr.,TE,Kennesaw State,30.9
5224178,Caleb Cunningham,WR,Ole Miss,30.9
5161835,Jaylen McGill,RB,North Carolina,30.8
5146274,Dashun Reeder,RB,UConn,30.8
5088628,Zack Marshall,TE,Michigan,30.8
5261613,Tylik Hill,RB,Syracuse,30.8
4685274,Janiran Bonner,WR,Nebraska,30.8
5148821,Hunter Andrews,TE,Utah,30.8
4826636,Jordan Anderson,RB,Illinois,30.8
5149831,Kayden McGee,WR,UNLV,30.7
5219936,Rickey Taylor Jr.,WR,Northern Illinois,30.7
4920135,Kalib Hicks,RB,Western Kentucky,30.7
5228646,Rod Gainey Jr.,RB,LSU,30.7
5221272,Elijah McCoy,RB,UTEP,30.7
5122155,Brady Tillman III,RB,Florida Atlantic,30.7
5125734,Luke McGary,TE,Houston,30.7
5152153,Tyler Mizzell,QB,Ball State,30.6
5081966,Colin Page,RB,North Texas,30.6
5264658,Jermane Hayes,WR,Memphis,30.6
5079585,Jordan Ross,WR,Arizona,30.6
5293902,DeJuan Lacy,RB,East Carolina,30.6
5079632,Noreel White,WR,Troy,30.6
5205460,Davion Chandler,WR,Indiana,30.6
5149265,Kylen Evans,WR,Texas State,30.6
4716507,Quincy Burroughs,WR,Western Kentucky,30.5
5301871,Cole Keller,TE,James Madison,30.5
5141571,George MacIntyre,QB,Tennessee,30.5
5182804,Kaiden Prothro,TE,Georgia,30.5
4714300,Holden Geriner,QB,Pittsburgh,30.5
4870923,Jahlil McClain,WR,Fresno State,30.4
5172608,Hunter Provience,TE,NC State,30.4
5222239,Dawson Johnson,TE,Tulane,30.4
5146747,Javarius Green,WR,Boston College,30.3
4899472,Chris Culliver,WR,Marshall,30.3
5125595,Eric Nelson Jr.,WR,Florida International,30.3
5225330,Cade Callahan,TE,UL Monroe,30.3
5257993,Kayleb Barnett,WR,Vanderbilt,30.2
4871059,Jonah Wilson,WR,Texas A&M,30.1
5228760,Derrick Eley,WR,Charlotte,30.1
4912040,Jordan Williams,TE,Sacramento State,30.0
5158251,Khalil Wilkins,QB,Marshall,29.9
5199946,Gabe Daniels,WR,Tulane,29.9
5079546,Micah Ka'apana,RB,Michigan,29.8
4685488,MJ Morris,QB,Texas,29.8
5082315,Nathan Acevedo,WR,San Diego State,29.8
5218242,Zay Parks,RB,Florida State,29.8
5141597,Cooper Perry,WR,California,29.8
4432721,Dino Kaliakmanis,WR,Rutgers,29.8
5259971,Zach Atkins,TE,Colorado,29.8
4685349,Mekhi Fox,WR,Eastern Michigan,29.8
5079374,Ny Carr,WR,Wake Forest,29.7
5157315,Conner Cravaack,TE,Akron,29.7
5082009,Donovan Giles,WR,Florida International,29.7
5165174,Za'Ron Collins,WR,James Madison,29.6
4879572,Gabe Milbourn,TE,Oregon State,29.6
5163636,TJ Chukwurah,WR,North Texas,29.5
5146756,Jordan Washington,TE,North Carolina,29.5
5238020,Brendon Haygood,RB,North Texas,29.5
5148858,Jared Hollins,QB,South Alabama,29.5
5081704,Leo Scheidler,WR,Miami (OH),29.4
5087930,Jamill Williams,WR,Jacksonville State,29.4
5264688,EJ Crowell,RB,Alabama,29.3
5146728,Koby Young,WR,Houston,29.3
5121571,Ezell Jolly,RB,Arkansas State,29.3
5148650,Jerome Myles,WR,Texas A&M,29.3
5141722,Michael Thomas III,WR,Rutgers,29.3
5151342,Cooper Hoch,WR,San José State,29.2
5146736,Sanfrisco Magee,WR,Mississippi State,29.2
5112634,Jaylin Marshall,WR,Georgia State,29.2
4870844,Andy Jean,WR,North Texas,29.2
5149004,Kyle Washington,WR,Georgia State,29.1
4920191,Marquise Collins,RB,UAB,29.1
5296599,Simon Mapa,TE,New Mexico,29.1
5295371,Bryce Anderson,TE,UL Monroe,29.0
5079622,Tovani Mizell,RB,Kentucky,28.9
5220125,Dane Nauman,RB,Toledo,28.8
5158460,Ashton Cozart,WR,Kentucky,28.8
5156056,Champ Hampton,RB,Stanford,28.7
5216317,Demarius Robinson,RB,Arizona State,28.7
5214955,Michael Scott,WR,James Madison,28.6
4431484,Jay Wilkerson,WR,Louisiana Tech,28.5
5147852,Da'Marion Alberic,RB,Massachusetts,28.5
4613199,Josh Sterzer,TE,Utah State,28.5
5195481,Radarious Jackson,WR,Tennessee,28.5
5122883,Dylan Lee,RB,UCLA,28.4
5146757,Zacharyus Williams,WR,USC,28.4
5081434,Trent Pearman,QB,Clemson,28.4
5246572,Nathan McNeil,RB,Iowa,28.4
4431647,Chauncey Magwood,WR,Purdue,28.3
4688540,Treyson Bourguet,QB,BYU,28.3
5121693,Bricen Brantley,WR,Wyoming,28.3
5084905,Jaylan Hornsby,WR,Purdue,28.3
5163532,Dominiq Ponder,QB,Colorado,28.2
4869442,Brayden Loftin,TE,UCLA,28.2
5164333,Brennen Ward,QB,Kentucky,28.2
5207604,TK Keys,WR,Tennessee,28.2
4869821,DeCorion Temple,TE,Oregon State,28.2
5199951,Alex Sanchez,WR,App State,28.1
5160619,Billy Johnson,QB,Wake Forest,28.1
5224762,Braden Streeter,QB,Delaware,28.1
5141419,Harry Dalton III,RB,Maryland,28.1
5078006,Iverson Young,RB,Missouri State,28.0
5159087,Jonaz Walton,RB,Notre Dame,28.0
5121893,Tony Livingston,TE,Baylor,28.0
4921291,Ricky Ahumaraeze,WR,Northwestern,28.0
4713358,Jayden Gibson,WR,South Carolina,27.9
5084910,Josh Phifer,TE,UCLA,27.9
5222551,Ryder Kusch,TE,Temple,27.9
5159009,Chris Henry Jr.,WR,Ohio State,27.9
4696976,Michael Johnson,RB,Sacramento State,27.9
5141580,Adonis Moise,WR,Kansas State,27.8
4685366,Benji Gosnell,TE,Virginia Tech,27.8
5141555,Cameron Miller,WR,Ole Miss,27.8
5078053,Isaiah Thacker,WR,Ball State,27.8
5271184,Jett Thomalla,QB,Alabama,27.7
5089547,Corey Reddick,RB,Arkansas State,27.7
5079462,Kylan Fox,TE,Purdue,27.6
5155872,JayShon Ridgle,RB,Houston,27.6
5126526,Malachi Durant,WR,Oregon State,27.6
4920140,Nathan Leacock,WR,North Carolina,27.6
4920229,Jerry McClure,WR,San José State,27.6
5186738,Leyton Stone,WR,Texas Tech,27.6
5164327,Anthony League,RB,California,27.6
5141749,CJ Wiley,WR,Georgia,27.6
5150835,Michael Grant,QB,Florida State,27.6
4689721,Ty Robinson,WR,Illinois,27.6
5227231,KD Mosley,TE,James Madison,27.6
5219662,Dominique McKenzie,WR,San José State,27.5
5142591,Kaleb Edwards,TE,Alabama,27.5
4875583,Reis Stocksdale,WR,Temple,27.5
5175092,Chris Jimerson Jr.,QB,North Texas,27.5
5227425,Parker Stofa,QB,New Mexico State,27.4
5147367,Joseph McVay,WR,Vanderbilt,27.4
4685289,Keyan Burnett,TE,UNLV,27.4
4870743,William Fowles,WR,App State,27.4
5216510,Kory Pettigrew,WR,Auburn,27.4
5155273,Egypt Nelson,WR,Western Michigan,27.3
5265528,Jalen Bonds,RB,Ball State,27.3
5223788,Donnell Gee Jr.,WR,Tulsa,27.3
4917338,Connor Vaughn,TE,North Texas,27.2
5079533,Mabrey Mettauer,QB,SMU,27.2
4899880,Bennett Meredith,QB,Purdue,27.1
4876460,Jordan McIntyre,WR,Colorado State,27.1
5086240,Donovan Green,TE,Oklahoma State,27.1
5147756,Taji Atkins,RB,Texas State,27.1
5084300,KJ Parker,WR,Iowa,27.1
5079405,Stacy Gage,RB,LSU,27.1
5153377,Brock Chappell,TE,Louisiana,27.1
5151193,Marcus Vinson,TE,Florida Atlantic,27.0
5141601,Shamarius Peterkin,WR,Virginia Tech,27.0
5220469,Michael Barrow,WR,Navy,27.0
5278798,Cam Abshire,WR,UConn,27.0
4890881,Cam Ball,TE,West Virginia,26.9
4870770,Ray Ray Joseph Jr.,WR,East Carolina,26.9
5193277,George Dimopoulos,WR,Northern Illinois,26.9
5214409,Jeffrey Overton Jr.,RB,Virginia Tech,26.9
5161652,Ja'Ricous Hairston,TE,Virginia Tech,26.9
5217041,Omar Mabson II,RB,Auburn,26.8
5238869,Matt Long,WR,Air Force,26.8
5091384,Dallas Elliott,WR,Massachusetts,26.8
5148624,Quinn Clark,WR,Nebraska,26.8
5209924,Cederian Morgan,WR,Alabama,26.7
5268018,Ethan Feaster,WR,USC,26.7
5085246,TyLyric Coleman,WR,Virginia,26.7
5141420,Marquise Davis,RB,Louisville,26.7
5296720,Tiger Riden Jr.,RB,Texas A&M,26.6
5210128,Brady Davidson,QB,Northern Illinois,26.6
5176911,Justus Savage,RB,Jacksonville State,26.6
5228149,Mackenzie Alleyne,WR,Oklahoma,26.6
4921111,TJ Johnson,TE,Memphis,26.6
5165807,Marcus Stokes,QB,Memphis,26.6
4430798,Kyler Pearson,WR,East Carolina,26.6
4816323,Nate Kurisky,TE,Duke,26.6
5160472,Javian Osborne,RB,Notre Dame,26.6
5150132,Mar'Kel Porter,RB,Northwestern,26.5
5139093,Amir Jackson,TE,Florida,26.5
4873456,Addison Ostrenga,TE,Iowa,26.5
5218907,Luke Harpring,TE,Florida,26.5
5114593,Ivan Carreon,WR,Oklahoma,26.4
5141505,Eugene Hilton Jr.,WR,Wisconsin,26.4
5125784,Tyler Jacklich,RB,San José State,26.4
4685414,Jake Johnson,TE,Auburn,26.4
4911906,Kanen Hamlett,TE,East Carolina,26.4
5296040,Elijah Lagg,TE,Pittsburgh,26.3
4685391,Walker Howard,QB,Ole Miss,26.3
5224766,Greg Spiller,RB,Delaware,26.3
5151966,Jailen Butler,TE,Kansas,26.2
4708099,Gus McGee,TE,Charlotte,26.2
4695195,Jett Carpenter,TE,Texas Tech,26.2
5295211,Jayon Farrar,WR,Fresno State,26.2
5164365,Daylyn Upshaw,WR,Miami,26.2
4683306,Landon Morris,TE,Wake Forest,26.1
5159290,Aviyon Smith-Mack,WR,Sam Houston,26.1
5219689,Sione Moa,RB,BYU,26.1
5079371,Chris Davis Jr.,RB,Stanford,26.1
5100330,MJ Chirgwin,WR,Alabama,26.0
5222386,Jay Jay Etheridge,WR,Kent State,26.0
5159874,Colson Brown,QB,Clemson,26.0
4899136,Micah Bell,RB,Georgia,26.0
5209946,Jerquaden Guilford,WR,Ohio State,25.9
5123477,Courtney Crutchfield,WR,Arkansas,25.9
5197158,Malachi James,RB,Eastern Michigan,25.9
4916987,TJ West,WR,UTSA,25.8
5148837,Dillon Lorick,WR,East Carolina,25.8
5222564,Cam Settles,RB,Arkansas,25.8
4613165,Demick Starling,WR,Utah State,25.7
4879925,Blane Cleaver,TE,Bowling Green,25.7
5223110,Maguire Martin,QB,Air Force,25.6
5296163,Brady Jones,QB,Oregon State,25.6
5141687,Carter Smith,QB,Wisconsin,25.6
5141744,Jack Van Dorselaer,TE,Oklahoma,25.6
5078549,Dedrick Latulas,WR,Louisiana Tech,25.5
5150561,Olsen Patt-Henry,TE,Clemson,25.5
5078812,Antonio Ferguson,TE,UAB,25.5
4871068,Rashid Williams,WR,Washington,25.5
5079318,Elijah Brown,QB,Washington,25.5
5220265,Jon Monteiro,WR,Liberty,25.5
4695711,Max Whisner,TE,Sam Houston,25.4
5079402,Tyseer Denmark,WR,Virginia Tech,25.4
4685594,Dakota Twitty,TE,Virginia,25.4
4873418,Kaden Helms,TE,Minnesota,25.4
5296587,Zhaiel Smith,WR,New Mexico,25.2
5220222,Javon Campbell,WR,UL Monroe,25.2
5228026,Logan Conklin,WR,North Dakota State,25.1
5086150,Ryan Schwendeman,TE,Wisconsin,25.1
5086448,Kamrean Johnson,TE,Wake Forest,25.1
5219854,Almari Brown,RB,Florida Atlantic,25.1
5174993,Kenneth Williams,RB,Michigan State,25.1
5205684,Robert McDaniel,QB,San José State,25.1
5150865,Elijah Jackson,RB,Ball State,25.0
5239156,Jack Foley,WR,Wake Forest,25.0
5264686,Mark Bowman,TE,USC,25.0
5141605,Luke Nickel,QB,Miami,24.9
5162858,Bryson Hammer,WR,Toledo,24.9
5164357,Carl Jenkins,WR,Miami (OH),24.9
5220443,Darrick Bledsoe III,WR,Sam Houston,24.9
5151828,Joshua Harriott,RB,Florida Atlantic,24.8
5083371,Davi Belfort,WR,James Madison,24.8
5082407,Connor Barry,QB,Penn State,24.8
5145788,Gael Ochoa,QB,Rice,24.8
5087060,Ethan Malafa,TE,Toledo,24.8
5085354,Lynel Billups-Williams,WR,Miami (OH),24.7
5095242,Cyrus Ellison,TE,Coastal Carolina,24.7
4833238,Jaydon Johnson,WR,Louisiana,24.7
5328086,Elijah Holmes,QB,Buffalo,24.6
5141516,Alvin Henderson,RB,Auburn,24.6
5153614,Troy Leigber,RB,UCLA,24.6
5218650,Jeremy St-Hilaire,QB,Arkansas State,24.6
5179135,Travis Smith Jr.,WR,Tennessee,24.6
5226551,Jalen Likely,RB,Jacksonville State,24.6
5295489,Collin Payne,WR,Central Michigan,24.5
5213239,Au'Tori Newkirk,QB,North Carolina,24.5
5150311,Lloyd Benson III,WR,Army,24.5
5086095,Terence Marshall,WR,Western Michigan,24.5
4685393,Preston Howard,TE,Maryland,24.4
5146764,Benji Blackburn,TE,Stanford,24.4
4870809,Braylon James,WR,TCU,24.4
5122106,Jackson Worley,TE,Troy,24.4
5079610,Jayden Moore,WR,Duke,24.4
4688904,Reece Adkins,TE,Massachusetts,24.3
5110100,Judd Anderson,QB,Miami,24.3
5210729,Xay Davis,RB,Virginia,24.3
4870739,Christian Hamilton,WR,Marshall,24.3
5222221,Tank Hawkins,WR,Washington State,24.3
5159671,Cade Tessier,QB,Baylor,24.3
5146758,Justice Williams,WR,Washington,24.2
5219129,Jaxxon Warren,TE,North Carolina,24.2
5295197,Konyae Hunter,RB,Colorado State,24.2
5153065,Branden Ganashamoorthy,WR,Washington State,24.2
5144164,Riley Wormley,RB,USC,24.2
5140620,Connor Moberly,QB,Iowa State,24.2
5141361,Justin Baker,RB,Tennessee,24.2
5032961,Tucker Ashcraft,TE,USC,24.2
5126464,Deuce Adams,QB,Wisconsin,24.2
5150680,Max Shikenjanski,QB,Minnesota,24.2
5083966,Morgan McPhaul,TE,Oklahoma State,24.2
5221569,Lucas Scheerhorn,QB,Rice,24.1
5103639,Trelain Maddox,RB,Georgia Tech,24.1
5222761,Jamarion McDougle,WR,Ball State,24.0
4883774,Jayden McGowan,WR,Baylor,24.0
5125580,Chad Alexander,RB,Georgia Tech,24.0
4570035,Jaden Alexis,WR,South Florida,24.0
4871050,Marquese Williams,RB,Akron,24.0
5079736,Alex Taylor,WR,Georgia Southern,23.9
5193288,Nasir Williams,WR,Central Michigan,23.9
5172263,Tristian Gentry,WR,Texas Tech,23.9
4685396,Anthony Ivey,WR,San José State,23.9
5295438,Devare Mathis,RB,Buffalo,23.9
5126524,Jakorion Caffey,RB,Kent State,23.9
5138656,Lane Wadle,TE,Charlotte,23.8
5110569,Anthony Miller,TE,Arizona State,23.8
4918432,Ethan Crisp,RB,Liberty,23.8
4940236,Ryan Manning,WR,Maryland,23.8
5152029,Tre Guerra,QB,Coastal Carolina,23.8
5295983,Shandon King,WR,North Texas,23.8
4911861,Sterling Lockett,WR,Kansas State,23.8
5156911,Landon Baptiste,WR,Louisiana,23.8
5158838,Marquis Harris,TE,Troy,23.8
5198318,Isaiah Mizell,WR,Arizona,23.7
4923288,Barry Jackson Jr.,WR,Rice,23.7
5110168,Carter Nelson,TE,Nebraska,23.7
4430897,Alex Adams,WR,Akron,23.7
5141391,DaSaahn Brame,TE,Tennessee,23.6
4870859,Noble Johnson,WR,Georgia Southern,23.6
5142261,Brevin Doll,RB,Iowa,23.6
5193215,Franklin Baret Jr.,WR,Jacksonville State,23.6
4918419,Lafayette Kaiuway,TE,TCU,23.6
5220425,DJ Bailey,QB,Sam Houston,23.5
5140261,Kason Stokes,WR,Middle Tennessee,23.5
4702826,LaKelsey Johnson Jr.,TE,Liberty,23.5
5216050,Terry Shelton,WR,TCU,23.5
5194309,Mekhi Anderson,WR,UTSA,23.4
5222269,Tomas O'Meara,RB,Michigan,23.4
5217186,Chase Campbell,WR,Texas Tech,23.4
5141643,Adam Schobel,QB,TCU,23.4
4915376,Jackson McGohan,WR,Wisconsin,23.4
5078245,Kenric Lanier II,WR,Missouri,23.3
5158446,Brock Thomas,QB,Oregon,23.3
5159112,Dia Bell,QB,Texas,23.3
5219835,Oscar Hammond,TE,Oklahoma State,23.3
5214402,Mason Drube,QB,Wyoming,23.2
5141694,Maurice Stephens,WR,Kent State,23.2
5219497,Leyton Cure,TE,Kansas,23.2
5079290,Keylen Adams,WR,Virginia Tech,23.1
5158369,Stefan Egbe,RB,Navy,23.1
5079357,Aaron Butler,WR,Oregon State,23.1
5157068,Kaleb Mathis,WR,Colorado,23.1
5209363,Jase Mathews,WR,Ole Miss,23.0
5145789,Cole Geer,QB,Virginia,23.0
5150328,Brady Mott,WR,Army,22.9
5145207,Bryce Cain,WR,Auburn,22.9
5141746,Jacorey Watson,RB,Baylor,22.9
5146711,Da'Jaun Riggs,RB,Oregon,22.9
5207893,Wesley Yarbrough,RB,Arizona,22.8
5297026,Joseph Filardi,QB,Syracuse,22.8
5146761,Jewlyen Roberts,TE,Tulsa,22.8
5150834,Destyn Hill,WR,Tulane,22.7
5213127,Grant Washington,RB,Minnesota,22.7
5231360,Nick Sowell,WR,Bowling Green,22.6
5265463,Luke Watkins,WR,Louisiana Tech,22.6
5218767,Jacob Jordan,WR,Oklahoma,22.6
5215337,Preston Douglas,TE,NC State,22.6
5103514,Daidren Zipperer,WR,Utah,22.6
4898892,Joey Schlaffer,TE,Temple,22.6
5296136,Braxton Jennings,RB,Louisville,22.6
5164648,Kelshaun Johnson,WR,Texas A&M,22.6
4917942,Frank Covey IV,WR,Northwestern,22.5
5220476,Charles Robinson,WR,Navy,22.5
5122081,Tyler Little,TE,Arkansas State,22.5
5157011,Brady Wavrunek,RB,North Dakota State,22.5
5129623,Kaden Martin,QB,LSU,22.5
5077304,Zeke Moore,TE,Boston College,22.5
5124584,Blake Barnett,QB,Kansas State,22.5
5121793,Peyton Streko,RB,Clemson,22.5
5093922,Maealiuaki Smith,QB,Ole Miss,22.4
4920187,Will Anciaux,TE,Kansas State,22.4
4833356,Zach Courtney,TE,Coastal Carolina,22.4
5151689,Julian Allen,WR,UConn,22.3
5084310,Kenji Lewis,WR,Northern Illinois,22.3
5161776,Judah Price,RB,Marshall,22.3
5084906,Jaden Hart,RB,UConn,22.3
5082941,Mark-Anthony Scott Jr.,WR,Buffalo,22.3
5146740,Cooper Alexander,TE,Penn State,22.3
5142238,Tyler Mason,RB,Virginia Tech,22.3
5225013,Rodshaun Dorsey,WR,Georgia State,22.2
4905248,Carson Tabaracci,TE,USC,22.2
5123193,DJ Jordan,WR,Arizona,22.2
5081054,Micah Riley,TE,Texas A&M,22.2
5083146,Paul Holyfield Jr.,RB,Duke,22.2
4917370,Brooks Johnson,TE,Florida Atlantic,22.1
5209424,Lebron Bond,WR,Indiana,22.1
5225836,Ajon Bryant,RB,Sacramento State,22.1
5154729,Davin Stoffel,TE,Illinois,22.1
5296172,Keivin Boone-Nelson II,WR,Western Michigan,22.1
5236210,Jackson Verdugo,TE,Florida International,22.0
5124338,Josh Ford,TE,Alabama,22.0
5194618,Austin Clemons,RB,Middle Tennessee,21.9
4819259,Devon Tauaefa,TE,Hawai'i,21.7
5219142,Anthony Wilhite,RB,Arizona,21.7
4686771,Caleb Fauria,TE,Delaware,21.7
4688541,Kyion Grayes,WR,California,21.7
4898018,Josh Sapp,TE,West Virginia,21.6
5083652,Kai Rios,TE,Michigan State,21.6
5296321,Jared Porter,RB,Delaware,21.6
5295549,Jordan Scott,WR,Maryland,21.6
5109089,Trae Nickelson III,WR,App State,21.6
5079643,Zion Ragins,WR,Mississippi State,21.6
5265447,Patrick Crayton Jr.,QB,Rice,21.6
4917619,Khamari Anderson,TE,Arizona State,21.5
5195299,Nick Townsend,TE,Texas,21.5
5147510,Isiah Jones,RB,NC State,21.5
5203601,Shawn Simeon,RB,UConn,21.5
4870733,Cooper Flanagan,TE,Notre Dame,21.5
5081710,Jaylin Belford,RB,Liberty,21.5
5075920,Jarriett Buie,WR,Iowa,21.5
5218582,Jaden Reddell,TE,Georgia,21.4
5143920,John Rogers,TE,Virginia,21.4
5136180,Traville Frederick Jr.,TE,Houston,21.4
5143596,Jackson Ford,TE,San Diego State,21.4
4871027,Ryne Shackelford,WR,Baylor,21.4
4837392,Ty Washington,TE,Notre Dame,21.2
4917943,Aidan Gray,QB,Northwestern,21.2
5219255,Carson Robbins,WR,Iowa State,21.1
5114313,Jordan Onovughe,WR,Stanford,21.1
5199859,Dalen Penson,WR,Georgia Tech,21.0
5164360,TK Norman,WR,Texas A&M,21.0
4871019,Rico Walker,TE,California,21.0
5084293,Ka'Morreun Pimpton,TE,TCU,20.9
5155355,Jamal Bing Jr.,RB,Georgia State,20.9
5084698,Tashi Braceful,WR,Toledo,20.9
5219694,Amari Brundidge,RB,UAB,20.8
5216505,Jamar Searcy,RB,Wake Forest,20.8
5223116,Grant Wayne,WR,Air Force,20.8
4685435,Justyn Martin,QB,Ohio State,20.8
5141729,Michael Terry III,RB,Texas,20.7
5225868,Gavin Nelson,TE,Sacramento State,20.7
4870747,Adam Hopkins IV,WR,Charlotte,20.7
5159873,Ben Guthrie,QB,Georgia Tech,20.7
5079661,Chance Robinson,WR,NC State,20.6
5079486,Zy'marion Lang,WR,UConn,20.6
3949586,Jake Taylor,TE,Duke,20.6
4685706,Bennett Christian,TE,Ohio State,20.6
5196378,Raycine Guillory Jr.,RB,LSU,20.6
5222190,Joseph Hagman,RB,TCU,20.5
5212231,Dillon Newton-Short,WR,Virginia,20.5
5172260,Cash Cheeks,TE,UTEP,20.5
5296066,Ethan Dowdy,WR,NC State,20.4
4876695,Jaden Allen,TE,Central Michigan,20.4
5215248,Jordan Magwood,QB,Florida Atlantic,20.4
5158917,Nick Delgadillo,WR,Hawai'i,20.4
5081820,David Adolph,WR,Ohio State,20.4
4912281,Taven Curry,RB,Akron,20.4
5219017,Nakai Amachree,RB,Bowling Green,20.4
5159453,Darius Johnson,RB,NC State,20.4
5141409,Deandre Desinor,RB,NC State,20.4
5209762,Shane Marshall,RB,Georgia Tech,20.3
5157324,Jean Louis III,WR,Akron,20.3
5394415,Khamoni Robinson,QB,Toledo,20.3
4685492,Jack Pedersen,TE,Washington State,20.3
5103443,Jhae Drummer,WR,Oregon State,20.2
4918453,Tanner Lemaster,TE,Eastern Michigan,20.2
5078404,Marques Hicks,RB,Kent State,20.1
5151181,Judah Ezinwa,TE,UTEP,20.1
5149056,Jadyn Glasser,QB,Central Michigan,20.1
5209199,Ty Olsen,WR,Utah State,20.0
5290250,Grant Lawless,QB,Wake Forest,20.0
5092200,Preston Rex,RB,BYU,20.0
5198104,Elijah Burress,WR,Notre Dame,20.0
5223768,Harold Duvall,WR,Fresno State,20.0
5147373,Kylan Billiot,WR,James Madison,19.9
5218443,Chase Garnett,RB,South Florida,19.9
5309213,Tamarion LaFortune,WR,Coastal Carolina,19.9
5193351,Krosse Johnson,WR,Coastal Carolina,19.9
5197115,Marcus Torres,WR,UTEP,19.9
4683912,Hunter Herring,TE,Auburn,19.9
5085618,Keayen Nead,TE,BYU,19.9
5252197,Jaylen Elder,WR,UAB,19.8
4870994,Malachi Riley,WR,San José State,19.8
5219416,Nehemiah Vann,QB,Army,19.7
5150635,Koa Eldredge,WR,Hawai'i,19.7
5130407,Roger Saleapaga II,TE,BYU,19.7
4826574,Owen Anderson,TE,Massachusetts,19.7
5142321,Chris Wheatley-Humphrey,RB,Miami,19.7
5079429,Gavin Grover,TE,Cincinnati,19.7
5079441,Debron Gatling,WR,Georgia Tech,19.7
5219878,Daniel Evert,TE,Temple,19.6
5199850,Carsyn Baker,RB,Texas A&M,19.6
5079494,Hogan Hansen,TE,Michigan,19.6
5265479,Gabe Glover,WR,Jacksonville State,19.6
4912186,Trey Johnson,WR,Bowling Green,19.6
5212732,Liam Thorpe,WR,Stanford,19.5
5220133,Sam Lee,TE,Toledo,19.5
4950379,Zach Ortwerth,TE,Iowa,19.5
4837259,DeWhitt Betterson Jr.,RB,Troy,19.5
5219931,Romelo Ware,RB,Northern Illinois,19.4
5150312,David Clerk,WR,Army,19.4
5219169,Charleston French,RB,North Carolina,19.4
4826637,Henry Boyer,TE,Kentucky,19.4
5079300,Frankie Arthur Jr.,RB,UTSA,19.4
5078052,AJ Szymanski,TE,Maryland,19.3
5153036,Dylan Williams,WR,James Madison,19.3
5155039,Aidan Warner,QB,Florida,19.3
5145553,Tyler Cherry,QB,Indiana,19.3
5141712,Bear Tenney,TE,New Mexico,19.3
5157055,Edd Guerrier,RB,Rutgers,19.3
5295815,Duke Clark,RB,Florida,19.3
5157005,Jonathan Harvey,RB,North Dakota State,19.2
5125730,Darrien Jones,RB,UNLV,19.2
5084893,Dozie Ezukanma,WR,TCU,19.2
5086101,Cameron Monteiro,WR,Akron,19.2
5388741,Isaac Jaramilla-Phe,QB,Hawai'i,19.2
4871092,Dylan Wittke,QB,Minnesota,19.2
5200430,Brian Bonner Jr.,RB,Washington,19.2
5143919,Jordan Malau'ulu,WR,Fresno State,19.1
5146972,Ayden Harris,RB,Kent State,19.1
5141358,Kiotti Armstrong,TE,Texas A&M,19.1
4908401,Delaney Crawford,WR,Ohio,19.1
5244730,Matt Ponatoski,QB,Kentucky,19.1
5127805,JJ Harrell,WR,Old Dominion,19.1
4894451,Brennan Parachek,TE,Michigan State,19.0
5292032,John Hebert,RB,Houston,19.0
4872961,Matt Byrnes,TE,UNLV,19.0
5219036,Dylan Gentry,WR,Jacksonville State,19.0
4921304,Chris Lawson Jr.,WR,App State,19.0
5076651,Christian Abney,TE,Illinois,19.0
5141445,Quanell Farrakhan Jr.,WR,Colorado,19.0
5295756,Breyahn Townsend,RB,Coastal Carolina,19.0
4917270,Harry Lodge,TE,UCLA,19.0
5125171,Jaylen Foster,RB,Southern Miss,18.9
4568237,Matt Smith,TE,Sam Houston,18.9
5158421,Zachary Waters,QB,Florida International,18.9
5220007,Tank Boston,WR,Charlotte,18.9
5086204,Matt Buron,TE,Georgia State,18.9
5181735,Antavious Murphy,WR,Georgia Southern,18.9
5081378,Hunter Barnes,RB,Tennessee,18.8
5221048,Jabari Bush,TE,Arkansas State,18.8
5141663,Anthony Rogers,RB,Ohio State,18.8
5218756,Clark Sanderson,WR,Clemson,18.7
5244759,Christian Rhodes,RB,SMU,18.7
5383050,Terrence Brown,RB,Middle Tennessee,18.7
5148664,Corey Simms,WR,USC,18.7
5141530,Donovan Johnson,RB,Michigan,18.7
5216569,Robby Preckel,TE,Northwestern,18.7
5075912,George Burhenn,TE,Purdue,18.7
5161735,Easton Miller,RB,Iowa State,18.7
5293958,Mason Phillips,QB,Tennessee,18.7
5148658,Carter Jackson,RB,Nevada,18.6
5160193,Spencer Leadbetter,WR,Kentucky,18.5
4899352,Deakon Tonielli,TE,Michigan,18.5
4693740,Kahleil Jackson,WR,Florida,18.5
5079389,Chase Farrell,WR,Northwestern,18.5
5295969,Brady Hart,QB,Texas A&M,18.5
5161013,Kayden Dixon-Wyatt,WR,USC,18.4
5263766,Craig Dandridge,WR,Georgia,18.4
5141657,Isaiah Robinson,WR,Virginia,18.4
5230240,Mason Bray,QB,Arizona,18.4
5141584,Naeshaun Montgomery,WR,Missouri,18.4
5295488,Justin Ruffin Jr.,WR,Central Michigan,18.3
5081162,Brett Brown,QB,Missouri,18.3
4613214,Connor Witthoft,TE,Delaware,18.3
5149220,Baron Tipton,WR,North Texas,18.3
4870709,Shamar Easter,TE,North Carolina,18.3
5084703,Daijon Calimon,WR,Nevada,18.3
5223117,Owen Chambers,WR,Air Force,18.2
5143923,Derek Meadows,WR,Alabama,18.2
5146163,Rahji Dennis,WR,Louisiana,18.2
5233868,Lanear McCrary Jr.,RB,Georgia State,18.2
5146824,Tavien St. Clair,QB,Ohio State,18.2
5203606,Derrek Cooper,RB,Texas,18.2
5120735,Landon Walker,RB,TCU,18.1
5162406,Caleb Ryan,TE,Liberty,18.1
5163093,Conor Booth,RB,Nebraska,18.1
5158978,Damon Ferguson Jr.,RB,Pittsburgh,18.1
5075319,Dylan Braithwaite,WR,Rutgers,18.1
5147069,Kory Hall,WR,Colorado State,18.1
5119658,JP Mikhael,TE,Georgia Southern,18.1
5151490,Germanuel Tanelus,RB,Florida Atlantic,18.1
5010409,Jayden Mandal,QB,Fresno State,18.1
5161137,Dean-Taylor Chapman,RB,California,18.0
5122096,KeDarius Wade,WR,Louisiana,18.0
5151897,Jackson Wade,WR,Boston College,18.0
5141456,TaRon Francis,WR,West Virginia,18.0
5146903,Brayden Roggow,QB,Akron,18.0
5222534,Tyson Carter,WR,Florida International,17.9
5079484,Dillon Gresham,WR,Oregon,17.9
5295733,Taz Williams Jr.,WR,Baylor,17.9
5300305,Trenton Jones,WR,Toledo,17.8
5209427,Kolin Wilson,RB,Mississippi State,17.7
5296400,Dane Benedix,WR,Louisiana Tech,17.7
5295902,Josiah Basten,RB,Southern Miss,17.7
5150333,Parker Poloskey,TE,Army,17.6
5079056,Carmelo Taylor,WR,UTEP,17.6
5161612,Reed Linder,WR,Arkansas State,17.6
5230764,Riley Small,RB,Louisiana Tech,17.6
5209314,Travis Johnson,WR,Michigan,17.6
4698120,Kevin Schaeffer,TE,Florida International,17.6
5085129,Ian Ver Steeg,WR,Ohio,17.6
5196568,Rafeald Campbell,WR,UTEP,17.6
5141434,Elisha Durham,WR,Ball State,17.6
5087167,Kaden Zenzen,TE,North Dakota State,17.5
5219289,Boone Lourd,QB,Virginia,17.5
5200381,Somourian Wingo,WR,Miami,17.5
5228911,Sir Autry,RB,San José State,17.5
4870691,Santana Fleming,WR,Middle Tennessee,17.4
5182122,Legend Bey,RB,Ohio State,17.4
5156440,Jamarice Wilder,RB,Southern Miss,17.4
5193284,Winn Sharp,WR,Bowling Green,17.4
5150694,Tripp Walsh,TE,New Mexico,17.4
5194308,Kyle Koch,WR,North Texas,17.4
5141740,Justin Thurman,RB,Kansas,17.4
5214395,Shekai Mills-Knight,RB,Ole Miss,17.4
5245415,Davion Kerr,RB,Syracuse,17.4
5164317,Shaker Reisig,QB,Texas State,17.4
5282580,Tradon Bessinger,QB,Iowa,17.3
5161011,Jermaine Bishop Jr.,WR,Texas,17.3
4826579,Tyler Siddons,TE,Wyoming,17.3
5266919,Corey Barber Jr.,WR,LSU,17.3
5164346,Linkon Cure,TE,Kansas State,17.3
5388363,Jalen Rashad Turner,RB,Air Force,17.3
5147382,Reed Jesiolowski,TE,Kennesaw State,17.3
5201878,Andrew Olesh,TE,Oregon,17.3
5083249,Fisher Clements,TE,Colorado,17.3
5220975,Jaquise Martin,WR,Houston,17.3
5160640,Anthony Ferrucci,RB,Boston College,17.3
5294259,Mana Carvalho,WR,Utah,17.3
5222689,Johnathan Montague Jr.,WR,Boston College,17.3
5162395,Jailen Holmes,WR,UAB,17.2
5215017,Landon Roldan,WR,Georgia,17.2
5158245,Jude James,TE,Missouri,17.2
5164334,Cutter Woods,QB,South Carolina,17.2
5244758,Jae Lamar,RB,Georgia,17.1
3116099,Monte Harrison,WR,Arkansas,17.1
5077114,Caleb McMickle,QB,Western Kentucky,17.1
5215172,Kenny Darby,WR,Kentucky,17.1
5104817,Jackson Wasserstrom,WR,Indiana,17.1
4871054,Riley Williams,TE,Mississippi State,17.1
5146669,Ty McCutcheon,QB,Massachusetts,17.1
5158934,Shahn Alston,RB,USC,17.1
5207806,Jacob Washington,WR,Michigan,17.0
5265523,Kelvin Washington,RB,Tulsa,17.0
5076099,Stephon Daily,WR,Colorado State,17.0
5159076,Deshonne Redeaux,RB,USC,17.0
5218507,Matt Jeffery,WR,Notre Dame,17.0
5164355,Joakim Dodson,WR,Tennessee,16.9
5310992,Barry Kpeenu,RB,North Dakota State,16.9
5156879,Jaylen Hampton,WR,Charlotte,16.9
5141602,Ryan Montgomery,QB,Georgia,16.8
5164352,Carterrious Brown,WR,SMU,16.8
5209688,JT Lindsey,RB,Ole Miss,16.8
5079630,Brady Prieskorn,TE,Ole Miss,16.8
5158940,Naeem Burroughs,WR,Clemson,16.8
5004520,David Clement,TE,Syracuse,16.8
5102582,Landon Bell,WR,Colorado State,16.8
5331746,Braeden Fuller,QB,Arkansas,16.7
4605477,Alante Brown,WR,Memphis,16.7
5142704,Carson Bruhn,TE,Kansas,16.7
4888707,Danny Lewis Jr.,TE,Alabama,16.7
5075705,Demitrius Bell,WR,Nebraska,16.7
5146723,Isaiah McMorris,WR,Missouri State,16.7
5230932,Daryl Barnett Jr.,WR,Toledo,16.6
4832875,Leon Haughton Jr.,TE,Old Dominion,16.6
5388989,Hudson Wyatt,QB,San José State,16.6
5223149,Adam Hrynciw,WR,Air Force,16.6
5079354,Stonka Burnside,WR,Memphis,16.5
5218971,Will Perry,QB,Massachusetts,16.5
5199937,Travis Burgess,QB,North Carolina,16.5
5150277,Jace Petty,WR,Troy,16.5
5210544,Damarius Yates,RB,Ole Miss,16.5
5219035,Cam King,WR,Georgia Southern,16.5
5221335,Cace Reed,WR,Southern Miss,16.5
5079673,Gabe Sawchuk,RB,Oklahoma,16.4
5141487,Ty Hawkins,QB,SMU,16.4
5390453,William Mason,RB,Oklahoma State,16.4
5220195,Rod Gibbs,TE,South Alabama,16.4
5215501,Oliver Mitchell Jr.,WR,Tulane,16.4
5224772,Nick Tyree,WR,Delaware,16.4
5221393,Caleb Rollerson,WR,UCF,16.3
5155426,Christian Greenlaw,TE,Iowa State,16.3
5155033,Spencer Mermans,TE,Georgia Tech,16.3
5234086,Triston Morgan,RB,Kennesaw State,16.3
5104052,David Alpers III,TE,Jacksonville State,16.3
5208138,Luke Carney,QB,Houston,16.3
5079759,Jelani Watkins,WR,Arkansas,16.3
5084468,Hogan Wasson,WR,Middle Tennessee,16.2
5390418,Leonard Farrow,RB,Florida Atlantic,16.2
5296212,Zay Robinson,WR,Penn State,16.2
5146687,Trey Horne,WR,Southern Miss,16.2
5301043,Trey Bass,WR,Sacramento State,16.1
5082118,Zach Mundell,WR,Army,16.0
5155193,Corey Thompson Jr.,WR,Ball State,16.0
5092281,Evan Wysong,WR,New Mexico,16.0
5293574,John Gazzaniga,QB,Alabama,16.0
5149484,Phillip Wright III,WR,LSU,16.0
5077874,Max Drag,TE,South Carolina,16.0
5077804,Chico Holt,TE,Stanford,15.9
5388744,Noah Bartley,RB,Hawai'i,15.9
5297927,Preston Brown,QB,North Dakota State,15.9
5224715,Bryce Hicks,RB,Colorado,15.8
5125726,CC Ezirim,TE,Western Kentucky,15.8
5164343,Marshall Pritchett,TE,Alabama,15.8
5237159,Charlie Miska,RB,BYU,15.8
5093137,Isaac Koch,WR,Kansas State,15.7
5085505,Sean Ward,TE,Ball State,15.7
5142265,Ryan Ward,TE,West Virginia,15.7
5120866,Jalen Brown,RB,New Mexico State,15.7
5159145,Jerry Lydiatt,TE,New Mexico State,15.7
5079772,Damarion Witten,WR,Miami (OH),15.7
5161740,Kevin Douglas,WR,Georgia Southern,15.7
4685157,Blake Smith,TE,Texas State,15.7
5144160,Keelan Smith,WR,Nebraska,15.7
4920164,Sam West,TE,Mississippi State,15.6
5222594,Amareon Blue,RB,Eastern Michigan,15.6
5225641,Carlos Anaya,TE,Colorado State,15.6
5151791,Jayden O'Rourke,TE,Nevada,15.6
5154341,Maurice Brown II,TE,South Carolina,15.6
5079386,Ric'Darious Farmer,WR,UCF,15.5
4921518,Famah Toure,WR,Rutgers,15.5
5209302,Quaid Carr,RB,Washington,15.5
5141467,Luka Gilbert,TE,Miami,15.5
5120771,Flynn Schiele,WR,Cincinnati,15.5
5141719,Elijah Thomas,WR,Oklahoma,15.5
5265474,Darrion Bowers,RB,New Mexico,15.4
5202117,Malik Clark,WR,South Carolina,15.4
4917422,Quinn Fracassi,WR,Eastern Michigan,15.4
5104821,Brady Simmons,WR,Miami (OH),15.4
5209967,Jack James,QB,Troy,15.4
5148852,Antonio Floyd,WR,Eastern Michigan,15.4
5134270,Trashon Dye,RB,James Madison,15.4
5144084,Jahmari Powell-Wonson,WR,Florida Atlantic,15.4
5077816,TeKai Kirby,WR,Virginia,15.3
5142236,Grayson Wilson,QB,Boston College,15.3
4888163,Avion McBride,TE,Georgia State,15.3
5193292,La'Don Bryant,WR,Northern Illinois,15.3
5222657,Darrell Smith,RB,Louisiana,15.3
5158996,Briggs Cherry,QB,Louisville,15.3
4832802,Hudson Cedarland,TE,Washington State,15.3
5296823,Ah'Marion Gaines-Smith,RB,Sam Houston,15.3
5079686,Bredell Richardson,WR,Tulane,15.3
5215045,Cameron Dyer,QB,Arizona State,15.3
5141714,Kamran Williams,RB,UNLV,15.3
5079592,Michael Smith,TE,Ole Miss,15.2
5148601,Karson Cox,RB,UCLA,15.2
5141449,Ja'Kayden Ferguson,WR,Kentucky,15.2
5220790,Roscoe Burton,RB,New Mexico State,15.2
5296023,Tray Kinkle,RB,South Florida,15.2
5193264,Kameron Anthony,TE,Rutgers,15.2
5147344,Tyson Turner,WR,Houston,15.1
5147346,Jywon Boyd,WR,Troy,15.1
4870870,Ty Lockwood,TE,Arkansas,15.1
5076101,Brenton Williams,RB,Liberty,15.1
5212635,Mikkel Skinner,TE,Kentucky,15.0
5161022,Amari Latimer,RB,West Virginia,15.0
5388435,Caleb Heavner,QB,Miami (OH),15.0
5158972,Landon Duckworth,QB,South Carolina,15.0
5159029,Jonathan Hatton Jr.,RB,Oklahoma,15.0
5212652,Ryan Mosley,WR,Georgia,15.0
5148651,Vernon Allen III,WR,Rutgers,15.0
5079435,Tayvion Galloway,TE,Middle Tennessee,15.0
5295064,Jeremiah Jones-Thomas,WR,South Alabama,15.0
5211163,Mekhi Dodd,RB,Boston College,14.9
5158374,Isaiah Bryant,WR,Navy,14.9
5388370,Oswaldo Morales,RB,Air Force,14.9
4684638,Ali Fisher,WR,Kent State,14.9
5149473,Thomas Blackshear,WR,Georgia,14.9
5141634,Steele Pizzella,QB,Wake Forest,14.9
5209130,Taniela Tupou,TE,USC,14.9
5209011,Terrell Mitchell,RB,Rutgers,14.9
5218243,Jeremiah Johnson,RB,South Florida,14.9
5146720,Will Cianfrini,WR,San Diego State,14.9
5161816,Dereon Coleman,QB,Miami,14.8
5158960,Jordan Clay,WR,Washington,14.8
5301045,Jaxon Fresques,WR,Sacramento State,14.8
5159888,Chris Elko,WR,Georgia Tech,14.8
5141656,Nate Roberts,TE,Ohio State,14.8
5216639,Jaylon Hawkins,WR,San Diego State,14.8
5151893,Anthony Rubio,RB,Florida,14.8
5220041,Terrell Richards,WR,Buffalo,14.8
5159078,Tait Reynolds,QB,Clemson,14.8
5274779,Brady Marchese,WR,Auburn,14.7
5152214,Ray Lotten,TE,New Mexico State,14.7
5194658,Bobby Mays,WR,Buffalo,14.7
5141668,Taevion Swint,RB,UCF,14.7
5142596,James Flanigan,TE,Notre Dame,14.7
5158998,Aaron Gregory,WR,Texas A&M,14.7
5120669,Akeem Wright,WR,Boise State,14.7
5141625,Deante Ruffin,QB,Kent State,14.6
5153613,Carter Shaw,WR,Stanford,14.6
5110101,EJ Caminong,QB,California,14.6
5081882,Ty Claiborne,WR,Iowa State,14.6
4715474,Elijah Brown,TE,Kentucky,14.6
5219709,Dagan Bruno,QB,Tulane,14.6
5081452,Clay Swinney,WR,Clemson,14.6
5158981,Kaydon Finley,WR,Notre Dame,14.6
5044424,Pierce Walsh,TE,Minnesota,14.5
5077206,Donielle Hayes,WR,Minnesota,14.5
5218757,Chase Byrd,WR,Clemson,14.5
5221293,Tagert Bardin,WR,Colorado,14.5
5162399,Darius Copeland,WR,Liberty,14.5
5220390,Evan Poticher,TE,Middle Tennessee,14.5
5084659,Eric Smith,WR,Liberty,14.5
5296370,Rameir Hardy,WR,Temple,14.5
5305463,Nick Woodford,RB,Central Michigan,14.5
5294121,Ryken Moon,RB,Washington,14.4
5085404,Thomas Wadsworth,TE,UCF,14.4
5079510,Walter Matthews,TE,USC,14.4
5383063,Breezy Dubar,RB,Missouri State,14.3
5141742,Jabree Coleman,RB,South Carolina,14.3
5151385,Ryan McConnell,TE,Colorado State,14.3
5390417,Antojuan Woody,WR,Florida Atlantic,14.3
5148628,Logan Brooking,TE,Clemson,14.3
5295328,Chase Hanning,WR,Florida Atlantic,14.3
5296411,Stanley Anderson-Lofton,QB,Middle Tennessee,14.3
5141757,Emaree Winston,TE,Texas,14.3
5209304,Kourdey Glass,RB,Oregon State,14.2
5220637,Trey Townsend,QB,Georgia Southern,14.2
5157003,Kelly Watson,WR,North Dakota State,14.2
5296835,Dylan Burk,TE,UCF,14.2
5209161,Malachi Coleman,RB,Syracuse,14.2
5201877,Vander Ploog,TE,NC State,14.2
5141351,Josiah Abdullah,WR,Virginia,14.2
5159094,Madden Williams,WR,Texas A&M,14.2
5150283,John Colvin,QB,Auburn,14.2
5193388,Jaden Allen-Hendrix,RB,Coastal Carolina,14.2
5257214,Lucas Farrington,RB,Jacksonville State,14.1
5159036,Calvin Russell III,WR,Syracuse,14.1
5141653,Daylon Singleton,WR,SMU,14.1
5388331,Curtis Kimmons IV,RB,Massachusetts,14.1
5383007,Braden Goellner,WR,Iowa State,14.1
5388759,Hayden Jackson,WR,Troy,14.0
5388762,Howard Kinchen,WR,Troy,14.0
5294438,Jemyri Davis,WR,Memphis,14.0
5079628,John White,QB,Southern Miss,14.0
5381371,Chase Allen-Jackman,WR,Georgia State,14.0
5120142,Tracy Stephens,TE,Marshall,14.0
5295363,Cameron Mathews,RB,New Mexico,14.0
4430954,Lukas Ungar,TE,Virginia,13.9
5077668,Kade Eldridge,TE,Washington,13.9
5274332,Trez Davis,WR,Washington,13.9
5168802,Grayson Brousseau,TE,UCF,13.9
5078003,Zion Agnew,WR,Old Dominion,13.9
5257958,Jackson McCarter,RB,James Madison,13.9
5159064,Jabari Mack,WR,LSU,13.9
5209382,Cardae Mack,RB,Arizona State,13.8
5245123,Bowe Bentley,QB,Oklahoma,13.8
5164320,Sean Cuono,RB,Indiana,13.8
5220219,Wesley Campbell VI,TE,Georgia State,13.8
5151063,Carson Morgan,RB,Rice,13.8
4869700,Antonio Robinson,WR,Missouri State,13.8
5214937,Jaron Thomas,RB,Minnesota,13.8
4870238,Zamondre Merriweather,WR,Syracuse,13.8
5149001,Daniel Anderson,RB,Northwestern,13.8
5215150,Gabe Fields,RB,Vanderbilt,13.7
4993406,CJ Tiller,QB,Utah State,13.7
5290568,R.J. Mosley,WR,Arizona,13.7
5141565,Byron Louis,RB,Florida,13.7
5193300,Eli Jacon-Duffy,TE,Bowling Green,13.7
5208218,JonAnthony Hall,WR,Stanford,13.7
5295326,Noah Fox-Flores,TE,UCLA,13.7
5220411,Parker Threatt,WR,San Diego State,13.6
5141359,Dillon Alfred,WR,Ole Miss,13.6
5153263,Jakob Dixon,WR,Louisville,13.6
5297930,Charles Ross III,RB,North Dakota State,13.6
5209350,Jordon Gidron,WR,South Carolina,13.6
5148784,TK Keyes,WR,Troy,13.6
5280168,Hank Hendrix,QB,Arkansas,13.6
5216559,Tate Nagy,WR,Kansas,13.6
5141509,Karle Lacey Jr.,QB,Texas,13.6
5214451,Mike Tyler,TE,South Carolina,13.5
4954512,Sean Williams,WR,Maryland,13.5
5220598,CJ Lee,QB,San José State,13.5
5150332,Kurt Thompson,WR,Army,13.5
5182885,Jayden Petit,WR,Oklahoma,13.5
5159053,Xavier Tiller,TE,Florida State,13.5
5383013,Ray Coffey,WR,Iowa State,13.5
5161829,Tyreek King,WR,Tennessee,13.5
5228130,Ramarian Tillman,RB,Texas A&M,13.4
5388332,Jabari Lewis,WR,Massachusetts,13.4
4683297,Gerick Robinson,WR,Nevada,13.4
5079705,Grant Stec,TE,Wisconsin,13.4
5220893,Elijah Washington-Baker,TE,Syracuse,13.4
5203590,Madrid Tucker,WR,North Carolina,13.4
5154220,Josh Williamson,WR,Kennesaw State,13.4
4869294,Jake Appleget,TE,Fresno State,13.4
5079474,Elijah Jones,WR,Cincinnati,13.4
5219168,Hudson Wilharm,QB,NC State,13.4
5161854,Jonas Williams,QB,USC,13.4
5215242,Bryce Randolph,WR,Liberty,13.4
5211183,Milan Parris,WR,Miami,13.4
5091828,Lofton Howard,TE,Western Kentucky,13.3
5219703,Lamar White,WR,UAB,13.3
5093215,Tylen Campbell,WR,South Alabama,13.3
5217152,Zion Robinson,WR,Stanford,13.3
5151526,MJ Johnson,WR,Southern Miss,13.3
4698471,Matt Ragan,TE,UConn,13.3
5211482,Bryson Williams,WR,Michigan State,13.3
5296866,Soren Rief,RB,UConn,13.3
5144207,Jace Stuckey,QB,Eastern Michigan,13.3
5151802,Griffin Reimer,TE,Western Kentucky,13.3
5215395,Kyle Frendt,TE,Wyoming,13.3
4879876,Isaac Schoenfeld,TE,Wyoming,13.3
5295457,Terrione Graves,WR,New Mexico State,13.2
5290549,Jamarcea Plater,RB,Tulsa,13.2
5231044,Troy Marquez,RB,Old Dominion,13.2
5150368,Kavon Pointer,WR,Army,13.2
5150692,Wyatt Bohm,QB,Iowa State,13.2
5081845,Ashton Locklear,WR,NC State,13.2
5265504,Nehemiah Washington,RB,Utah State,13.2
5264245,Xavier Ford,RB,Minnesota,13.2
5128052,Dillon Hipp,TE,Missouri State,13.2
5159039,C.J. Sadler,WR,North Carolina,13.2
5265470,TJ Andrews,RB,UTSA,13.2
5222974,Jasen Lopez,WR,Florida State,13.2
5219112,Troy Grizzle,TE,Boise State,13.2
5211057,John Kelly,RB,Kansas,13.1
5280155,Teddy Jarrard,QB,Notre Dame,13.1
5212608,Keeyun Chapman,WR,North Carolina,13.1
5217042,Lincoln Keyes,TE,Georgia,13.1
5388919,Ean Hamric,QB,Northern Illinois,13.1
5212611,Tony Kinsler,WR,Pittsburgh,13.1
5146164,Logan Saldate,WR,Notre Dame,13.1
5126475,Trey Petty,QB,Western Michigan,13.0
5200434,Connor Salmin,WR,Clemson,13.0
5220588,Julyon Jordan,RB,South Alabama,13.0
5218754,Parker Fulghum,WR,UL Monroe,13.0
5296328,Scott Moore,TE,Delaware,13.0
5172031,Sean Ashenfelder,QB,Rutgers,13.0
4726129,Harrison Saint Germain,TE,Virginia Tech,12.9
5245055,Jayden Warren,WR,Texas A&M,12.9
5147685,Josiah McLaurin,WR,Marshall,12.9
5161844,Victor Santino,RB,California,12.9
5155867,Carson Grove,WR,Northwestern,12.9
5146739,Tra'Mar Harris,WR,Purdue,12.9
5084290,Josh Joyner,RB,Missouri State,12.8
5081408,Grady Sherrill,WR,Clemson,12.8
5195617,Shaun Terry II,WR,Missouri,12.8
5155776,Jerrian Graham,WR,South Alabama,12.8
5148710,Mason Ferguson,WR,UTEP,12.8
5141659,Akili Smith Jr.,QB,Oregon,12.8
5198561,Sam Turner,WR,Auburn,12.8
5195545,Zymear Smith,WR,Maryland,12.7
5033014,Tyree Patterson,WR,Middle Tennessee,12.7
5120905,Brock Lium,TE,Fresno State,12.7
5214448,Jayden Savoury,TE,Michigan State,12.7
5210515,Daunte Bacheyie,TE,Syracuse,12.7
5218741,Jayden Parker,RB,California,12.6
5141371,Ethan Barbour,TE,Georgia,12.6
4915713,Walter Taylor,TE,Vanderbilt,12.6
5280790,EJ Kelly,RB,SMU,12.6
5222643,Peyton Plott,WR,Georgia Southern,12.6
5228768,Blake Guffey,WR,Ohio,12.6
5168613,Miguel Camboia,WR,South Alabama,12.5
5295066,Brec Long,TE,North Texas,12.5
5382857,Trevon Kinchen,RB,UL Monroe,12.5
5164337,King Davis,RB,Missouri State,12.5
5252596,Brayden Fogle,TE,Georgia,12.5
5304179,Eian Finkley,QB,Missouri State,12.5
5197058,Andre Devine,RB,West Virginia,12.4
5193059,Jeremiah Watkins,WR,Buffalo,12.4
5244752,Favour Akih,RB,Ohio State,12.4
5214653,Kory Amachree,RB,Kansas,12.4
5372196,Amari Thomas,RB,Florida State,12.4
5296269,Reggie Frischknecht,WR,BYU,12.4
5207641,KD Jones,RB,Oklahoma State,12.4
5227824,Beau Baker,TE,Washington State,12.4
5170238,Jayden Davis,WR,South Florida,12.4
5212698,Je'rel Bolder,WR,NC State,12.4
5084086,Charlie Fiser,QB,SMU,12.4
5210798,TJ Hodges,RB,Arkansas,12.4
5278417,Chris Talley,RB,West Virginia,12.4
4683137,Drake Martinez,TE,Tennessee,12.4
5115243,Trevor Rogers,WR,California,12.4
5306480,Cade Hays,TE,Sam Houston,12.3
5150773,Rett Andersen,WR,Texas,12.3
5390036,Justin Popovich,WR,Wyoming,12.3
5141480,AJ Ia,TE,Arizona State,12.2
5114312,Will Monney,TE,Utah,12.2
5306736,Jackson Meehan,WR,UCLA,12.2
5161679,Will Kocher,QB,Cincinnati,12.2
5158414,Nate Henry,RB,Florida International,12.2
5084295,AJ Maddox,QB,Ole Miss,12.2
5121636,Adam Parks,TE,Western Michigan,12.2
5233015,Cian McKelvey,RB,USC,12.2
5244023,Qwantavius Wiggins,RB,Georgia State,12.2
5147405,Andy Bass,RB,Oklahoma,12.2
5161233,Preston Kilgore,TE,Southern Miss,12.1
5218514,Jack Larsen,TE,Notre Dame,12.1
5195698,Jace Clarizio,RB,Michigan State,12.1
5160121,William Fierro,RB,SMU,12.1
5219405,Aden Self,WR,Army,12.1
5220194,Noah Toster,WR,South Alabama,12.1
5132795,Matt Ogunniyi,TE,Massachusetts,12.1
5371961,Gordon Sellars III,WR,Clemson,12.0
5294144,Jack Purkerson,WR,Clemson,12.0
5142264,Jay Lindsey,TE,Alabama,12.0
4940231,Camp Magee,WR,Northwestern,12.0
5385726,Tyren Hornes,WR,UCF,12.0
5156236,Jackson Muckelroy,WR,North Texas,12.0
5304424,Luke Stubbs,WR,Clemson,12.0
5351309,Jaylen Brown-Wallace,WR,Clemson,12.0
5147337,Witt Edwards,WR,Missouri State,12.0
5148626,Triston Ward,WR,Virginia,11.9
5141748,Cornelius Warren III,RB,Arizona,11.9
5085497,Ty Stamey,TE,Texas State,11.9
5159010,Messiah Mickens,RB,Virginia Tech,11.9
5214503,Jeremiah Jones,WR,Nebraska,11.9
5144785,Julian Johnson,TE,Minnesota,11.9
5394596,Steven Robinson,RB,Southern Miss,11.9
5215189,Anthony Jeffery,RB,South Alabama,11.9
5209316,Amante Martin,RB,TCU,11.9
5156379,DaMarion Fowlkes,WR,Missouri,11.9
5203478,Ryver Peppers,RB,Iowa State,11.9
5264742,LaMarcus Bell,RB,Utah,11.8
5219668,Michael Valentino,QB,Florida Atlantic,11.8
5207640,Corey Dailey,QB,Pittsburgh,11.8
5228027,Jett Zabel,TE,North Dakota State,11.8
5248199,Noah Gillon,QB,App State,11.8
5220697,Keron Milton,WR,Georgia State,11.8
4893007,Thomas Amankwaa,WR,Delaware,11.8
5150266,Maddox Lassiter,TE,Arkansas,11.8
4697132,Abraham Williams,WR,New Mexico,11.8
5156116,Juju Preston,WR,Clemson,11.8
5294446,Trey Hall,RB,Old Dominion,11.8
5209923,Rocco Marriott,QB,UCF,11.7
5225235,John Cooper,QB,Alabama,11.7
5168278,Joe Borchers,QB,Miami,11.7
5217820,Monterrio Elston Jr.,RB,Kansas State,11.7
5372137,Blake Rohrer,WR,Duke,11.7
5150831,Jeremy Bell,WR,Georgia,11.7
5262650,Julius Gillick,RB,Fresno State,11.7
5081345,Alex Eichmann,WR,Iowa,11.7
5146748,Tre' Griffiths,WR,Hawai'i,11.7
5266583,Kayd Coffman,QB,Michigan State,11.7
5220339,Mason Welch,QB,Louisiana Tech,11.7
4837174,Darrian Anderson,WR,Fresno State,11.7
5297926,Zander Smith,QB,North Dakota State,11.7
5294145,Max Wilson,RB,Clemson,11.6
5100402,Sean Reese,WR,Missouri State,11.6
5150925,Colton Pitchford,WR,Jacksonville State,11.6
5276674,Gavin Mueller,TE,Miami,11.6
5079614,Riley Trujillo,QB,Delaware,11.6
5209709,Teriq Mallory,WR,Florida State,11.6
5295302,Mohammad Maali,RB,UNLV,11.6
5200378,Mack Sutter,TE,Alabama,11.6
5154248,Kaleb Annett,QB,UCF,11.6
5296362,De'Carlos Young,RB,Temple,11.6
5193324,Dalin Wilkins,WR,Eastern Michigan,11.5
5084705,Trenton Cloud,WR,East Carolina,11.5
5207804,Jeremiah Scoby,TE,Bowling Green,11.5
5121468,Jordon Harris,TE,Missouri,11.5
5290560,CJ Givers,RB,Duke,11.5
5078049,Terrence McWilliams Jr.,WR,Louisville,11.5
5079571,James Madison II,WR,UTSA,11.4
5219659,Noah Moeaki,TE,BYU,11.4
4683279,Jared Gibble,TE,App State,11.4
5220490,Jai Hundley,RB,Navy,11.4
5227770,Brendon McQueen,WR,Missouri State,11.4
5220641,Boogie Woods III,RB,Kennesaw State,11.4
5086450,Brandon Rehmann,WR,Delaware,11.4
5297763,Tyler J. Williams,WR,Georgia,11.4
5257046,Grayson Rigdon,RB,Arizona State,11.4
5158398,Jake Norris,TE,Navy,11.4
5215357,Daniel Rolovich,QB,San José State,11.4
5295205,Tate Hoover,TE,Ball State,11.3
5296099,Cianan Williams,WR,Jacksonville State,11.3
5388963,Tochi Okoro,WR,North Dakota State,11.3
5077670,Jackson Grier,WR,App State,11.3
5163382,Nikos Varelas,RB,Wyoming,11.2
5079569,Luca Puccinelli,TE,Purdue,11.2
5142604,Brock Schott,TE,Indiana,11.2
5164341,AC Walters,RB,Troy,11.1
5384804,Nick Norman,RB,Sam Houston,11.1
4923057,Connor Cox,TE,Virginia,11.1
5382987,Jaden Miller,RB,Louisiana Tech,11.0
5119659,Trent Thomas,TE,Tennessee,11.0
5219408,Ethan Washington,QB,Army,11.0
5301029,Elias Brown,RB,Sacramento State,11.0
5226090,Ty Johnson,WR,East Carolina,11.0
4912346,Jayden Mines,WR,James Madison,11.0
5224784,Declan O'Brien,WR,Delaware,11.0
5077637,James Falk,TE,Rice,11.0
5079568,Adrian Posse,QB,UAB,11.0
5295750,D'Mariun Perteet,RB,Charlotte,11.0
5222633,Nolan Good,QB,Kent State,11.0
5117848,Evan Dangler,TE,South Florida,11.0
5228799,Kader Diop,WR,New Mexico,10.9
5229124,Ravian Larry,RB,Utah State,10.9
5146751,Jose Leon,WR,App State,10.9
5079766,Chanz Wiggins,WR,Virginia Tech,10.9
5244756,Ryan Estrada,RB,Minnesota,10.9
5217704,Michael Dever,WR,Texas Tech,10.9
5161780,Jordyn Bridgewater,WR,UCF,10.9
5218663,Boski Barrett,WR,Arkansas State,10.8
5293820,Drew Kron,WR,UConn,10.8
5216690,Nino Hill,RB,Buffalo,10.8
5193481,Cole Harrison,TE,Tennessee,10.8
5230871,Skyler Jackson,RB,Oregon State,10.8
5297067,Kache Kaio,TE,Utah State,10.7
5081127,George Hamsley,QB,Ole Miss,10.7
5295511,Erik Ronning,WR,Kennesaw State,10.7
5158957,Helaman Casuga,QB,Texas A&M,10.7
5222545,Ethan Houck,QB,Liberty,10.7
5154244,Bryce Dopson,WR,Boston College,10.7
5227766,Elijah Leonard,QB,Missouri State,10.7
5149006,Evans Chuba,QB,Purdue,10.7
5388300,Demonte Greene,WR,Temple,10.6
5382869,Marcellus Jackson,WR,UL Monroe,10.6
5388313,Javier Wills,WR,Kent State,10.6
5387658,XaVior Tyus,RB,Eastern Michigan,10.6
5222654,Trenton Chaney,WR,Louisiana,10.6
5198313,O'Lontae Dean,RB,Iowa,10.6
5079655,Joey Olsen,TE,New Mexico,10.6
5294510,Demarcco Blanton,WR,UL Monroe,10.6
5215236,Jamar Browder,WR,Michigan,10.5
5194667,Tyrell Simmons Jr.,WR,Buffalo,10.5
5230757,Andre Brown,WR,Florida International,10.5
5393159,Fisher Ingersoll,WR,BYU,10.5
5220427,Matthew Tatum,WR,Sam Houston,10.5
5293827,Manny Choice,WR,Oklahoma,10.5
5199949,Charlie Johnston,QB,Georgia Southern,10.4
5295919,Ryan Huff,QB,Old Dominion,10.4
5161734,Wyatt Archer,RB,Iowa State,10.4
5193104,Austin Clay,WR,Bowling Green,10.4
5220679,Rodge Waldrop,QB,Troy,10.4
5236393,Shane King,TE,Arizona,10.4
5207598,Charles Taplin,WR,Michigan State,10.4
5122047,Jared Kelley,WR,Kent State,10.4
5158339,Arnel Heathington,WR,Navy,10.3
5219417,Tim Kloska,RB,Army,10.3
5209127,Jax Markovich,TE,Massachusetts,10.3
5160469,Trent Mosley,WR,USC,10.3
5295180,Cam Macon,RB,Akron,10.3
5132652,Ricky Johnson,WR,Utah,10.2
5304196,Jacob Cornejo,RB,Jacksonville State,10.2
5219023,Cole Gamble,RB,Auburn,10.2
5296226,Zane Smith,RB,Houston,10.2
5159100,Troy Huhn,QB,Virginia Tech,10.2
5274373,Eric Perry,RB,Memphis,10.2
5196928,Nico Hamilton,RB,Wyoming,10.2
5200190,Walter Moses,QB,Toledo,10.2
5295664,Adrion Boyd,RB,Western Kentucky,10.2
5386519,Luke Degner,WR,USC,10.1
5122390,KJ Daniels,WR,UAB,10.1
5390015,Jaden Moore,RB,UTEP,10.1
5218588,Danny Curran,WR,Georgia,10.1
5126532,Arkese Parks,WR,South Florida,10.1
5261479,Toa Fa'avae,QB,New Mexico,10.1
5263587,Matthew Maxey,WR,Kent State,10.1
5141640,Cam Sapp,WR,Pittsburgh,10.1
5164691,Montavin Quisenberry,WR,Louisville,10.1
5300511,Luke Clyburn,TE,South Florida,10.1
5294079,Holden Phillips,QB,Texas Tech,10.0
5218725,Jimmy Francis,QB,South Carolina,10.0
5081163,Anthony Favrow,RB,Missouri,10.0
5230274,Titus Bautista,RB,Colorado,10.0
5141461,Ryan Ghea,TE,Auburn,10.0
5142319,Kyan Berry-Johnson,WR,Sam Houston,10.0
5221416,Rocco Rainone,QB,Rutgers,10.0
5220428,Trey Taylor,RB,Sam Houston,9.9
5376777,Matt Williams,RB,Notre Dame,9.9
5157282,Nathan Schuessler,WR,Coastal Carolina,9.9
5158348,Casey Smith,WR,Navy,9.9
4816108,Tyler Powell,TE,Arizona,9.9
5296271,Trey Roberts,WR,BYU,9.9
5295009,Keegan Bass,WR,Air Force,9.9
4918442,Markus Dixon,TE,Oregon,9.9
5192909,Jimmy Sullivan,QB,Iowa,9.9
5382847,Ty Purdy,QB,UL Monroe,9.9
5220472,Tre Jones III,WR,Navy,9.8
5290564,Ashton Rowden,RB,Texas Tech,9.8
4911888,Mike Higgins,TE,Rutgers,9.8
5228005,Jacob Kilzer,WR,North Dakota State,9.7
5222530,Keenan Arcega-Whiteside,WR,Rice,9.7
5225253,Luke Reed,RB,Akron,9.7
5224783,Matthew McKinley-Daniels,WR,Delaware,9.7
4870629,Jackson Bowers,TE,Oregon State,9.7
5390016,Chris Hunter,RB,UTEP,9.7
5326984,Ricardo Laboy,RB,Massachusetts,9.7
5119743,Keynan Higgins,WR,Colorado State,9.7
5306604,Anthony Aguirre,WR,Ole Miss,9.7
5219297,Trevor Ladd,WR,Virginia,9.7
5160157,Jack Lambert,QB,Penn State,9.6
5057358,Tony Martin,WR,Marshall,9.6
5150628,Lucky Finau,RB,BYU,9.6
5221070,Ezra Burgess,TE,Arkansas State,9.6
5219167,Andres Miyares Jr.,QB,North Carolina,9.6
5151494,Tayte Vanderleest,WR,Central Michigan,9.6
5291178,Delvecchio Alston II,RB,Kentucky,9.6
5085413,Keagan Cunningham,WR,TCU,9.5
5146673,Christian Zachary,WR,Sam Houston,9.5
5076653,Brandon Hills,WR,Akron,9.5
5295482,Kendall Jones,WR,Central Michigan,9.5
5096845,Eli Potts,WR,Wake Forest,9.5
5290565,Jamal Rule,RB,Nebraska,9.5
5294123,Beck Walker,RB,Washington,9.5
5200108,Jaivon Solomon,WR,Duke,9.5
5277125,Samson Gash,WR,Michigan State,9.5
5209910,Jack Elliott,QB,Vanderbilt,9.5
5079339,Jayden Bradford,QB,South Florida,9.5
5265536,Skyler Williams,QB,Kennesaw State,9.5
5289364,Gannon Jones,QB,Wake Forest,9.5
5158988,Dyzier Carter,WR,Rutgers,9.5
5096110,Jaden Morehead,WR,TCU,9.5
5219226,Lance Beeghley,WR,Iowa,9.5
4910222,Hawkins Polley,TE,Baylor,9.5
5216572,Camren Boykin,QB,Temple,9.5
5384821,Martavious Boswell,RB,West Virginia,9.4
5158365,Gage Leonard,WR,Navy,9.4
5151635,Cole Greene,WR,Tulsa,9.4
5208136,Matthew Outten,WR,Syracuse,9.4
5252214,Luc Weaver,WR,USC,9.4
5155161,Jack Yanachik,WR,Michigan State,9.4
5196352,Carson Boyd,QB,Illinois,9.4
5116115,Maxence LeBlanc,TE,Ohio State,9.4
5175719,Ryan Wolfer,TE,San Diego State,9.3
5394591,Eelijah Singleton,WR,Southern Miss,9.3
5246591,Nasir Allen,RB,Arkansas State,9.3
5265297,Jack Daulton,QB,TCU,9.3
5388754,Gavin Griffin,RB,Troy,9.2
5226082,DaMari Gantt,RB,East Carolina,9.2
5081876,Jack Bjorn,TE,Iowa State,9.2
5219064,Bode Soukup,QB,Nebraska,9.2
5196027,Michael Henderson III,RB,Texas Tech,9.2
5159056,DeZephen Walker,RB,Oklahoma,9.2
5150291,Will Upton,WR,Auburn,9.2
5263184,Jeffrey Roberts,WR,Iowa State,9.2
5245128,Evan Hampton,RB,Vanderbilt,9.2
5388360,Chase Ferrell,RB,Air Force,9.2
5148660,Micah Matthews,WR,James Madison,9.2
5217148,Gavin Sidwar,QB,Missouri,9.2
5295012,Mason Lowe,WR,Air Force,9.2
5141384,Phillip Bell,WR,Ohio State,9.2
5141501,Gracen Harris,WR,Mississippi State,9.1
5158368,Noah Bull,WR,Navy,9.1
5381523,James Lewis,RB,Cincinnati,9.1
5389038,Jordan West,RB,Tulane,9.1
5210514,Nas Rankin,WR,Illinois,9.1
5081096,Roman Mangini,WR,Nebraska,9.1
5156053,Carson Berger,RB,Texas,9.1
5074243,Logan Blake,TE,Rutgers,9.1
5216345,Bodpegn Miller,WR,Washington,9.1
5223892,Jaylen Garrison,WR,Fresno State,9.1
5198507,Mason James,WR,Washington,9.1
5079634,A.J. Pugliano,TE,Oregon,9.1
5102980,Jacorey Whitted,TE,Troy,9.1
5201872,Romero Ison,WR,USC,9.0
5219426,Brennan Fisher,RB,Army,9.0
5160496,Javian Mallory,RB,Miami,9.0
5159135,David Barela,RB,New Mexico State,9.0
5270858,Liam Willson,RB,Maryland,9.0
5164039,Jeremiah Carroll,WR,Western Kentucky,9.0
5382852,Julian Walker,RB,UL Monroe,9.0
5232359,Keon Davis,WR,Kennesaw State,9.0
5297102,JC Solitaire,RB,UTSA,9.0
5156079,Khamani Debrow,WR,Ohio,8.9
5196024,Tyreek Robinson,WR,Pittsburgh,8.9
5239858,Jayden Bolton,WR,Missouri,8.9
5220491,Aydin Woolfolk,RB,Navy,8.9
5236675,Dante Carr,QB,UCF,8.9
5196924,Kenny Williams,WR,Florida International,8.9
5261753,Michael Beatty,RB,East Carolina,8.9
5295014,Astin Hange,WR,Air Force,8.8
5158970,Jabari Brady,WR,Missouri,8.8
5295013,Mason Hayes,WR,Air Force,8.8
5213685,Edward Griffin,QB,Baylor,8.8
5258290,Malachi Fannin-Render,RB,James Madison,8.8
5388765,Bryce Burgess,RB,Troy,8.8
5219077,Logan Cunningham,WR,Penn State,8.8
5224017,Devin Ingram,RB,Kennesaw State,8.8
5222676,Brady Clough,TE,Boston College,8.8
5280258,Sequel Patterson,WR,South Carolina,8.8
5328345,Isaiah Jackson,RB,Kentucky,8.8
5219042,Rico Crowder,WR,Kentucky,8.8
5214655,Kaneal Sweetwyne,QB,Colorado,8.7
5164361,Lyrick Samuel,WR,Penn State,8.7
5150651,Tommy Poholsky,QB,Colorado State,8.7
5158982,Devin Carter,WR,Florida State,8.7
5219573,Sutton Lee,WR,TCU,8.7
5219540,Camden Kruisenga,WR,Central Michigan,8.7
5150449,Dayton Sneed,WR,North Carolina,8.7
5302269,De'yhare Overstreet-Glover,WR,San Diego State,8.7
5149003,Samari Reed,WR,Ole Miss,8.6
5161828,Jyron Hughley,QB,West Virginia,8.6
5382898,Landon Varnes,QB,Kennesaw State,8.6
5258470,Cole Hodge,QB,East Carolina,8.6
4832824,Austin Terry,TE,Boise State,8.6
5216958,Peyton Falzone,QB,Penn State,8.6
5381524,James Minor,RB,Cincinnati,8.6
5150915,Shane Payton Hodges,TE,Jacksonville State,8.6
5211188,Zy'aire Fletcher,TE,Kent State,8.6
5160245,Nathan Roberts,WR,Tennessee,8.6
5390043,King Phillips,WR,Georgia Southern,8.6
5207865,Roderick Tezeno,WR,USC,8.6
5194811,Ky McNulty,WR,Troy,8.5
5276651,Brayden Allen,WR,LSU,8.5
5382854,CJ Phillip,RB,UL Monroe,8.5
5159137,Jayden Bell,WR,New Mexico State,8.5
5228759,Dillon Galloway,TE,App State,8.5
5141431,DJ Dugar,RB,Tulane,8.5
4871100,John Locke Jr.,TE,Oklahoma,8.5
5103860,Jake Sock,QB,Houston,8.5
5150872,Andrew Adkison,WR,Purdue,8.5
5212655,Jordan Collins,TE,Navy,8.5
5221058,Damon Sisa,RB,Arkansas State,8.5
5211696,Noah Sanders,RB,Toledo,8.5
5219505,Ayo Shotomide-King,WR,San Diego State,8.4
5098610,Terrell Walden II,RB,Miami,8.4
5151280,Chris Bruce,WR,Rice,8.4
5383012,Trevor Fortenberry,WR,Iowa State,8.4
5306331,Saxton Howard,WR,Kentucky,8.4
5159015,Kenneth Moore III,WR,UCLA,8.4
5076117,Kade McIntyre,TE,Oklahoma,8.4
5221211,Semi Taulanga,TE,Utah,8.4
5245130,KK Johnson,TE,Texas A&M,8.4
5159115,Noah Grubbs,QB,Notre Dame,8.3
5245413,Zion Crumpton,WR,Mississippi State,8.3
5220127,Trey Whirley,QB,Florida International,8.3
5125795,Tyler Kuo,WR,Stanford,8.3
5081426,Deems May,TE,North Carolina,8.3
5159093,EJ White,WR,Florida State,8.3
5248197,Kohen Brown,WR,Texas,8.2
5369908,Elijah Murray,WR,Alabama,8.2
5273767,Dallas Dickerson,WR,Georgia,8.2
5369913,Warner Ross,WR,Alabama,8.2
5296155,Giyahni Kontosis,WR,Cincinnati,8.2
5216509,Davian Jackson,RB,Texas State,8.2
5160400,Ross Nickson,WR,Oregon State,8.2
5297105,Caleb Garcia,WR,UTSA,8.2
5164349,Jerome Bettis Jr.,WR,Notre Dame,8.2
5294314,Doopah Coleman,WR,App State,8.2
5211736,Lamar Best,QB,Temple,8.2
5222760,Bodie Derrer,QB,Ball State,8.2
5207610,Grady Adamson,QB,Georgia Tech,8.1
5379963,Rodney Dunbar,WR,Pittsburgh,8.1
5159073,Brady Smigiel,QB,Michigan,8.1
5219946,Jason Fowler,TE,Northern Illinois,8.1
5276660,Dre Pollard,WR,Stanford,8.1
5158933,Lawrence Autry,RB,West Virginia,8.1
5161803,Mike Brown,WR,Texas A&M,8.1
5079590,Dylan Mesman,TE,Louisville,8.1
5221296,Carson Westbrook,WR,Colorado,8.1
5211952,Osiris Lopez,QB,Coastal Carolina,8.1
5148629,Drey Garner,WR,Sacramento State,8.0
5144799,Blake Hebert,QB,Notre Dame,8.0
5138042,Zechariah Sample,WR,Texas State,8.0
5290926,Parker Elmore,TE,Indiana,8.0
5169550,Lex Cyrus,WR,South Carolina,8.0
5158951,Davion Brown,WR,Virginia Tech,8.0
5091753,Fabian Rogosch,TE,Troy,8.0
5290659,Jack Richerson,TE,Georgia Tech,8.0
5141494,De'Zie Jones,WR,Ohio State,8.0
5225238,Fredrick Moore,RB,Alabama,8.0
5291181,Jamarcus Harrison,QB,Kennesaw State,8.0
4684551,Jake Renda,TE,Rice,8.0
5221410,Jackson Gister,TE,Rutgers,7.9
5369943,Ejani Shakir,WR,Maryland,7.9
5178086,Denzel Gardner,QB,Memphis,7.9
5296363,Jordan Miller,RB,Temple,7.9
5148657,Jalil Hall,WR,Purdue,7.9
5200369,Kenyon Alston,WR,Illinois,7.9
5086166,Mike Burton,TE,UConn,7.9
5177423,Zeek Jackson,WR,Wake Forest,7.9
5084959,Kola Babalola,TE,Nevada,7.8
4685301,Quinton Conley,TE,Kansas,7.8
5222749,Sean Winton,QB,Northwestern,7.8
5274314,Jayden Cration,WR,Mississippi State,7.8
5274310,Tyler Ruxer,TE,Oklahoma,7.8
5263666,Terrious Favors,WR,Boise State,7.8
5207662,Muizz Tounkara,WR,Houston,7.8
5384820,Keon Hutchins,WR,West Virginia,7.8
5141705,CJ Spence,WR,Virginia,7.7
5218728,Neil Salvage III,RB,South Carolina,7.7
5218718,Joseph Ebun,RB,LSU,7.7
5271466,Devin Fitzgerald,WR,Notre Dame,7.7
5141443,Jeff Exinor Jr.,WR,Virginia Tech,7.7
5294076,Greyson Labiad,TE,Florida State,7.7
5221128,Jaxon McCaig,RB,Michigan State,7.7
5245466,Bubba Frazier,WR,Notre Dame,7.7
5291146,Max Lovett,WR,Kansas State,7.7
5293962,Deon Hardin,WR,Tennessee,7.7
5091778,Jackson Long,TE,Georgia Southern,7.7
5387612,Clint Walker,TE,Buffalo,7.7
4870742,Jaden Hamm,TE,Arkansas State,7.7
5086100,Tei Nacua,WR,BYU,7.7
5210799,Evan Jacobson,TE,Texas A&M,7.7
4871093,Preston Zinter,TE,Rice,7.7
5331747,Tyree Holloway,WR,LSU,7.7
5154315,Benny Haselrig,WR,Pittsburgh,7.7
5265462,Joshua Troupe,RB,Kennesaw State,7.7
5276571,Amare' Gough,WR,Syracuse,7.7
5164308,Leo Hannan,QB,Michigan State,7.6
5301055,Guy Fernandez III,WR,Sacramento State,7.6
5332570,Maurice Mathis Jr.,WR,Alabama,7.6
5086618,Logan Tanner,TE,Sacramento State,7.6
5220492,Jadyn Jones,RB,Navy,7.6
5385753,Jay Kastantin,QB,Bowling Green,7.6
5210477,Vance Spafford,WR,Miami,7.6
5376861,Keeyshawn Tabuteau,WR,Wisconsin,7.6
5282573,Braylon Toliver,RB,North Dakota State,7.6
5297929,Chris Kiel,WR,North Dakota State,7.6
5145473,Mason Reynolds,QB,Western Michigan,7.6
4812341,Chris Petrucci,TE,Northwestern,7.6
5218653,Ty Burd,WR,Vanderbilt,7.6
5157059,Kellen Tasby,WR,Tulane,7.5
5263246,Owen Eshelman,QB,Washington State,7.5
5084897,Peter Gonzalez,WR,Penn State,7.5
5265174,Caleb Francois,RB,Iowa State,7.5
5150895,Claiborne Richards,WR,Vanderbilt,7.5
5211776,Qur'An McNeill,QB,Buffalo,7.5
5394628,Mekhi Rice,WR,UTSA,7.5
5159080,Brayden Robinson,WR,Notre Dame,7.5
5276970,Trevor Gibbs,TE,Indiana,7.5
5211769,Brayden Trimble,WR,Illinois,7.5
5295006,Jackson King,QB,Air Force,7.5
5290566,Amiri Acker,WR,NC State,7.5
5209339,Chris Stewart,WR,Texas,7.5
5271183,Jaivion Martin,TE,Houston,7.5
5198289,Tae'Shaun Gelsey,WR,Florida State,7.5
5151321,Mason Culton,RB,UTSA,7.5
5145653,Austin McGee,WR,Georgia State,7.5
5209377,Chase Enlow,RB,Buffalo,7.5
5273782,Zayion Cotton,TE,Mississippi State,7.5
5150285,Christian Burnette,RB,Auburn,7.4
5306734,Jonah Smith,WR,UCLA,7.4
5220495,Quinton Ezzard,RB,Navy,7.4
5159017,Denairius Gray,WR,Kentucky,7.4
5159045,Daniel Odom,WR,Oklahoma,7.4
5219475,Chace Knox,WR,Army,7.4
5182907,Carnell Warren,WR,North Carolina,7.4
5296367,Zander Baptiste,WR,Temple,7.4
4920161,Tripp Riordan,TE,SMU,7.4
5211205,Terry Walker III,QB,Duke,7.4
5220447,Mario Robinson,RB,Arkansas,7.4
5164345,Chase Loftin,TE,Florida State,7.4
5296029,Robert Henderson,RB,Southern Miss,7.4
5310790,Jaysen Angulo,RB,App State,7.3
5293698,Stroman Bridges,WR,Army,7.3
5211771,Kadale Williams,RB,Toledo,7.3
5219479,Seth Franklin,WR,Charlotte,7.3
5152114,Jani Weir,WR,Oklahoma State,7.3
5293709,Mason Smith,WR,Army,7.3
5077115,Jackson Olsen,WR,Utah State,7.3
5295758,Joe Ober,RB,Coastal Carolina,7.3
5086017,Logan Forbes,WR,Michigan,7.3
5160167,Nolan Buckman,WR,Purdue,7.3
5220027,Shey Williams,WR,Buffalo,7.3
5204395,Bradley Martino,WR,Minnesota,7.3
5296401,Brayden Bockler,TE,Louisiana Tech,7.3
5084291,Damien McDaniel,WR,Sacramento State,7.2
4714278,Jason Llewellyn,TE,Texas Tech,7.2
5150776,Ty Boatright,WR,Texas,7.2
5390023,Jeremiah Nash,WR,UTEP,7.2
5079522,Plas Johnson,WR,Arizona State,7.2
5376414,Ricky Sampson Jr.,WR,Purdue,7.2
5148609,Quintin Simmons,WR,Miami (OH),7.2
5264656,Joe Caudill,TE,Michigan State,7.2
5265184,Dwayne White,WR,Coastal Carolina,7.2
5211768,Mike Taylor Jr.,RB,Ohio,7.2
5388945,Godson Rufus-Okomhanru,RB,North Dakota State,7.2
5245414,Aljour Miles II,WR,SMU,7.2
5290579,Preston Fryzel,TE,Notre Dame,7.2
5210412,Henry Gabalis,TE,Arizona,7.2
5141550,JD LaFleur,TE,LSU,7.2
5209338,Deagan Rose,QB,Fresno State,7.2
5087169,Luke Kokat,TE,North Dakota State,7.2
5280400,Alex Ward,WR,Colorado,7.2
5216699,Chad Warner,QB,UTEP,7.1
4954514,Brennan Wooten,TE,Western Michigan,7.1
5159059,Hugh Price,QB,Southern Miss,7.1
5181572,Trynae Washington,TE,Oklahoma,7.1
5185699,Dan Mahan,QB,Duke,7.1
5222191,Jackson Baird,WR,Baylor,7.1
5161722,Samuel Padgitt,WR,Houston,7.1
5244754,Keilan Chavies,RB,Boise State,7.1
5290548,Sedric Addison,RB,Boston College,7.1
5172096,Kaj Baker,RB,UCF,7.0
5295198,Amare Gomez,RB,Colorado State,7.0
5211745,Izaiah Wright,RB,Purdue,7.0
5126527,Ian Flynt,TE,NC State,7.0
5203853,Mason Mallory,QB,Middle Tennessee,7.0
5302749,Ayden Wilhelm,QB,Rice,7.0
5296164,Chase Dawkins,RB,Western Michigan,7.0
5209345,JC Anderson,TE,LSU,7.0
5395323,Brian Barnes,WR,South Alabama,7.0
5218909,Joseph Moseley,WR,Georgia Tech,7.0
5216626,J.J. Hill,RB,Mississippi State,7.0
5291690,Broderick Vehrs,QB,Oklahoma State,6.9
5164330,Julian McMahan,RB,Washington,6.9
5082283,Alex Scherle,TE,Ball State,6.9
5228763,Matthew Papas,QB,Ohio,6.9
5160117,Chase Burton,WR,Texas A&M,6.9
5369947,Quayd Hendryx,WR,Minnesota,6.9
5276675,Tilden Riley,TE,Vanderbilt,6.9
5142743,Dakota Taylor,TE,Kent State,6.9
5332189,Fredrick Moore,WR,Michigan State,6.9
5159065,Ansu Sanoe,RB,Washington,6.9
5209193,Bryson Baker,WR,Utah,6.9
5375131,Nick Lautar,TE,Ohio State,6.9
5159153,Kaden Trevino,WR,New Mexico State,6.9
5387611,Jaylen Andrews,WR,Buffalo,6.9
5295377,Ryan Brass,QB,Navy,6.9
5214446,Brody Lennon,TE,Ohio State,6.9
5291713,Trace Johnson,QB,Tulane,6.9
5394557,Ja'Varien Salter,RB,Old Dominion,6.9
5292031,Xavier Butler,RB,Georgia State,6.9
5388942,Henry Nelson,QB,North Dakota State,6.8
5214646,Luke Fahey,QB,Ohio State,6.8
5086018,Bryce Wilcox,WR,Michigan,6.8
5221233,Jahsiear Rogers,WR,Oklahoma,6.8
5085698,Duke Frye,TE,New Mexico State,6.8
5394597,Maddox McCrory,QB,Southern Miss,6.8
5394566,Jay Porter,WR,Washington State,6.8
5222227,DeBraun Hampton,WR,Baylor,6.8
5277008,Xavier Okwufulueze,WR,Oklahoma,6.8
5142597,Thomas Meyer,TE,Iowa,6.8
5209431,Jett Walker,RB,Texas,6.8
5295537,Ryan Fitzgerald,QB,Iowa,6.8
5141549,David McComb,QB,Miami (OH),6.8
5382529,Deuce Lawrence,RB,Wake Forest,6.8
5280784,Cooper Crosby,RB,Mississippi State,6.8
5295722,Michael Johnson Jr.,WR,Baylor,6.8
5160176,Will Taylor,WR,Georgia,6.8
5160173,Walter Blanchard,WR,Georgia,6.8
5148598,Dash Beierly,QB,Washington,6.8
5388800,Janerious Jackson,RB,Nevada,6.8
5149008,Gavin Hoffman,TE,Missouri,6.8
5294233,Tyreek Copper,WR,NC State,6.8
5394569,Jevon Walker,WR,Washington State,6.8
5274330,Jeremiah Bushnell,WR,Houston,6.7
5223147,Simon Kibbee,TE,Air Force,6.7
5306635,Keenan Jackson Jr.,RB,North Texas,6.7
5394579,Caleb Northcroft,WR,Washington State,6.7
5295870,JT Tang,TE,Troy,6.7
5327679,Celley Davis,RB,Kennesaw State,6.7
5223152,Mitchell Blakeslee,TE,Air Force,6.7
5214940,Jourdin Houston,WR,Rutgers,6.7
4920188,Vance Bolyard,TE,Tulane,6.7
5384717,AJ Williams III,WR,New Mexico State,6.7
5151350,Kamaehu Kopa-Kaawalauole,TE,San José State,6.7
5222157,Erick Smith,WR,Auburn,6.7
5218869,Sitani Mikaele,RB,Hawai'i,6.7
5081567,Blake Van Buren,TE,Northwestern,6.7
5209387,Derek Zammit,QB,Washington,6.7
5219690,Cam Jennings,QB,UAB,6.6
5302489,Ben McCreary,RB,Oklahoma,6.6
5244731,Roman Voss,TE,Minnesota,6.6
5290572,Prince Jean,WR,Kentucky,6.6
5219007,Ryan Henley,RB,Wake Forest,6.6
5125750,Jediyah Willoughby,WR,UConn,6.6
5121697,Jaylon Calhoun,RB,App State,6.6
5369939,Max Lawrence,QB,Maryland,6.6
5215173,Johnny Williams,WR,East Carolina,6.6
5295007,Brody Fortunati,QB,Air Force,6.6
5169215,Maurice Veney,TE,Vanderbilt,6.6
5148777,Titan Lacaden,RB,Hawai'i,6.6
5164307,Sebastian Circo,QB,UNLV,6.5
5296598,KJ Cherry,WR,New Mexico,6.5
5310308,Loic Tshibangu,RB,Texas Tech,6.5
5161647,Darius Taylor,RB,Virginia Tech,6.5
5296402,Chase Grosfeld,WR,Louisiana Tech,6.5
5215245,Chase Collier,WR,Baylor,6.5
5216547,Synkwan Smith,RB,Pittsburgh,6.5
5295344,Devon Martin,TE,SMU,6.5
5280795,G'Ivori Graham,RB,TCU,6.5
5296386,Dylone Brooks,RB,Louisiana Tech,6.5
5217151,Jaeden Ricketts,WR,Ohio State,6.5
5212648,Mason Holtzclaw,QB,Sam Houston,6.4
5220042,Nick Leonard,TE,Buffalo,6.4
5394647,Cole Ramseur,TE,UTSA,6.4
5173598,Jaden Edgecombe,WR,Florida,6.4
5295912,Dillon Rowley,WR,Southern Miss,6.4
5081092,Mikey Pauley,TE,Kansas,6.4
5166911,Connor Hodge,WR,East Carolina,6.4
5159172,Ja'Michael Jones,RB,Ole Miss,6.4
5290182,Luca Wolf,TE,Tennessee,6.4
5153869,Dan Parisi,WR,Delaware,6.4
5269403,Tommy Carr,QB,Michigan,6.4
5222214,Trae Stevenson,WR,South Alabama,6.4
5231021,Tyler Hampton,TE,Wyoming,6.4
5092960,Cole Rhoden,WR,Colorado State,6.4
5204860,Trishstin Glass,WR,Coastal Carolina,6.4
5258999,JJ Garner,RB,Louisiana,6.4
5220230,Bret Vincent,WR,UL Monroe,6.4
5215625,Tayte Crable,TE,South Florida,6.4
5164359,Ashton Jones,WR,Baylor,6.3
5294148,Sam Earle,WR,Clemson,6.3
5224771,Austin Troyer,QB,Delaware,6.3
5219011,EJ Reid,WR,UAB,6.3
5146995,Devyn Zahursky,TE,Cincinnati,6.3
5211208,Brian Kortovich,TE,Penn State,6.3
5217177,Taimane Purcell,TE,California,6.3
5391551,Jaylen Jordon,TE,Florida,6.3
5220388,Ashton Jones,RB,Middle Tennessee,6.3
5087164,Nate Forystek,TE,South Alabama,6.3
5097169,Matthew Lusardi,TE,Wake Forest,6.3
5216506,DJ Asiasi,TE,Nevada,6.3
5304422,Avery Wieting,WR,Clemson,6.3
5125157,Owen Carter,WR,Rice,6.3
5296080,Chance Nixon,RB,UCF,6.3
5222271,Kaleb Schlecht,WR,Michigan,6.2
4921318,Spencer Shannon,TE,Texas,6.2
5296209,Mason Schubert,QB,Arkansas State,6.2
5150467,Teddy Williams,WR,UConn,6.2
5294027,Will Myers,QB,Auburn,6.2
5293706,Jaden Pydyn,WR,Army,6.2
5293684,Bryson Luter,QB,Army,6.2
5215106,Cameran Dickson,WR,Vanderbilt,6.2
5294143,Cade Trotter,QB,Arkansas,6.2
5216837,Rich Belin,QB,Syracuse,6.2
5160163,Ethan Black,WR,Penn State,6.2
5394595,Jaylen Himes,WR,Southern Miss,6.2
5222710,Landon Walker,WR,Navy,6.2
5221573,Dai'shaun Thomas,WR,Arkansas,6.2
5141403,Kaegan Chambers,WR,Temple,6.2
5276673,Mason Bonner,TE,Michigan,6.2
5152436,Ben Pupplo,WR,Arkansas,6.2
5219711,Seth Gale,WR,Tulane,6.1
4923049,Bo Burklow,TE,Liberty,6.1
5394436,Kordell Gouldsby,WR,Western Michigan,6.1
5226570,Ryan Zimmerman,QB,Louisville,6.1
5198286,Michael Clayton II,QB,Illinois,6.1
5221235,Kenedy Uzoma,WR,Temple,6.1
5276589,Femi Babalola,QB,Boston College,6.1
5141631,Kelden Ryan,QB,Virginia Tech,6.1
5164353,Sah'nye Degraffenreidt,WR,Rutgers,6.1
5159947,Riply Luna,WR,Miami,6.1
5384797,Brett Holloway,QB,Sam Houston,6.1
5200377,Ke'Rynn Smith,RB,Louisiana,6.1
5221102,Sam Altmann,QB,Louisiana,6.1
5390284,Thatcher Miller,TE,James Madison,6.1
5395324,Jordan Morris,TE,South Alabama,6.1
5219710,Walker Davis,WR,Tulane,6.1
5223093,Jeremiah Ware,WR,Georgia Southern,6.1
5310446,Leonardo Valle,RB,Colorado,6.1
5215545,Bryson Kimbrough,QB,UL Monroe,6.1
5221234,Jarin Mock,QB,Bowling Green,6.0
5265441,Andrew Alford,QB,Tulsa,6.0
5385750,DJ Young,WR,Ball State,6.0
4685484,Jack Nickel,TE,Miami,6.0
5291815,Courshawn Hill,RB,San José State,6.0
5162689,Eli Hohlt,WR,Ball State,6.0
5207661,Romel Stevens,WR,Arkansas State,6.0
4911541,Carson Gulker,TE,Michigan State,6.0
5394410,Riley Palmeter,TE,Ohio,6.0
5386514,Marcus Sung,WR,USC,6.0
5302756,Jake Randle,RB,Tulane,6.0
5301026,Tye Nickens,WR,Sacramento State,6.0
5141472,Hype Grand,QB,Ohio,6.0
5369924,Cory Henderson Jr.,WR,Arkansas,6.0
5276641,Julius Miles,TE,Louisville,6.0
5245125,Israel Briggs,TE,Miami,5.9
5220471,Andre Gilbert Jr.,WR,Navy,5.9
5220478,Prosper Akanna,WR,Navy,5.9
5150432,Dylan Davis,WR,Ole Miss,5.9
5252200,Qumonte Williams Jr.,WR,Boise State,5.9
5295382,Michael Dove,QB,Navy,5.9
5294300,Cade Scott,QB,Tulane,5.9
5307118,Bre'Lan Mareus,RB,Georgia Southern,5.9
5160495,Tayden-Evan Kaawa,QB,Alabama,5.9
5281455,Jonathan Brown,RB,Michigan,5.9
5283062,Brooklyn Nace,QB,Old Dominion,5.9
5291806,Ty Cummings,RB,Georgia Southern,5.8
5378091,Parker Thompson,QB,NC State,5.8
5158372,Gavin Noe,TE,Navy,5.8
5384718,Kalani McLeod,QB,New Mexico State,5.8
5277007,La'Keyleon Graves,WR,Texas State,5.8
5218656,Jake Balis,RB,Vanderbilt,5.8
5236366,Phillip Folmar,WR,Buffalo,5.8
5232555,Aaron Williams,QB,Florida,5.8
5271174,Decorie Johnson,RB,Eastern Michigan,5.8
5230924,Michael Parrish,WR,Miami (OH),5.8
5156088,Noah Flaskamp,WR,Missouri,5.8
5296588,Gabriel Motschenbacher,QB,New Mexico,5.8
5219113,AJ Maes,WR,Boise State,5.8
5141538,Ladainnian Martin,RB,Georgia State,5.8
5211117,Bjorn Jurgensen,QB,Hawai'i,5.8
5217201,Amari Isaac,WR,Florida International,5.8
5295437,Alvin Jones III,WR,Buffalo,5.8
5388802,Don Henry,WR,Nevada,5.8
5215624,Jayden Barr,RB,Georgia Tech,5.7
5161851,Caleb Tafua,TE,Texas A&M,5.7
5226083,Jason Dickerson,WR,East Carolina,5.7
5382841,LT Robinson,WR,UL Monroe,5.7
5394607,Nehemiah Taylor,WR,Southern Miss,5.7
5209133,Oscar Rios,QB,Arizona,5.7
5218671,Paxton Land,QB,Texas A&M,5.7
5327659,Trae'shawn Brown,RB,Alabama,5.7
5296042,Malik Muhammad,WR,UAB,5.7
5220480,Andersen Cardoza,WR,Navy,5.7
5218581,Colter Ginn,QB,Georgia,5.7
5296086,Chris Gacayan II,TE,Tulsa,5.7
5301027,Hayden Anderson,WR,Sacramento State,5.7
5293914,Mason Scott,WR,East Carolina,5.7
5150420,Henry Garrity,TE,Notre Dame,5.7
5150562,Charlie Johnson,TE,Clemson,5.7
5289653,Jayden Fox,RB,UCLA,5.7
5262779,Grant McAtee,TE,Tulsa,5.7
5209381,Matt Ludwig,TE,Texas Tech,5.6
5294260,Junior Coughlin,WR,Utah,5.6
5215396,Andrew Leslie,WR,Troy,5.6
5165803,Corey Scott,WR,James Madison,5.6
5382285,Jeremyah Lane,WR,Boise State,5.6
5091845,Zeke Wimbush,TE,Liberty,5.6
5081640,Scott Isacks,TE,UAB,5.6
5108222,Steven Gorski,TE,UL Monroe,5.6
5295436,Dwayne Early Jr.,WR,Buffalo,5.6
5211073,Mike Mitchell Jr.,QB,Stanford,5.6
5211192,Lebron Hill,WR,Vanderbilt,5.6
5294291,Jay Beamon,QB,Tulane,5.6
5382524,Andrew Chavez,RB,Fresno State,5.6
5369964,Kendall Tambling,QB,Kentucky,5.6
5151104,Trey Brown,WR,Oklahoma,5.6
5291186,Brandon Walton,WR,North Dakota State,5.6
5294100,John Forster,RB,Illinois,5.6
5159058,Dequane Prevo,WR,Arkansas,5.6
5258360,Jah'Marren Jackson,WR,Troy,5.6
5219881,Darius Morant,RB,West Virginia,5.6
5126533,Jack Ressler,WR,Oregon,5.6
5203609,Cedric Wyche II,RB,Illinois,5.6
5334231,Adarion Nettles,RB,North Texas,5.5
5081157,Gage Reale,TE,East Carolina,5.5
5295314,Velltray Jefferson,TE,UNLV,5.5
5390044,Tyrese Woodgett,RB,Georgia Southern,5.5
5159805,Peyton Rice,WR,Utah,5.5
5151005,Jakson Judge,TE,Tulane,5.5
5203604,Javari Barnett,RB,Illinois,5.5
5307119,Foster Orris,RB,Georgia Southern,5.5
5296614,Trace Hernandez,WR,San José State,5.5
5265173,Crew Davis,RB,North Carolina,5.5
5386509,Will Doherty,QB,USC,5.5
5382863,Jase Hoath,TE,UL Monroe,5.5
5150775,Bryce Chambers,TE,Texas,5.5
5211750,Stratton Fuller,WR,Army,5.5
5222975,Anthony Quinn Jr.,RB,Marshall,5.5
5172097,Jayden Ford,RB,Florida International,5.5
5295016,Harry Caskey,TE,Air Force,5.5
5387668,JT Beasley,WR,Eastern Michigan,5.5
5310922,Jack Stevens,RB,Virginia,5.4
5213355,Jett Niu,QB,Oklahoma,5.4
4900578,Luke Seib,TE,Louisiana Tech,5.4
5306772,Kai Powell,WR,Texas Tech,5.4
5212633,Gavin Owens,QB,Memphis,5.4
5323986,Isaac Thomas,WR,Air Force,5.4
5388358,Caleb Cappuccio,WR,Air Force,5.4
5309672,Sylas Maiava-Alaimalo,WR,Air Force,5.4
5307120,Brandon Paul,WR,Georgia Southern,5.4
5229096,Jake White,WR,Auburn,5.4
5160081,Mason Brown,TE,East Carolina,5.4
5078274,Lonnie Johnson,TE,Old Dominion,5.4
5141588,Eli Owens,TE,Michigan,5.4
5150896,Hayden Rollison,TE,Virginia,5.4
5197074,Ja'Corian Norris,WR,Louisiana,5.4
5079684,James Resar,TE,Florida International,5.4
5211697,Sherone White Jr.,WR,Marshall,5.4
5255696,Tayveon Wilson,TE,Clemson,5.4
5209960,Lekhy Thompkins,RB,Louisville,5.4
5151831,Justin Haggerty,WR,Marshall,5.4
5158450,Zach Grace,TE,LSU,5.4
5141664,Stone Saunders,QB,San Diego State,5.4
5158944,Elias Coke,WR,Rutgers,5.4
5225246,Cooper Mollison,WR,Alabama,5.3
5222674,Ryan Boultwood,TE,San José State,5.3
5151106,Eli Merck,WR,Oklahoma,5.3
5382827,Maurice Winston,RB,Jacksonville State,5.3
5151071,Isreal Moses V,WR,Kansas,5.3
5291709,Trey Burke,QB,East Carolina,5.3
5258803,Chase Herbstreit,QB,Michigan,5.3
5221285,Jacobe Hayes,WR,TCU,5.3
5221414,Trent Osborn,WR,Rutgers,5.3
5258292,DeDe Murray,RB,Texas A&M,5.3
5236380,Irving Brown,RB,Ohio,5.3
5243671,Brock Coffman,WR,Kentucky,5.3
5179076,Miles Cremascoli,WR,Ohio,5.3
5273264,Justin Compere,RB,Florida International,5.3
5382828,Landon Watkins,RB,Jacksonville State,5.3
5207889,Andre Feast,WR,Arkansas State,5.3
5134272,Keaton Roskop,TE,Iowa State,5.2
5269148,Juntavious Harris,RB,Texas State,5.2
5156893,Jordan Martin,WR,Texas State,5.2
5382992,Rayshun Hurt,RB,Louisiana Tech,5.2
5388367,Major Quin,WR,Air Force,5.2
5271114,Jerod Terry Jr.,RB,New Mexico,5.2
5291131,Ameir Morrow,RB,Temple,5.2
5388359,Keegan Sack,WR,Air Force,5.2
5280838,Drew Bellisari,QB,Miami (OH),5.2
5388362,Harris Vinson,WR,Air Force,5.2
5219165,DJ Mazzone,QB,North Carolina,5.2
5388390,Noah McNair,WR,Air Force,5.2
5390014,Braesen Leon,QB,UTEP,5.2
5161909,Corey Rashad,RB,Illinois,5.2
4870964,Will Randle,TE,Texas,5.2
5194328,AJ Watkins,WR,Jacksonville State,5.2
5217701,Jackson Shockley,TE,Tulsa,5.2
5293701,Demani Stewart,RB,Army,5.2
5223789,Nik Henry,WR,UTEP,5.2
5193299,Jarvis Heimuli,WR,Hawai'i,5.2
5228764,Riley Neer,WR,Ohio,5.2
5290496,R.J. Blount,RB,Temple,5.2
5161802,Kane Archer,QB,Utah,5.1
5125780,Brady Hultman,RB,Missouri,5.1
5218743,Carson Perry-Smith,WR,California,5.1
5219194,Aaron Davis,RB,Houston,5.1
5327553,Cam Wood,RB,Liberty,5.1
5075851,Sam Peters,TE,Minnesota,5.1
5296015,Zander Quinn,RB,Oregon,5.1
5162721,D'Antae Sheffey,RB,Penn State,5.1
5144288,Ben Grice,WR,Rice,5.1
5220444,Terrence Guillory II,WR,Sam Houston,5.1
5145523,Jae Beasley II,TE,UNLV,5.1
5090099,Maurice Smith Jr.,TE,Illinois,5.1
5369907,Tyler Henderson,WR,Alabama,5.1
5372128,Matt Mayfield,WR,Mississippi State,5.1
5211206,Lincoln Watkins,TE,Kentucky,5.1
5215246,Jeffrey Hairston Jr.,RB,Liberty,5.1
5297928,Drake Schlosser,WR,North Dakota State,5.1
4916838,Tyler Jansey,TE,Wisconsin,5.1
5151232,Patrick Keller,TE,Temple,5.1
5164340,Jordin Thomas,RB,San Diego State,5.0
5218720,Isaiah Stone,WR,Georgia State,5.0
5382937,Andrew Ryman,WR,Liberty,5.0
5163847,Max Friedman,TE,San José State,5.0
5301221,Xavier Newsom,TE,Auburn,5.0
5257269,Omar Mims Jr.,WR,Toledo,5.0
5158148,Quad Harrison,TE,UL Monroe,5.0
5226887,Carter Holsworth,RB,Purdue,5.0
5122077,Charlie Williams,TE,Colorado,5.0
5293573,Aeryn Hampton,WR,Oregon State,5.0
5218882,Josiah Fetui,WR,Hawai'i,5.0
5089450,Peyton Fox,TE,Alabama,5.0
5290559,Jayson Franklin,RB,South Florida,5.0
5280802,Gabriel Wilson,RB,Iowa State,5.0
5217444,Jershaun Newton,QB,Illinois,5.0
5388956,Colten Gunderson,TE,North Dakota State,5.0
5297942,Isaac Ellison,TE,North Dakota State,5.0
5220259,Clayton Shepler,WR,Liberty,5.0
5279966,Luke Brewer,TE,Iowa,5.0
5289797,Darnell Collins,WR,Georgia Tech,4.9
5258487,Cole Pryor,RB,Texas State,4.9
5207923,Dionne Sims,RB,Rice,4.9
5211862,Matt Henderson,TE,Virginia Tech,4.9
5276063,Pierce Petersohn,TE,Virginia Tech,4.9
5293671,Jeremiah Beck Jr.,TE,Southern Miss,4.9
5082663,Brady Kopetz,TE,Colorado,4.9
5293738,Charlie Daly,WR,Army,4.9
5218956,Emerson Smith,WR,Maryland,4.9
5388916,Tavaris Coles,WR,Northern Illinois,4.9
5157026,Abraham Myers,TE,North Dakota State,4.9
5207798,Max Gerlich,QB,UTSA,4.9
4702903,Daniel Owens,TE,Maryland,4.9
5291002,TJ Fo'ilefutu,RB,Hawai'i,4.9
5293704,Harrison Orr,QB,Army,4.9
5150442,Davis Ambuehl,TE,Sacramento State,4.8
5214648,Jayreon Campbell,RB,Indiana,4.8
5388922,Kevin Holmes Jr.,WR,Northern Illinois,4.8
5289837,Davis McCray,WR,Kentucky,4.8
5382856,Bryson Roland,RB,UL Monroe,4.8
5382993,Demarcus Belton,RB,Louisiana Tech,4.8
5078277,Joshua Goines,TE,New Mexico State,4.8
5193309,Tyler Nystrom,WR,Wyoming,4.8
5290563,Will Rajecki,RB,Tennessee,4.8
5379844,Bryson Wood,TE,Coastal Carolina,4.8
5297036,Nate Edwards,WR,Syracuse,4.8
5219902,Jackson Ranucci,WR,Rice,4.8
5219899,Larry DeBose IV,WR,Rice,4.8
5295585,Dylan Herman,WR,Florida International,4.8
5220803,Izeyah Wright,WR,New Mexico State,4.8
5231028,Amari Powell,WR,Georgia State,4.8
5281489,Robert Lathon Jr.,RB,Middle Tennessee,4.8
5244732,Ziondre Williams,QB,North Texas,4.8
5188034,Jack-Henry Jakobik,WR,Tennessee,4.8
5198312,Jaylin Brown,RB,Pittsburgh,4.8
5221139,Shawn Foster II,WR,Central Michigan,4.8
5301046,Dontae Robinson,WR,Central Michigan,4.8
5031158,Andrew Metzger,TE,Ohio,4.8
5388943,Kye Schlichting,WR,North Dakota State,4.8
5150697,AJ Petersen,TE,Iowa State,4.8
5388941,Myles Ellis,WR,North Dakota State,4.8
5293692,BJ Alleyne,WR,Army,4.8
5150693,Vince Benetti,TE,Iowa State,4.7
5297958,SJ Green,WR,North Dakota State,4.7
5216706,TJ Stanley,QB,Georgia State,4.7
5150338,Brian Dyer,TE,Army,4.7
5161913,Jayzon Thompson,RB,Cincinnati,4.7
5157316,Paul Davis,WR,Akron,4.7
5149269,Cooper Stevens,TE,Sam Houston,4.7
5155720,Victor Aderungboye,TE,North Texas,4.7
5219159,Justice Spann,WR,Memphis,4.7
5154308,Adam Howanitz,TE,Pittsburgh,4.7
5161007,Jackson Taylor,QB,Boise State,4.7
5226553,Santonio Jones,WR,Jacksonville State,4.7
5394567,Ryan McKendry,WR,Washington State,4.7
5294261,Drew Cowart,QB,Vanderbilt,4.7
5290561,Noah Lee,QB,Jacksonville State,4.7
5379836,Luke McBride,QB,Coastal Carolina,4.7
5384681,Derrick Salley Jr.,WR,Kansas State,4.7
5384819,Kedrick Triplett,WR,West Virginia,4.7
5290699,Nazir Jones-Davis,RB,Eastern Michigan,4.7
5229929,Diezel Kamoku,WR,Hawai'i,4.7
5220008,Addison Carlson,WR,NC State,4.7
5222688,Michael Landolfi,WR,Boston College,4.6
5381525,JJ Miller,QB,Cincinnati,4.6
5151954,Zahn Coakley,WR,UTSA,4.6
5278133,Brett Ottensmeyer,QB,Missouri State,4.6
5158941,X'Zavier Barnett,WR,SMU,4.6
5295851,Justin Lewis,RB,Massachusetts,4.6
5289321,Shavane Anderson Jr.,RB,Syracuse,4.6
5293707,Adam Buffington,WR,Army,4.6
5293729,Kofi Eduful,WR,Army,4.6
5297959,Dylan Vokal,WR,North Dakota State,4.6
5296125,David Potter,QB,TCU,4.6
5220544,Joaquin Sandoval,WR,Wyoming,4.6
5293730,Brian Ray III,WR,Army,4.6
5215696,Bryce Button,QB,Eastern Michigan,4.6
5141369,Markeylin Batton,RB,Arkansas,4.6
5222687,Zach Schnorrbusch,WR,Boston College,4.6
5388312,Dylan Armentrout,RB,Kent State,4.6
5332125,Tanner Vibabul,QB,James Madison,4.6
5302802,Daveon Singleton,RB,UTEP,4.6
5231051,Nathan Hartman,TE,Old Dominion,4.6
5220542,Dontae Burch,RB,Wyoming,4.6
5382523,Tyler Becker,WR,Fresno State,4.6
5383805,Stone Walker,QB,Texas State,4.6
5219571,Joe Pitchford,RB,TCU,4.6
5146760,Ridge Barker,TE,Texas,4.6
5121615,Jake Simpson,TE,Texas State,4.6
5265455,Kayden Miller,WR,Kennesaw State,4.6
5160471,Quinn Murphy,QB,Baylor,4.6
4921109,Jackson Carver,TE,Miami,4.6
5290200,Javonte Williams,TE,Maryland,4.6
5293735,Jakiel Kendricks,WR,Army,4.6
5291634,Phoenix Donghia,RB,James Madison,4.5
5296093,Bryson Rouillier,WR,Jacksonville State,4.5
5378095,Jason Schutt,WR,NC State,4.5
5141392,D'Aryhian Clemons,RB,Washington,4.5
5199860,Marcus Romain,RB,Northwestern,4.5
5384739,Justin Powell,RB,Rice,4.5
5229556,Cameron Cornthwaite,WR,NC State,4.5
5215030,Zion Gist,RB,Michigan State,4.5
5272781,Jayvian Tanelus,RB,Duke,4.5
5218795,Paxon Kettering,WR,Duke,4.5
5159950,Kolby Luna,WR,Miami,4.5
5158959,Tron Baker,WR,USC,4.5
5296100,Nabi Hoyt,WR,Jacksonville State,4.5
5220344,Brayden Curry,WR,Louisiana Tech,4.4
5210055,Brooklen Davis,RB,Middle Tennessee,4.4
5389036,Holt Teichman,QB,Tulane,4.4
5145460,Jack Sammarco,TE,Alabama,4.4
5214939,Triston White,RB,Northern Illinois,4.4
5274323,Mariyon Sloan,RB,Boise State,4.4
5374984,Coi Jean-Noel,WR,Georgia Tech,4.4
5189015,Kaleb Mitchell,WR,Sam Houston,4.4
5369965,Cash Harney,WR,Kentucky,4.4
5387661,Adon Turner,TE,Eastern Michigan,4.4
5296597,JT Jeter,WR,New Mexico,4.4
5209180,Derek Garcia,QB,UNLV,4.4
5222557,Jack Moran,QB,Jacksonville State,4.4
5295543,Jackson Naeve,WR,Iowa,4.4
5296325,Oliver Redd,RB,Delaware,4.4
5215428,Nate Lyman,WR,Eastern Michigan,4.4
4869316,Oakie Salave'a,TE,Hawai'i,4.4
5161841,Alex Medyn,QB,USC,4.4
5317966,Tylik Mitchell,WR,Temple,4.4
5218790,Cole Denson,RB,Duke,4.4
5291180,Jaidaun Cranford,RB,Northern Illinois,4.3
5222758,Cam Russell,WR,Northwestern,4.3
5388849,Mikey Beck,WR,New Mexico,4.3
5388946,Joaquin Jordan,WR,North Dakota State,4.3
5269110,Rhys Brush,QB,Auburn,4.3
5296304,Tristin Blackmon,RB,Bowling Green,4.3
5325955,Brand Morgan,WR,Virginia,4.3
5216549,Cal Faulkner,WR,Georgia Tech,4.3
5295726,Brody Day,WR,Baylor,4.3
5211741,Trav Moore,RB,Central Michigan,4.3
5146754,Jacob Simpson,TE,Minnesota,4.3
5228044,Amah Agwu,WR,Pittsburgh,4.3
5383059,Jadin Hambrick,TE,Middle Tennessee,4.3
5306637,Zachary Yang,WR,North Texas,4.3
5230792,Jackson Holt,TE,Eastern Michigan,4.3
5193220,Nate Green,TE,UL Monroe,4.3
5230293,Kam Bell,TE,Jacksonville State,4.3
5224769,Daniel McConomy,RB,Delaware,4.3
5209922,Kentrell Davis,WR,Georgia Tech,4.3
5220787,Ethan Wood,TE,BYU,4.3
5210049,Chancellor Sparks,RB,Miami (OH),4.3
5142594,Madden Iamaleava,QB,UCLA,4.3
5161726,Hunter Teichman,WR,Houston,4.3
5216843,Connor Gooding,TE,Southern Miss,4.2
5271370,Arthur Lewis IV,RB,UCF,4.2
5221277,Langdon Nordgaard,WR,Wisconsin,4.2
5369892,Dane Eisenmenger,QB,Illinois,4.2
5296228,Jeffrey Strozier Jr.,WR,Houston,4.2
5331727,Javen Hall,RB,Oklahoma State,4.2
5289537,Xavier Rucker,RB,New Mexico State,4.2
5296722,Whitaker Williams,WR,Texas A&M,4.2
5302869,TK Davis,RB,Massachusetts,4.2
5289260,Xavier Stearn,QB,Rutgers,4.2
5394633,Cael Meisman,WR,UTSA,4.2
5280595,Kyden Barker,QB,Tulsa,4.2
5296106,Dominic Ingrassia,QB,California,4.2
5207801,Mason Peterson,TE,TCU,4.2
5302259,Draiden Trudeau,QB,San Diego State,4.1
5196644,Stephen Collier,TE,East Carolina,4.1
5220746,Russell Weir,WR,UCLA,4.1
5217180,Izayah Lee,RB,Vanderbilt,4.1
5159815,Coleson Arends,TE,Western Kentucky,4.1
5327501,Char'Rese Breveard,RB,Ball State,4.1
5294111,Harrison Bortolotti,RB,Wisconsin,4.1
5224773,Luke Brown,WR,Delaware,4.1
5151137,Aiden Miller,TE,Western Kentucky,4.1
5220385,Christopher Kaup,WR,Middle Tennessee,4.1
5219723,DJ Cicero,TE,Tulane,4.1
5239928,Kelvin Jimenez,RB,Florida,4.1
5209348,Walker Bryson,WR,Wake Forest,4.1
5211476,Jacob Bell,QB,Indiana,4.1
5310072,Jackson Farley,RB,Kent State,4.1
5158407,Sawyer Anderson,QB,Arizona,4.1
5219243,Owen van Loben Sels,WR,Stanford,4.1
5157312,Johnny Brookhart,QB,Akron,4.1
5388437,Ike Steward,RB,Miami (OH),4.1
5150543,Tyler Mustain,TE,Arizona,4.1
5265175,Bronwyn Rios,RB,Nevada,4.1
5176079,Dylan McCoy,RB,NC State,4.1
5207921,Tanner West,RB,Kansas State,4.1
5294297,Gabe Mocek,RB,Tulane,4.1
5219487,Micah Johnson,RB,Kansas,4.1
5228045,Jake Sassic,WR,Pittsburgh,4.1
5147068,Enoch Watson,QB,BYU,4.1
5295385,Braeden George,RB,Navy,4.1
5221316,Jalen Saint Paul,WR,UCLA,4.1
5193285,Joe Stein,TE,Northern Illinois,4.1
5293915,Kaleb Morrow,TE,East Carolina,4.0
5209337,DeShawn Spencer,WR,Auburn,4.0
5150711,Brennen Schramm,WR,Ohio State,4.0
5389943,Skylar Vann,RB,UNLV,4.0
5209418,Bo Polston,QB,UConn,4.0
5295391,Christian Cromer,RB,Navy,4.0
5228138,Carter Braugh,TE,Texas A&M,4.0
5159000,Will Griffin,QB,Florida,4.0
5086697,Gavin Wyatt,WR,Missouri,4.0
5391236,Kari Ashley,TE,TCU,4.0
5385754,Marceles Carey,RB,Bowling Green,4.0
5327017,Amar'e Johnson,RB,Missouri State,4.0
5291741,Noah Moss,RB,NC State,4.0
5218912,Blake Ragsdale,TE,Georgia Tech,4.0
5150709,Nolan Baudo,WR,Ohio State,4.0
5219043,Justin Kattus,TE,Kentucky,4.0
5332898,Mekai Smith,RB,Nevada,4.0
5234259,Hudson Powell,WR,Texas,4.0
5394568,Gavin Gray,QB,Washington State,4.0
5218677,Luke Braden,TE,Texas A&M,4.0
5259827,Maddox Lynch,TE,South Alabama,4.0
5387640,Kobe Hendricks,RB,Central Michigan,4.0
5221278,Mason Lane,RB,Wisconsin,4.0
5327568,Bodey Weaver,QB,UTEP,3.9
5326123,Jamal Polite Jr.,WR,Iowa State,3.9
5391324,Jett Taylor,QB,Navy,3.9
5161004,Brody Keefe,WR,Duke,3.9
5395313,Cam McFarlin,TE,South Alabama,3.9
5220629,David Titone-Perez,WR,UNLV,3.9
5159001,Xavier McDonald,WR,James Madison,3.9
5151465,Micah Kaonohi-Kaihenui,TE,Hawai'i,3.9
5289291,Taylor Hasselbeck,QB,Wyoming,3.9
5297057,Cade Baker,WR,Utah State,3.9
5221041,Seth Zamora,WR,USC,3.9
5194615,Brody Benke,TE,Middle Tennessee,3.9
5281452,Anthony Coellner,QB,Boston College,3.9
5203612,Antwaun Parham,WR,Tulane,3.9
5296428,Zaidyn Moore,WR,Middle Tennessee,3.9
5225456,Javery Mayberry,TE,Southern Miss,3.9
5270869,Brian Williams Jr.,WR,Auburn,3.9
5296342,Ashton Navarrete,WR,Delaware,3.9
5219145,Jordan McCord III,WR,Arizona,3.9
5265584,Andrew Jones,WR,Arkansas State,3.9
5208403,Jamien Little,WR,Duke,3.9
5290954,Malcolm Watkins,WR,Iowa State,3.9
5211691,Preston Bowman,WR,Ohio,3.9
5215135,Braylon Collier,WR,Michigan State,3.8
5214647,Zach Washington,WR,Michigan State,3.8
5218736,Emazon Littlejohn,WR,Western Michigan,3.8
5276633,Max Warner,RB,Missouri,3.8
5383072,Michael Osei-Bonsu,TE,Missouri State,3.8
5308270,DJ Singleton Jr.,WR,Nebraska,3.8
5227016,Hayes Miller,WR,Nebraska,3.8
5294516,Jerry Horne,QB,South Alabama,3.8
5388991,Aaron Cox Jr.,RB,San José State,3.8
5221392,Carson Hinshaw,WR,UCF,3.8
5236367,Michael Gelatko,TE,Buffalo,3.8
5224470,Braydon Alford,WR,Michigan,3.8
5269391,Michael Dukes III,RB,Rutgers,3.8
5219065,Connor Schutt,WR,Nebraska,3.8
5333436,Preston Hatfield,RB,Missouri,3.8
5198251,JoJo Troupe,RB,North Carolina,3.8
5201882,Blake Thiry,TE,Indiana,3.8
5385761,Reddik Pillarelli,WR,Bowling Green,3.8
5385760,Pierce St. Geme,WR,Bowling Green,3.8
5200187,Brock Bradley,QB,Clemson,3.8
5209951,Seth Elchert,WR,Toledo,3.8
5296079,Andrea Parisi,WR,UCF,3.8
5296441,AJ Bell Jr.,WR,Missouri State,3.8
5226578,Eli Adams,WR,Wisconsin,3.8
5219039,John Buetow,RB,Virginia Tech,3.8
5219471,Noah Prior,TE,Army,3.8
5219567,Fletcher Fierro,WR,TCU,3.8
5294267,Mateaki Helu,RB,Utah,3.7
5141570,Sione Motuapuaka,TE,Utah,3.7
5306440,Evan Medders,QB,Air Force,3.7
5390345,Riley Reed,WR,Army,3.7
5276659,Devyon Hill-Lomax,WR,Missouri,3.7
5381528,Pierce Ayers,WR,Cincinnati,3.7
5148827,Kaleb Thomas,TE,Houston,3.7
5158943,Brandon Bennett,WR,Florida State,3.7
5228041,Carson Kolb,TE,Oklahoma State,3.7
5148818,Clemens Richter,TE,UConn,3.7
5219997,Kana'i Lopes,TE,Utah,3.7
5296865,Daniel Rose,WR,UConn,3.7
5214441,Drew Clemens,TE,North Texas,3.7
5290676,Nelsyn Wheeler,RB,Illinois,3.7
5266885,Nate Agyemang,TE,Georgia Tech,3.7
5290891,Bryshawn Brown,QB,Northern Illinois,3.7
5244729,Jaylen Mason,QB,Kansas,3.7
5327235,Solomon Baggett,RB,Arkansas State,3.7
5228129,Caston Brown,TE,Southern Miss,3.7
5226888,Stanley Jackson Jr.,RB,Ohio State,3.7
5390432,Maika Kurkowski,TE,Florida Atlantic,3.7
5393155,John Sanders,QB,BYU,3.7
5221306,Jake Furtney,TE,Ohio,3.7
5271371,Dylan Wester,WR,Pittsburgh,3.7
5394601,John Ford,RB,Southern Miss,3.7
5291762,Donovan Moorhead,QB,Jacksonville State,3.7
5139854,Trey Jackson,TE,SMU,3.7
5391358,Jacob Williams,RB,Navy,3.7
5209335,Michael Johnson,QB,Utah,3.7
5265478,Luke Gilbert,TE,Jacksonville State,3.7
5296137,DeVaun Jones,WR,Louisville,3.7
5216526,Ben Rothhaar,TE,Rutgers,3.7
5158246,Jace Nixon,TE,Fresno State,3.7
5219646,Will Zundel,TE,BYU,3.7
5209963,Cam O'Hara,QB,Western Kentucky,3.7
5219190,Lyviel Waters,TE,Cincinnati,3.7
5307115,Marcus Galloway,WR,UL Monroe,3.6
5213354,Max Guest,RB,App State,3.6
5148840,Jett Nelson,WR,BYU,3.6
5220155,Nathan Sines,TE,Western Michigan,3.6
5293583,Ben Jackson,WR,Alabama,3.6
5379732,Chavel Williams,RB,Arkansas State,3.6
5150581,Tony Boggs,TE,Duke,3.6
5182121,Jaron Pula,WR,BYU,3.6
5272738,Jaylen White,QB,Charlotte,3.6
5161838,Brodie McWhorter,QB,Mississippi State,3.6
5147734,Cole Snodgrass,TE,Texas State,3.6
5264590,Brown Reaves,TE,Coastal Carolina,3.6
5245511,Terrance Saryon,WR,BYU,3.6
5137739,Eric Ingwerson,TE,Nebraska,3.6
5290544,Brody Norman,QB,Temple,3.6
5327601,Brandon White,RB,Kent State,3.6
5327140,Niko Castillo,RB,Minnesota,3.6
5369946,Zeke Bates,RB,Minnesota,3.6
5381627,Gray Peterson,RB,Virginia Tech,3.6
5276590,Stephen Cannon,QB,Texas Tech,3.6
5278427,Hudson Higgins,RB,UAB,3.6
5220161,JR Hays,RB,Western Michigan,3.6
5221336,Chase Massey,WR,Marshall,3.5
5295373,Santino Sanchez,WR,Navy,3.5
5152196,Gage Brook,TE,Wyoming,3.5
5328787,Luke Tepas,QB,Oklahoma State,3.5
5328488,Luke Dehnicke,TE,Northwestern,3.5
5384798,Shaan Patel,QB,Sam Houston,3.5
5150436,Wyatt Smalley,TE,Ole Miss,3.5
5309670,Cade Spradling,QB,Air Force,3.5
5161012,Carson Clark,WR,San José State,3.5
5295380,Maddax Fayard,WR,Navy,3.5
5158992,DaMari Carter,WR,Virginia,3.5
5223206,Evan Haynes,WR,Georgia Tech,3.5
5295394,Akeem Clark,WR,Navy,3.5
5295379,Landon Dolhancyk,WR,Navy,3.5
5207807,Justin Zames,TE,Virginia,3.5
5384869,Max Ausmus,WR,Utah,3.5
5296963,Jet Tabb,WR,Kennesaw State,3.5
5264498,Angelo Renda,QB,Pittsburgh,3.5
5221596,Alex Godavitarne,TE,UConn,3.5
5299092,Matt Ivaldi,QB,Florida International,3.5
5379830,Kente Edawards,RB,Coastal Carolina,3.5
5295940,Karl Peterson,TE,Old Dominion,3.5
5155870,Will Loerzel,TE,Wake Forest,3.5
5141652,Gus Ritchey,TE,NC State,3.5
5219992,Matt Clark,WR,Utah,3.5
5209961,Dylan Cope,WR,Virginia,3.5
5295374,Jeremiah Chalmers,WR,Navy,3.5
5223800,Jaden Lawrence,RB,Wyoming,3.4
5202460,Gavin Parkhurst,QB,Texas State,3.4
5328582,Anthony McMullen,RB,Ball State,3.4
5182344,Marquez Wimberly,RB,Washington State,3.4
5294315,Gregory Fee,QB,App State,3.4
5388923,Da'sean Howard,RB,Northern Illinois,3.4
5213295,Ben Whitver,WR,Penn State,3.4
5383005,Carter Harris,WR,Louisiana Tech,3.4
5294109,Kalil Townes,RB,Wake Forest,3.4
5310311,Isaiah McGill,RB,Memphis,3.4
5273821,Amarion Jackson,WR,Penn State,3.4
5290447,Le'Kamren Meadows,RB,Western Kentucky,3.4
5229953,Aidan O'Callaghan,TE,Memphis,3.4
5228772,Aiden Lowery,TE,Ohio,3.4
5159044,Nalin Scott,WR,Nebraska,3.4
5203852,Nicsaint Joseph Jr.,WR,Florida Atlantic,3.4
5265450,Jamari Harrold,TE,Kennesaw State,3.4
5155750,CD Gill,WR,UAB,3.4
5296043,Drew Patterson,RB,UAB,3.4
5100751,Cole Reemsnyder,TE,Virginia Tech,3.4
5219261,Cash Hayden,TE,Iowa State,3.4
5219544,Landon Swanson,TE,Central Michigan,3.4
5373941,Ethan Kellum,RB,South Carolina,3.4
5289802,Taylor Jacobs Jr,QB,South Alabama,3.4
5388373,Jack Petrissans,TE,Air Force,3.4
5276640,Jesse Harden,WR,UNLV,3.3
5210060,Terrell Wilfong,WR,Syracuse,3.3
5141448,Kamren Flowers,WR,UConn,3.3
5327591,Ryken Banks,RB,Wyoming,3.3
5304404,Salomon Ealey,WR,Rutgers,3.3
5215504,Johnny O'Brien,QB,Northwestern,3.3
5331543,Bodie Boydstun,TE,Oklahoma State,3.3
5393806,Rashad Robinson,RB,UAB,3.3
5393807,Jayson Moll,RB,UAB,3.3
5219464,James Rothstein,TE,Army,3.3
5160483,Payton Cook,WR,Louisville,3.3
5201871,Antonio Jordan,WR,Arkansas,3.3
5384828,Robert Oliver,WR,West Virginia,3.3
5218583,Wade Penn,RB,Georgia,3.3
5275663,Harrison Faulkner Jr.,QB,Georgia Southern,3.3
5125744,Emiliano Soldevilla,TE,Louisiana,3.3
5388388,Henry Barbisch,TE,Air Force,3.3
5387669,Kozy Isaac,WR,Eastern Michigan,3.3
5230255,Israel Hairston,WR,Virginia Tech,3.3
5220648,Aubrey Heath,TE,Georgia Southern,3.3
5147330,James Giggey,TE,Arizona State,3.3
5159027,Dawson Quarterman,WR,East Carolina,3.3
5302764,DJ Alexander,QB,Florida International,3.3
5162685,Leo Collins,TE,Ball State,3.3
5209395,DJ Bordeaux,QB,UCLA,3.3
5296316,Emmanuel Doku,WR,Delaware,3.3
5296313,Ty Salazer,WR,Delaware,3.3
5219027,Hunter Ousley,TE,Auburn,3.3
5130409,Colton Heinrich,TE,Georgia,3.3
5296341,Calvin Thomas,WR,Delaware,3.3
5394432,Nico Wiedmann,WR,Marshall,3.3
5296451,Amare Whetsell,WR,Missouri State,3.3
5153623,Peter Bario,TE,UCLA,3.2
5265563,Henry Gregory,TE,Georgia Southern,3.2
5296287,Kila Keone,WR,BYU,3.2
5291183,Elijah Otieno,WR,Wake Forest,3.2
5388937,Glen Weber,TE,Northern Illinois,3.2
5327228,Kaden Winkfield,RB,Sam Houston,3.2
5391226,Jayden Maples,QB,TCU,3.2
5327246,Josiah Teasley,WR,Maryland,3.2
5161015,Corbyn Fordham,TE,Florida State,3.2
5164311,Braxton Winston III,WR,Wake Forest,3.2
5291095,Nainoa Lopes,QB,California,3.2
5290553,Brady Palmer,QB,Temple,3.2
5281572,Devin Olmande,WR,San José State,3.2
5221130,Charlie Baker,TE,Michigan State,3.2
5228783,AJ Miller,TE,Ohio,3.2
5327238,Christian Ponti,RB,UL Monroe,3.2
5307116,Israel Leamon,WR,Southern Miss,3.2
5384799,MJ Dowdy,RB,Sam Houston,3.2
5388954,Caden Ward,TE,North Dakota State,3.2
5388951,Cash Danner,TE,North Dakota State,3.2
5393808,JR Mosley,RB,UAB,3.2
5214408,Jase Nix,WR,San José State,3.2
5388742,Hazyn Botelho,QB,Hawai'i,3.2
5388810,Benjamin Wheeler,TE,Nevada,3.2
5211746,Merrick Barlow,TE,Navy,3.2
5213231,Jayden Kitchens,WR,Maryland,3.2
5219293,Henry Omohundro,TE,Virginia,3.2
5279329,Legend Glasker,WR,BYU,3.2
5144956,Ryan Brotherton,TE,Western Michigan,3.2
5295948,Jalyn Abercrombie,WR,Marshall,3.2
5297104,Tangoh Njoh,WR,UTSA,3.2
5379841,Ben Verges,TE,Coastal Carolina,3.2
5385741,Cole Coonrod,TE,Ball State,3.2
5216695,Bryce Kania,WR,Wake Forest,3.2
5382334,Daulton Phalines,QB,East Carolina,3.2
5295653,Darrin Jones Jr.,RB,Michigan State,3.2
5386520,Josiah Jefferson,TE,USC,3.2
5297937,Gabriel Cunningham,TE,North Dakota State,3.2
5295195,Tyler Lewis,QB,Colorado State,3.2
5388387,Dominic Henning,TE,Air Force,3.2
5233213,Breckan Kirby,TE,Liberty,3.2
5237318,Ely Hamrick,QB,Virginia,3.2
5222556,Eli Morcos,QB,Texas A&M,3.2
5216311,Alonzo Esparza,QB,California,3.2
5388389,Kole Tompkins,TE,Air Force,3.2
5388743,James Steffany-Fiame,RB,Hawai'i,3.1
5390294,Connor Dantzler,QB,Tulsa,3.1
5200379,Parris Vernon Jr.,WR,San José State,3.1
5218484,Nasir Newkirk,WR,Liberty,3.1
5209760,Meyer Swinney,WR,California,3.1
5299144,Crandall Quinn,TE,Michigan,3.1
5289836,Hudson Kurland,QB,Iowa State,3.1
5215376,Kai Meza,WR,California,3.1
5216310,Jonathan Craft,QB,Fresno State,3.1
5220393,Sawyer Lovvorn,TE,Middle Tennessee,3.1
5221049,James Rexroat,TE,Missouri State,3.1
5281457,Carson Lovett,RB,Bowling Green,3.1
5220496,Theo Elwell,TE,Navy,3.1
5294278,Brandon Cunningham,QB,South Carolina,3.1
5184630,Jackson Bradley,QB,Louisiana Tech,3.1
5291023,Easton Webb,QB,Texas State,3.1
5236332,Khalel Wright,QB,Ball State,3.1
5240830,Brody Wilhelm,TE,Baylor,3.1
5146636,Arthur Ban,TE,Arizona,3.1
5295362,Grant Troutman,QB,Memphis,3.1
5228043,Truitt Brown,TE,Pittsburgh,3.1
5273946,Tayshon Bardo,WR,Ball State,3.1
5382849,Dalen Huston,TE,UL Monroe,3.1
5210485,Braiden Bachich-Dixon,TE,San José State,3.1
5258491,Jayytee Taylor,WR,Mississippi State,3.1
5274309,Keyshaun Coleman,WR,Tulane,3.1
5385844,Peyton Babbitt,QB,Michigan State,3.1
5159858,Jaden Landrum,TE,Colorado State,3.1
5289798,J.J. Winston,WR,Georgia Tech,3.1
5219250,Aiden Black,TE,Stanford,3.1
5159106,Ryelan Morris,RB,Baylor,3.0
5146766,Charlie Crowell,TE,Washington,3.0
5229357,Karson Kaiser,WR,Illinois,3.0
5371962,Keil McGriff,WR,Clemson,3.0
5148281,Rhys Phillips,TE,Rice,3.0
5391320,Braeden Stuart,WR,Navy,3.0
5164338,Baron Naone,TE,Washington,3.0
5382829,Jamarious Acklin,RB,Jacksonville State,3.0
5219121,Jace Burton,WR,Washington,3.0
5209122,Jace Brown,WR,UCLA,3.0
5209298,Langdon Horace,WR,Stanford,3.0
5272684,Cayden Alula,WR,Navy,3.0
5226566,Jaxon Shuttlesworth,TE,Alabama,3.0
5374981,Wills Campbell,WR,Georgia Tech,3.0
5378096,Landon Thompson,WR,NC State,3.0
5220360,Ryder Post,TE,James Madison,3.0
5160502,Daylen Sharper,WR,Stanford,3.0
5158939,Tradarian Ball,RB,Oregon,3.0
5211420,Landen Miree,TE,Arizona State,3.0
5295062,Owen Carlson,TE,South Alabama,3.0
5331728,Meliq Mcgowan,RB,East Carolina,3.0
5218773,Jack Harper,TE,Ole Miss,3.0
5156349,Jalen Hoffman,TE,Michigan,3.0
5279202,Lavonte Cole,RB,South Alabama,3.0
5209426,Kellan Ford,TE,Arizona,3.0
5222599,Devin Habermehl,TE,Northern Illinois,3.0
5221319,Brady Bidwell,WR,Oregon,3.0
5220484,Drew Hall,TE,Navy,3.0
5296065,Sam Dodd,WR,NC State,3.0
5290571,Rai'Shawn Elmore,WR,Michigan State,3.0
5290576,Elijah West,WR,Florida Atlantic,3.0
5391395,Gary Stacy,RB,Michigan,2.9
5304403,Ryan Bayoumy,TE,Rutgers,2.9
5306733,Mitch Nielsen,TE,Utah,2.9
5222571,Xavier Watson,TE,UConn,2.9
5161853,Ace Theus,WR,TCU,2.9
5226970,Brennan Burton,WR,Miami,2.9
5164358,Dane Jones,WR,TCU,2.9
5163002,Jack Utz,TE,Kansas,2.9
5195483,Micah Jones,TE,Florida,2.9
5290842,Jae'Oyn Williams,QB,Virginia,2.9
5146893,Cole McConathy II,TE,Miami,2.9
5148412,Michael Burt,TE,Iowa,2.9
5272709,Larry Miles,WR,Nebraska,2.9
5276682,Kevin Sullivan,TE,Kansas,2.9
5296039,Vanden Dugger,QB,UAB,2.9
5279673,Junior Henderson,WR,Mississippi State,2.9
5388929,Kelan McInerney,WR,Northern Illinois,2.9
5297369,Lawrence Gardner,QB,Duke,2.9
5219228,Will Locke,TE,SMU,2.9
5219496,Donald Collier,WR,Kansas,2.9
5265496,Wes Ryan,TE,Jacksonville State,2.9
5265060,Reeve Slone,QB,Nevada,2.9
5301047,Elijah Huddle,TE,Sacramento State,2.9
5394419,Owen Morris,RB,Louisiana,2.9
5385845,Cedric Williams Jr.,RB,Michigan State,2.9
5146267,Brett Elliott,TE,Duke,2.9
5294274,Broderick Redden,TE,Utah,2.9
5291009,HD Davis,RB,Baylor,2.8
5369893,Nate Cichy,WR,Illinois,2.8
5222570,Luke Tevis,TE,Tulsa,2.8
5224144,Jack Patterson,QB,Ole Miss,2.8
5238341,Jackson Kohl,TE,Coastal Carolina,2.8
5297960,Noah Nelson,TE,North Dakota State,2.8
5222653,Coleman Carter,QB,Louisiana,2.8
5294067,Wils Jackson,WR,Vanderbilt,2.8
5395310,Donovan Crow,RB,South Alabama,2.8
5209182,Andre Nickerson Jr.,TE,SMU,2.8
5295943,Jachin Davis,QB,Liberty,2.8
5295921,Josh Rodriguez,WR,Old Dominion,2.8
5188792,Garyt Odom,QB,Purdue,2.8
5219697,Brayden Johnson,TE,UAB,2.8
5294281,Reno Roehm,TE,South Carolina,2.8
5240144,Dveyoun Bonwell-Witte,WR,Florida Atlantic,2.8
5290688,Aveon Williams,TE,UNLV,2.8
5281464,Rocco Williams,QB,Middle Tennessee,2.8
5388310,Ethan Thanthanavong,QB,Kent State,2.8
5295544,Apollo Payne,WR,Iowa,2.8
5295450,Sean Persson,TE,UAB,2.8
5290624,Caleb Wynn,RB,South Alabama,2.8
5265509,Nick Hardy,WR,Michigan State,2.8
5390295,Kincayde Eng,QB,Tulsa,2.8
5214645,Brady Palmer,QB,Minnesota,2.8
5289266,Geno Seets,QB,Central Michigan,2.8
5141497,Kamryn Jones,WR,Boise State,2.8
5218513,Xavier Southall,WR,Notre Dame,2.8
5146763,Kaden Anderson,TE,Boise State,2.8
5394618,King David Aboya,WR,Southern Miss,2.8
5210204,Willem Thurber,TE,Virginia,2.8
5226983,Nick Thomas,WR,Miami,2.7
5291751,Cade Mitchell,QB,New Mexico,2.7
5161830,Sean Morris II,RB,Northwestern,2.7
5304411,Xavier Williams,RB,Rutgers,2.7
5194327,Wyatt Sonderman,WR,Jacksonville State,2.7
5303260,CJ Jackson III,RB,Old Dominion,2.7
5151037,Jason Jeffares,TE,Charlotte,2.7
5209708,Jackson Carpenter,WR,Nebraska,2.7
5159083,Zack Turner,TE,SMU,2.7
5215626,Jonathan Harding,TE,Memphis,2.7
5236398,Sam Zelenovich,WR,Iowa State,2.7
5390370,Joe Callerame,RB,Army,2.7
5222675,Danny Edgehille,TE,Boston College,2.7
5388770,Jayvin Bennett,TE,Troy,2.7
5216844,Kavon Simmons,WR,Duke,2.7
5385751,Caleb Moyer,QB,Bowling Green,2.7
5272712,Brogan Mcnab,WR,UAB,2.7
5387605,Connor Mathews,RB,South Florida,2.7
5156110,Kade Caton,TE,South Florida,2.7
5295539,Braeden Jackson,RB,Iowa,2.7
5203599,Blake Wallace,WR,Jacksonville State,2.7
5219123,Luke Gayton,WR,San Diego State,2.7
5295771,Jadon Olafsson,QB,Georgia State,2.7
5390368,Elijah Bechtel,RB,Army,2.7
5393160,Jared Esplin,WR,BYU,2.7
5390364,Finbar Malloy,RB,Army,2.7
5296036,Levi Brayton,WR,UAB,2.7
5148607,Ty Rupe,TE,UTSA,2.7
5209367,Ryder Mix,TE,Oklahoma,2.7
5296225,Nehemiah Warmate,RB,Houston,2.7
5261625,Elijah Rooney,TE,Vanderbilt,2.7
5201874,Qeanu Johnson,WR,Duke,2.7
5219468,Tex Brannan,TE,Army,2.7
5266901,Kavon Conciauro,WR,Duke,2.7
5390296,Barrett Mullen,QB,Tulsa,2.7
5302737,Owen Pollock,TE,Florida Atlantic,2.7
5296090,Kadyn Mitchell,QB,Jacksonville State,2.6
5218897,Carlos Orr-Gillespie,WR,Utah State,2.6
5220921,Jordan Williams,TE,Texas State,2.6
5209143,Julian McFadden,WR,Syracuse,2.6
5209007,Colby Simpson,TE,Tulane,2.6
5279320,KD Hainsworth,WR,Coastal Carolina,2.6
5386513,Patrick O'Brien,TE,USC,2.6
5174450,Tate Kjar,WR,Utah State,2.6
5325545,Tre Garrison,RB,Oregon State,2.6
5315932,James Kelly,RB,Ohio,2.6
5159173,Ash Roberts,WR,Temple,2.6
5164312,Luke Haugo,QB,Arizona,2.6
5159048,London Smith,WR,Baylor,2.6
5394556,Landen Abernathy,QB,Old Dominion,2.6
5303240,Jarvis Mathurin,WR,Georgia Southern,2.6
5215549,Uriah Neloms,WR,Arizona State,2.6
5085972,Kainoa Carvalho,WR,Hawai'i,2.6
5296159,Kellen Davis,TE,Cincinnati,2.6
5279208,James Scott,WR,TCU,2.6
5393662,Rocco De La Rosa,RB,Oregon State,2.6
5296620,Jeremiah Fung,WR,San José State,2.6
5269122,Khamill Pruitt,WR,TCU,2.6
5207795,London Deyon,TE,Sam Houston,2.6
5203726,Cameron Roberts,TE,Tulane,2.6
5290573,Rasean Jones,WR,Boise State,2.6
5290581,Adam Gehm,TE,Vanderbilt,2.6
5092695,Shawn Rouse,TE,Marshall,2.6
5260419,Jacob Nye,TE,BYU,2.6
5251971,Cooper Reid,WR,TCU,2.6
5378098,Tex Vaughn,TE,NC State,2.6
5296813,Tim Longo,RB,Boston College,2.6
5296812,Jake Coniglio,QB,Boston College,2.6
5220460,Luke Logan,TE,Oklahoma State,2.6
5248198,Kentrell White,TE,Bowling Green,2.6
5215221,Connor Roush,TE,Georgia Tech,2.6
5239556,Cash Herrera,QB,Boise State,2.6
5161831,A.J. Logan,WR,Boise State,2.6
5294107,Hugh O'Brien,WR,Wake Forest,2.6
5394443,Enese Tonga,TE,Western Michigan,2.5
5390378,Isaiah Linyear,RB,Army,2.5
5390430,Spencer Martin,WR,Florida Atlantic,2.5
5390377,Gavin Madigan,RB,Army,2.5
5290246,Elijah Moss,WR,James Madison,2.5
5302754,Courtney Lewis Jr.,WR,Tulsa,2.5
5303239,Zay Hilliard,WR,Georgia Southern,2.5
5302780,Johnny Casey Jr.,WR,Louisiana Tech,2.5
5302777,Jakobe DeJesus,WR,Liberty,2.5
5369750,Billy Barrett,RB,Boston College,2.5
5229348,Hezekiah Millender,QB,Georgia,2.5
5303254,Jaylin Taylor,WR,Memphis,2.5
5228203,Murphy Clement,RB,Illinois,2.5
5159097,Jonah Winston,WR,Florida State,2.5
5332628,Karsten Fiene,WR,Missouri,2.5
5150383,David Lalaian,TE,Georgia,2.5
5226985,Jack Whitehouse,RB,Miami,2.5
5331284,Stone Furrey,WR,South Carolina,2.5
5327675,Jayden Skelton,WR,UAB,2.5
5193325,Jake Wilson,TE,Wyoming,2.5
5181311,Massiah Mingo,WR,New Mexico,2.5
5315119,Zion Hudson,WR,James Madison,2.5
5323149,Dorian Patterson,WR,New Mexico,2.5
5306780,Vinny Gonzalez,QB,Miami,2.5
5164354,Cory Butler Jr.,WR,Arizona State,2.5
5164321,Dillon Duff,QB,Kansas State,2.5
5290446,Zechariah Jenkins,WR,Memphis,2.5
5290622,Trace Burney,WR,James Madison,2.5
5294301,Cash Semonza,WR,Tulane,2.5
5294290,John Barton,WR,Tulane,2.5
5239552,Gabe Lovorn,TE,Tulane,2.5
5220668,Tre Kofe,RB,Utah State,2.5
5202459,Jack Sievers,TE,Wisconsin,2.5
5264499,Nate Sims,WR,Kansas,2.5
5244755,Levi Davis,QB,Ohio,2.5
5244757,Xavier Green,WR,Tulsa,2.5
5270807,Barrett Schulz,WR,Florida International,2.5
5266902,Brooks Goodman,QB,Cincinnati,2.5
5205825,Brayden Boeing,TE,Miami (OH),2.5
5296613,Ryker Ruelas,WR,San José State,2.5
5246589,Camden Capehart,WR,Mississippi State,2.5
5387615,Jake Forburger,QB,Buffalo,2.5
5216524,Andrew Barker,TE,Indiana,2.5
5294646,Parker Puckett,QB,Mississippi State,2.5
5376776,Kurt Smith,RB,Notre Dame,2.5
5085392,Matthew Fredrick,TE,BYU,2.5
5218750,Jack Olyphant,TE,California,2.5
5209378,Davon Grant,WR,Illinois,2.5
5272774,Brody Schaffer,WR,Iowa,2.5
5295319,Fisher Melton,TE,USC,2.5
5271365,Bryan Hamilton,WR,Pittsburgh,2.5
5271148,Xavier Stinson,WR,Iowa,2.5
5393814,Bradley Wainwright,WR,UAB,2.5
5289329,Amar'e Glover,RB,Penn State,2.5
5287644,Gabe Legrand,WR,South Florida,2.5
5282659,DJ Darling,WR,New Mexico,2.5
5141725,Michael Tollefson,WR,Arizona State,2.5
5295774,Tayo Ashadele,RB,Georgia State,2.5
5384720,Trey Arnold,QB,New Mexico State,2.5
5279906,Dmari Roberts,WR,South Florida,2.5
5210044,BJ Bedgood,WR,Old Dominion,2.5
5281030,Joshua Rushing,WR,Tulsa,2.5
5389040,Evan Mickow,TE,Tulane,2.5
5391228,Jacob Martinez,RB,TCU,2.5
5292967,Kobe Adeleke-Hokes,WR,Wake Forest,2.5
5389045,Deuce Hadley Jr.,WR,Tulane,2.5
5390429,Grayson Gibson,WR,Florida Atlantic,2.5
5390381,Chevas Gregory,RB,Army,2.5
5390389,Elzie Slaughter,RB,Army,2.4
5326949,Jacob Maldonado,WR,New Mexico,2.4
5293243,Rollie Pinto,WR,Jacksonville State,2.4
5390046,CJ Dockery,WR,Georgia Southern,2.4
5390305,Kuba Malecki,TE,Tulsa,2.4
5289269,Joshua Parker,WR,Coastal Carolina,2.4
5215238,Johnnie Thiel IV,WR,Louisiana Tech,2.4
5334189,Kaleb Smith,WR,James Madison,2.4
5331614,Ryley Zalusky,TE,South Florida,2.4
5215338,AJ Jones,WR,Boise State,2.4
5215561,Keavon Roberts,WR,Houston,2.4
5209299,Darryon Williams,WR,Florida State,2.4
5295370,Jamar Jenkins,WR,Memphis,2.4
5219020,Ocean Brabbs,TE,Bowling Green,2.4
5274380,Greg Wilfred,WR,West Virginia,2.4
5382946,Nathanael Dates,WR,Liberty,2.4
5382994,Harrison Williams,RB,Louisiana Tech,2.4
5303231,Jayden Johnson,WR,Coastal Carolina,2.4
5081994,Jack Esparza,TE,Texas Tech,2.4
5196815,Chance Ables,WR,Arizona State,2.4
5297792,Leroy Lewis,WR,Old Dominion,2.4
5265431,Brock Kuhl,TE,Sam Houston,2.4
5219598,Trace Estes,TE,Nevada,2.4
5216964,Myles Kendrick,WR,Indiana,2.4
5216576,Gavin Packer,WR,Boise State,2.4
5257270,Larry Porter IV,WR,Kansas State,2.4
5295045,Zeke Martinez,RB,Boise State,2.4
5294522,Andrew Staten,TE,Arkansas State,2.4
5294520,Coleman Parmer,TE,Arkansas State,2.4
5290782,Luke Thompson,WR,Tennessee,2.4
5200375,Davion Peters,WR,Baylor,2.4
5291660,Charlie Hanafin,WR,West Virginia,2.4
5327585,Aedan McCarthy,QB,Massachusetts,2.4
5294119,Deji Ajose,WR,Washington,2.4
5167316,Noah Westbrook,WR,Washington State,2.4
5151017,Travis Egan,TE,Louisville,2.4
5291747,Zialis Blackmon,WR,Old Dominion,2.4
5294220,Malachi Thompson,WR,West Virginia,2.4
5294282,Jackson Repp,WR,South Carolina,2.4
5295221,Gavin Correia,TE,Fresno State,2.4
5295266,Maverick Geske,QB,Indiana,2.4
5207580,Dylan Faison,WR,Notre Dame,2.4
5296312,EJ Archield Jr.,QB,Delaware,2.4
5265562,Koi Fagan,QB,Marshall,2.4
5152192,Cayden Echternach,TE,Nebraska,2.4
5296600,Aldin Bilalbegovic,TE,New Mexico,2.4
5158916,Matthew Bailiff,TE,Hawai'i,2.4
5254915,Harry Hassmann,WR,Arizona State,2.4
5290347,Aaden Shamburger,QB,South Alabama,2.4
5265567,Rashad Perry,WR,Ohio,2.3
5290513,Hunter Watson,WR,Temple,2.3
5265499,Jameson Scissum,TE,Jacksonville State,2.3
5296863,Tyler Smith,QB,UConn,2.3
5216561,Jakai Anderson,WR,SMU,2.3
5264241,Luke Galer,TE,Iowa State,2.3
5290585,Gabe Weaver,TE,Minnesota,2.3
5282062,Drew Byrd,TE,Iowa State,2.3
5274281,Jarvis Washington Jr,WR,South Alabama,2.3
5215629,Kevin Roche Jr.,TE,Georgia Tech,2.3
5385850,Colin Charles,WR,Michigan State,2.3
5382933,Joshua Joseph,WR,Memphis,2.3
5278420,Kortez Rupert,WR,Indiana,2.3
5274304,Broderick Peters,TE,Southern Miss,2.3
5274378,Khatori Marion,WR,South Alabama,2.3
5383008,Zach Eskildsen,WR,Iowa State,2.3
5279829,Maurice Purify II,WR,Nebraska,2.3
5294501,Jack Rhodes,WR,Virginia,2.3
5334337,Mykha Green,RB,UTSA,2.3
5274377,John Johnson III,QB,West Virginia,2.3
5276676,Luke Sorensen,TE,Nebraska,2.3
5149909,Tanner Hollinger,TE,Illinois,2.3
5302791,Brady Campbell,QB,San Diego State,2.3
5302881,Dillon Booth,WR,Hawai'i,2.3
5222699,Rocco Xerogeanes,TE,Georgia Tech,2.3
5291772,Coen Logan,WR,Temple,2.3
5200371,Wyatt Walker Brown,QB,West Virginia,2.3
5199956,Ahmed Souare,WR,Georgia State,2.3
5264725,Max Anderson,QB,West Virginia,2.3
5390431,Peter Cannon,TE,Florida Atlantic,2.3
5393164,Josh Davis,TE,BYU,2.3
5302768,Malik Penson,WR,Florida International,2.3
5279651,Dominic White,WR,South Alabama,2.3
5296230,Beau Jackson,QB,Pittsburgh,2.3
5210425,Landon Kelsey,WR,Arizona,2.3
5309285,Colin Ford,TE,Wyoming,2.3
5390297,Kainon Gibson,WR,Tulsa,2.3
5390298,Max Moore,TE,Tulsa,2.3
5394578,Ethan Masteller,WR,Washington State,2.3
5326947,Bailen George,WR,New Mexico,2.3
5369937,Jack Ellenburg,WR,Auburn,2.3
5369936,Stuart Andrews,RB,Auburn,2.3
5203610,Nedrick Boldin Jr.,WR,Boston College,2.3
5159086,Carson Sneed,TE,North Carolina,2.3
5390355,Jackson Kreutzer,WR,Army,2.2
5390350,Matthew Perkins,WR,Army,2.2
5390351,Santiago Fernandez,QB,Army,2.2
5263626,BJ Garrett,WR,Syracuse,2.2
5216496,D'Ontae Fulton,WR,Georgia State,2.2
5210723,Corbin Laisure,TE,Colorado,2.2
5263879,Phoenix Henriquez,WR,Syracuse,2.2
5290995,Imari Jehiel,WR,Texas Tech,2.2
5395311,JJ Williams,WR,South Alabama,2.2
5394635,Londen Bickham,RB,UTSA,2.2
5390362,Aiden Burgy,WR,Army,2.2
5387647,Gavin Spillers,TE,Central Michigan,2.2
5372140,Jackson Maggiore,WR,Duke,2.2
5231027,Breylen Gilbert,TE,Arkansas,2.2
5293822,Luke Dunham,QB,Texas,2.2
5390471,Cam Netwon,RB,Colorado,2.2
5390476,Cody Jordan,RB,Colorado,2.2
5390352,Josh Milhollin,WR,Army,2.2
5394620,Drew Bilderback,TE,Southern Miss,2.2
5294448,Levi Blount,WR,Ole Miss,2.2
5383047,Eli Nikolas,WR,North Texas,2.2
5271141,Derrick McBride II,WR,Missouri,2.2
5281153,Demetrice McCray,WR,Pittsburgh,2.2
5295886,Kris Willis Jr.,WR,Texas State,2.2
5296203,Kam Taylor,TE,Liberty,2.2
5159246,Amari Sabb,WR,Alabama,2.2
5296264,A.J. Brand,WR,Virginia Tech,2.2
5276636,Xavier Warren,WR,Texas State,2.2
5308461,Caden Ramsey,TE,South Carolina,2.2
5384736,Sawyer Rice,WR,Rice,2.2
5160504,Cynai Thomas,WR,Oregon State,2.2
5327542,Brayden Myovela,WR,Old Dominion,2.2
5327483,Fisher Leftwich,WR,Rice,2.2
5168292,Owen Ruskavich,TE,Miami,2.2
5390348,Noah Dolbin,WR,Army,2.2
5390346,Christian Cherilus,WR,Army,2.2
5308211,Steven Bengu,WR,Old Dominion,2.2
5226577,Hamilton Atkins,TE,Louisville,2.2
5215381,Brady Vodicka,QB,Louisiana Tech,2.2
5388749,Brandon Gaea,WR,Hawai'i,2.2
5269142,Lathon Latiolais,WR,North Texas,2.2
5278402,Oliver Bender,WR,Washington State,2.2
5323360,CJ Toney,RB,Washington State,2.2
5327020,Andrevius Smith,TE,Jacksonville State,2.2
5160164,Finn Furmanek,TE,Penn State,2.2
5326974,Landon Drumm,WR,West Virginia,2.2
5390386,Mark Andrzejewski,WR,Army,2.2
5229443,Landon Craig,TE,LSU,2.2
5304182,Peter Grandjean,QB,Middle Tennessee,2.2
5297076,Clyde Taulapapa,RB,Utah State,2.2
5215218,Karon Brookins,WR,Penn State,2.2
5141364,Russell Babineaux,WR,Louisiana,2.2
5302752,Jai Jacobs-Ford,WR,Rice,2.2
5297794,Ryan Thomas,WR,Old Dominion,2.2
5199865,Owen Cabell,WR,Vanderbilt,2.2
5375077,Mason Fields,QB,Louisville,2.2
5371965,Jack Wolf,TE,Clemson,2.2
5290514,Kase Evans,QB,Penn State,2.2
5198506,Brandon Smith,RB,Oregon,2.2
5265445,Jordan Clark,WR,Rice,2.2
5295602,Eric Karner,TE,Miami (OH),2.2
5244226,Caleb Haack,TE,Northern Illinois,2.2
5243087,Nikko Boncore,WR,Utah State,2.2
5159060,Christian Ward,WR,Colorado,2.2
5381375,Gavin Nuckolls,QB,Georgia State,2.2
5265453,Colin Leahey,WR,Rice,2.2
5227760,David Wise,TE,Temple,2.2
5379956,Jack Lesniewicz,WR,Pittsburgh,2.2
5295631,Kevin Young,RB,Arkansas,2.2
5296249,Camdon Pitchford,WR,Jacksonville State,2.1
5384625,Jack Reeves,RB,Kansas,2.1
5219066,Danny King,TE,Nebraska,2.1
5215379,Jaden Jefferson,WR,North Carolina,2.1
5215176,Liam Russo,TE,Northern Illinois,2.1
5383009,Carson Edney,TE,Iowa State,2.1
5215335,Sean Burke,TE,Florida International,2.1
5161804,Brock Boyd,WR,Ohio State,2.1
5327442,Tre Hill Jr.,RB,Washington State,2.1
5394580,Isaiah Docken,WR,Washington State,2.1
5394570,Ryan Salcedo,RB,Washington State,2.1
5327241,Preston Jackson,WR,Rice,2.1
5327264,Isaiah Arriaza,QB,Oregon State,2.1
5209576,Brendan Loftus,TE,Miami (OH),2.1
5161009,Peyton Zachary,WR,UNLV,2.1
5210021,Aubrey Walker,WR,Alabama,2.1
5280596,Robert Haynes IV,WR,Hawai'i,2.1
5295817,Brian Case,RB,Florida,2.1
5289265,Lucas Hoffmeyer,TE,Central Michigan,2.1
5221315,Ryder Hayes,QB,Oregon,2.1
5334338,Shane Kiley,TE,San José State,2.1
5290850,Drake DeBaun,TE,Iowa State,2.1
5302868,Romeo Carter,WR,Boise State,2.1
5196433,Zach Giuliano,TE,Stanford,2.1
5290577,Ryan Brekke,TE,Boise State,2.1
5382265,Malachi Drayton,RB,Charlotte,2.1
5219600,Carter Eck,TE,Nevada,2.1
5382290,Keawe Browne,TE,Boise State,2.1
5265585,Dylan Stecker,TE,Iowa,2.1
5196893,Cassidee Miles,WR,UNLV,2.1
5265647,Jacob Chambers,QB,Fresno State,2.1
5382271,Chris Najm,RB,Charlotte,2.1
5293340,Ayden Passley,TE,Florida International,2.1
5228652,Grant Laskey,TE,Charlotte,2.1
5217752,Jamari Miller,WR,Georgia State,2.1
5271149,Kymistrii Young,WR,North Carolina,2.1
5295939,Chris Warren,TE,Old Dominion,2.1
5384825,Brad Mossor,WR,West Virginia,2.1
5211118,Jordan Vyborny,TE,Iowa State,2.1
5375166,Jeremy Washington,RB,Penn State,2.1
5379955,Davin Friedman,QB,Pittsburgh,2.1
5257811,Jaxson Dosh,QB,Western Michigan,2.1
5282041,Mason Atkins,QB,Ball State,2.1
5156153,Tavian McNair,WR,UNLV,2.1
5387646,Myles Peters,TE,Central Michigan,2.1
5210475,Ryan Hopkins,QB,Wisconsin,2.1
5263007,Tyran Evans,WR,Miami,2.1
5391352,Jeremiah Wingfield,RB,Navy,2.1
4781743,Chase Tuatagaloa,TE,Utah State,2.1
5391357,Tyler Wall,RB,Navy,2.1
5391355,Chris Daley II,RB,Navy,2.1
5391356,Julian Turney,RB,Navy,2.1
5211645,Treston McMillan,QB,Washington,2.1
5393657,Danny Leary,QB,Oregon State,2.1
5214549,Mason Woods,TE,Iowa,2.1
5214450,Fonzy Smith,WR,Western Kentucky,2.0
5390357,Andrew Heidel,QB,Army,2.0
5295270,Bruno Massel IV,WR,Indiana,2.0
5390479,Braedon Brenner,WR,Colorado,2.0
5390354,Tanner Wilson,QB,Army,2.0
5391319,Brady Carmical,QB,Navy,2.0
5291814,Davis Brown,TE,Florida International,2.0
5290975,Maguire Gasperson,QB,UTSA,2.0
5290945,Kelvin Brown,WR,Boston College,2.0
5291630,Luke Hutchinson,TE,Mississippi State,2.0
5290214,Drew Williams,WR,Marshall,2.0
5295478,Scotty Brennan,WR,Arizona,2.0
5200367,Tatum Bell Jr.,WR,UNLV,2.0
5300524,Brody Tolbert,WR,Georgia,2.0
5381550,Devin Mignery,QB,Stanford,2.0
5378094,RJ Boyd,RB,NC State,2.0
5221109,Teddy Gawlik,TE,Louisiana,2.0
5264360,DJ Biggins,WR,Boston College,2.0
5295269,Hunter Stroud,WR,Indiana,2.0
5295268,Cade Kaiser,WR,Indiana,2.0
5293036,Joshua Smith,WR,Cincinnati,2.0
5214444,Tyler Kielmeyer,TE,Northwestern,2.0
5224786,Logan Klein,TE,Delaware,2.0
5161857,DJ Williams,WR,Louisville,2.0
5213217,JT Taggart,TE,Maryland,2.0
5224785,Jackson Whitacre,TE,Delaware,2.0
5281382,Kai Owens,WR,Massachusetts,2.0
5295973,Will Hargett,WR,Texas A&M,2.0
5295799,Chase Pensyl,WR,James Madison,2.0
5295974,Kade Stewart,WR,Texas A&M,2.0
5161859,Rico Blassingame,WR,Minnesota,2.0
5209415,Jameson Powell,WR,Oregon State,2.0
5308878,Zach Stair,WR,Georgia State,2.0
5161026,Xavier Owens,WR,Fresno State,2.0
5382714,Remy Goins,TE,Florida International,2.0
5272346,Dadrien Waller,WR,Cincinnati,2.0
5274280,H'eij Jackson,WR,Cincinnati,2.0
5388750,Anthony Hickman,TE,Hawai'i,2.0
5215578,Jacory Thurman,TE,Houston,2.0
5216333,Noah LaPorte,TE,Northwestern,2.0
5215185,Isaiah Butler-Tanner,TE,UTSA,2.0
5222247,Arrion Concepcion,WR,James Madison,2.0
5278090,Gavin Waddell,WR,Louisville,2.0
5384683,LJ McGhee,RB,Kansas State,2.0
5384622,Braylen Rooney,QB,Kansas,2.0
5216708,Zaid Lott,QB,Syracuse,2.0
5295796,Miles Halbert,WR,James Madison,2.0
5296157,Taizaun Burns,WR,Cincinnati,2.0
5296446,Jordan Manuel,WR,Missouri State,2.0
5296450,Brycen Dorsey,WR,Missouri State,2.0
5303248,Max Roche,TE,James Madison,2.0
5293737,Josh Greer,TE,Army,2.0
5217190,Asa Thompson,WR,Washington,2.0
5302819,Aaron Clark,WR,Buffalo,2.0
5306284,Jessie Primer IV,WR,Mississippi State,2.0
5306314,Benjamin McElreath,WR,Georgia,2.0
5302828,Pauly Sadler,WR,Bowling Green,2.0
5306316,Jackson St. Clair,WR,Georgia,2.0
5203722,Eli Johnson,TE,Iowa,2.0
5303242,JQ Crosby,TE,Georgia Southern,2.0
5199852,Jackson Cook,WR,Kansas,2.0
5269133,Jacob Swain,WR,Colorado,2.0
5246775,Tom McGlinchey,TE,Northwestern,2.0
5246731,DJ Howerton,TE,Rutgers,2.0
5289510,Jesse Legree,WR,Oregon State,2.0
5290500,DJ Broughton Jr.,TE,Auburn,2.0
5390403,Mason Mixon,TE,Army,1.9
5211737,Jamari Brown,WR,Nebraska,1.9
5212609,Braden Blueitt,WR,Northwestern,1.9
5390047,Jack Berquist,TE,Georgia Southern,1.9
5161822,Marquez Daniel,WR,Florida,1.9
5226978,Dylan Reiman,TE,Miami,1.9
5296051,Jackson Berryman,TE,Purdue,1.9
5289339,David Moore Jr.,WR,Massachusetts,1.9
5145620,Jackson Hamilton,QB,Maryland,1.9
5179201,Justin DeVaughn,WR,Maryland,1.9
5226971,Hunter Carver,TE,Miami,1.9
5209416,Jaylen Pile,WR,Michigan,1.9
5209306,Shane Rosenthal,WR,UCLA,1.9
5307147,Max Tillfeldt Retsler,TE,Wake Forest,1.9
5326882,Joseph Saffold,WR,Bowling Green,1.9
5271116,Adam Land,TE,Mississippi State,1.9
5281381,Blaise LaVista,WR,Washington,1.9
5228653,Brady Rhoads,TE,Charlotte,1.9
5385851,Ethan Melville,TE,Michigan State,1.9
5271234,Justin Williams,WR,Florida,1.9
5217200,Neo Clifton,WR,Middle Tennessee,1.9
5149830,Bryce Gee,WR,App State,1.9
5290783,Perrion Williams,WR,Nevada,1.9
5161955,Nick Kinsey,QB,Eastern Michigan,1.9
5258035,Ethan Gurela,TE,James Madison,1.9
5258036,Brian Hnat,TE,James Madison,1.9
5216562,Corin Berry,QB,Purdue,1.9
5302741,Jeremiah Daoud,QB,Florida Atlantic,1.9
5290589,Blair Irvin III,WR,Arkansas,1.9
5281383,Kaden Page,WR,Ohio,1.9
5158945,Nathan Bernhard,QB,Maryland,1.9
5290575,Tre'Von Mcgory,WR,Western Kentucky,1.9
5212979,Dube Enongene,WR,Northwestern,1.9
5391322,Maverick Chance,QB,Navy,1.9
5292044,Amari Nash,WR,Nevada,1.9
5294080,Quintaelyn Joyner,WR,Texas Tech,1.9
5290902,Jonathan Stafford Jr.,WR,Western Kentucky,1.9
5291638,Bear Fisher,TE,Utah,1.9
5291092,Vincent Carner,WR,UNLV,1.9
5294070,Gavin Markey,TE,Florida State,1.9
5264800,Corbin Glasco,WR,Kansas,1.9
5294099,Logan Farrell,TE,Illinois,1.9
5327609,Gavin Peeps,QB,Kent State,1.9
5159069,Isaiah Williams,WR,Nevada,1.9
5327563,Jacaleb Johnson,WR,UTEP,1.9
5214449,Joeseph Skipworth,TE,Mississippi State,1.9
5382341,Jacob Holland,TE,East Carolina,1.9
5151868,Bryson Hayes,WR,Kansas,1.9
5209181,Markus Kier,WR,UCLA,1.9
5296559,CJ Simon,WR,UTEP,1.9
5384623,Connor Hanika,QB,Kansas,1.9
5271232,Tyren Parker,WR,Kansas,1.9
5385742,Ace Cooper,WR,Ball State,1.9
5279261,Demari Nunley,WR,UNLV,1.9
5296560,Zo Hill,WR,UTEP,1.9
5276667,Josiah Dozier,WR,Minnesota,1.9
5382284,Lincoln Dunn,WR,Boise State,1.9
5302867,Logan Barnes,WR,UConn,1.9
5289654,Brady Owens,TE,Rutgers,1.9
5258475,Mack Kump,WR,Nevada,1.9
5207799,Wyatt Herbel,TE,Houston,1.9
5296343,Jaxson Bowman,TE,Delaware,1.9
5198322,Zion Legree,WR,Wisconsin,1.9
5198502,Diondre Smith,WR,Iowa,1.9
5290856,Joe Stimpson,WR,Nevada,1.9
5182334,Davian Groce,WR,Florida,1.9
5236321,Tucker Cusano,WR,Texas State,1.9
5334184,Jacob Harvey,WR,Illinois,1.9
5215361,Zayne DeSouza,TE,Colorado,1.9
5295322,Cameron Sermons,WR,USC,1.9
5283063,JaDarius Sanders,WR,New Mexico State,1.9
5387624,Jack Eskridge,WR,Buffalo,1.8
5290570,Kristion Brooks,WR,Louisiana,1.8
5290582,Benjamin Moseley,TE,Duke,1.8
5296815,Will Graves III,WR,Boston College,1.8
5295588,Tommy Arnold,TE,Kent State,1.8
5388314,Cade Romanini,RB,Kent State,1.8
5295212,Malakai Sumter,WR,Fresno State,1.8
5327581,Drew Alsup,WR,Massachusetts,1.8
5327660,Jayden Padgett,WR,Oregon State,1.8
5291778,Ziyon Butler,WR,Middle Tennessee,1.8
5393157,Journee Tonga,RB,BYU,1.8
5212653,Jai Richburg,WR,NC State,1.8
5391528,Killian Sombe,RB,Oregon,1.8
5393162,Micah Beckstead,RB,BYU,1.8
5292277,Brennan Chambers,WR,Marshall,1.8
5393660,MJ Kennybrew,WR,Oregon State,1.8
5289734,Keaton Reinke,WR,Northwestern,1.8
5290574,Bryson Maddox,WR,Middle Tennessee,1.8
5302733,Caleb Tucker,WR,Charlotte,1.8
5291636,Rhys Dorsey,WR,Louisville,1.8
5294141,Duke Brennan,WR,Boston College,1.8
5327573,Asa Johnson,QB,Northern Illinois,1.8
5290936,Tyrone Crethers,WR,SMU,1.8
5372135,Fisher Southall,WR,Mississippi State,1.8
5229094,Luke Stuewe,WR,Virginia Tech,1.8
5383067,Devin Staley,WR,Missouri State,1.8
5383073,Torrin Teague,WR,Missouri State,1.8
5269143,Jabarie Thornton,WR,Oklahoma State,1.8
5295781,Khalil Quinn,WR,Georgia State,1.8
5216676,Jeremiah Hoffman,WR,Charlotte,1.8
5386510,Kayne Miller,RB,USC,1.8
5196841,Matrail Lopez,WR,Oklahoma State,1.8
5375079,Marlon Harbin,WR,Louisville,1.8
5381587,Darius Johnson,WR,Syracuse,1.8
5296275,Logan Payne,RB,BYU,1.8
5266581,Eddie Whiting,TE,Michigan State,1.8
5369900,Leslie Mosley Jr.,WR,Illinois,1.8
5258853,Jude Hall,WR,Arkansas,1.8
5297060,Kaden Cox,QB,Utah State,1.8
5302882,Kash Brock,WR,Wisconsin,1.8
5388769,Dylan Denson,WR,Troy,1.8
5210022,Derion Talbert,WR,Ball State,1.8
5384729,AJ Carey,WR,New Mexico State,1.8
5287502,Jaden McDuffie,WR,Northwestern,1.8
5282663,Devaughn Eka,RB,BYU,1.8
5320928,Aiden Burke,WR,Marshall,1.8
5209748,Kam Powell,WR,Oklahoma State,1.8
5312211,Bull Mitchell,WR,Mississippi State,1.8
5210113,Charlie Wingfield,TE,Wake Forest,1.8
5325985,Julius Wilson,WR,Kansas State,1.8
5325587,Cade Brooks,WR,Bowling Green,1.8
5326065,Zymir Reed,WR,Kent State,1.8
5326883,Donte Nicholson,WR,Charlotte,1.8
5394425,Jayden Lewis,WR,Louisiana,1.8
5291801,Brendyn Smith,WR,Kent State,1.8
5291796,Max Leeper,TE,New Mexico,1.8
5393815,Braden Teague,TE,UAB,1.8
5391552,Mason Jordan,WR,Florida,1.7
5291661,Dallas Boozer,WR,Arkansas State,1.7
5294219,Atticus Joseph,WR,Stanford,1.7
5388850,Trey Moore,TE,New Mexico,1.7
5388337,Isaiah Simmons,WR,Massachusetts,1.7
5290753,Xavier Anderson,TE,West Virginia,1.7
5293959,Ben Petermann,WR,Tennessee,1.7
5295301,Danny Boden,WR,UNLV,1.7
5295267,Ace Ciongoli,WR,Florida,1.7
5387641,Jordan Stapleton,RB,Central Michigan,1.7
5369901,BJ Thurman,TE,Illinois,1.7
5303232,Jojo Johnson,WR,Purdue,1.7
5211200,Dominick Barry,TE,Wake Forest,1.7
5386521,Griffin Brahm,WR,USC,1.7
5282064,Kena Rego,WR,Arkansas State,1.7
5282157,Garrett Essner,TE,Memphis,1.7
5210726,Hayden Bradley,TE,Ole Miss,1.7
5299898,Prince Hall,WR,UTSA,1.7
5310616,Deshaun Fedd,WR,Arkansas State,1.7
5222252,Max Hunt,TE,Pittsburgh,1.7
5334131,Dayvon Standard,WR,Oklahoma State,1.7
5302778,Chase Tatum,TE,Kennesaw State,1.7
5303265,Russell Crawford,TE,Texas State,1.7
5290504,Wyatt Villarreal,TE,Pittsburgh,1.7
5376859,Dorsett Stecker,WR,Wisconsin,1.7
5265135,Sam Hamilton,TE,West Virginia,1.7
5384688,Nash Morrison,WR,Kansas State,1.7
5209596,Cross Nimmo,TE,Western Kentucky,1.7
5277094,Kade Bush,TE,West Virginia,1.7
5277129,Sam Vyhlidal,TE,Washington,1.7
5278635,Will Pressley,WR,Miami (OH),1.7
5276956,Marshall Smith Jr.,TE,Memphis,1.7
5276680,Kai Wesley,TE,Baylor,1.7
5276669,Kahden Smith,WR,Vanderbilt,1.7
5391327,Jason Williams Jr.,QB,Navy,1.7
5212938,Teaunn Hunter,WR,Kent State,1.7
5276672,Kekua Aumua,TE,Washington,1.7
5296251,Carter Zuliani,TE,West Virginia,1.7
5384737,Michael Sifford,WR,Rice,1.7
5297107,Wyatt Smiley,WR,UTSA,1.7
5279681,Jerious Singletary,TE,North Texas,1.7
5279420,Jacob Butler,WR,Stanford,1.7
5274368,Jaiden Tucker,WR,UL Monroe,1.7
5296394,Deven Muniz,TE,Louisiana Tech,1.7
5203714,Gabriel Cline,TE,UAB,1.7
5268642,Braden Bach,TE,TCU,1.7
5207594,Khristian Mackintrush,TE,Louisiana,1.7
5268748,Parker Almanza,TE,Baylor,1.7
5274293,Julius Mathis,TE,South Alabama,1.7
5327567,JD Wallace,WR,UTEP,1.7
5326061,Deven Vigue,WR,Nevada,1.7
5327583,Tavian Dashiell,WR,Massachusetts,1.7
5391331,Evan Blouir,QB,Navy,1.7
5291714,Brandon Kinsey,WR,Purdue,1.7
5293033,Quincy Shelton,WR,Oklahoma State,1.7
5150674,Thomas McCluskey,TE,Maryland,1.7
5292878,Major Pride,WR,UCLA,1.7
5214442,Nizyi Davis,TE,Wisconsin,1.7
5386511,Tyson Park,RB,USC,1.7
5384823,Armoni Weaver-Bomar,WR,West Virginia,1.7
5385752,Dylan Dreasky,QB,Bowling Green,1.7
5217799,Arvis Battle Jr.,TE,Texas State,1.7
5386518,Grant Woods,WR,USC,1.7
5376855,Juju Pope,RB,Wisconsin,1.7
5269150,Keidric Osunde-Brown,WR,UL Monroe,1.7
5303264,Dameon Crowe,WR,Texas State,1.6
5391332,Gus Anderson,WR,Navy,1.6
5238340,Jamal Frilot,TE,UTEP,1.6
5222568,Ka'Maurri Smith,TE,Cincinnati,1.6
5310763,Taysean Jones,TE,Old Dominion,1.6
5222150,Joshua Brantley,TE,Louisiana Tech,1.6
5333433,Jacolby Cooper,WR,Tennessee,1.6
5390024,Chance Bell,TE,UTEP,1.6
5266887,Drew Hardwick,TE,Florida State,1.6
5391339,James Cusick II,WR,Navy,1.6
5391346,Ihsaan Alozie,WR,Navy,1.6
5292857,Tristan Reed,WR,Miami (OH),1.6
5326881,Trysten Laughlin,TE,UTSA,1.6
5326398,Damien Durrette,WR,App State,1.6
5293035,Scoop Smith,WR,Miami (OH),1.6
5394648,Will Traylor,TE,UTSA,1.6
5387642,Jayel Harris,RB,Central Michigan,1.6
5323607,Jordan Styles,WR,Wyoming,1.6
5238267,John Tofi Jr.,TE,California,1.6
5291156,Devin Hamilton,WR,Western Kentucky,1.6
5289956,Arley Morrell,TE,Kansas State,1.6
5391323,JP Donovan,WR,Navy,1.6
5391326,Bash Bodily,WR,Navy,1.6
5391553,Tripp Brown Jr.,TE,Florida,1.6
5391321,Truman Brasfield,WR,Navy,1.6
5306795,Solomon Foye,RB,Maryland,1.6
5391348,Armoni Spurlock,WR,Navy,1.6
5291805,Arlando Crafton Jr.,TE,Western Kentucky,1.6
5214654,Nyqir Helton,WR,North Carolina,1.6
5278121,Eli Wilt,TE,Western Kentucky,1.6
5279150,Aiden Smalls,WR,NC State,1.6
5384731,Josiah Castillo,WR,New Mexico State,1.6
5295998,Brennan Saxe,WR,Northwestern,1.6
5216580,Brandon Kubay,TE,South Florida,1.6
5281243,Justen Hodge,WR,Miami (OH),1.6
5296146,Reginald Craig,RB,Northern Illinois,1.6
5295632,Brayden Carroll,WR,Tennessee,1.6
5377780,Lachlan Teissier,TE,Arizona,1.6
5375165,Hank Lustig,WR,Penn State,1.6
5261754,Derick Brazil,WR,App State,1.6
5381512,Jordyn Adams,WR,SMU,1.6
5390285,Thomas Guillemette,TE,James Madison,1.6
5391337,Tyler Breedlove,WR,Navy,1.6
5382989,Michael Kirby,QB,Louisiana Tech,1.6
5282366,Hudson Lewis,WR,Oregon,1.5
5289264,Carter Bashir,TE,Syracuse,1.5
5213214,Wyatt Bowman,TE,Syracuse,1.5
5327560,Marcus Hughbanks,WR,Ohio,1.5
5327570,Braylon Agee,WR,Northern Illinois,1.5
5211889,Messiah Hampton,WR,Oregon,1.5
5160500,Jordan Nunuha,WR,UCF,1.5
5225254,Dominic Monz,WR,Akron,1.5
5382279,Shelden Golliday,WR,Charlotte,1.5
5279649,Jermaine Green,WR,Northern Illinois,1.5
5210004,Isaiah Dillon,WR,Fresno State,1.5
5210061,Trey Zvonar,TE,Miami (OH),1.5
5291922,Jack Ellis,TE,San Diego State,1.5
5332203,Marcus Harris,WR,UCLA,1.5
5302781,William Mayes,TE,Louisiana Tech,1.5
5290580,Liam Fuller,TE,Temple,1.5
5290262,Zack Wagner,TE,Central Michigan,1.5
5158995,Jalen Lott,WR,Oregon,1.5
5159013,Salesi Moa,WR,Michigan,1.5
5394401,Blake Parker,WR,Ohio,1.5
5390459,Ty Watts,WR,Oklahoma State,1.5
5393156,Owen Geilman,QB,BYU,1.5
5390460,Blake Hogshooter,WR,Oklahoma State,1.5
5294112,Mason Kelley,WR,Wisconsin,1.5
5295187,Luke Sivon,WR,Akron,1.5
5302804,Zach Hackleman,WR,Ohio,1.5
5210481,Zane Gerbo,TE,Fresno State,1.5
5258134,Pierre Jackson,WR,Wyoming,1.5
5258137,Ke'Lyn Washom,WR,Wyoming,1.5
5394417,Alex Munoz,QB,Louisiana,1.5
5394408,MC Walker II,WR,Ohio,1.5
5385755,Dom Woods,WR,Bowling Green,1.5
5296047,Quinn Rosenkranz,WR,Purdue,1.5
5295481,Daniel Gomez,QB,Central Michigan,1.5
5216697,Miles Uter,TE,SMU,1.5
5302750,Colten Cole,TE,Rice,1.5
5216847,Colton Gumino,QB,UCLA,1.5
5296018,Nathan McCoy II,WR,Oregon,1.5
5385737,Sawyer Wilkerson,RB,Texas Tech,1.5
5382269,Sean Manuel,WR,Charlotte,1.5
5258483,Will Swartz,TE,Rice,1.5
5245054,Josiah Lucas,RB,San Diego State,1.5
5302862,Zaire McKinney,WR,Northern Illinois,1.5
5295188,Troy Hazuda,WR,Akron,1.5
5158989,Heze Kent,TE,Florida,1.5
5218810,Adam Molitor,TE,Missouri,1.5
5276670,Ar'mari Towns,TE,Purdue,1.5
5326942,Maddox Hunstad,TE,Bowling Green,1.5
5384686,Owen Harrington,TE,Kansas State,1.5
5218647,Carter Kuchenbuch,TE,Boise State,1.5
5296019,Jovon McRae II,WR,Oregon,1.5
5280785,Jarell Gary,WR,Wyoming,1.5
5281525,Beckham Hofland,TE,Boise State,1.4
5302829,Trent Taylor,TE,Bowling Green,1.4
5302827,TJ Sabatucci,TE,Buffalo,1.4
5369933,Isaiah Oliver,WR,Iowa,1.4
5372203,Tony Bland,WR,Florida State,1.4
5387621,Stone Rozak,TE,Buffalo,1.4
5387625,Aiden Howard,TE,Buffalo,1.4
5216575,Braylen Naves,WR,Central Michigan,1.4
5374299,Lane Cope,WR,Tennessee,1.4
5222543,Wilson Hodges,TE,Middle Tennessee,1.4
5230251,L.J. Booker,WR,Virginia Tech,1.4
5311782,Angelo Chapman,WR,Western Michigan,1.4
5314898,Aaron Bidwell,WR,Oregon,1.4
5319137,Palmer Riley,TE,Vanderbilt,1.4
5325039,Braiden Stevens,WR,Minnesota,1.4
5199861,Clarence Taylor,WR,Colorado State,1.4
5388851,Enrique Zatarain,TE,New Mexico,1.4
5293896,Luke McNulty,QB,Charlotte,1.4
5388436,Luke Berry,QB,Miami (OH),1.4
5388803,Alex Grush,WR,Nevada,1.4
5391527,Hunter Vaughn,WR,Oregon,1.4
5302873,Elijah Lucas,WR,Western Michigan,1.4
5302839,Avin Robinson,WR,Central Michigan,1.4
5387667,Bacori Minner,WR,Eastern Michigan,1.4
5221244,Owen Lansu,QB,Minnesota,1.4
5296586,John Condakes,TE,Massachusetts,1.4
5282032,Maxwell Young,WR,Fresno State,1.4
5211180,Stephen Brown,TE,NC State,1.4
5209959,Shawn Fishwick,WR,Eastern Michigan,1.4
5296210,Carson Su'esu'e,TE,New Mexico State,1.4
5280829,Jalen Williams,TE,Cincinnati,1.4
5282469,Harper Hughes,WR,Western Michigan,1.4
5296429,Chase Davis,WR,Middle Tennessee,1.4
5381514,Siler Cooke,WR,SMU,1.4
5381513,David Kniffen Jr.,WR,SMU,1.4
5264243,Keynan Cotton,WR,Fresno State,1.4
5207650,Quandre Coates,TE,Louisiana,1.4
5381554,Ryan Smith,QB,Houston,1.4
5295956,Brandon Hettwer,TE,Marshall,1.4
5384631,Griffin Baker,WR,Kansas,1.4
5383052,Malachi Steele,WR,Middle Tennessee,1.4
5390079,Jayden Williams,WR,Wyoming,1.4
5271219,Hayden Moore,WR,Minnesota,1.4
5271228,Carl Jean-Bart,WR,Eastern Michigan,1.4
5389953,Andreas Diaz-Nicolaidis,TE,UNLV,1.4
5276621,Rees Wise,QB,Ole Miss,1.4
5382520,Maddox Merrill,RB,Fresno State,1.4
5382521,Jalen Harris,RB,Fresno State,1.4
5382908,Darren Pinkard,TE,Kennesaw State,1.4
5276960,Donovan Triplett,RB,Western Michigan,1.4
5279149,Zamaurious Robertson,WR,North Carolina,1.4
5214452,Reiman Zebert,TE,Stanford,1.4
5293677,CJ Miller,WR,Eastern Michigan,1.4
5291743,Dallas Gaius-Anyaegbu,TE,Fresno State,1.4
5327431,Gatlin Bair,WR,Oregon,1.4
5326943,Chris Dupree,WR,UTSA,1.4
5327572,Justin Faulkner,WR,Northern Illinois,1.4
5212589,Emmett Bork,TE,Wisconsin,1.3
5394483,Kime Fangupo,TE,San Diego State,1.3
5161644,Brody Jones,TE,Virginia Tech,1.3
5327593,Da'Shon Febres,WR,Central Michigan,1.3
5388926,Cole Latimer,QB,Northern Illinois,1.3
5306767,Drew Hube,WR,Virginia Tech,1.3
5296266,Joseph Hobbs,WR,Virginia Tech,1.3
5257267,Tyler Klaner,TE,Northern Illinois,1.3
5252196,Brock Camp,TE,Colorado State,1.3
5375126,Frankie McAllister,TE,Ohio State,1.3
5279260,Bryson Beaver,QB,Georgia,1.3
5386515,Manoah Leiato,TE,USC,1.3
5217049,Jude Cascone,TE,Alabama,1.3
5216840,Cody Siegner,TE,Oregon State,1.3
5381629,Hudson Zell,WR,Virginia Tech,1.3
5203607,Elijah Hardy,WR,UCF,1.3
5381557,Braeden Robinson,WR,Houston,1.3
5296332,Maddox Sills,TE,Delaware,1.3
5296013,Mark Wiepert,QB,UTSA,1.3
5381556,Dorian Barnes,WR,Houston,1.3
5381565,Jack Newhouse,WR,Houston,1.3
5281139,Darren Schmitt,TE,Nevada,1.3
5384744,Jackson DeAtley,TE,Rice,1.3
5278236,Charlie Jilek,TE,Texas,1.3
5296083,Zack Palmer,WR,UCF,1.3
5141751,T'Andre Waverly,TE,Oregon State,1.3
5334229,AJ Seymour,TE,Ball State,1.3
5305895,Jalen Hightower,WR,Akron,1.3
5238281,DJ Johnson,TE,Boston College,1.3
5237342,Grant Smith,TE,Illinois,1.3
5390387,Jackson Blanchard,TE,Army,1.3
5390388,Sam Sartin,TE,Army,1.3
5290973,Robert Lucero,TE,Fresno State,1.3
5388763,Nick Hampton,TE,Troy,1.3
5390406,Ronan Boyle,TE,Army,1.3
5198324,Cibastian Broughton,QB,Akron,1.3
5246590,Derron Gray Jr.,TE,Bowling Green,1.3
5300518,Jake Bobo,QB,Georgia,1.3
5302871,Gavin Gregory,TE,Cincinnati,1.3
5211210,Brady Rhoad,TE,Western Michigan,1.3
5387636,Ryland Watters,QB,Central Michigan,1.3
5257987,DaMari Witherspoon,TE,Cincinnati,1.3
5261457,Cameron Kossmann,TE,Boston College,1.3
5379738,Brandon Golliday,WR,Arkansas State,1.3
5146770,Khalil Witherspoon,TE,Akron,1.3
5161878,Cole Leinart,QB,SMU,1.2
5212620,Dream Rashad,TE,North Carolina,1.2
5391329,Nick Spears,TE,Navy,1.2
5222635,Jon Grimmett,TE,Purdue,1.2
5329822,Dylan Barber,QB,Marshall,1.2
5311304,George Rohl,TE,Minnesota,1.2
5148656,Caden Piening,TE,UCF,1.2
5161821,Ben Gula,TE,Colorado,1.2
5291737,Ryan Rocheleau,TE,Western Michigan,1.2
5325698,Landon Cook,TE,Oregon State,1.2
5394447,Michael Dersa,TE,Western Michigan,1.2
5214936,Dylan Sims,TE,UCLA,1.2
5276678,Isaac Jensen,TE,Missouri,1.2
5391525,TC Manumaleuna,QB,Oregon,1.2
5394411,Calvin Moody,TE,Ohio,1.2
5388439,Jackson Ruth,WR,Miami (OH),1.2
5388323,Luke Simms,WR,Kent State,1.2
5388322,William Bierfeldt,WR,Kent State,1.2
5216315,Antoine Martin Jr.,WR,Colorado State,1.2
5303234,Dawson Mcfadin,TE,Arkansas State,1.2
5302884,Vainuupo Fanuaea,TE,Hawai'i,1.2
5295606,Wilson Roberts,WR,Miami (OH),1.2
5290785,Marcus Monroe,TE,Stanford,1.2
5294287,Conlee Hovey,TE,Kansas,1.2
5290584,Will Vala III,TE,Illinois,1.2
5173623,Frank Abreu,TE,Hawai'i,1.2
5374920,Evan Enderlin,WR,Texas,1.2
5159020,Damon Hall Jr.,TE,Maryland,1.2
5300483,Brady Geibel,QB,Ohio State,1.2
5376781,Austin Ratigan,TE,Notre Dame,1.2
5376780,Kaleb Johnson,TE,Notre Dame,1.2
5295885,Jonah Jones,WR,Texas State,1.2
5295599,Andrew Bjorson,WR,Miami (OH),1.2
5301448,CJ Castner,WR,Miami (OH),1.2
5268751,Blake Mclane,WR,Texas State,1.2
5375125,Ryan Seimetz,WR,Ohio State,1.2
5159026,Kendre Harrison,TE,Oregon,1.2
5295965,Aiden Falgout,TE,Louisiana,1.2
5296356,Kaden Martirano,QB,Nevada,1.2
5258474,Cash Landau,TE,Washington State,1.2
5381555,Canon Toon,QB,Houston,1.2
5296817,Dominic DeSarno,TE,Boston College,1.2
5279136,Zach Becker,TE,Ball State,1.2
5382998,Skylar Kirk,TE,Louisiana Tech,1.2
5209120,Stevie Amar Jr.,TE,UCLA,1.2
5295608,Ian Tepas,WR,Miami (OH),1.2
5388316,Wyatt Januska,WR,Kent State,1.2
5375124,Amari Valerio-Hudson,WR,Ohio State,1.2
5303241,Jerry Birdlow,TE,Louisiana,1.2
5388321,Aidan Stewart,WR,Kent State,1.2
5297799,Kolton Stover,QB,Ohio State,1.1
5269111,Ishmael Muhammad,TE,Wyoming,1.1
5384810,Jack Merryman,TE,Sam Houston,1.1
5195688,Landon Pace,TE,Wyoming,1.1
5264660,Afy Ibekwe,WR,Northern Illinois,1.1
5295783,Kyle Mullenix,TE,Georgia State,1.1
5386508,James Johnson,QB,USC,1.1
5210428,Peyton Read,TE,Washington State,1.1
5296084,Chase Hinshaw,WR,UCF,1.1
5280791,Ty Sexton,WR,Sam Houston,1.1
5236182,Gavin Garretson,TE,Arkansas,1.1
5222582,Carsen Melvin,TE,Bowling Green,1.1
5391535,Cole Newton,TE,Oregon,1.1
5388311,Cole Miller,QB,Kent State,1.1
5372139,Jack Gaskins,TE,Duke,1.1
5236285,Sebastien Boydell,TE,Fresno State,1.1
5295214,Ryan Lewis,TE,Fresno State,1.0
5295604,Gray Maultsby,TE,Miami (OH),1.0
5291730,Bryce Mcdaniel,TE,Fresno State,1.0
5382522,Sylas Austin,TE,Fresno State,1.0
5388921,Brady Hasquin,TE,Northern Illinois,1.0
5210429,Austin Simmons,TE,Washington,1.0
5295265,Reece Little,TE,Bowling Green,1.0
5295207,Mason Riggins,TE,Ball State,1.0
5302734,Brody Dawyot,TE,Charlotte,1.0
5293672,Hutson Hendrix,TE,Arkansas,1.0
5281268,Cooper McCutchan,TE,Purdue,1.0
5295495,Tim Boals,TE,Ohio,1.0
5385739,Lucas Andresen,TE,Ball State,1.0
5382525,Brayden Ford,TE,Fresno State,1.0
5376860,Treve Stoffel,TE,Wisconsin,1.0
5376851,Aydon Fickell,TE,Wisconsin,1.0
5291794,Daishaun Davis,WR,San Diego State,0.9
5394494,Craig Walker,WR,San Diego State,0.9
5291802,Carson Diehl,WR,San Diego State,0.9
5296059,Luke Shorter,TE,Purdue,0.9
5391398,Jimmy Pisani,TE,Michigan,0.9
5161843,Dayton Raiola,TE,Oregon,0.9
5280600,Derek Stevenson,WR,San Diego State,0.9
5295601,Noam Butbul,TE,Miami (OH),0.9
5278411,Armaad Sharp,TE,Eastern Michigan,0.8
5302270,Jack Lua,TE,San Diego State,0.7
5327427,Brooks Hall,TE,UCF,0.7
5289563,Brayden Marko,TE,Maryland,0.7
5268744,Jackson Stoner,TE,UTEP,0.7
5291096,Lawson Mcgraw,TE,Kansas State,0.7
5388338,Josh Tripp,TE,Massachusetts,0.6
5387660,Payton Kokaly,TE,Eastern Michigan,0.6
5279211,Benny Okwura,TE,UTEP,0.6
5297068,Kyle Lively,TE,Utah State,0.6
5203708,Sam Powell,TE,UCF,0.6
5289617,Nathan Piggott,TE,Eastern Michigan,0.6
5265375,Alex Faiivae,TE,Utah State,0.6
5388318,Andrew Rickelman,TE,Kent State,0.6
5212628,Matthew Tybor,TE,Massachusetts,0.5
5295595,Holtz Maine,TE,Kent State,0.5
5302898,Elijah Muliufi,TE,San Diego State,0.5
5302796,Johan Camacho,TE,UTEP,0.5
5290687,Brady Shelton,TE,Eastern Michigan,0.5
