rank,pos_rank,starter_vorp_rank,draft_adjusted_rank,managed_points_rank,ppg_rank,floor_rank,ceiling_rank,bench_rank,upside_rank,playerId,name,team,position,projected_games,projected_active_games,projected_games_available,projected_ppg,projected_points_if_active,raw_season_points,proj_points,replacement_points_during_absences,managed_season_points,managed_vorp,starter_vorp,qb35_adjusted_value,qb42_adjusted_value,draft_adjusted_value,draft_value,p10,p25,p50,p75,p90,starter_probability,expected_opportunity_share,role,role_confidence,injury_confidence,breakout_probability,projection_run_date,role_source_date,injury_source_date,source_url,source_as_of,scoring_ppr,waiver_replacement_rank,waiver_replacement_ppg,stash_cost
1,RB1,1,1,19,19,19,22,4633,38,5086388,Kewan Lacy,MISS,RB,12.0,12.0,12.0,21.05,252.6,252.6,252.6,0.0,252.6,94.9,94.9,94.9,94.9,94.9,94.9,,,,,,,,1.0,,1.0,,2026-08-25,,,,,0.5,,,0.0
2,QB1,5,2,1,1,1,1,4604,1,4880272,Byrum Brown,AUB,QB,12.0,12.0,12.0,26.16,313.9,313.9,313.9,0.0,313.9,68.8,68.8,85.6,89.9,89.9,89.9,,,,,,,,1.0,,1.0,,2026-08-25,,,,,0.5,,,0.0
3,QB2,7,3,2,2,2,2,4605,2,4685574,Conner Weigman,HOU,QB,12.0,12.0,12.0,26.01,312.1,312.1,312.1,0.0,312.1,67.0,67.0,83.8,88.1,88.1,88.1,,,,,,,,1.0,,1.0,,2026-08-25,,,,,0.5,,,0.0
4,QB3,11,4,3,3,3,3,4606,3,5148803,Brad Jackson,TXST,QB,12.0,12.0,12.0,25.83,310.0,310.0,310.0,0.0,310.0,64.9,64.9,81.7,86.0,86.0,86.0,,,,,,,,1.0,,1.0,,2026-08-25,,,,,0.5,,,0.0
5,RB2,2,5,33,33,33,36,4634,47,4918126,LJ Martin,BYU,RB,12.0,12.0,12.0,20.03,240.4,240.4,240.4,0.0,240.4,82.7,82.7,82.7,82.7,82.7,82.7,,,,,,,,1.0,,1.0,,2026-08-25,,,,,0.5,,,0.0
6,RB3,3,6,37,37,37,40,4635,48,4918103,Cam Cook,WVU,RB,12.0,12.0,12.0,19.27,231.2,231.2,231.2,0.0,231.2,73.5,73.5,73.5,73.5,73.5,73.5,,,,,,,,1.0,,1.0,,2026-08-25,,,,,0.5,,,0.0
7,RB4,6,7,43,44,43,46,4636,49,5079574,Jordan Marshall,MICH,RB,12.0,12.0,12.0,18.75,225.0,225.0,225.0,0.0,225.0,67.3,67.3,67.3,67.3,67.3,67.3,,,,,,0.9,,1.0,0.8,1.0,,2026-08-25,2026-08-12,,https://www.freep.com/story/sports/college/university-michigan/wolverines/2026/08/12/michigan-football-depth-chart-offense/91255241007/,2026-08-12,0.5,,,0.0
8,RB5,8,8,46,47,46,49,4637,50,4921108,DeSean Bishop,TENN,RB,12.0,12.0,12.0,18.68,224.2,224.2,224.2,0.0,224.2,66.5,66.5,66.5,66.5,66.5,66.5,,,,,,,,1.0,,1.0,,2026-08-25,,,,,0.5,,,0.0
9,RB6,9,9,48,49,48,53,4639,53,5076122,Evan Dickens,BC,RB,12.0,12.0,12.0,18.68,224.1,224.1,224.1,0.0,224.1,66.4,66.4,66.4,66.4,66.4,66.4,,,,,,,,1.0,,1.0,,2026-08-25,,,,,0.5,,,0.0
10,RB7,10,10,50,51,50,55,4640,55,5125754,Jai'Den Thomas,UNLV,RB,12.0,12.0,12.0,18.62,223.5,223.5,223.5,0.0,223.5,65.8,65.8,65.8,65.8,65.8,65.8,,,,,,,,1.0,,1.0,,2026-08-25,,,,,0.5,,,0.0
11,WR1,12,11,61,62,61,66,4641,66,5152414,Beau Sparks,TXST,WR,12.0,12.0,12.0,17.91,214.9,214.9,214.9,0.0,214.9,57.2,63.4,63.4,63.4,63.4,63.4,,,,,,,,1.0,,1.0,,2026-08-25,,,,,0.5,,,0.0
12,QB4,22,12,4,4,4,4,4607,4,5105849,Devon Dampier,UTAH,QB,12.0,12.0,12.0,23.87,286.4,286.4,286.4,0.0,286.4,41.3,41.3,58.1,62.4,62.4,62.4,,,,,,,,1.0,,1.0,,2026-08-25,,,,,0.5,,,0.0
13,QB5,36,13,5,5,5,5,4608,5,4870857,Avery Johnson,KSU,QB,12.0,12.0,12.0,23.36,280.3,280.3,280.3,0.0,280.3,35.2,35.2,52.0,56.3,56.3,56.3,,,,,,,,1.0,,1.0,,2026-08-25,,,,,0.5,,,0.0
14,RB8,13,14,62,63,62,67,4642,67,5209945,Antwan Raymond,RUTG,RB,12.0,12.0,12.0,17.82,213.9,213.9,213.9,0.0,213.9,56.2,56.2,56.2,56.2,56.2,56.2,,,,,,,,1.0,,1.0,,2026-08-25,,,,,0.5,,,0.0
15,QB6,38,15,6,6,6,6,4609,6,4870971,Marcel Reed,TA&M,QB,12.0,12.0,12.0,23.32,279.9,279.9,279.9,0.0,279.9,34.8,34.8,51.6,55.9,55.9,55.9,,,,,,,,1.0,,1.0,,2026-08-25,,,,,0.5,,,0.0
16,RB9,14,16,64,65,64,69,4643,69,5223167,Will Henderson III,UTSA,RB,12.0,12.0,12.0,17.78,213.4,213.4,213.4,0.0,213.4,55.7,55.7,55.7,55.7,55.7,55.7,,,,,,,,1.0,,1.0,,2026-08-25,,,,,0.5,,,0.0
17,WR2,15,17,75,76,75,80,4644,80,5079720,Jeremiah Smith,OSU,WR,12.0,12.0,12.0,17.26,207.1,207.1,207.1,0.0,207.1,49.4,55.6,55.6,55.6,55.6,55.6,,,,,,,,1.0,,1.0,,2026-08-25,,,,,0.5,,,0.0
18,QB7,42,18,7,7,7,7,4610,7,4695600,Bryson Barnes,USU,QB,12.0,12.0,12.0,22.78,273.4,273.4,273.4,0.0,273.4,28.3,28.3,45.1,49.4,49.4,49.4,,,,,,,,1.0,,1.0,,2026-08-25,,,,,0.5,,,0.0
19,WR3,16,19,86,87,86,92,4650,92,5132629,Braylon Staley,TENN,WR,12.0,12.0,12.0,16.71,200.5,200.5,200.5,0.0,200.5,42.8,49.0,49.0,49.0,49.0,49.0,,,,,,,,1.0,,1.0,,2026-08-25,,,,,0.5,,,0.0
20,RB10,17,20,77,78,77,83,4646,83,5092811,CJ Miller,TOL,RB,12.0,12.0,12.0,17.13,205.6,205.6,205.6,0.0,205.6,47.9,47.9,47.9,47.9,47.9,47.9,,,,,,,,1.0,,1.0,,2026-08-25,,,,,0.5,,,0.0
21,RB11,18,21,78,79,78,84,4647,84,5173431,Wayshawn Parker,UTAH,RB,12.0,12.0,12.0,17.12,205.5,205.5,205.5,0.0,205.5,47.8,47.8,47.8,47.8,47.8,47.8,,,,,,,,1.0,,1.0,,2026-08-25,,,,,0.5,,,0.0
22,QB8,48,22,8,8,8,8,4611,8,5125715,Colton Joseph,WIS,QB,12.0,12.0,12.0,22.47,269.6,269.6,269.6,0.0,269.6,24.5,24.5,41.3,45.6,45.6,45.6,,,,,,,,1.0,,1.0,,2026-08-25,,,,,0.5,,,0.0
23,RB12,19,23,83,84,83,89,4648,89,5258016,Caleb Hawkins,OKST,RB,12.0,12.0,12.0,16.88,202.6,202.6,202.6,0.0,202.6,44.9,44.9,44.9,44.9,44.9,44.9,,,,,,,,1.0,,1.0,,2026-08-25,,,,,0.5,,,0.0
24,WR4,20,24,96,97,96,105,4657,105,5079580,Mike Matthews,TENN,WR,12.0,12.0,12.0,16.26,195.1,195.1,195.1,0.0,195.1,37.4,43.6,43.6,43.6,43.6,43.6,,,,,,,,1.0,,1.0,,2026-08-25,,,,,0.5,,,0.0
25,RB13,21,25,85,86,85,91,4649,91,4431328,Rodney Hammond Jr.,SAC,RB,12.0,12.0,12.0,16.75,201.0,201.0,201.0,0.0,201.0,43.3,43.3,43.3,43.3,43.3,43.3,,,,,,,,1.0,,1.0,,2026-08-25,,,,,0.5,,,0.0
26,RB14,23,26,87,88,87,93,4651,93,5030333,Sedrick Alexander,VAN,RB,12.0,12.0,12.0,16.57,198.8,198.8,198.8,0.0,198.8,41.1,41.1,41.1,41.1,41.1,41.1,,,,,,,,1.0,,1.0,,2026-08-25,,,,,0.5,,,0.0
27,WR5,24,27,103,104,103,112,4661,112,5079345,Mario Craver,TA&M,WR,12.0,12.0,12.0,16.03,192.3,192.3,192.3,0.0,192.3,34.6,40.8,40.8,40.8,40.8,40.8,,,,,,,,1.0,,1.0,,2026-08-25,,,,,0.5,,,0.0
28,RB15,25,28,89,90,89,95,4652,95,5141423,Jordon Davison,ORE,RB,12.0,12.0,12.0,16.52,198.2,198.2,198.2,0.0,198.2,40.5,40.5,40.5,40.5,40.5,40.5,,,,,,1.0,,1.0,0.8,1.0,,2026-08-25,2026-08-12,,https://www.oregonlive.com/ducks/2026/08/oregon-rb-coach-rashaad-samples-denies-report-jordon-davison-injured-during-practice.html,2026-08-12,0.5,,,0.0
29,RB16,26,29,90,91,90,96,4653,96,5079663,Jeremy Payne,TCU,RB,12.0,12.0,12.0,16.47,197.7,197.7,197.7,0.0,197.7,40.0,40.0,40.0,40.0,40.0,40.0,,,,,,,,1.0,,1.0,,2026-08-25,,,,,0.5,,,0.0
30,WR6,27,30,107,107,106,115,4662,115,5084771,KJ Duff,RUTG,WR,12.0,12.0,12.0,15.92,191.0,191.0,191.0,0.0,191.0,33.3,39.5,39.5,39.5,39.5,39.5,,,,,,,,1.0,,1.0,,2026-08-25,,,,,0.5,,,0.0
31,RB17,28,31,91,92,91,100,4654,100,5086034,Cam Edwards,MSU,RB,12.0,12.0,12.0,16.42,197.0,197.0,197.0,0.0,197.0,39.3,39.3,39.3,39.3,39.3,39.3,,,,,,,,1.0,,1.0,,2026-08-25,,,,,0.5,,,0.0
32,WR7,29,32,110,110,109,118,4664,118,4914830,Easton Messer,FAU,WR,12.0,12.0,12.0,15.87,190.4,190.4,190.4,0.0,190.4,32.7,38.9,38.9,38.9,38.9,38.9,,,,,,,,1.0,,1.0,,2026-08-25,,,,,0.5,,,0.0
33,RB18,30,33,94,95,94,103,4655,103,4911971,Jahiem White,UNT,RB,12.0,12.0,12.0,16.33,196.0,196.0,196.0,0.0,196.0,38.3,38.3,38.3,38.3,38.3,38.3,,,,,,0.8,,1.0,0.5,1.0,,2026-08-25,2026-08-18,,https://www.ntdaily.com/sports/meet-the-mean-green-running-back-jahiem-white/article_a0a033ae-d24a-4db0-beda-b05a891665e6.html,2026-08-18,0.5,,,0.0
34,RB19,31,34,95,96,95,104,4656,104,5220197,Fluff Bothwell,MSST,RB,12.0,12.0,12.0,16.3,195.6,195.6,195.6,0.0,195.6,37.9,37.9,37.9,37.9,37.9,37.9,,,,,,,,1.0,,1.0,,2026-08-25,,,,,0.5,,,0.0
35,WR8,32,35,112,112,111,120,4665,120,5159175,Malachi Toney,MIA,WR,12.0,12.0,12.0,15.78,189.4,189.4,189.4,0.0,189.4,31.7,37.9,37.9,37.9,37.9,37.9,,,,,,,,1.0,,1.0,,2026-08-25,,,,,0.5,,,0.0
36,RB20,33,36,97,98,97,106,4658,106,5141517,Bo Jackson,OSU,RB,12.0,12.0,12.0,16.23,194.8,194.8,194.8,0.0,194.8,37.1,37.1,37.1,37.1,37.1,37.1,,,,,,,,1.0,,1.0,,2026-08-25,,,,,0.5,,,0.0
37,QB9,62,37,9,9,9,12,4612,9,5141367,Bear Bachmeier,BYU,QB,12.0,12.0,12.0,21.74,260.9,260.9,260.9,0.0,260.9,15.8,15.8,32.6,36.9,36.9,36.9,,,,,,,,1.0,,1.0,,2026-08-25,,,,,0.5,,,0.0
38,WR9,34,38,115,115,114,123,4666,123,5077060,Amare Thomas,HOU,WR,12.0,12.0,12.0,15.69,188.3,188.3,188.3,0.0,188.3,30.6,36.8,36.8,36.8,36.8,36.8,,,,,,,,1.0,,1.0,,2026-08-25,,,,,0.5,,,0.0
39,QB10,63,39,10,10,10,13,4613,10,4911529,Trinidad Chambliss,MISS,QB,12.0,12.0,12.0,21.64,259.7,259.7,259.7,0.0,259.7,14.6,14.6,31.4,35.7,35.7,35.7,,,,,,,,1.0,,1.0,,2026-08-25,,,,,0.5,,,0.0
40,RB21,35,40,99,100,99,108,4659,108,5079742,Aneyas Williams,ND,RB,12.0,12.0,12.0,16.12,193.4,193.4,193.4,0.0,193.4,35.7,35.7,35.7,35.7,35.7,35.7,,,,,,,,1.0,,1.0,,2026-08-25,,,,,0.5,,,0.0
41,RB22,37,41,102,103,102,111,4660,111,5164332,Nate Sheppard,DUKE,RB,12.0,12.0,12.0,16.07,192.8,192.8,192.8,0.0,192.8,35.1,35.1,35.1,35.1,35.1,35.1,,,,,,,,1.0,,1.0,,2026-08-25,,,,,0.5,,,0.0
42,RB23,4,42,105,38,154,81,4645,81,5197065,Ahmad Hardy,MIZ,RB,10.0,10.0,10.0,19.2,230.4,192.0,192.0,0.0,192.0,34.3,72.7,34.3,34.3,34.3,34.3,171.925,171.925,194.672,194.672,206.791,1.0,,1.0,0.8,0.55,,2026-08-25,2026-08-20,2026-08-20,https://www.columbiatribune.com/story/sports/college/mizzou/2026/08/20/ahmad-hardy-injury-missouri/,2026-08-20,0.5,,,0.0
43,QB11,65,43,11,11,11,14,4614,11,5153846,Nick Minicucci,DEL,QB,12.0,12.0,12.0,21.49,257.9,257.9,257.9,0.0,257.9,12.8,12.8,29.6,33.9,33.9,33.9,,,,,,,,1.0,,1.0,,2026-08-25,,,,,0.5,,,0.0
44,QB12,67,44,12,12,12,15,4615,12,5079653,Demond Williams Jr.,WASH,QB,12.0,12.0,12.0,21.48,257.7,257.7,257.7,0.0,257.7,12.6,12.6,29.4,33.7,33.7,33.7,,,,,,,,1.0,,1.0,,2026-08-25,,,,,0.5,,,0.0
45,QB13,70,45,13,13,13,16,4616,13,5238868,Liam Szarka,AF,QB,12.0,12.0,12.0,21.43,257.2,257.2,257.2,0.0,257.2,12.1,12.1,28.9,33.2,33.2,33.2,,,,,,,,1.0,,1.0,,2026-08-25,,,,,0.5,,,0.0
46,QB14,71,46,14,14,14,17,4617,14,4870906,Arch Manning,TEX,QB,12.0,12.0,12.0,21.41,256.9,256.9,256.9,0.0,256.9,11.8,11.8,28.6,32.9,32.9,32.9,,,,,,,,1.0,,1.0,,2026-08-25,,,,,0.5,,,0.0
47,RB24,39,47,109,109,108,117,4663,117,5078244,Caleb Komolafe,NU,RB,12.0,12.0,12.0,15.88,190.5,190.5,190.5,0.0,190.5,32.8,32.8,32.8,32.8,32.8,32.8,,,,,,,,1.0,,1.0,,2026-08-25,,,,,0.5,,,0.0
48,QB15,74,48,15,15,15,18,4618,15,5074245,Broc Lowry,WMU,QB,12.0,12.0,12.0,21.28,255.4,255.4,255.4,0.0,255.4,10.3,10.3,27.1,31.4,31.4,31.4,,,,,,,,1.0,,1.0,,2026-08-25,,,,,0.5,,,0.0
49,QB16,76,49,16,16,16,19,4619,16,4685578,Gunner Stockton,UGA,QB,12.0,12.0,12.0,21.24,254.9,254.9,254.9,0.0,254.9,9.8,9.8,26.6,30.9,30.9,30.9,,,,,,,,1.0,,1.0,,2026-08-25,,,,,0.5,,,0.0
50,QB17,77,50,17,17,17,20,4620,17,4801717,Noah Fifita,ARIZ,QB,12.0,12.0,12.0,21.22,254.7,254.7,254.7,0.0,254.7,9.6,9.6,26.4,30.7,30.7,30.7,,,,,,,,1.0,,1.0,,2026-08-25,,,,,0.5,,,0.0
51,QB18,78,51,18,18,18,21,4621,18,4915980,John Mateer,OU,QB,12.0,12.0,12.0,21.2,254.4,254.4,254.4,0.0,254.4,9.3,9.3,26.1,30.4,30.4,30.4,,,,,,,,1.0,,1.0,,2026-08-25,,,,,0.5,,,0.0
52,RB25,40,52,118,118,117,126,4667,126,5085006,Jalen Buckley,WMU,RB,12.0,12.0,12.0,15.54,186.5,186.5,186.5,0.0,186.5,28.8,28.8,28.8,28.8,28.8,28.8,,,,,,,,1.0,,1.0,,2026-08-25,,,,,0.5,,,0.0
53,WR10,41,53,137,137,136,145,4677,145,5114311,Jackson Harris,LSU,WR,12.0,12.0,12.0,15.02,180.3,180.3,180.3,0.0,180.3,22.6,28.8,28.8,28.8,28.8,28.8,,,,,,,,0.98,,1.0,,2026-08-25,,,,,0.5,,,0.0
54,QB19,82,54,20,20,20,23,4622,19,5080403,Jaylen Raynor,ISU,QB,12.0,12.0,12.0,21.04,252.5,252.5,252.5,0.0,252.5,7.4,7.4,24.2,28.5,28.5,28.5,,,,,,,,1.0,,1.0,,2026-08-25,,,,,0.5,,,0.0
55,RB26,43,55,120,120,119,128,4668,128,5079322,Jadan Baugh,FLA,RB,12.0,12.0,12.0,15.46,185.5,185.5,185.5,0.0,185.5,27.8,27.8,27.8,27.8,27.8,27.8,,,,,,,,1.0,,1.0,,2026-08-25,,,,,0.5,,,0.0
56,RB27,44,56,121,121,120,129,4669,129,4816099,Javen Jacobs,USU,RB,12.0,12.0,12.0,15.45,185.4,185.4,185.4,0.0,185.4,27.7,27.7,27.7,27.7,27.7,27.7,,,,,,,,1.0,,1.0,,2026-08-25,,,,,0.5,,,0.0
57,QB20,83,57,21,21,21,24,4623,20,5079369,CJ Carr,ND,QB,12.0,12.0,12.0,20.97,251.6,251.6,251.6,0.0,251.6,6.5,6.5,23.3,27.6,27.6,27.6,,,,,,,,1.0,,1.0,,2026-08-25,,,,,0.5,,,0.0
58,QB21,85,58,22,22,22,25,4624,21,4911929,Alonza Barnett III,UCF,QB,12.0,12.0,12.0,20.92,251.1,251.1,251.1,0.0,251.1,6.0,6.0,22.8,27.1,27.1,27.1,,,,,,,,0.98,,1.0,,2026-08-25,,,,,0.5,,,0.0
59,QB22,88,59,23,23,23,26,4625,22,5044387,Anthony Colandrea,NEB,QB,12.0,12.0,12.0,20.83,250.0,250.0,250.0,0.0,250.0,4.9,4.9,21.7,26.0,26.0,26.0,,,,,,1.0,,1.0,0.5,1.0,,2026-08-25,2026-08-18,,,2026-08-18,0.5,,,0.0
60,RB28,45,60,123,123,122,131,4670,131,5079349,Isaac Brown,LOU,RB,12.0,12.0,12.0,15.29,183.5,183.5,183.5,0.0,183.5,25.8,25.8,25.8,25.8,25.8,25.8,,,,,,,,1.0,,1.0,,2026-08-25,,,,,0.5,,,0.0
61,QB23,91,61,24,24,24,27,4626,23,4870513,Maddux Madsen,BOIS,QB,12.0,12.0,12.0,20.78,249.4,249.4,249.4,0.0,249.4,4.3,4.3,21.1,25.4,25.4,25.4,,,,,,,,1.0,,1.0,,2026-08-25,,,,,0.5,,,0.0
62,RB29,46,62,125,125,124,133,4671,133,5167252,Duncan Brune,OHIO,RB,12.0,12.0,12.0,15.25,183.0,183.0,183.0,0.0,183.0,25.3,25.3,25.3,25.3,25.3,25.3,,,,,,,,1.0,,1.0,,2026-08-25,,,,,0.5,,,0.0
63,QB24,93,63,25,25,25,28,4627,24,4869991,Caden Veltkamp,FAU,QB,12.0,12.0,12.0,20.74,248.9,248.9,248.9,0.0,248.9,3.8,3.8,20.6,24.9,24.9,24.9,,,,,,,,1.0,,1.0,,2026-08-25,,,,,0.5,,,0.0
64,RB30,47,64,128,128,127,136,4672,136,4870760,Justice Haynes,GT,RB,12.0,12.0,12.0,15.2,182.4,182.4,182.4,0.0,182.4,24.7,24.7,24.7,24.7,24.7,24.7,,,,,,,,1.0,,1.0,,2026-08-25,,,,,0.5,,,0.0
65,WR11,49,65,151,151,149,158,4681,158,5218633,Ryan Wingo,TEX,WR,12.0,12.0,12.0,14.67,176.0,176.0,176.0,0.0,176.0,18.3,24.5,24.5,24.5,24.5,24.5,,,,,,,,1.0,,1.0,,2026-08-25,,,,,0.5,,,0.0
66,RB31,50,66,130,130,129,138,4673,138,4870934,Rueben Owens II,TA&M,RB,12.0,12.0,12.0,15.16,181.9,181.9,181.9,0.0,181.9,24.2,24.2,24.2,24.2,24.2,24.2,,,,,,,,1.0,,1.0,,2026-08-25,,,,,0.5,,,0.0
67,RB32,51,67,131,131,130,139,4674,139,5084582,Jordan Gant,AKR,RB,12.0,12.0,12.0,15.15,181.8,181.8,181.8,0.0,181.8,24.1,24.1,24.1,24.1,24.1,24.1,,,,,,,,1.0,,1.0,,2026-08-25,,,,,0.5,,,0.0
68,QB25,99,68,26,26,26,29,4628,25,4838536,Tyler Hughes,WYO,QB,12.0,12.0,12.0,20.65,247.8,247.8,247.8,0.0,247.8,2.7,2.7,19.5,23.8,23.8,23.8,,,,,,,,0.99,,1.0,,2026-08-25,,,,,0.5,,,0.0
69,RB33,52,69,133,133,132,141,4675,141,5125823,DJ McKinney,TLSA,RB,12.0,12.0,12.0,15.12,181.5,181.5,181.5,0.0,181.5,23.8,23.8,23.8,23.8,23.8,23.8,,,,,,,,0.99,,1.0,,2026-08-25,,,,,0.5,,,0.0
70,RB34,53,70,136,136,135,144,4676,144,4912453,Lucky Sutton,SDSU,RB,12.0,12.0,12.0,15.08,181.0,181.0,181.0,0.0,181.0,23.3,23.3,23.3,23.3,23.3,23.3,,,,,,,,1.0,,1.0,,2026-08-25,,,,,0.5,,,0.0
71,QB26,106,71,27,27,27,30,4629,26,5177084,Kamario Taylor,MSST,QB,12.0,12.0,12.0,20.59,247.1,247.1,247.1,0.0,247.1,2.0,2.0,18.8,23.1,23.1,23.1,,,,,,,,0.96,,1.0,,2026-08-25,,,,,0.5,,,0.0
72,QB27,108,72,28,28,28,31,4630,27,5079712,Julian Sayin,OSU,QB,12.0,12.0,12.0,20.57,246.8,246.8,246.8,0.0,246.8,1.7,1.7,18.5,22.8,22.8,22.8,,,,,,,,1.0,,1.0,,2026-08-25,,,,,0.5,,,0.0
73,WR12,54,73,154,154,152,161,4684,161,5088153,Micahi Danzy,FSU,WR,12.0,12.0,12.0,14.47,173.6,173.6,173.6,0.0,173.6,15.9,22.1,22.1,22.1,22.1,22.1,,,,,,,,1.0,,1.0,,2026-08-25,,,,,0.5,,,0.0
74,RB35,55,74,143,143,905,9,4631,28,5193580,Cameron Dickey,TTU,RB,12.0,12.0,12.0,14.96,179.6,179.6,179.6,0.0,179.6,21.9,21.9,21.9,21.9,21.9,21.9,80.931,100.257,100.257,265.423,265.423,0.5,0.44,0.7,0.8,1.0,0.0,2026-08-25,2026-07-30,,https://redraiderswire.usatoday.com/story/sports/college/red-raiders/football/2026/07/30/texas-tech-football-running-backs-preview-2026/91096409007/,2026-07-30,0.5,,,0.0
75,WR13,56,75,155,155,153,162,4685,162,5154734,Griffin Wilde,NU,WR,12.0,12.0,12.0,14.42,173.0,173.0,173.0,0.0,173.0,15.3,21.5,21.5,21.5,21.5,21.5,,,,,,,,1.0,,1.0,,2026-08-25,,,,,0.5,,,0.0
76,QB28,112,76,29,29,29,32,4632,31,4685454,Jayden Maiava,USC,QB,12.0,12.0,12.0,20.43,245.2,245.2,245.2,0.0,245.2,0.1,0.1,16.9,21.2,21.2,21.2,,,,,,,,1.0,,1.0,,2026-08-25,,,,,0.5,,,0.0
77,QB29,113,77,30,30,30,33,3,32,5307005,Mason McKenzie,BC,QB,12.0,12.0,12.0,20.42,245.1,245.1,245.1,0.0,245.1,0.0,-0.1,16.8,21.1,21.1,21.1,,,,,,,,0.82,,1.0,,2026-08-25,,,,,0.5,,,0.0
78,RB36,57,78,145,145,143,152,4678,152,5141677,Ja'Kyrian Turner,PITT,RB,12.0,12.0,12.0,14.88,178.6,178.6,178.6,0.0,178.6,20.9,20.9,20.9,20.9,20.9,20.9,,,,,,,,1.0,,1.0,,2026-08-25,,,,,0.5,,,0.0
79,QB30,114,79,31,31,31,34,4,33,5122157,Caden Creel,JXST,QB,12.0,12.0,12.0,20.36,244.3,244.3,244.3,0.0,244.3,-0.8,-0.9,16.0,20.3,20.3,20.3,,,,,,,,1.0,,1.0,,2026-08-25,,,,,0.5,,,0.0
80,QB31,115,80,32,32,32,35,5,34,5126468,Will Hammond,TTU,QB,12.0,12.0,12.0,20.31,243.7,243.7,243.7,0.0,243.7,-1.4,-1.5,15.4,19.7,19.7,19.7,,,,,,,,0.95,,1.0,,2026-08-25,,,,,0.5,,,0.0
81,RB37,58,81,148,148,146,155,4679,155,5125900,Joshua Dye,MISS,RB,12.0,12.0,12.0,14.73,176.8,176.8,176.8,0.0,176.8,19.1,19.1,19.1,19.1,19.1,19.1,,,,,,,,0.92,,1.0,,2026-08-25,,,,,0.5,,,0.0
82,RB38,59,82,150,150,148,157,4680,157,5153885,Rodney Nelson,M-OH,RB,12.0,12.0,12.0,14.68,176.1,176.1,176.1,0.0,176.1,18.4,18.4,18.4,18.4,18.4,18.4,,,,,,0.35,,0.7,0.5,1.0,,2026-08-25,2026-08-18,,,2026-08-18,0.5,,,0.0
83,RB39,60,83,152,152,150,159,4682,159,4920901,Darius Taylor,MINN,RB,12.0,12.0,12.0,14.62,175.4,175.4,175.4,0.0,175.4,17.7,17.7,17.7,17.7,17.7,17.7,,,,,,,,1.0,,1.0,,2026-08-25,,,,,0.5,,,0.0
84,RB40,61,84,153,153,151,160,4683,160,5084047,Nate Frazier,UGA,RB,12.0,12.0,12.0,14.52,174.3,174.3,174.3,0.0,174.3,16.6,16.6,16.6,16.6,16.6,16.6,,,,,,,,1.0,,1.0,,2026-08-25,,,,,0.5,,,0.0
85,QB32,128,85,34,34,34,37,6,35,5083042,Skyler Locklear,MOST,QB,12.0,12.0,12.0,19.9,238.8,238.8,238.8,0.0,238.8,-6.3,-6.4,10.5,14.8,14.8,14.8,,,,,,,,1.0,,1.0,,2026-08-25,,,,,0.5,,,0.0
86,RB41,64,86,156,156,155,163,4686,163,4912342,Wayne Knight,UCLA,RB,12.0,12.0,12.0,14.27,171.2,171.2,171.2,0.0,171.2,13.5,13.5,13.5,13.5,13.5,13.5,,,,,,,,1.0,,1.0,,2026-08-25,,,,,0.5,,,0.0
87,RB42,66,87,157,157,985,51,4638,51,5295318,Waymond Jordan,USC,RB,12.0,12.0,12.0,14.21,170.5,170.5,170.5,0.0,170.5,12.8,12.8,12.8,12.8,12.8,12.8,76.444,102.686,224.16,224.16,224.16,0.58,0.494,0.7,0.8,1.0,0.0,2026-08-25,2026-08-01,,https://www.si.com/college/usc/football/usc-trojans-waymond-jordan-shares-candid-insights-injury-recovery,2026-08-01,0.5,,,0.0
88,QB33,135,88,35,35,35,38,7,36,5150297,Cale Hellums,ARMY,QB,12.0,12.0,12.0,19.72,236.7,236.7,236.7,0.0,236.7,-8.4,-8.5,8.4,12.7,12.7,12.7,,,,,,,,1.0,,1.0,,2026-08-25,,,,,0.5,,,0.0
89,QB34,136,89,36,36,36,39,8,37,5226019,Caden Pinnick,WSU,QB,12.0,12.0,12.0,19.72,236.6,236.6,236.6,0.0,236.6,-8.5,-8.6,8.3,12.6,12.6,12.6,,,,,,,,0.97,,1.0,,2026-08-25,,,,,0.5,,,0.0
90,RB43,68,90,159,159,157,167,4687,167,5077502,Carson Hansen,PSU,RB,12.0,12.0,12.0,14.16,169.9,169.9,169.9,0.0,169.9,12.2,12.2,12.2,12.2,12.2,12.2,,,,,,,,1.0,,1.0,,2026-08-25,,,,,0.5,,,0.0
91,WR14,69,91,166,166,164,174,4690,174,5148787,Wyatt Young,OKST,WR,12.0,12.0,12.0,13.64,163.7,163.7,163.7,0.0,163.7,6.0,12.2,12.2,12.2,12.2,12.2,,,,,,,,1.0,,1.0,,2026-08-25,,,,,0.5,,,0.0
92,RB44,72,92,161,161,159,169,4688,169,4871076,Quintrevion Wisner,FSU,RB,12.0,12.0,12.0,14.04,168.5,168.5,168.5,0.0,168.5,10.8,10.8,10.8,10.8,10.8,10.8,,,,,,,,1.0,,1.0,,2026-08-25,,,,,0.5,,,0.0
93,WR15,73,93,169,169,167,177,4692,177,5079687,Jordan Shipp,UNC,WR,12.0,12.0,12.0,13.52,162.2,162.2,162.2,0.0,162.2,4.5,10.7,10.7,10.7,10.7,10.7,,,,,,,,1.0,,1.0,,2026-08-25,,,,,0.5,,,0.0
94,RB45,75,94,162,162,160,170,4689,170,4870736,Mark Fletcher Jr.,MIA,RB,12.0,12.0,12.0,13.98,167.8,167.8,167.8,0.0,167.8,10.1,10.1,10.1,10.1,10.1,10.1,,,,,,,,1.0,,1.0,,2026-08-25,,,,,0.5,,,0.0
95,WR16,79,95,173,173,171,181,4695,181,5084135,Pofele Ashlock,HAW,WR,12.0,12.0,12.0,13.38,160.5,160.5,160.5,0.0,160.5,2.8,9.0,9.0,9.0,9.0,9.0,,,,,,,,1.0,,1.0,,2026-08-25,,,,,0.5,,,0.0
96,WR17,80,96,179,179,177,187,4701,187,4918108,Jordan Napier,SDSU,WR,12.0,12.0,12.0,13.29,159.5,159.5,159.5,0.0,159.5,1.8,8.0,8.0,8.0,8.0,8.0,,,,,,,,1.0,,1.0,,2026-08-25,,,,,0.5,,,0.0
97,WR18,81,97,180,180,178,188,4702,188,5152158,Deuce Alexander,MISS,WR,12.0,12.0,12.0,13.29,159.5,159.5,159.5,0.0,159.5,1.8,8.0,8.0,8.0,8.0,8.0,,,,,,,,1.0,,1.0,,2026-08-25,,,,,0.5,,,0.0
98,WR19,84,98,190,190,188,198,4706,198,5152815,Danny Scudero,COLO,WR,12.0,12.0,12.0,13.13,157.6,157.6,157.6,0.0,157.6,-0.1,6.1,6.1,6.1,6.1,6.1,,,,,,,,1.0,,1.0,,2026-08-25,,,,,0.5,,,0.0
99,WR20,86,99,191,191,189,200,4707,200,4832804,Jordan Dwyer,TCU,WR,12.0,12.0,12.0,13.12,157.4,157.4,157.4,0.0,157.4,-0.3,5.9,5.9,5.9,5.9,5.9,,,,,,,,1.0,,1.0,,2026-08-25,,,,,0.5,,,0.0
100,RB46,87,100,168,168,166,176,4691,176,5078144,Landen Chambers,UCF,RB,12.0,12.0,12.0,13.58,163.0,163.0,163.0,0.0,163.0,5.3,5.3,5.3,5.3,5.3,5.3,,,,,,,,0.93,,1.0,,2026-08-25,,,,,0.5,,,0.0
101,WR21,89,101,196,196,194,205,4708,205,5121879,Keshaun Singleton,AUB,WR,12.0,12.0,12.0,13.03,156.4,156.4,156.4,0.0,156.4,-1.3,4.9,4.9,4.9,4.9,4.9,,,,,,,,1.0,,1.0,,2026-08-25,,,,,0.5,,,0.0
102,QB35,165,102,38,39,38,41,9,39,5158343,Braxton Woodson,NAVY,QB,12.0,12.0,12.0,19.04,228.5,228.5,228.5,0.0,228.5,-16.6,-16.7,0.2,4.5,4.5,4.5,,,,,,,,1.0,,1.0,,2026-08-25,,,,,0.5,,,0.0
103,WR22,90,103,197,197,195,206,4709,206,5078165,Junior Sherrill,VAN,WR,12.0,12.0,12.0,13.0,156.0,156.0,156.0,0.0,156.0,-1.7,4.5,4.5,4.5,4.5,4.5,,,,,,,,1.0,,1.0,,2026-08-25,,,,,0.5,,,0.0
104,QB36,167,104,39,40,39,42,10,40,5171031,Matt Vezza,OHIO,QB,12.0,12.0,12.0,19.03,228.3,228.3,228.3,0.0,228.3,-16.8,-16.9,0.0,4.3,4.3,4.3,,,,,,,,1.0,,1.0,,2026-08-25,,,,,0.5,,,0.0
105,WR23,92,105,199,199,197,208,4710,208,4870922,Duce Robinson,FSU,WR,12.0,12.0,12.0,12.98,155.7,155.7,155.7,0.0,155.7,-2.0,4.2,4.2,4.2,4.2,4.2,,,,,,,,1.0,,1.0,,2026-08-25,,,,,0.5,,,0.0
106,WR24,94,106,200,200,198,209,4711,209,5094032,Nico Brown,STAN,WR,12.0,12.0,12.0,12.93,155.2,155.2,155.2,0.0,155.2,-2.5,3.7,3.7,3.7,3.7,3.7,,,,,,,,0.96,,1.0,,2026-08-25,,,,,0.5,,,0.0
107,WR25,95,107,201,201,199,210,4712,210,5153730,Jaden Barnes,CLT,WR,12.0,12.0,12.0,12.92,155.1,155.1,155.1,0.0,155.1,-2.6,3.6,3.6,3.6,3.6,3.6,,,,,,,,1.0,,1.0,,2026-08-25,,,,,0.5,,,0.0
108,WR26,96,108,203,203,201,212,4713,212,5141711,Ryan Coleman-Williams,ALA,WR,12.0,12.0,12.0,12.89,154.7,154.7,154.7,0.0,154.7,-3.0,3.2,3.2,3.2,3.2,3.2,,,,,,,,1.0,,1.0,,2026-08-25,,,,,0.5,,,0.0
109,QB37,175,109,40,41,40,43,11,41,5219834,Drew Mestemaker,OKST,QB,12.0,12.0,12.0,18.92,227.1,227.1,227.1,0.0,227.1,-18.0,-18.1,-1.2,3.1,3.1,3.1,,,,,,,,1.0,,1.0,,2026-08-25,,,,,0.5,,,0.0
110,TE1,97,110,171,171,169,179,4693,179,4870728,Kaden Feagin,ILL,TE,12.0,12.0,12.0,13.4,160.8,160.8,160.8,0.0,160.8,3.1,3.1,3.1,3.1,3.1,3.1,,,,,,1.0,,1.0,0.5,1.0,,2026-08-25,2026-08-18,,,2026-08-18,0.5,,,0.0
111,RB47,98,111,172,172,170,180,4694,180,5146725,Kaden Shields-Dutton,FAU,RB,12.0,12.0,12.0,13.38,160.6,160.6,160.6,0.0,160.6,2.9,2.9,2.9,2.9,2.9,2.9,,,,,,,,0.98,,1.0,,2026-08-25,,,,,0.5,,,0.0
112,RB48,100,112,174,174,172,182,4696,182,5143191,Micah Ford,STAN,RB,12.0,12.0,12.0,13.37,160.4,160.4,160.4,0.0,160.4,2.7,2.7,2.7,2.7,2.7,2.7,,,,,,,,1.0,,1.0,,2026-08-25,,,,,0.5,,,0.0
113,RB49,101,113,175,175,173,183,4697,183,5154284,Ramone Green Jr.,MOST,RB,12.0,12.0,12.0,13.37,160.4,160.4,160.4,0.0,160.4,2.7,2.7,2.7,2.7,2.7,2.7,,,,,,,,1.0,,1.0,,2026-08-25,,,,,0.5,,,0.0
114,RB50,102,114,176,176,174,184,4698,184,4685445,Rayshon Luke,FRES,RB,12.0,12.0,12.0,13.36,160.3,160.3,160.3,0.0,160.3,2.6,2.6,2.6,2.6,2.6,2.6,,,,,,,,1.0,,1.0,,2026-08-25,,,,,0.5,,,0.0
115,RB51,103,115,177,177,175,185,4699,185,5227209,Anthony Reagan Jr.,UL,RB,12.0,12.0,12.0,13.36,160.3,160.3,160.3,0.0,160.3,2.6,2.6,2.6,2.6,2.6,2.6,,,,,,,,0.99,,1.0,,2026-08-25,,,,,0.5,,,0.0
116,QB38,179,116,41,42,41,44,12,42,4685696,Beau Pribula,UVA,QB,12.0,12.0,12.0,18.86,226.3,226.3,226.3,0.0,226.3,-18.8,-18.9,-2.0,2.3,2.3,2.3,,,,,,,,0.96,,1.0,,2026-08-25,,,,,0.5,,,0.0
117,WR27,104,117,206,206,204,215,4714,215,4871010,Shelton Sampson Jr.,UL,WR,12.0,12.0,12.0,12.82,153.8,153.8,153.8,0.0,153.8,-3.9,2.3,2.3,2.3,2.3,2.3,,,,,,,,1.0,,1.0,,2026-08-25,,,,,0.5,,,0.0
118,WR28,105,118,207,207,205,216,4715,216,4804878,Cooper Barkate,MIA,WR,12.0,12.0,12.0,12.8,153.6,153.6,153.6,0.0,153.6,-4.1,2.1,2.1,2.1,2.1,2.1,,,,,,,,1.0,,1.0,,2026-08-25,,,,,0.5,,,0.0
119,RB52,107,119,178,178,176,186,4700,186,4805256,Sutton Smith,ARK,RB,12.0,12.0,12.0,13.31,159.7,159.7,159.7,0.0,159.7,2.0,2.0,2.0,2.0,2.0,2.0,,,,,,,,1.0,,1.0,,2026-08-25,,,,,0.5,,,0.0
120,RB53,109,120,182,182,180,190,4703,190,4869582,Cam Barfield,HAW,RB,12.0,12.0,12.0,13.28,159.3,159.3,159.3,0.0,159.3,1.6,1.6,1.6,1.6,1.6,1.6,,,,,,,,1.0,,1.0,,2026-08-25,,,,,0.5,,,0.0
121,RB54,110,121,183,183,181,191,4704,191,4689529,Kenji Christian,CONN,RB,12.0,12.0,12.0,13.27,159.2,159.2,159.2,0.0,159.2,1.5,1.5,1.5,1.5,1.5,1.5,,,,,,,,1.0,,1.0,,2026-08-25,,,,,0.5,,,0.0
122,RB55,111,122,184,184,182,192,4705,192,5159948,Chris Johnson Jr.,CLEM,RB,12.0,12.0,12.0,13.27,159.2,159.2,159.2,0.0,159.2,1.5,1.5,1.5,1.5,1.5,1.5,,,,,,,,1.0,,1.0,,2026-08-25,,,,,0.5,,,0.0
123,QB39,182,123,42,43,42,45,13,43,5084769,Angel Flores,CMU,QB,12.0,12.0,12.0,18.76,225.1,225.1,225.1,0.0,225.1,-20.0,-20.1,-3.2,1.1,1.1,1.1,,,,,,,,1.0,,1.0,,2026-08-25,,,,,0.5,,,0.0
124,QB40,183,124,44,45,44,47,14,44,5141695,Malik Washington,MD,QB,12.0,12.0,12.0,18.74,224.9,224.9,224.9,0.0,224.9,-20.2,-20.3,-3.4,0.9,0.9,0.9,,,,,,,,1.0,,1.0,,2026-08-25,,,,,0.5,,,0.0
125,QB41,187,125,45,46,45,48,15,45,4801299,Rocco Becht,PSU,QB,12.0,12.0,12.0,18.7,224.4,224.4,224.4,0.0,224.4,-20.7,-20.8,-3.9,0.4,0.4,0.4,,,,,,,,1.0,,1.0,,2026-08-25,,,,,0.5,,,0.0
126,QB42,188,126,47,48,47,50,16,46,5084084,Kevin Jennings,SMU,QB,12.0,12.0,12.0,18.68,224.2,224.2,224.2,0.0,224.2,-20.9,-21.0,-4.1,0.2,0.2,0.2,,,,,,,,1.0,,1.0,,2026-08-25,,,,,0.5,,,0.0
127,QB43,189,127,49,50,49,54,18,54,4795295,Katin Houser,ILL,QB,12.0,12.0,12.0,18.67,224.0,224.0,224.0,0.0,224.0,-21.1,-21.2,-4.3,0.0,0.0,0.0,,,,,,,,1.0,,1.0,,2026-08-25,,,,,0.5,,,0.0
128,RB56,116,128,188,188,186,196,94,196,5079506,Daniel Hill,ALA,RB,12.0,12.0,12.0,13.14,157.7,157.7,157.7,0.0,157.7,0.0,-1.5,0.0,0.0,0.0,0.0,,,,,,,,1.0,,1.0,,2026-08-25,,,,,0.5,,,0.0
129,WR29,118,129,210,210,208,219,107,219,5080703,Isaiah Sategna III,OU,WR,12.0,12.0,12.0,12.62,151.5,151.5,151.5,0.0,151.5,-6.2,-2.1,0.0,0.0,0.0,0.0,,,,,,,,1.0,,1.0,,2026-08-25,,,,,0.5,,,0.0
130,WR30,119,130,214,214,212,223,111,223,5141586,Dakorien Moore,ORE,WR,12.0,12.0,12.0,12.6,151.2,151.2,151.2,0.0,151.2,-6.5,-2.4,-0.3,-0.3,-0.3,-0.3,,,,,,,,1.0,,1.0,,2026-08-25,,,,,0.5,,,0.0
131,WR31,120,131,215,215,213,224,112,224,5224764,Sean Wilson,DEL,WR,12.0,12.0,12.0,12.6,151.2,151.2,151.2,0.0,151.2,-6.5,-2.4,-0.3,-0.3,-0.3,-0.3,,,,,,,,0.98,,1.0,,2026-08-25,,,,,0.5,,,0.0
132,RB57,117,132,192,192,190,201,97,201,5146724,Turbo Richard,IU,RB,12.0,12.0,12.0,13.1,157.2,157.2,157.2,0.0,157.2,-0.5,-2.0,-0.5,-0.5,-0.5,-0.5,,,,,,,,1.0,,1.0,,2026-08-25,,,,,0.5,,,0.0
133,QB44,193,133,51,52,51,56,19,56,4881032,Taron Dickens,NIU,QB,12.0,12.0,12.0,18.6,223.2,223.2,223.2,0.0,223.2,-21.9,-22.0,-5.1,-0.8,-0.8,-0.8,,,,,,,,0.95,,1.0,,2026-08-25,,,,,0.5,,,0.0
134,RB58,121,134,194,194,192,203,99,203,5193302,Telly Johnson Jr.,NIU,RB,12.0,12.0,12.0,13.06,156.7,156.7,156.7,0.0,156.7,-1.0,-2.5,-1.0,-1.0,-1.0,-1.0,,,,,,,,1.0,,1.0,,2026-08-25,,,,,0.5,,,0.0
135,WR32,122,135,216,216,214,225,113,225,4907671,Anthony Evans III,MSST,WR,12.0,12.0,12.0,12.52,150.3,150.3,150.3,0.0,150.3,-7.4,-3.3,-1.2,-1.2,-1.2,-1.2,,,,,,,,1.0,,1.0,,2026-08-25,,,,,0.5,,,0.0
136,QB45,195,136,52,53,52,57,20,57,5079301,CJ Bailey,NCSU,QB,12.0,12.0,12.0,18.53,222.4,222.4,222.4,0.0,222.4,-22.7,-22.8,-5.9,-1.6,-1.6,-1.6,,,,,,,,1.0,,1.0,,2026-08-25,,,,,0.5,,,0.0
137,QB46,196,137,53,54,53,58,21,58,4869553,Bishop Davenport,USA,QB,12.0,12.0,12.0,18.52,222.2,222.2,222.2,0.0,222.2,-22.9,-23.0,-6.1,-1.8,-1.8,-1.8,,,,,,,,1.0,,1.0,,2026-08-25,,,,,0.5,,,0.0
138,QB47,197,138,54,55,54,59,22,59,5101124,Micah Alejado,HAW,QB,12.0,12.0,12.0,18.52,222.2,222.2,222.2,0.0,222.2,-22.9,-23.0,-6.1,-1.8,-1.8,-1.8,,,,,,,,1.0,,1.0,,2026-08-25,,,,,0.5,,,0.0
139,RB59,123,139,198,198,196,207,101,207,4685237,Michael Allen,ECU,RB,12.0,12.0,12.0,12.98,155.8,155.8,155.8,0.0,155.8,-1.9,-3.4,-1.9,-1.9,-1.9,-1.9,,,,,,,,0.95,,1.0,,2026-08-25,,,,,0.5,,,0.0
140,QB48,199,140,55,56,55,60,23,60,4871091,Lunch Winfield,UL,QB,12.0,12.0,12.0,18.47,221.7,221.7,221.7,0.0,221.7,-23.4,-23.5,-6.6,-2.3,-2.3,-2.3,,,,,,,,1.0,,1.0,,2026-08-25,,,,,0.5,,,0.0
141,WR33,125,141,221,221,219,230,118,230,5150424,Jordan Faison,ND,WR,12.0,12.0,12.0,12.42,149.1,149.1,149.1,0.0,149.1,-8.6,-4.5,-2.4,-2.4,-2.4,-2.4,,,,,,,,1.0,,1.0,,2026-08-25,,,,,0.5,,,0.0
142,RB60,124,142,202,202,200,211,102,211,4870642,Jeremiah Cobb,AUB,RB,12.0,12.0,12.0,12.91,155.0,155.0,155.0,0.0,155.0,-2.7,-4.2,-2.7,-2.7,-2.7,-2.7,,,,,,0.85,,1.0,0.8,1.0,,2026-08-25,2026-08-15,,https://www.al.com/auburnfootball/2026/08/auburn-football-depth-chart-projections-offense.html,2026-08-15,0.5,,,0.0
143,WR34,127,143,225,225,223,234,122,234,5078312,Nyziah Hunter,NEB,WR,12.0,12.0,12.0,12.32,147.9,147.9,147.9,0.0,147.9,-9.8,-5.7,-3.6,-3.6,-3.6,-3.6,,,,,,,,1.0,,1.0,,2026-08-25,,,,,0.5,,,0.0
144,RB61,126,144,205,205,203,214,104,214,5156906,Bill Davis,VT,RB,12.0,12.0,12.0,12.82,153.9,153.9,153.9,0.0,153.9,-3.8,-5.3,-3.8,-3.8,-3.8,-3.8,,,,,,,,1.0,,1.0,,2026-08-25,,,,,0.5,,,0.0
145,WR35,129,145,232,232,230,241,129,241,5141572,Andrew Marsh,MICH,WR,12.0,12.0,12.0,12.26,147.1,147.1,147.1,0.0,147.1,-10.6,-6.5,-4.4,-4.4,-4.4,-4.4,,,,,,,,0.99,,1.0,,2026-08-25,,,,,0.5,,,0.0
146,WR36,130,146,235,235,233,244,132,244,5194795,Na'eem Abdul-Rahim Gladding,MD,WR,12.0,12.0,12.0,12.16,145.9,145.9,145.9,0.0,145.9,-11.8,-7.7,-5.6,-5.6,-5.6,-5.6,,,,,,,,0.99,,1.0,,2026-08-25,,,,,0.5,,,0.0
147,QB49,215,147,56,57,56,61,24,61,5121169,Darian Mensah,MIA,QB,12.0,12.0,12.0,18.18,218.1,218.1,218.1,0.0,218.1,-27.0,-27.1,-10.2,-5.9,-5.9,-5.9,,,,,,,,1.0,,1.0,,2026-08-25,,,,,0.5,,,0.0
148,QB50,217,148,57,58,57,62,25,62,5075805,Aidan Chiles,NU,QB,12.0,12.0,12.0,18.14,217.7,217.7,217.7,0.0,217.7,-27.4,-27.5,-10.6,-6.3,-6.3,-6.3,,,,,,,,1.0,,1.0,,2026-08-25,,,,,0.5,,,0.0
149,RB62,131,149,211,211,209,220,108,220,5155532,Sawyer Seidl,WAKE,RB,12.0,12.0,12.0,12.62,151.4,151.4,151.4,0.0,151.4,-6.3,-7.8,-6.3,-6.3,-6.3,-6.3,,,,,,,,1.0,,1.0,,2026-08-25,,,,,0.5,,,0.0
150,WR37,134,150,239,239,237,248,136,248,5084409,Jared Richardson,DUKE,WR,12.0,12.0,12.0,12.1,145.2,145.2,145.2,0.0,145.2,-12.5,-8.4,-6.3,-6.3,-6.3,-6.3,,,,,,,,0.96,,1.0,,2026-08-25,,,,,0.5,,,0.0
151,RB63,132,151,212,212,210,221,109,221,5295070,Keenan Phillips,USA,RB,12.0,12.0,12.0,12.61,151.3,151.3,151.3,0.0,151.3,-6.4,-7.9,-6.4,-6.4,-6.4,-6.4,,,,,,,,0.98,,1.0,,2026-08-25,,,,,0.5,,,0.0
152,QB51,218,152,58,59,58,63,26,63,4432691,Carlos Del Rio-Wilson,MRSH,QB,12.0,12.0,12.0,18.12,217.5,217.5,217.5,0.0,217.5,-27.6,-27.7,-10.8,-6.5,-6.5,-6.5,,,,,,,,1.0,,1.0,,2026-08-25,,,,,0.5,,,0.0
153,RB64,133,153,213,213,211,222,110,222,4717724,Rashod Dubinion,APP,RB,12.0,12.0,12.0,12.6,151.2,151.2,151.2,0.0,151.2,-6.5,-8.0,-6.5,-6.5,-6.5,-6.5,,,,,,,,1.0,,1.0,,2026-08-25,,,,,0.5,,,0.0
154,QB52,219,154,59,60,59,64,27,64,4838679,Ashton Daniels,FSU,QB,12.0,12.0,12.0,18.12,217.4,217.4,217.4,0.0,217.4,-27.7,-27.8,-10.9,-6.6,-6.6,-6.6,,,,,,1.0,,1.0,0.5,1.0,,2026-08-25,2026-08-18,,,2026-08-18,0.5,,,0.0
155,WR38,137,155,241,241,239,250,138,250,4891198,Tre Spivey,ARIZ,WR,12.0,12.0,12.0,12.05,144.6,144.6,144.6,0.0,144.6,-13.1,-9.0,-6.9,-6.9,-6.9,-6.9,,,,,,,,1.0,,1.0,,2026-08-25,,,,,0.5,,,0.0
156,QB53,231,156,60,61,60,65,28,65,5087156,Nathan Hayes,NDSU,QB,12.0,12.0,12.0,18.04,216.5,216.5,216.5,0.0,216.5,-28.6,-28.7,-11.8,-7.5,-7.5,-7.5,,,,,,,,1.0,,1.0,,2026-08-25,,,,,0.5,,,0.0
157,RB65,138,157,218,218,216,227,115,227,5223119,Owen Allen,AF,RB,12.0,12.0,12.0,12.51,150.1,150.1,150.1,0.0,150.1,-7.6,-9.1,-7.6,-7.6,-7.6,-7.6,,,,,,,,1.0,,1.0,,2026-08-25,,,,,0.5,,,0.0
158,WR39,139,158,243,243,241,252,140,252,5112674,Bryant Wesco Jr.,CLEM,WR,12.0,12.0,12.0,11.99,143.9,143.9,143.9,0.0,143.9,-13.8,-9.7,-7.6,-7.6,-7.6,-7.6,,,,,,,,1.0,,1.0,,2026-08-25,,,,,0.5,,,0.0
159,RB66,140,159,220,220,218,229,117,229,5122553,Peyton Lewis,UVA,RB,12.0,12.0,12.0,12.42,149.1,149.1,149.1,0.0,149.1,-8.6,-10.1,-8.6,-8.6,-8.6,-8.6,,,,,,,,0.93,,1.0,,2026-08-25,,,,,0.5,,,0.0
160,RB67,141,160,222,222,220,231,119,231,5082271,Quinton Jackson,RICE,RB,12.0,12.0,12.0,12.42,149.0,149.0,149.0,0.0,149.0,-8.7,-10.2,-8.7,-8.7,-8.7,-8.7,,,,,,,,1.0,,1.0,,2026-08-25,,,,,0.5,,,0.0
161,WR40,142,161,248,248,246,257,145,257,5218753,T.J. Moore,CLEM,WR,12.0,12.0,12.0,11.9,142.8,142.8,142.8,0.0,142.8,-14.9,-10.8,-8.7,-8.7,-8.7,-8.7,,,,,,,,1.0,,1.0,,2026-08-25,,,,,0.5,,,0.0
162,WR41,143,162,249,249,247,258,146,258,5084658,Terrell Anderson,USC,WR,12.0,12.0,12.0,11.89,142.7,142.7,142.7,0.0,142.7,-15.0,-10.9,-8.8,-8.8,-8.8,-8.8,,,,,,,,1.0,,1.0,,2026-08-25,,,,,0.5,,,0.0
163,WR42,146,163,252,252,250,261,149,261,4837193,Jmariyae Robinson,MOST,WR,12.0,12.0,12.0,11.84,142.1,142.1,142.1,0.0,142.1,-15.6,-11.5,-9.4,-9.4,-9.4,-9.4,,,,,,,,1.0,,1.0,,2026-08-25,,,,,0.5,,,0.0
164,RB68,144,164,223,223,221,232,120,232,5225880,Xai'Shaun Edwards,MIZ,RB,12.0,12.0,12.0,12.34,148.1,148.1,148.1,0.0,148.1,-9.6,-11.1,-9.6,-9.6,-9.6,-9.6,,,,,,,,0.93,,1.0,,2026-08-25,,,,,0.5,,,0.0
165,WR43,150,165,253,253,251,262,150,262,5095360,Eric Singleton Jr.,FLA,WR,12.0,12.0,12.0,11.82,141.9,141.9,141.9,0.0,141.9,-15.8,-11.7,-9.6,-9.6,-9.6,-9.6,,,,,,,,1.0,,1.0,,2026-08-25,,,,,0.5,,,0.0
166,RB69,145,166,224,224,222,233,121,233,4899361,Kedrick Reescano,ARIZ,RB,12.0,12.0,12.0,12.33,148.0,148.0,148.0,0.0,148.0,-9.7,-11.2,-9.7,-9.7,-9.7,-9.7,,,,,,,,0.95,,1.0,,2026-08-25,,,,,0.5,,,0.0
167,WR44,152,167,256,256,253,264,152,264,5155519,Yannick Smith,SMU,WR,12.0,12.0,12.0,11.8,141.6,141.6,141.6,0.0,141.6,-16.1,-12.0,-9.9,-9.9,-9.9,-9.9,,,,,,,,1.0,,1.0,,2026-08-25,,,,,0.5,,,0.0
168,RB70,147,168,227,227,225,236,124,236,5086952,Jo Silver,DEL,RB,12.0,12.0,12.0,12.3,147.6,147.6,147.6,0.0,147.6,-10.1,-11.6,-10.1,-10.1,-10.1,-10.1,,,,,,,,1.0,,1.0,,2026-08-25,,,,,0.5,,,0.0
169,QB54,255,169,63,64,63,68,29,68,4685401,Josh Hoover,IU,QB,12.0,12.0,12.0,17.82,213.8,213.8,213.8,0.0,213.8,-31.3,-31.4,-14.5,-10.2,-10.2,-10.2,,,,,,,,1.0,,1.0,,2026-08-25,,,,,0.5,,,0.0
170,RB71,148,170,228,228,226,237,125,237,4921116,Jamal Roberts,MIZ,RB,12.0,12.0,12.0,12.29,147.5,147.5,147.5,0.0,147.5,-10.2,-11.7,-10.2,-10.2,-10.2,-10.2,,,,,,,,0.98,,1.0,,2026-08-25,,,,,0.5,,,0.0
171,RB72,149,171,229,229,227,238,126,238,5078916,Joe Jackson,KSU,RB,12.0,12.0,12.0,12.29,147.5,147.5,147.5,0.0,147.5,-10.2,-11.7,-10.2,-10.2,-10.2,-10.2,,,,,,0.4,,0.7,0.5,1.0,,2026-08-25,2026-08-18,,,2026-08-18,0.5,,,0.0
172,RB73,151,172,230,230,228,239,127,239,5160209,Landan Brown,SHSU,RB,12.0,12.0,12.0,12.27,147.2,147.2,147.2,0.0,147.2,-10.5,-12.0,-10.5,-10.5,-10.5,-10.5,,,,,,,,1.0,,1.0,,2026-08-25,,,,,0.5,,,0.0
173,QB55,259,173,65,66,65,70,30,70,4870883,JJ Kohl,FIU,QB,12.0,12.0,12.0,17.78,213.3,213.3,213.3,0.0,213.3,-31.8,-31.9,-15.0,-10.7,-10.7,-10.7,,,,,,,,1.0,,1.0,,2026-08-25,,,,,0.5,,,0.0
174,QB56,263,174,66,67,66,71,31,71,4920227,Gio Lopez,WAKE,QB,12.0,12.0,12.0,17.72,212.6,212.6,212.6,0.0,212.6,-32.5,-32.6,-15.7,-11.4,-11.4,-11.4,,,,,,,,0.99,,1.0,,2026-08-25,,,,,0.5,,,0.0
175,WR45,154,175,262,262,259,270,158,270,5166797,Dezmen Roebuck,WASH,WR,12.0,12.0,12.0,11.68,140.1,140.1,140.1,0.0,140.1,-17.6,-13.5,-11.4,-11.4,-11.4,-11.4,,,,,,,,1.0,,1.0,,2026-08-25,,,,,0.5,,,0.0
176,QB57,266,176,67,68,67,72,32,72,4870518,Zeon Chriss-Gremillion,TULN,QB,12.0,12.0,12.0,17.71,212.5,212.5,212.5,0.0,212.5,-32.6,-32.7,-15.8,-11.5,-11.5,-11.5,,,,,,,,0.95,,1.0,,2026-08-25,,,,,0.5,,,0.0
177,WR46,155,177,263,263,260,271,159,271,5294063,Tre Richardson,LOU,WR,12.0,12.0,12.0,11.67,140.0,140.0,140.0,0.0,140.0,-17.7,-13.6,-11.5,-11.5,-11.5,-11.5,,,,,,,,1.0,,1.0,,2026-08-25,,,,,0.5,,,0.0
178,WR47,156,178,265,265,262,273,161,273,4916941,Coy Eakin,TTU,WR,12.0,12.0,12.0,11.65,139.8,139.8,139.8,0.0,139.8,-17.9,-13.8,-11.7,-11.7,-11.7,-11.7,,,,,,,,1.0,,1.0,,2026-08-25,,,,,0.5,,,0.0
179,RB74,153,179,236,236,234,245,133,245,5078005,Abu Sama III,WIS,RB,12.0,12.0,12.0,12.15,145.8,145.8,145.8,0.0,145.8,-11.9,-13.4,-11.9,-11.9,-11.9,-11.9,,,,,,,,1.0,,1.0,,2026-08-25,,,,,0.5,,,0.0
180,WR48,158,180,266,266,263,274,162,274,5161253,Devin Matthews,MASS,WR,12.0,12.0,12.0,11.62,139.5,139.5,139.5,0.0,139.5,-18.2,-14.1,-12.0,-12.0,-12.0,-12.0,,,,,,,,1.0,,1.0,,2026-08-25,,,,,0.5,,,0.0
181,WR49,159,181,267,267,264,275,163,275,4869443,TK King,NMSU,WR,12.0,12.0,12.0,11.61,139.3,139.3,139.3,0.0,139.3,-18.4,-14.3,-12.2,-12.2,-12.2,-12.2,,,,,,,,1.0,,1.0,,2026-08-25,,,,,0.5,,,0.0
182,RB75,157,182,238,238,236,247,135,247,5120456,Kwinten Ives,NEB,RB,12.0,12.0,12.0,12.11,145.3,145.3,145.3,0.0,145.3,-12.4,-13.9,-12.4,-12.4,-12.4,-12.4,,,,,,,,0.99,,1.0,,2026-08-25,,,,,0.5,,,0.0
183,QB58,274,183,68,69,68,73,33,73,5104738,Ryan Browne,PUR,QB,12.0,12.0,12.0,17.57,210.8,210.8,210.8,0.0,210.8,-34.3,-34.4,-17.5,-13.2,-13.2,-13.2,,,,,,,,1.0,,1.0,,2026-08-25,,,,,0.5,,,0.0
184,WR50,162,184,269,269,266,277,165,277,5121334,Jayce Brown,LSU,WR,12.0,12.0,12.0,11.49,137.9,137.9,137.9,0.0,137.9,-19.8,-15.7,-13.6,-13.6,-13.6,-13.6,,,,,,,,0.99,,1.0,,2026-08-25,,,,,0.5,,,0.0
185,QB59,279,185,69,70,69,74,34,74,4875127,LaNorris Sellers,SC,QB,12.0,12.0,12.0,17.52,210.2,210.2,210.2,0.0,210.2,-34.9,-35.0,-18.1,-13.8,-13.8,-13.8,,,,,,,,1.0,,1.0,,2026-08-25,,,,,0.5,,,0.0
186,RB76,160,186,244,244,242,253,141,253,5154732,Kirby Vorhees,WSU,RB,12.0,12.0,12.0,11.98,143.8,143.8,143.8,0.0,143.8,-13.9,-15.4,-13.9,-13.9,-13.9,-13.9,,,,,,,,1.0,,1.0,,2026-08-25,,,,,0.5,,,0.0
187,RB77,161,187,245,245,243,254,142,254,5121607,Ke'Marion Baldwin,BGSU,RB,12.0,12.0,12.0,11.97,143.6,143.6,143.6,0.0,143.6,-14.1,-15.6,-14.1,-14.1,-14.1,-14.1,,,,,,,,0.94,,1.0,,2026-08-25,,,,,0.5,,,0.0
188,WR51,164,188,274,274,271,282,170,282,5083205,Nick Devereaux,EMU,WR,12.0,12.0,12.0,11.44,137.3,137.3,137.3,0.0,137.3,-20.4,-16.3,-14.2,-14.2,-14.2,-14.2,,,,,,,,1.0,,1.0,,2026-08-25,,,,,0.5,,,0.0
189,QB60,283,189,70,71,70,75,35,75,4775136,Owen McCown,UTSA,QB,12.0,12.0,12.0,17.46,209.5,209.5,209.5,0.0,209.5,-35.6,-35.7,-18.8,-14.5,-14.5,-14.5,,,,,,,,1.0,,1.0,,2026-08-25,,,,,0.5,,,0.0
190,RB78,163,190,247,247,245,256,144,256,5295550,DeJuan Williams,MD,RB,12.0,12.0,12.0,11.93,143.2,143.2,143.2,0.0,143.2,-14.5,-16.0,-14.5,-14.5,-14.5,-14.5,,,,,,,,1.0,,1.0,,2026-08-25,,,,,0.5,,,0.0
191,QB61,286,191,71,72,71,76,36,76,5191162,Alberto Mendoza,GT,QB,12.0,12.0,12.0,17.43,209.2,209.2,209.2,0.0,209.2,-35.9,-36.0,-19.1,-14.8,-14.8,-14.8,,,,,,,,0.91,,1.0,,2026-08-25,,,,,0.5,,,0.0
192,WR52,168,192,276,276,273,284,172,284,4870745,Nyck Harbor,SC,WR,12.0,12.0,12.0,11.38,136.5,136.5,136.5,0.0,136.5,-21.2,-17.1,-15.0,-15.0,-15.0,-15.0,,,,,,,,1.0,,1.0,,2026-08-25,,,,,0.5,,,0.0
193,WR53,169,193,277,277,274,285,173,285,5091830,Cam'ron Lacy,MTSU,WR,12.0,12.0,12.0,11.37,136.4,136.4,136.4,0.0,136.4,-21.3,-17.2,-15.1,-15.1,-15.1,-15.1,,,,,,,,1.0,,1.0,,2026-08-25,,,,,0.5,,,0.0
194,RB79,166,194,250,250,248,259,147,259,4899368,Kendrick Raphael,SMU,RB,12.0,12.0,12.0,11.88,142.5,142.5,142.5,0.0,142.5,-15.2,-16.7,-15.2,-15.2,-15.2,-15.2,,,,,,,,1.0,,1.0,,2026-08-25,,,,,0.5,,,0.0
195,WR54,170,195,278,278,275,286,174,286,5153889,Josh Derry,UCF,WR,12.0,12.0,12.0,11.36,136.3,136.3,136.3,0.0,136.3,-21.4,-17.3,-15.2,-15.2,-15.2,-15.2,,,,,,,,0.96,,1.0,,2026-08-25,,,,,0.5,,,0.0
196,QB62,292,196,72,73,72,77,37,77,5208095,Mason Heintschel,PITT,QB,12.0,12.0,12.0,17.38,208.5,208.5,208.5,0.0,208.5,-36.6,-36.7,-19.8,-15.5,-15.5,-15.5,,,,,,,,1.0,,1.0,,2026-08-25,,,,,0.5,,,0.0
197,QB63,295,197,73,74,73,78,38,78,5153782,Amari Odom,SYR,QB,12.0,12.0,12.0,17.37,208.4,208.4,208.4,0.0,208.4,-36.7,-36.8,-19.9,-15.6,-15.6,-15.6,,,,,,,,0.94,,1.0,,2026-08-25,,,,,0.5,,,0.0
198,QB64,298,198,74,75,74,79,39,79,4690158,Noah Kim,EMU,QB,12.0,12.0,12.0,17.36,208.3,208.3,208.3,0.0,208.3,-36.8,-36.9,-20.0,-15.7,-15.7,-15.7,,,,,,,,1.0,,1.0,,2026-08-25,,,,,0.5,,,0.0
199,WR55,173,199,280,280,277,288,176,288,5077873,Chris Dawn Jr.,TXST,WR,12.0,12.0,12.0,11.31,135.7,135.7,135.7,0.0,135.7,-22.0,-17.9,-15.8,-15.8,-15.8,-15.8,,,,,,,,1.0,,1.0,,2026-08-25,,,,,0.5,,,0.0
200,RB80,171,200,254,254,1375,10,1,29,5086393,J'Koby Williams,TTU,RB,12.0,12.0,12.0,11.81,141.7,141.7,141.7,0.0,141.7,-16.0,-17.5,-16.0,-16.0,-16.0,-16.0,56.824,88.988,88.988,265.423,265.423,0.33,0.347,0.7,0.8,1.0,0.33,2026-08-25,2026-07-03,,https://www.lubbockonline.com/story/sports/college/red-raiders/2026/07/03/texas-tech-football-jkoby-williams-cameron-dickey-quinten-joyner-joey-mcguire-garret-mcguire/90702732007/,2026-07-03,0.5,,,0.0
201,WR56,177,201,281,281,278,289,177,289,5132253,Isiah Canion,UGA,WR,12.0,12.0,12.0,11.29,135.5,135.5,135.5,0.0,135.5,-22.2,-18.1,-16.0,-16.0,-16.0,-16.0,,,,,,,,0.98,,1.0,,2026-08-25,,,,,0.5,,,0.0
202,RB81,172,202,257,257,254,265,153,265,5224714,Latrelle Murrell,KENN,RB,12.0,12.0,12.0,11.79,141.5,141.5,141.5,0.0,141.5,-16.2,-17.7,-16.2,-16.2,-16.2,-16.2,,,,,,,,0.94,,1.0,,2026-08-25,,,,,0.5,,,0.0
203,RB82,174,203,258,258,255,266,154,266,5225717,Savion Hart,GAST,RB,12.0,12.0,12.0,11.77,141.2,141.2,141.2,0.0,141.2,-16.5,-18.0,-16.5,-16.5,-16.5,-16.5,,,,,,,,0.99,,1.0,,2026-08-25,,,,,0.5,,,0.0
204,RB83,176,204,259,259,256,267,155,267,4917310,Zylan Perry,CIN,RB,12.0,12.0,12.0,11.76,141.1,141.1,141.1,0.0,141.1,-16.6,-18.1,-16.6,-16.6,-16.6,-16.6,,,,,,,,1.0,,1.0,,2026-08-25,,,,,0.5,,,0.0
205,RB84,178,205,261,261,258,269,157,269,4870868,Jayden Limar,WASH,RB,12.0,12.0,12.0,11.72,140.6,140.6,140.6,0.0,140.6,-17.1,-18.6,-17.1,-17.1,-17.1,-17.1,,,,,,,,0.97,,1.0,,2026-08-25,,,,,0.5,,,0.0
206,WR57,180,206,285,285,281,292,180,292,5079600,Nick Marsh,IU,WR,12.0,12.0,12.0,11.2,134.4,134.4,134.4,0.0,134.4,-23.3,-19.2,-17.1,-17.1,-17.1,-17.1,,,,,,,,1.0,,1.0,,2026-08-25,,,,,0.5,,,0.0
207,QB65,313,207,76,77,76,82,40,82,4832918,Ethan Vasko,LIB,QB,12.0,12.0,12.0,17.2,206.4,206.4,206.4,0.0,206.4,-38.7,-38.8,-21.9,-17.6,-17.6,-17.6,,,,,,,,1.0,,1.0,,2026-08-25,,,,,0.5,,,0.0
208,WR58,181,208,287,287,283,294,182,294,4917054,David Amador II,UTSA,WR,12.0,12.0,12.0,11.15,133.8,133.8,133.8,0.0,133.8,-23.9,-19.8,-17.7,-17.7,-17.7,-17.7,,,,,,,,1.0,,1.0,,2026-08-25,,,,,0.5,,,0.0
209,WR59,185,209,291,291,287,298,186,298,5139057,Ashton Bethel-Roman,TA&M,WR,12.0,12.0,12.0,11.09,133.1,133.1,133.1,0.0,133.1,-24.6,-20.5,-18.4,-18.4,-18.4,-18.4,,,,,,,,0.93,,1.0,,2026-08-25,,,,,0.5,,,0.0
210,WR60,186,210,292,292,288,299,187,299,5218787,Que'Sean Brown,VT,WR,12.0,12.0,12.0,11.09,133.1,133.1,133.1,0.0,133.1,-24.6,-20.5,-18.4,-18.4,-18.4,-18.4,,,,,,,,1.0,,1.0,,2026-08-25,,,,,0.5,,,0.0
211,QB66,320,211,79,80,79,85,41,85,4870921,Dante Moore,ORE,QB,12.0,12.0,12.0,17.09,205.1,205.1,205.1,0.0,205.1,-40.0,-40.1,-23.2,-18.9,-18.9,-18.9,,,,,,,,1.0,,1.0,,2026-08-25,,,,,0.5,,,0.0
212,RB85,184,212,268,268,265,276,164,276,5141499,Dierre Hill Jr.,ORE,RB,12.0,12.0,12.0,11.56,138.7,138.7,138.7,0.0,138.7,-19.0,-20.5,-19.0,-19.0,-19.0,-19.0,,,,,,,,1.0,,1.0,,2026-08-25,,,,,0.5,,,0.0
213,QB67,323,213,80,81,80,86,42,86,5121691,Blaze Berlowitz,VAN,QB,12.0,12.0,12.0,17.07,204.8,204.8,204.8,0.0,204.8,-40.3,-40.4,-23.5,-19.2,-19.2,-19.2,,,,,,,,0.92,,1.0,,2026-08-25,,,,,0.5,,,0.0
214,WR61,190,214,294,294,290,301,189,301,5083747,Justin Bowick,OKST,WR,12.0,12.0,12.0,11.0,132.0,132.0,132.0,0.0,132.0,-25.7,-21.6,-19.5,-19.5,-19.5,-19.5,,,,,,,,0.94,,1.0,,2026-08-25,,,,,0.5,,,0.0
215,WR62,191,215,295,295,291,302,190,302,5159360,James Tyre,UNT,WR,12.0,12.0,12.0,10.99,131.9,131.9,131.9,0.0,131.9,-25.8,-21.7,-19.6,-19.6,-19.6,-19.6,,,,,,,,0.98,,1.0,,2026-08-25,,,,,0.5,,,0.0
216,WR63,192,216,296,296,292,303,191,303,5069231,Deondre Johnson,JXST,WR,12.0,12.0,12.0,10.98,131.7,131.7,131.7,0.0,131.7,-26.0,-21.9,-19.8,-19.8,-19.8,-19.8,,,,,,,,0.96,,1.0,,2026-08-25,,,,,0.5,,,0.0
217,QB68,328,217,81,82,81,87,43,87,5119841,Dru DeShields,KENT,QB,12.0,12.0,12.0,17.01,204.1,204.1,204.1,0.0,204.1,-41.0,-41.1,-24.2,-19.9,-19.9,-19.9,,,,,,,,1.0,,1.0,,2026-08-25,,,,,0.5,,,0.0
218,QB69,338,218,82,83,82,88,44,88,5194626,Roman Gagliano,MTSU,QB,12.0,12.0,12.0,16.96,203.5,203.5,203.5,0.0,203.5,-41.6,-41.7,-24.8,-20.5,-20.5,-20.5,,,,,,,,0.89,,1.0,,2026-08-25,,,,,0.5,,,0.0
219,RB86,194,219,275,275,272,283,171,283,4888886,Kenyon Clay,ARST,RB,12.0,12.0,12.0,11.42,137.1,137.1,137.1,0.0,137.1,-20.6,-22.1,-20.6,-20.6,-20.6,-20.6,,,,,,,,1.0,,1.0,,2026-08-25,,,,,0.5,,,0.0
220,WR64,198,220,301,301,297,308,196,308,4870858,Cayden Lee,MIZ,WR,12.0,12.0,12.0,10.85,130.2,130.2,130.2,0.0,130.2,-27.5,-23.4,-21.3,-21.3,-21.3,-21.3,,,,,,,,1.0,,1.0,,2026-08-25,,,,,0.5,,,0.0
221,WR65,200,221,303,303,299,310,198,310,5092483,Josiah Freeman,FRES,WR,12.0,12.0,12.0,10.84,130.1,130.1,130.1,0.0,130.1,-27.6,-23.5,-21.4,-21.4,-21.4,-21.4,,,,,,,,1.0,,1.0,,2026-08-25,,,,,0.5,,,0.0
222,WR66,201,222,305,305,301,312,200,312,4871062,Asaad Waseem,PUR,WR,12.0,12.0,12.0,10.83,130.0,130.0,130.0,0.0,130.0,-27.7,-23.6,-21.5,-21.5,-21.5,-21.5,,,,,,,,1.0,,1.0,,2026-08-25,,,,,0.5,,,0.0
223,WR67,202,223,309,309,304,315,203,315,5082584,DJ Epps,WVU,WR,12.0,12.0,12.0,10.82,129.8,129.8,129.8,0.0,129.8,-27.9,-23.8,-21.7,-21.7,-21.7,-21.7,,,,,,,,1.0,,1.0,,2026-08-25,,,,,0.5,,,0.0
224,WR68,203,224,312,312,307,318,206,318,4705859,K.D. Hutchinson,WKU,WR,12.0,12.0,12.0,10.79,129.5,129.5,129.5,0.0,129.5,-28.2,-24.1,-22.0,-22.0,-22.0,-22.0,,,,,,,,1.0,,1.0,,2026-08-25,,,,,0.5,,,0.0
225,WR69,204,225,313,313,308,319,207,319,5121750,Yamir Knight,SMU,WR,12.0,12.0,12.0,10.78,129.4,129.4,129.4,0.0,129.4,-28.3,-24.2,-22.1,-22.1,-22.1,-22.1,,,,,,,,1.0,,1.0,,2026-08-25,,,,,0.5,,,0.0
226,WR70,205,226,314,314,309,320,208,320,5141975,Tanook Hines,USC,WR,12.0,12.0,12.0,10.78,129.4,129.4,129.4,0.0,129.4,-28.3,-24.2,-22.1,-22.1,-22.1,-22.1,,,,,,,,0.99,,1.0,,2026-08-25,,,,,0.5,,,0.0
227,QB70,359,227,84,85,84,90,45,90,4433829,Mitch Griffis,ECU,QB,12.0,12.0,12.0,16.78,201.4,201.4,201.4,0.0,201.4,-43.7,-43.8,-26.9,-22.6,-22.6,-22.6,,,,,,,,0.92,,1.0,,2026-08-25,,,,,0.5,,,0.0
228,RB87,206,228,283,284,280,291,179,291,5126513,Jayden Scott,NCSU,RB,12.0,12.0,12.0,11.22,134.6,134.6,134.6,0.0,134.6,-23.1,-24.6,-23.1,-23.1,-23.1,-23.1,,,,,,,,1.0,,1.0,,2026-08-25,,,,,0.5,,,0.0
229,RB88,207,229,284,283,1349,97,47,97,5146712,Dylan Riley,BOIS,RB,12.0,12.0,12.0,11.22,134.6,134.6,134.6,0.0,134.6,-23.1,-24.6,-23.1,-23.1,-23.1,-23.1,58.042,77.389,77.389,197.619,197.619,0.5,0.443,0.7,0.8,1.0,0.0,2026-08-25,2026-08-15,,https://www.si.com/college/boise-state/football/projecting-boise-state-depth-chart-for-week-1-of-2026-college-football-season,2026-08-15,0.5,,,0.0
230,RB89,208,230,286,286,282,293,181,293,5154224,DJ Scott,NDSU,RB,12.0,12.0,12.0,11.17,134.0,134.0,134.0,0.0,134.0,-23.7,-25.2,-23.7,-23.7,-23.7,-23.7,,,,,,,,1.0,,1.0,,2026-08-25,,,,,0.5,,,0.0
231,RB90,209,231,288,288,284,295,183,295,4918414,Dylan Edwards,KU,RB,12.0,12.0,12.0,11.15,133.8,133.8,133.8,0.0,133.8,-23.9,-25.4,-23.9,-23.9,-23.9,-23.9,,,,,,,,0.97,,1.0,,2026-08-25,,,,,0.5,,,0.0
232,WR71,212,232,322,322,317,328,216,328,4923226,Collin Dixon,ILL,WR,12.0,12.0,12.0,10.62,127.5,127.5,127.5,0.0,127.5,-30.2,-26.1,-24.0,-24.0,-24.0,-24.0,,,,,,,,0.96,,1.0,,2026-08-25,,,,,0.5,,,0.0
233,RB91,210,233,289,289,285,296,184,296,5106299,Ca'Lil Valentine,ILL,RB,12.0,12.0,12.0,11.12,133.5,133.5,133.5,0.0,133.5,-24.2,-25.7,-24.2,-24.2,-24.2,-24.2,,,,,,,,0.99,,1.0,,2026-08-25,,,,,0.5,,,0.0
234,WR72,213,234,324,324,319,330,218,330,4869599,Chrishon McCray,MSU,WR,12.0,12.0,12.0,10.61,127.3,127.3,127.3,0.0,127.3,-30.4,-26.3,-24.2,-24.2,-24.2,-24.2,,,,,,,,1.0,,1.0,,2026-08-25,,,,,0.5,,,0.0
235,RB92,211,235,290,290,286,297,185,297,4685545,Gavin Sawchuk,NU,RB,12.0,12.0,12.0,11.12,133.4,133.4,133.4,0.0,133.4,-24.3,-25.8,-24.3,-24.3,-24.3,-24.3,,,,,,,,1.0,,1.0,,2026-08-25,,,,,0.5,,,0.0
236,WR73,214,236,325,325,320,331,219,331,4922992,Israel Polk,OKST,WR,12.0,12.0,12.0,10.6,127.2,127.2,127.2,0.0,127.2,-30.5,-26.4,-24.3,-24.3,-24.3,-24.3,,,,,,,,0.95,,1.0,,2026-08-25,,,,,0.5,,,0.0
237,WR74,216,237,329,329,323,334,222,334,5152600,Reed Swanson,BC,WR,12.0,12.0,12.0,10.54,126.5,126.5,126.5,0.0,126.5,-31.2,-27.1,-25.0,-25.0,-25.0,-25.0,,,,,,,,1.0,,1.0,,2026-08-25,,,,,0.5,,,0.0
238,QB71,382,238,88,89,88,94,46,94,4431091,Ben Finley,AKR,QB,12.0,12.0,12.0,16.53,198.3,198.3,198.3,0.0,198.3,-46.8,-46.9,-30.0,-25.7,-25.7,-25.7,,,,,,,,1.0,,1.0,,2026-08-25,,,,,0.5,,,0.0
239,WR75,220,239,332,332,326,337,225,337,5227057,Jalen Jones,TTU,WR,12.0,12.0,12.0,10.48,125.8,125.8,125.8,0.0,125.8,-31.9,-27.8,-25.7,-25.7,-25.7,-25.7,,,,,,,,0.9,,1.0,,2026-08-25,,,,,0.5,,,0.0
240,WR76,223,240,334,334,328,339,227,339,4869422,Braden Pegan,UTAH,WR,12.0,12.0,12.0,10.46,125.5,125.5,125.5,0.0,125.5,-32.2,-28.1,-26.0,-26.0,-26.0,-26.0,,,,,,,,0.99,,1.0,,2026-08-25,,,,,0.5,,,0.0
241,WR77,224,241,335,335,329,340,228,340,5122072,Nic Trujillo,ULM,WR,12.0,12.0,12.0,10.46,125.5,125.5,125.5,0.0,125.5,-32.2,-28.1,-26.0,-26.0,-26.0,-26.0,,,,,,,,0.99,,1.0,,2026-08-25,,,,,0.5,,,0.0
242,WR78,225,242,336,336,330,341,229,341,5075529,Anthony Eager,USA,WR,12.0,12.0,12.0,10.45,125.4,125.4,125.4,0.0,125.4,-32.3,-28.2,-26.1,-26.1,-26.1,-26.1,,,,,,,,1.0,,1.0,,2026-08-25,,,,,0.5,,,0.0
243,WR79,226,243,337,337,331,342,230,342,5153399,Adjatay Dabbs,TOL,WR,12.0,12.0,12.0,10.45,125.4,125.4,125.4,0.0,125.4,-32.3,-28.2,-26.1,-26.1,-26.1,-26.1,,,,,,,,0.96,,1.0,,2026-08-25,,,,,0.5,,,0.0
244,WR80,227,244,338,338,332,343,231,343,5157187,Cameron Bates,BOIS,WR,12.0,12.0,12.0,10.44,125.3,125.3,125.3,0.0,125.3,-32.4,-28.3,-26.2,-26.2,-26.2,-26.2,,,,,,,,0.97,,1.0,,2026-08-25,,,,,0.5,,,0.0
245,RB93,221,245,297,297,293,304,192,304,5227742,Nick Osho,UNT,RB,12.0,12.0,12.0,10.94,131.3,131.3,131.3,0.0,131.3,-26.4,-27.9,-26.4,-26.4,-26.4,-26.4,,,,,,0.25,,0.7,0.5,1.0,,2026-08-25,2026-08-04,,https://www.ourlads.com/ncaa-football-depth-charts/pfdepthchart/north-texas/92660,2026-08-04,0.5,,,0.0
246,WR81,228,246,339,339,333,344,232,344,5209679,Jeremiah Koger,AUB,WR,12.0,12.0,12.0,10.42,125.1,125.1,125.1,0.0,125.1,-32.6,-28.5,-26.4,-26.4,-26.4,-26.4,,,,,,,,1.0,,1.0,,2026-08-25,,,,,0.5,,,0.0
247,WR82,229,247,340,340,334,345,233,345,5300482,Evan James,IOWA,WR,12.0,12.0,12.0,10.42,125.1,125.1,125.1,0.0,125.1,-32.6,-28.5,-26.4,-26.4,-26.4,-26.4,,,,,,,,0.86,,1.0,,2026-08-25,,,,,0.5,,,0.0
248,RB94,222,248,298,298,294,305,193,305,5079372,Anthony Carrie,FIU,RB,12.0,12.0,12.0,10.92,131.1,131.1,131.1,0.0,131.1,-26.6,-28.1,-26.6,-26.6,-26.6,-26.6,,,,,,,,0.93,,1.0,,2026-08-25,,,,,0.5,,,0.0
249,WR83,233,249,342,342,336,347,235,347,5078225,Jaron Tibbs,KSU,WR,12.0,12.0,12.0,10.4,124.8,124.8,124.8,0.0,124.8,-32.9,-28.8,-26.7,-26.7,-26.7,-26.7,,,,,,,,1.0,,1.0,,2026-08-25,,,,,0.5,,,0.0
250,WR84,234,250,343,343,337,348,236,348,5079376,Cam Coleman,TEX,WR,12.0,12.0,12.0,10.39,124.7,124.7,124.7,0.0,124.7,-33.0,-28.9,-26.8,-26.8,-26.8,-26.8,,,,,,,,0.96,,1.0,,2026-08-25,,,,,0.5,,,0.0
251,WR85,237,251,344,344,338,349,237,349,4430827,Troy Omeire,UNM,WR,12.0,12.0,12.0,10.38,124.5,124.5,124.5,0.0,124.5,-33.2,-29.1,-27.0,-27.0,-27.0,-27.0,,,,,,,,0.99,,1.0,,2026-08-25,,,,,0.5,,,0.0
252,RB95,232,252,299,299,295,306,194,306,4871053,Hollywood Smothers,TEX,RB,12.0,12.0,12.0,10.88,130.5,130.5,130.5,0.0,130.5,-27.2,-28.7,-27.2,-27.2,-27.2,-27.2,,,,,,,,0.95,,1.0,,2026-08-25,,,,,0.5,,,0.0
253,RB96,235,253,302,302,298,309,197,309,5154420,Ahmad Miller,SYR,RB,12.0,12.0,12.0,10.85,130.2,130.2,130.2,0.0,130.2,-27.5,-29.0,-27.5,-27.5,-27.5,-27.5,,,,,,,,0.94,,1.0,,2026-08-25,,,,,0.5,,,0.0
254,QB72,401,254,92,93,92,101,50,101,5083171,Jack Layne,UNM,QB,12.0,12.0,12.0,16.37,196.4,196.4,196.4,0.0,196.4,-48.7,-48.8,-31.9,-27.6,-27.6,-27.6,,,,,,,,1.0,,1.0,,2026-08-25,,,,,0.5,,,0.0
255,RB97,236,255,304,304,300,311,199,311,5120317,Jordan Lovett,TROY,RB,12.0,12.0,12.0,10.84,130.1,130.1,130.1,0.0,130.1,-27.6,-29.1,-27.6,-27.6,-27.6,-27.6,,,,,,,,1.0,,1.0,,2026-08-25,,,,,0.5,,,0.0
256,QB73,404,256,93,94,93,102,51,102,5078810,Sam Leavitt,LSU,QB,12.0,12.0,12.0,16.36,196.3,196.3,196.3,0.0,196.3,-48.8,-48.9,-32.0,-27.7,-27.7,-27.7,,,,,,,,0.92,,1.0,,2026-08-25,,,,,0.5,,,0.0
257,RB98,238,257,306,306,302,313,201,313,4922993,Devin Roche,ODU,RB,12.0,12.0,12.0,10.83,130.0,130.0,130.0,0.0,130.0,-27.7,-29.2,-27.7,-27.7,-27.7,-27.7,,,,,,,,1.0,,1.0,,2026-08-25,,,,,0.5,,,0.0
258,RB99,239,258,307,307,1695,52,17,52,5233016,King Miller,USC,RB,12.0,12.0,12.0,10.82,129.9,129.9,129.9,0.0,129.9,-27.8,-29.3,-27.8,-27.8,-27.8,-27.8,44.257,92.631,92.631,224.16,224.16,0.32,0.377,0.7,0.8,1.0,0.32,2026-08-25,2026-08-01,,https://www.si.com/college/usc/football/usc-trojans-running-back-depth-competition-heating-up-fall-camp,2026-08-01,0.5,,,0.0
259,RB100,240,259,308,308,303,314,202,314,4941012,London Montgomery,FLA,RB,12.0,12.0,12.0,10.82,129.8,129.8,129.8,0.0,129.8,-27.9,-29.4,-27.9,-27.9,-27.9,-27.9,,,,,,,,1.0,,1.0,,2026-08-25,,,,,0.5,,,0.0
260,RB101,241,260,310,310,305,316,204,316,5294293,Javin Gordon,TENN,RB,12.0,12.0,12.0,10.82,129.8,129.8,129.8,0.0,129.8,-27.9,-29.4,-27.9,-27.9,-27.9,-27.9,,,,,,,,0.93,,1.0,,2026-08-25,,,,,0.5,,,0.0
261,WR86,243,261,348,348,342,353,241,353,4826505,Mudia Reuben,USF,WR,12.0,12.0,12.0,10.3,123.6,123.6,123.6,0.0,123.6,-34.1,-30.0,-27.9,-27.9,-27.9,-27.9,,,,,,,,1.0,,1.0,,2026-08-25,,,,,0.5,,,0.0
262,WR87,244,262,349,349,343,354,242,354,4869340,Brock Spalding,ECU,WR,12.0,12.0,12.0,10.3,123.6,123.6,123.6,0.0,123.6,-34.1,-30.0,-27.9,-27.9,-27.9,-27.9,,,,,,,,1.0,,1.0,,2026-08-25,,,,,0.5,,,0.0
263,WR88,245,263,351,351,345,356,244,356,5295918,Tre' Brown,LSU,WR,12.0,12.0,12.0,10.3,123.6,123.6,123.6,0.0,123.6,-34.1,-30.0,-27.9,-27.9,-27.9,-27.9,,,,,,,,0.98,,1.0,,2026-08-25,,,,,0.5,,,0.0
264,RB102,242,264,311,311,306,317,205,317,4879292,Kam Thomas,UTEP,RB,12.0,12.0,12.0,10.8,129.6,129.6,129.6,0.0,129.6,-28.1,-29.6,-28.1,-28.1,-28.1,-28.1,,,,,,,,0.98,,1.0,,2026-08-25,,,,,0.5,,,0.0
265,WR89,247,265,353,353,347,358,246,358,4592835,Dalton Stroman,APP,WR,12.0,12.0,12.0,10.28,123.3,123.3,123.3,0.0,123.3,-34.4,-30.3,-28.2,-28.2,-28.2,-28.2,,,,,,,,1.0,,1.0,,2026-08-25,,,,,0.5,,,0.0
266,WR90,248,266,354,354,348,359,247,359,4831976,Javon Tracy,MINN,WR,12.0,12.0,12.0,10.28,123.3,123.3,123.3,0.0,123.3,-34.4,-30.3,-28.2,-28.2,-28.2,-28.2,,,,,,,,1.0,,1.0,,2026-08-25,,,,,0.5,,,0.0
267,WR91,249,267,355,355,349,360,248,360,4870860,DeAndre Moore Jr.,COLO,WR,12.0,12.0,12.0,10.25,123.0,123.0,123.0,0.0,123.0,-34.7,-30.6,-28.5,-28.5,-28.5,-28.5,,,,,,,,1.0,,1.0,,2026-08-25,,,,,0.5,,,0.0
268,WR92,250,268,357,357,351,362,250,362,5157331,Adrian Norton,MRSH,WR,12.0,12.0,12.0,10.25,123.0,123.0,123.0,0.0,123.0,-34.7,-30.6,-28.5,-28.5,-28.5,-28.5,,,,,,,,0.97,,1.0,,2026-08-25,,,,,0.5,,,0.0
269,WR93,251,269,359,359,353,364,252,364,5079612,Dre'lon Miller,BAY,WR,12.0,12.0,12.0,10.24,122.9,122.9,122.9,0.0,122.9,-34.8,-30.7,-28.6,-28.6,-28.6,-28.6,,,,,,,,0.97,,1.0,,2026-08-25,,,,,0.5,,,0.0
270,RB103,246,270,315,315,310,321,209,321,5220671,Herschel Turner,NEV,RB,12.0,12.0,12.0,10.75,129.0,129.0,129.0,0.0,129.0,-28.7,-30.2,-28.7,-28.7,-28.7,-28.7,,,,,,,,1.0,,1.0,,2026-08-25,,,,,0.5,,,0.0
271,RB104,252,271,316,316,311,322,210,322,4923046,Keyjuan Brown,LOU,RB,12.0,12.0,12.0,10.7,128.4,128.4,128.4,0.0,128.4,-29.3,-30.8,-29.3,-29.3,-29.3,-29.3,,,,,,,,1.0,,1.0,,2026-08-25,,,,,0.5,,,0.0
272,RB105,253,272,317,317,312,323,211,323,4608922,Braydon Bennett,EMU,RB,12.0,12.0,12.0,10.69,128.3,128.3,128.3,0.0,128.3,-29.4,-30.9,-29.4,-29.4,-29.4,-29.4,,,,,,,,1.0,,1.0,,2026-08-25,,,,,0.5,,,0.0
273,QB74,423,273,98,99,98,107,52,107,5158973,Faizon Brandon,TENN,QB,12.0,12.0,12.0,16.21,194.5,194.5,194.5,0.0,194.5,-50.6,-50.7,-33.8,-29.5,-29.5,-29.5,,,,,,1.0,,1.0,0.8,1.0,,2026-08-25,2026-08-24,,https://utsports.com/news/2026/8/24/football-vols-begin-mock-game-week-freshman-faizon-brandon-named-qb-starter,2026-08-24,0.5,,,0.0
274,WR94,258,274,363,363,357,368,256,368,5031157,Reed Harris,ASU,WR,12.0,12.0,12.0,10.17,122.0,122.0,122.0,0.0,122.0,-35.7,-31.6,-29.5,-29.5,-29.5,-29.5,,,,,,,,0.97,,1.0,,2026-08-25,,,,,0.5,,,0.0
275,RB106,254,275,319,319,314,325,213,325,4685436,Antonio Martin,MTSU,RB,12.0,12.0,12.0,10.67,128.0,128.0,128.0,0.0,128.0,-29.7,-31.2,-29.7,-29.7,-29.7,-29.7,,,,,,,,1.0,,1.0,,2026-08-25,,,,,0.5,,,0.0
276,RB107,256,276,320,320,315,326,214,326,5146726,Kiefer Sibley,UNM,RB,12.0,12.0,12.0,10.65,127.8,127.8,127.8,0.0,127.8,-29.9,-31.4,-29.9,-29.9,-29.9,-29.9,,,,,,,,1.0,,1.0,,2026-08-25,,,,,0.5,,,0.0
277,RB108,257,277,321,321,316,327,215,327,5155366,Malachi Hosley,GT,RB,12.0,12.0,12.0,10.64,127.7,127.7,127.7,0.0,127.7,-30.0,-31.5,-30.0,-30.0,-30.0,-30.0,,,,,,,,1.0,,1.0,,2026-08-25,,,,,0.5,,,0.0
278,WR95,261,278,366,366,360,371,259,371,5228002,Jackson Williams,NDSU,WR,12.0,12.0,12.0,10.11,121.3,121.3,121.3,0.0,121.3,-36.4,-32.3,-30.2,-30.2,-30.2,-30.2,,,,,,,,1.0,,1.0,,2026-08-25,,,,,0.5,,,0.0
279,WR96,264,279,369,369,363,374,262,374,5083370,Jacory Barney Jr.,NEB,WR,12.0,12.0,12.0,10.08,121.0,121.0,121.0,0.0,121.0,-36.7,-32.6,-30.5,-30.5,-30.5,-30.5,,,,,,,,1.0,,1.0,,2026-08-25,,,,,0.5,,,0.0
280,WR97,265,280,370,370,364,375,263,375,5161892,Xavyion Noland,ORST,WR,12.0,12.0,12.0,10.08,121.0,121.0,121.0,0.0,121.0,-36.7,-32.6,-30.5,-30.5,-30.5,-30.5,,,,,,,,1.0,,1.0,,2026-08-25,,,,,0.5,,,0.0
281,WR98,267,281,371,371,365,376,264,376,5102556,Cataurus Hicks,PITT,WR,12.0,12.0,12.0,10.08,120.9,120.9,120.9,0.0,120.9,-36.8,-32.7,-30.6,-30.6,-30.6,-30.6,,,,,,,,0.97,,1.0,,2026-08-25,,,,,0.5,,,0.0
282,QB75,438,282,100,101,100,109,53,109,5141741,Bryce Underwood,MICH,QB,12.0,12.0,12.0,16.11,193.3,193.3,193.3,0.0,193.3,-51.8,-51.9,-35.0,-30.7,-30.7,-30.7,,,,,,,,1.0,,1.0,,2026-08-25,,,,,0.5,,,0.0
283,RB109,260,283,327,327,322,333,221,333,5295930,Trequan Jones,TLSA,RB,12.0,12.0,12.0,10.58,127.0,127.0,127.0,0.0,127.0,-30.7,-32.2,-30.7,-30.7,-30.7,-30.7,,,,,,,,0.97,,1.0,,2026-08-25,,,,,0.5,,,0.0
284,QB76,440,284,101,102,101,110,54,110,4870799,Nico Iamaleava,UCLA,QB,12.0,12.0,12.0,16.1,193.2,193.2,193.2,0.0,193.2,-51.9,-52.0,-35.1,-30.8,-30.8,-30.8,,,,,,,,1.0,,1.0,,2026-08-25,,,,,0.5,,,0.0
285,RB110,262,285,328,328,1030,165,82,165,5093886,Kamari Moulton,IOWA,RB,12.0,12.0,12.0,10.57,126.8,126.8,126.8,0.0,126.8,-30.9,-32.4,-30.9,-30.9,-30.9,-30.9,73.859,73.859,170.086,170.086,170.086,0.55,0.485,0.7,0.8,1.0,0.0,2026-08-25,2026-08-14,,https://www.si.com/college/iowa/football/iowa-football-depth-chart-prediction-offense-week-1,2026-08-14,0.5,,,0.0
286,WR99,268,286,374,374,368,379,267,379,5075390,Ian Strong,CAL,WR,12.0,12.0,12.0,10.02,120.3,120.3,120.3,0.0,120.3,-37.4,-33.3,-31.2,-31.2,-31.2,-31.2,,,,,,,,1.0,,1.0,,2026-08-25,,,,,0.5,,,0.0
287,WR100,269,287,376,376,370,381,269,381,5221381,Tony Freeman,WSU,WR,12.0,12.0,12.0,10.02,120.2,120.2,120.2,0.0,120.2,-37.5,-33.4,-31.3,-31.3,-31.3,-31.3,,,,,,,,1.0,,1.0,,2026-08-25,,,,,0.5,,,0.0
288,WR101,271,288,380,380,374,385,273,385,4710843,Jasaiah Gathings,BUF,WR,12.0,12.0,12.0,9.99,119.9,119.9,119.9,0.0,119.9,-37.8,-33.7,-31.6,-31.6,-31.6,-31.6,,,,,,,,1.0,,1.0,,2026-08-25,,,,,0.5,,,0.0
289,QB77,445,289,104,105,104,113,55,113,5141378,Cutter Boley,ASU,QB,12.0,12.0,12.0,16.01,192.1,192.1,192.1,0.0,192.1,-53.0,-53.1,-36.2,-31.9,-31.9,-31.9,,,,,,,,0.94,,1.0,,2026-08-25,,,,,0.5,,,0.0
290,WR102,272,290,382,382,376,387,275,387,5153074,Carlos Hernandez,WAKE,WR,12.0,12.0,12.0,9.97,119.6,119.6,119.6,0.0,119.6,-38.1,-34.0,-31.9,-31.9,-31.9,-31.9,,,,,,,,1.0,,1.0,,2026-08-25,,,,,0.5,,,0.0
291,RB111,270,291,333,333,327,338,226,338,4685184,Don Chaney,ULM,RB,12.0,12.0,12.0,10.48,125.7,125.7,125.7,0.0,125.7,-32.0,-33.5,-32.0,-32.0,-32.0,-32.0,,,,,,,,1.0,,1.0,,2026-08-25,,,,,0.5,,,0.0
292,WR103,273,292,383,383,377,388,276,388,5122076,Cole Weaver,SYR,WR,12.0,12.0,12.0,9.96,119.5,119.5,119.5,0.0,119.5,-38.2,-34.1,-32.0,-32.0,-32.0,-32.0,,,,,,,,0.96,,1.0,,2026-08-25,,,,,0.5,,,0.0
293,WR104,275,293,384,384,378,389,277,389,4893702,Elizjah Lewis,LOU,WR,12.0,12.0,12.0,9.93,119.2,119.2,119.2,0.0,119.2,-38.5,-34.4,-32.3,-32.3,-32.3,-32.3,,,,,,,,0.69,,1.0,,2026-08-25,,,,,0.5,,,0.0
294,WR105,276,294,385,385,379,390,278,390,4917048,Dominique Henry,FAU,WR,12.0,12.0,12.0,9.92,119.0,119.0,119.0,0.0,119.0,-38.7,-34.6,-32.5,-32.5,-32.5,-32.5,,,,,,,,1.0,,1.0,,2026-08-25,,,,,0.5,,,0.0
295,QB78,458,295,106,106,105,114,56,114,4870645,Rickie Collins,KENN,QB,12.0,12.0,12.0,15.94,191.3,191.3,191.3,0.0,191.3,-53.8,-53.9,-37.0,-32.7,-32.7,-32.7,,,,,,,,0.92,,1.0,,2026-08-25,,,,,0.5,,,0.0
296,TE2,230,296,341,341,335,346,234,346,5157528,Nate Levicki,WMU,TE,12.0,12.0,12.0,10.42,125.0,125.0,125.0,0.0,125.0,-32.7,-28.6,-32.7,-32.7,-32.7,-32.7,,,,,,,,0.98,,1.0,,2026-08-25,,,,,0.5,,,0.0
297,WR106,277,297,388,388,382,394,282,394,4837269,Omari Hayes,ISU,WR,12.0,12.0,12.0,9.89,118.7,118.7,118.7,0.0,118.7,-39.0,-34.9,-32.8,-32.8,-32.8,-32.8,,,,,,,,0.98,,1.0,,2026-08-25,,,,,0.5,,,0.0
298,QB79,462,298,108,108,107,116,57,116,5295238,Luke Weaver,SJSU,QB,12.0,12.0,12.0,15.92,191.0,191.0,191.0,0.0,191.0,-54.1,-54.2,-37.3,-33.0,-33.0,-33.0,,,,,,1.0,,1.0,0.5,1.0,,2026-08-25,2026-08-18,,,2026-08-18,0.5,,,0.0
299,RB112,280,299,345,345,339,350,238,350,4685254,Jabari Bates,SJSU,RB,12.0,12.0,12.0,10.35,124.2,124.2,124.2,0.0,124.2,-33.5,-35.0,-33.5,-33.5,-33.5,-33.5,,,,,,,,0.99,,1.0,,2026-08-25,,,,,0.5,,,0.0
300,WR107,284,300,395,395,389,401,289,401,4869603,Cam Pickett,KU,WR,12.0,12.0,12.0,9.81,117.7,117.7,117.7,0.0,117.7,-40.0,-35.9,-33.8,-33.8,-33.8,-33.8,,,,,,,,1.0,,1.0,,2026-08-25,,,,,0.5,,,0.0
301,WR108,285,301,396,396,390,402,290,402,5122006,Landon Sides,ECU,WR,12.0,12.0,12.0,9.81,117.7,117.7,117.7,0.0,117.7,-40.0,-35.9,-33.8,-33.8,-33.8,-33.8,,,,,,,,0.99,,1.0,,2026-08-25,,,,,0.5,,,0.0
302,QB80,477,302,111,111,110,119,58,119,4685291,Jacurri Brown,RICE,QB,12.0,12.0,12.0,15.84,190.1,190.1,190.1,0.0,190.1,-55.0,-55.1,-38.2,-33.9,-33.9,-33.9,,,,,,,,0.98,,1.0,,2026-08-25,,,,,0.5,,,0.0
303,RB113,281,303,346,346,340,351,239,351,4429186,Sam Adams II,SAC,RB,12.0,12.0,12.0,10.32,123.8,123.8,123.8,0.0,123.8,-33.9,-35.4,-33.9,-33.9,-33.9,-33.9,,,,,,,,1.0,,1.0,,2026-08-25,,,,,0.5,,,0.0
304,RB114,282,304,350,350,344,355,243,355,5122554,Xavier Robinson,OU,RB,12.0,12.0,12.0,10.3,123.6,123.6,123.6,0.0,123.6,-34.1,-35.6,-34.1,-34.1,-34.1,-34.1,,,,,,,,0.99,,1.0,,2026-08-25,,,,,0.5,,,0.0
305,WR109,288,305,399,399,393,405,293,405,4685290,Tychaun Chapman,MEM,WR,12.0,12.0,12.0,9.78,117.4,117.4,117.4,0.0,117.4,-40.3,-36.2,-34.1,-34.1,-34.1,-34.1,,,,,,,,1.0,,1.0,,2026-08-25,,,,,0.5,,,0.0
306,WR110,289,306,402,402,396,408,296,408,5084772,Hayden Eligon II,NU,WR,12.0,12.0,12.0,9.77,117.2,117.2,117.2,0.0,117.2,-40.5,-36.4,-34.3,-34.3,-34.3,-34.3,,,,,,,,1.0,,1.0,,2026-08-25,,,,,0.5,,,0.0
307,WR111,290,307,403,403,397,409,297,409,5085496,Chauncy Cobb,ARST,WR,12.0,12.0,12.0,9.77,117.2,117.2,117.2,0.0,117.2,-40.5,-36.4,-34.3,-34.3,-34.3,-34.3,,,,,,,,1.0,,1.0,,2026-08-25,,,,,0.5,,,0.0
308,WR112,291,308,404,404,398,410,298,410,5148535,Brett Eskildsen,PSU,WR,12.0,12.0,12.0,9.75,117.0,117.0,117.0,0.0,117.0,-40.7,-36.6,-34.5,-34.5,-34.5,-34.5,,,,,,,,1.0,,1.0,,2026-08-25,,,,,0.5,,,0.0
309,WR113,294,309,406,406,400,412,300,412,5148822,Chris Barnes,OKST,WR,12.0,12.0,12.0,9.74,116.9,116.9,116.9,0.0,116.9,-40.8,-36.7,-34.6,-34.6,-34.6,-34.6,,,,,,,,0.92,,1.0,,2026-08-25,,,,,0.5,,,0.0
310,QB81,489,310,113,113,112,121,59,121,5079555,DJ Lagway,BAY,QB,12.0,12.0,12.0,15.78,189.3,189.3,189.3,0.0,189.3,-55.8,-55.9,-39.0,-34.7,-34.7,-34.7,,,,,,,,1.0,,1.0,,2026-08-25,,,,,0.5,,,0.0
311,RB115,287,311,356,356,350,361,249,361,5079379,Caden Durham,LSU,RB,12.0,12.0,12.0,10.25,123.0,123.0,123.0,0.0,123.0,-34.7,-36.2,-34.7,-34.7,-34.7,-34.7,,,,,,,,0.89,,1.0,,2026-08-25,,,,,0.5,,,0.0
312,WR114,297,312,407,407,401,413,301,413,4838527,Josh Dallas,GASO,WR,12.0,12.0,12.0,9.73,116.8,116.8,116.8,0.0,116.8,-40.9,-36.8,-34.7,-34.7,-34.7,-34.7,,,,,,,,1.0,,1.0,,2026-08-25,,,,,0.5,,,0.0
313,WR115,301,313,409,409,403,415,303,415,4912067,Chase Sowell,PSU,WR,12.0,12.0,12.0,9.7,116.4,116.4,116.4,0.0,116.4,-41.3,-37.2,-35.1,-35.1,-35.1,-35.1,,,,,,,,1.0,,1.0,,2026-08-25,,,,,0.5,,,0.0
314,QB82,500,314,114,114,113,122,60,122,5083569,Jaden Craig,TCU,QB,12.0,12.0,12.0,15.73,188.8,188.8,188.8,0.0,188.8,-56.3,-56.4,-39.5,-35.2,-35.2,-35.2,,,,,,,,0.91,,1.0,,2026-08-25,,,,,0.5,,,0.0
315,RB116,293,315,360,360,354,365,253,365,5147861,Adam Mohammed,CAL,RB,12.0,12.0,12.0,10.21,122.5,122.5,122.5,0.0,122.5,-35.2,-36.7,-35.2,-35.2,-35.2,-35.2,,,,,,,,0.98,,1.0,,2026-08-25,,,,,0.5,,,0.0
316,RB117,296,316,361,361,355,366,254,366,4432757,Evan Pryor,FLA,RB,12.0,12.0,12.0,10.2,122.4,122.4,122.4,0.0,122.4,-35.3,-36.8,-35.3,-35.3,-35.3,-35.3,,,,,,,,0.9,,1.0,,2026-08-25,,,,,0.5,,,0.0
317,WR116,302,317,412,412,406,418,306,418,5079556,Parker Livingstone,OU,WR,12.0,12.0,12.0,9.68,116.2,116.2,116.2,0.0,116.2,-41.5,-37.4,-35.3,-35.3,-35.3,-35.3,,,,,,,,0.96,,1.0,,2026-08-25,,,,,0.5,,,0.0
318,RB118,299,318,364,364,358,369,257,369,5079335,Chauncey Bowens,UGA,RB,12.0,12.0,12.0,10.17,122.0,122.0,122.0,0.0,122.0,-35.7,-37.2,-35.7,-35.7,-35.7,-35.7,,,,,,,,0.95,,1.0,,2026-08-25,,,,,0.5,,,0.0
319,RB119,300,319,365,365,359,370,258,370,5083848,Jamar Curtis,SAC,RB,12.0,12.0,12.0,10.17,122.0,122.0,122.0,0.0,122.0,-35.7,-37.2,-35.7,-35.7,-35.7,-35.7,,,,,,,,1.0,,1.0,,2026-08-25,,,,,0.5,,,0.0
320,WR117,303,320,415,415,409,421,309,421,5150460,John Neider,WVU,WR,12.0,12.0,12.0,9.65,115.8,115.8,115.8,0.0,115.8,-41.9,-37.8,-35.7,-35.7,-35.7,-35.7,,,,,,,,1.0,,1.0,,2026-08-25,,,,,0.5,,,0.0
321,QB83,508,321,116,116,115,124,61,124,4801307,Tayven Jackson,UNT,QB,12.0,12.0,12.0,15.68,188.2,188.2,188.2,0.0,188.2,-56.9,-57.0,-40.1,-35.8,-35.8,-35.8,,,,,,,,1.0,,1.0,,2026-08-25,,,,,0.5,,,0.0
322,QB84,510,322,117,117,116,125,62,125,5193346,Quinn Henicle,ODU,QB,12.0,12.0,12.0,15.68,188.1,188.1,188.1,0.0,188.1,-57.0,-57.1,-40.2,-35.9,-35.9,-35.9,,,,,,1.0,,1.0,0.5,1.0,,2026-08-25,2026-08-18,,,2026-08-18,0.5,,,0.0
323,WR118,306,323,417,417,411,423,311,423,5084802,AJ Wilson,UTSA,WR,12.0,12.0,12.0,9.62,115.4,115.4,115.4,0.0,115.4,-42.3,-38.2,-36.1,-36.1,-36.1,-36.1,,,,,,,,1.0,,1.0,,2026-08-25,,,,,0.5,,,0.0
324,WR119,307,324,419,419,413,425,313,425,5127885,Kwazi Gilmer,NEB,WR,12.0,12.0,12.0,9.61,115.3,115.3,115.3,0.0,115.3,-42.4,-38.3,-36.2,-36.2,-36.2,-36.2,,,,,,,,0.99,,1.0,,2026-08-25,,,,,0.5,,,0.0
325,WR120,309,325,420,420,414,426,314,426,4870635,Anthony Brown-Stephens,TULN,WR,12.0,12.0,12.0,9.6,115.2,115.2,115.2,0.0,115.2,-42.5,-38.4,-36.3,-36.3,-36.3,-36.3,,,,,,,,1.0,,1.0,,2026-08-25,,,,,0.5,,,0.0
326,WR121,310,326,421,421,415,427,315,427,5079613,Emmett Mosley V,TEX,WR,12.0,12.0,12.0,9.59,115.1,115.1,115.1,0.0,115.1,-42.6,-38.5,-36.4,-36.4,-36.4,-36.4,,,,,,,,0.97,,1.0,,2026-08-25,,,,,0.5,,,0.0
327,WR122,311,327,422,422,416,428,316,428,5296150,DeAree Rogers,NIU,WR,12.0,12.0,12.0,9.59,115.1,115.1,115.1,0.0,115.1,-42.6,-38.5,-36.4,-36.4,-36.4,-36.4,,,,,,,,1.0,,1.0,,2026-08-25,,,,,0.5,,,0.0
328,RB120,304,328,367,367,361,372,260,372,5157391,Jayden Clerveaux,CMU,RB,12.0,12.0,12.0,10.1,121.2,121.2,121.2,0.0,121.2,-36.5,-38.0,-36.5,-36.5,-36.5,-36.5,,,,,,,,0.98,,1.0,,2026-08-25,,,,,0.5,,,0.0
329,RB121,305,329,368,368,362,373,261,373,5300775,Sincere Baines,WKU,RB,12.0,12.0,12.0,10.1,121.2,121.2,121.2,0.0,121.2,-36.5,-38.0,-36.5,-36.5,-36.5,-36.5,,,,,,,,0.94,,1.0,,2026-08-25,,,,,0.5,,,0.0
330,WR123,312,330,423,423,417,429,317,429,5141582,Donovan Olugbode,MIZ,WR,12.0,12.0,12.0,9.58,114.9,114.9,114.9,0.0,114.9,-42.8,-38.7,-36.6,-36.6,-36.6,-36.6,,,,,,,,0.96,,1.0,,2026-08-25,,,,,0.5,,,0.0
331,RB122,308,331,372,372,366,377,265,377,5298748,Nick Herman,JMU,RB,12.0,12.0,12.0,10.07,120.8,120.8,120.8,0.0,120.8,-36.9,-38.4,-36.9,-36.9,-36.9,-36.9,,,,,,,,0.93,,1.0,,2026-08-25,,,,,0.5,,,0.0
332,WR124,316,332,426,426,419,431,319,431,5159362,Zion Booker,KENN,WR,12.0,12.0,12.0,9.52,114.3,114.3,114.3,0.0,114.3,-43.4,-39.3,-37.2,-37.2,-37.2,-37.2,,,,,,,,1.0,,1.0,,2026-08-25,,,,,0.5,,,0.0
333,RB123,314,333,375,375,369,380,268,380,4873234,Victor Rosa,OHIO,RB,12.0,12.0,12.0,10.02,120.2,120.2,120.2,0.0,120.2,-37.5,-39.0,-37.5,-37.5,-37.5,-37.5,,,,,,,,1.0,,1.0,,2026-08-25,,,,,0.5,,,0.0
334,RB124,315,334,379,379,373,384,272,384,5088888,Torrance Burgess Jr.,TXST,RB,12.0,12.0,12.0,10.0,120.0,120.0,120.0,0.0,120.0,-37.7,-39.2,-37.7,-37.7,-37.7,-37.7,,,,,,,,0.94,,1.0,,2026-08-25,,,,,0.5,,,0.0
335,WR125,318,335,430,430,423,435,323,435,5079691,Malcolm Simmons,TTU,WR,12.0,12.0,12.0,9.48,113.7,113.7,113.7,0.0,113.7,-44.0,-39.9,-37.8,-37.8,-37.8,-37.8,,,,,,,,0.95,,1.0,,2026-08-25,,,,,0.5,,,0.0
336,WR126,319,336,431,431,424,436,324,436,5084967,Victor Snow,NCSU,WR,12.0,12.0,12.0,9.48,113.7,113.7,113.7,0.0,113.7,-44.0,-39.9,-37.8,-37.8,-37.8,-37.8,,,,,,,,1.0,,1.0,,2026-08-25,,,,,0.5,,,0.0
337,WR127,321,337,433,433,426,438,326,438,5146735,Charlie Becker,IU,WR,12.0,12.0,12.0,9.46,113.5,113.5,113.5,0.0,113.5,-44.2,-40.1,-38.0,-38.0,-38.0,-38.0,,,,,,,,1.0,,1.0,,2026-08-25,,,,,0.5,,,0.0
338,QB85,541,338,119,119,118,127,63,127,5224011,Baylor Hayes,TLSA,QB,12.0,12.0,12.0,15.48,185.7,185.7,185.7,0.0,185.7,-59.4,-59.5,-42.6,-38.3,-38.3,-38.3,,,,,,,,0.94,,1.0,,2026-08-25,,,,,0.5,,,0.0
339,WR128,325,339,436,436,429,441,329,441,4869694,Langston Lewis,CMU,WR,12.0,12.0,12.0,9.41,112.9,112.9,112.9,0.0,112.9,-44.8,-40.7,-38.6,-38.6,-38.6,-38.6,,,,,,,,1.0,,1.0,,2026-08-25,,,,,0.5,,,0.0
340,QB86,544,340,122,122,121,130,64,130,5144959,Drake Lindsey,MINN,QB,12.0,12.0,12.0,15.44,185.3,185.3,185.3,0.0,185.3,-59.8,-59.9,-43.0,-38.7,-38.7,-38.7,,,,,,,,0.96,,1.0,,2026-08-25,,,,,0.5,,,0.0
341,WR129,326,341,439,439,432,444,332,444,5089545,De'Andre Tamarez,MRSH,WR,12.0,12.0,12.0,9.4,112.8,112.8,112.8,0.0,112.8,-44.9,-40.8,-38.7,-38.7,-38.7,-38.7,,,,,,,,0.98,,1.0,,2026-08-25,,,,,0.5,,,0.0
342,WR130,327,342,440,440,433,445,333,445,5121666,Kam Shanks,WAKE,WR,12.0,12.0,12.0,9.4,112.8,112.8,112.8,0.0,112.8,-44.9,-40.8,-38.7,-38.7,-38.7,-38.7,,,,,,,,0.97,,1.0,,2026-08-25,,,,,0.5,,,0.0
343,RB125,322,343,386,386,380,392,280,392,5110454,James Peoples,PSU,RB,12.0,12.0,12.0,9.91,118.9,118.9,118.9,0.0,118.9,-38.8,-40.3,-38.8,-38.8,-38.8,-38.8,,,,,,,,1.0,,1.0,,2026-08-25,,,,,0.5,,,0.0
344,RB126,324,344,389,389,383,395,283,395,4921517,Dawson Pendergrass,BAY,RB,12.0,12.0,12.0,9.89,118.7,118.7,118.7,0.0,118.7,-39.0,-40.5,-39.0,-39.0,-39.0,-39.0,,,,,,,,0.98,,1.0,,2026-08-25,,,,,0.5,,,0.0
345,TE3,278,345,390,390,384,396,284,396,4922996,Dylan Wade,UCF,TE,12.0,12.0,12.0,9.89,118.7,118.7,118.7,0.0,118.7,-39.0,-34.9,-39.0,-39.0,-39.0,-39.0,,,,,,,,1.0,,1.0,,2026-08-25,,,,,0.5,,,0.0
346,WR131,329,346,442,442,434,446,334,446,5079519,Jeremiah McClellan,ORE,WR,12.0,12.0,12.0,9.38,112.5,112.5,112.5,0.0,112.5,-45.2,-41.1,-39.0,-39.0,-39.0,-39.0,,,,,,,,0.95,,1.0,,2026-08-25,,,,,0.5,,,0.0
347,WR132,334,347,443,443,435,447,335,447,5153994,Landon Ellis,UCLA,WR,12.0,12.0,12.0,9.35,112.2,112.2,112.2,0.0,112.2,-45.5,-41.4,-39.3,-39.3,-39.3,-39.3,,,,,,,,1.0,,1.0,,2026-08-25,,,,,0.5,,,0.0
348,WR133,335,348,445,445,437,449,337,449,4896289,Gavin Freeman,BAY,WR,12.0,12.0,12.0,9.34,112.1,112.1,112.1,0.0,112.1,-45.6,-41.5,-39.4,-39.4,-39.4,-39.4,,,,,,,,0.99,,1.0,,2026-08-25,,,,,0.5,,,0.0
349,WR134,336,349,446,446,438,450,338,450,5152045,Malachi Henry,CIN,WR,12.0,12.0,12.0,9.34,112.1,112.1,112.1,0.0,112.1,-45.6,-41.5,-39.4,-39.4,-39.4,-39.4,,,,,,,,0.93,,1.0,,2026-08-25,,,,,0.5,,,0.0
350,WR135,337,350,448,448,440,452,340,452,5224790,Isaiah Fuhrmann,GT,WR,12.0,12.0,12.0,9.33,112.0,112.0,112.0,0.0,112.0,-45.7,-41.6,-39.5,-39.5,-39.5,-39.5,,,,,,,,0.94,,1.0,,2026-08-25,,,,,0.5,,,0.0
351,WR136,341,351,449,449,441,453,341,453,4726152,JoJo Bermudez,TEM,WR,12.0,12.0,12.0,9.33,111.9,111.9,111.9,0.0,111.9,-45.8,-41.7,-39.6,-39.6,-39.6,-39.6,,,,,,,,1.0,,1.0,,2026-08-25,,,,,0.5,,,0.0
352,WR137,342,352,450,450,442,454,342,454,5226267,Zyheem Collick,CLT,WR,12.0,12.0,12.0,9.33,111.9,111.9,111.9,0.0,111.9,-45.8,-41.7,-39.6,-39.6,-39.6,-39.6,,,,,,,,0.92,,1.0,,2026-08-25,,,,,0.5,,,0.0
353,RB127,330,353,391,391,385,397,285,397,4870955,Samuel Singleton Jr.,FSU,RB,12.0,12.0,12.0,9.83,118.0,118.0,118.0,0.0,118.0,-39.7,-41.2,-39.7,-39.7,-39.7,-39.7,,,,,,,,0.9,,1.0,,2026-08-25,,,,,0.5,,,0.0
354,RB128,331,354,392,392,386,398,286,398,4871013,Gemari Sands,FSU,RB,12.0,12.0,12.0,9.83,118.0,118.0,118.0,0.0,118.0,-39.7,-41.2,-39.7,-39.7,-39.7,-39.7,,,,,,,,0.92,,1.0,,2026-08-25,,,,,0.5,,,0.0
355,RB129,332,355,393,393,387,399,287,399,4897730,Bam McReynolds,UAB,RB,12.0,12.0,12.0,9.83,118.0,118.0,118.0,0.0,118.0,-39.7,-41.2,-39.7,-39.7,-39.7,-39.7,,,,,,,,1.0,,1.0,,2026-08-25,,,,,0.5,,,0.0
356,RB130,333,356,394,394,388,400,288,400,5141560,Ousmane Kromah,FSU,RB,12.0,12.0,12.0,9.83,118.0,118.0,118.0,0.0,118.0,-39.7,-41.2,-39.7,-39.7,-39.7,-39.7,,,,,,,,0.94,,1.0,,2026-08-25,,,,,0.5,,,0.0
357,WR138,344,357,451,451,443,455,343,455,5189530,Joseph Williams,COLO,WR,12.0,12.0,12.0,9.31,111.7,111.7,111.7,0.0,111.7,-46.0,-41.9,-39.8,-39.8,-39.8,-39.8,,,,,,,,0.92,,1.0,,2026-08-25,,,,,0.5,,,0.0
358,WR139,346,358,452,452,444,456,344,456,4895711,Chris Reed,SHSU,WR,12.0,12.0,12.0,9.3,111.6,111.6,111.6,0.0,111.6,-46.1,-42.0,-39.9,-39.9,-39.9,-39.9,,,,,,,,0.98,,1.0,,2026-08-25,,,,,0.5,,,0.0
359,WR140,347,359,453,453,445,457,345,457,5093837,Chris Hunter,ARIZ,WR,12.0,12.0,12.0,9.3,111.6,111.6,111.6,0.0,111.6,-46.1,-42.0,-39.9,-39.9,-39.9,-39.9,,,,,,,,1.0,,1.0,,2026-08-25,,,,,0.5,,,0.0
360,WR141,348,360,454,454,446,458,346,458,4870601,Jaylen Bonelli,ARST,WR,12.0,12.0,12.0,9.29,111.5,111.5,111.5,0.0,111.5,-46.2,-42.1,-40.0,-40.0,-40.0,-40.0,,,,,,,,0.99,,1.0,,2026-08-25,,,,,0.5,,,0.0
361,RB131,339,361,397,397,391,403,291,403,5156998,CharMar Brown,MIA,RB,12.0,12.0,12.0,9.79,117.5,117.5,117.5,0.0,117.5,-40.2,-41.7,-40.2,-40.2,-40.2,-40.2,,,,,,,,1.0,,1.0,,2026-08-25,,,,,0.5,,,0.0
362,RB132,340,362,398,398,392,404,292,404,5164331,Girard Pringle Jr.,MIA,RB,12.0,12.0,12.0,9.79,117.5,117.5,117.5,0.0,117.5,-40.2,-41.7,-40.2,-40.2,-40.2,-40.2,,,,,,,,0.91,,1.0,,2026-08-25,,,,,0.5,,,0.0
363,RB133,343,363,400,400,394,406,294,406,5227257,Markell Holman,WYO,RB,12.0,12.0,12.0,9.78,117.3,117.3,117.3,0.0,117.3,-40.4,-41.9,-40.4,-40.4,-40.4,-40.4,,,,,,,,1.0,,1.0,,2026-08-25,,,,,0.5,,,0.0
364,RB134,345,364,401,401,395,407,295,407,4258419,Hunter Smith,TEM,RB,12.0,12.0,12.0,9.77,117.2,117.2,117.2,0.0,117.2,-40.5,-42.0,-40.5,-40.5,-40.5,-40.5,,,,,,,,1.0,,1.0,,2026-08-25,,,,,0.5,,,0.0
365,WR142,350,365,459,459,451,463,351,463,5296438,Tristian Gardner,CCU,WR,12.0,12.0,12.0,9.24,110.9,110.9,110.9,0.0,110.9,-46.8,-42.7,-40.6,-40.6,-40.6,-40.6,,,,,,,,1.0,,1.0,,2026-08-25,,,,,0.5,,,0.0
366,QB87,575,366,124,124,123,132,65,132,4685345,JC French IV,CIN,QB,12.0,12.0,12.0,15.28,183.3,183.3,183.3,0.0,183.3,-61.8,-61.9,-45.0,-40.7,-40.7,-40.7,,,,,,,,0.97,,1.0,,2026-08-25,,,,,0.5,,,0.0
367,RB135,349,367,405,405,399,411,299,411,5084210,Jo'Shon Barbie,MRSH,RB,12.0,12.0,12.0,9.74,116.9,116.9,116.9,0.0,116.9,-40.8,-42.3,-40.8,-40.8,-40.8,-40.8,,,,,,,,0.98,,1.0,,2026-08-25,,,,,0.5,,,0.0
368,WR143,352,368,460,460,452,464,352,464,4870826,Micah Mays Jr.,FLA,WR,12.0,12.0,12.0,9.22,110.7,110.7,110.7,0.0,110.7,-47.0,-42.9,-40.8,-40.8,-40.8,-40.8,,,,,,,,0.94,,1.0,,2026-08-25,,,,,0.5,,,0.0
369,QB88,579,369,126,126,125,134,66,134,5212654,Braden Atkinson,ORST,QB,12.0,12.0,12.0,15.25,183.0,183.0,183.0,0.0,183.0,-62.1,-62.2,-45.3,-41.0,-41.0,-41.0,,,,,,,,0.87,,1.0,,2026-08-25,,,,,0.5,,,0.0
370,WR144,355,370,466,466,458,470,358,470,5193274,Cade Wolford,CIN,WR,12.0,12.0,12.0,9.2,110.4,110.4,110.4,0.0,110.4,-47.3,-43.2,-41.1,-41.1,-41.1,-41.1,,,,,,,,0.86,,1.0,,2026-08-25,,,,,0.5,,,0.0
371,QB89,580,371,127,127,126,135,67,135,5079516,KJ Jackson,ARK,QB,12.0,12.0,12.0,15.23,182.8,182.8,182.8,0.0,182.8,-62.3,-62.4,-45.5,-41.2,-41.2,-41.2,,,,,,,,0.87,,1.0,,2026-08-25,,,,,0.5,,,0.0
372,RB136,351,372,411,411,405,417,305,417,4685269,Jovantae Barnes,UK,RB,12.0,12.0,12.0,9.69,116.3,116.3,116.3,0.0,116.3,-41.4,-42.9,-41.4,-41.4,-41.4,-41.4,,,,,,,,1.0,,1.0,,2026-08-25,,,,,0.5,,,0.0
373,RB137,353,373,413,413,407,419,307,419,5220253,James Jones,NMSU,RB,12.0,12.0,12.0,9.68,116.2,116.2,116.2,0.0,116.2,-41.5,-43.0,-41.5,-41.5,-41.5,-41.5,,,,,,,,0.99,,1.0,,2026-08-25,,,,,0.5,,,0.0
374,WR145,358,374,470,470,461,473,361,473,5087069,Max Mosey,RICE,WR,12.0,12.0,12.0,9.16,109.9,109.9,109.9,0.0,109.9,-47.8,-43.7,-41.6,-41.6,-41.6,-41.6,,,,,,,,1.0,,1.0,,2026-08-25,,,,,0.5,,,0.0
375,RB138,356,375,414,414,408,420,308,420,5085507,D.J. Crowther,USF,RB,12.0,12.0,12.0,9.66,115.9,115.9,115.9,0.0,115.9,-41.8,-43.3,-41.8,-41.8,-41.8,-41.8,,,,,,,,0.9,,1.0,,2026-08-25,,,,,0.5,,,0.0
376,QB90,591,376,129,129,128,137,68,137,5079465,Michael Hawkins Jr.,WVU,QB,12.0,12.0,12.0,15.18,182.1,182.1,182.1,0.0,182.1,-63.0,-63.1,-46.2,-41.9,-41.9,-41.9,,,,,,,,0.87,,1.0,,2026-08-25,,,,,0.5,,,0.0
377,RB139,357,377,416,416,410,422,310,422,5227400,Travis Terrell Jr.,PUR,RB,12.0,12.0,12.0,9.63,115.6,115.6,115.6,0.0,115.6,-42.1,-43.6,-42.1,-42.1,-42.1,-42.1,,,,,,,,0.92,,1.0,,2026-08-25,,,,,0.5,,,0.0
378,QB91,600,378,132,132,131,140,69,140,5141629,Keelon Russell,ALA,QB,12.0,12.0,12.0,15.13,181.6,181.6,181.6,0.0,181.6,-63.5,-63.6,-46.7,-42.4,-42.4,-42.4,,,,,,1.0,,1.0,0.8,1.0,,2026-08-25,2026-08-20,,https://www.rollbama.com/football/alabama-names-keelon-russell-starting-quarterback/,2026-08-20,0.5,,,0.0
379,WR146,361,379,476,476,467,479,367,479,4870850,Omarion Miller,ASU,WR,12.0,12.0,12.0,9.09,109.1,109.1,109.1,0.0,109.1,-48.6,-44.5,-42.4,-42.4,-42.4,-42.4,,,,,,,,1.0,,1.0,,2026-08-25,,,,,0.5,,,0.0
380,WR147,362,380,478,478,469,481,369,481,5148995,Brady Kluse,MEM,WR,12.0,12.0,12.0,9.09,109.1,109.1,109.1,0.0,109.1,-48.6,-44.5,-42.4,-42.4,-42.4,-42.4,,,,,,,,0.98,,1.0,,2026-08-25,,,,,0.5,,,0.0
381,WR148,363,381,480,480,471,483,371,483,5231354,Caden High,STAN,WR,12.0,12.0,12.0,9.09,109.1,109.1,109.1,0.0,109.1,-48.6,-44.5,-42.4,-42.4,-42.4,-42.4,,,,,,,,0.97,,1.0,,2026-08-25,,,,,0.5,,,0.0
382,QB92,603,382,134,134,133,142,70,142,5141549,David McComb,M-OH,QB,12.0,12.0,12.0,15.12,181.5,181.5,181.5,0.0,181.5,-63.6,-63.7,-46.8,-42.5,-42.5,-42.5,,,,,,1.0,,1.0,0.8,1.0,,2026-08-25,2026-08-24,,https://www.bythebelt.com/miami-names-mccomb-starting-qb-gotkowski-out-for-season/,2026-08-24,0.5,,,0.0
383,WR149,364,383,482,482,473,485,373,485,4921110,Chase Hendricks,CAL,WR,12.0,12.0,12.0,9.08,109.0,109.0,109.0,0.0,109.0,-48.7,-44.6,-42.5,-42.5,-42.5,-42.5,,,,,,,,1.0,,1.0,,2026-08-25,,,,,0.5,,,0.0
384,QB93,606,384,135,135,134,143,71,143,5210003,Chris Denson,CLEM,QB,12.0,12.0,12.0,15.12,181.4,181.4,181.4,0.0,181.4,-63.7,-63.8,-46.9,-42.6,-42.6,-42.6,,,,,,,,0.81,,1.0,,2026-08-25,,,,,0.5,,,0.0
385,WR150,365,385,485,485,476,488,376,488,4685356,Greg Gaines III,FIU,WR,12.0,12.0,12.0,9.07,108.8,108.8,108.8,0.0,108.8,-48.9,-44.8,-42.7,-42.7,-42.7,-42.7,,,,,,,,1.0,,1.0,,2026-08-25,,,,,0.5,,,0.0
386,WR151,366,386,488,488,479,491,379,491,5079492,Micah Hudson,TTU,WR,12.0,12.0,12.0,9.06,108.7,108.7,108.7,0.0,108.7,-49.0,-44.9,-42.8,-42.8,-42.8,-42.8,,,,,,,,0.8,,1.0,,2026-08-25,,,,,0.5,,,0.0
387,RB140,360,387,424,424,1111,166,83,166,5155048,L.J. Phillips Jr.,IOWA,RB,12.0,12.0,12.0,9.57,114.8,114.8,114.8,0.0,114.8,-42.9,-44.4,-42.9,-42.9,-42.9,-42.9,69.605,69.605,69.605,170.086,170.086,0.45,0.439,0.7,0.8,1.0,0.45,2026-08-25,2026-08-05,,https://www.desmoinesregister.com/story/sports/college/iowa/football/2026/08/05/iowa-football-running-back-kamari-moulton-lj-phillips/91157493007/,2026-08-05,0.5,,,0.0
388,WR152,367,388,489,489,480,492,380,492,5193298,Chris Durr Jr.,MD,WR,12.0,12.0,12.0,9.05,108.6,108.6,108.6,0.0,108.6,-49.1,-45.0,-42.9,-42.9,-42.9,-42.9,,,,,,,,0.97,,1.0,,2026-08-25,,,,,0.5,,,0.0
389,WR153,368,389,490,490,481,493,381,493,5120454,Caleb Goodie,MIZ,WR,12.0,12.0,12.0,9.04,108.5,108.5,108.5,0.0,108.5,-49.2,-45.1,-43.0,-43.0,-43.0,-43.0,,,,,,,,0.97,,1.0,,2026-08-25,,,,,0.5,,,0.0
390,WR154,369,390,491,491,482,494,382,494,4896389,Louis Brown IV,BAY,WR,12.0,12.0,12.0,9.03,108.4,108.4,108.4,0.0,108.4,-49.3,-45.2,-43.1,-43.1,-43.1,-43.1,,,,,,,,0.94,,1.0,,2026-08-25,,,,,0.5,,,0.0
391,WR155,370,391,492,492,483,495,383,495,5265446,Clayton Coppock Jr.,CCU,WR,12.0,12.0,12.0,9.03,108.4,108.4,108.4,0.0,108.4,-49.3,-45.2,-43.1,-43.1,-43.1,-43.1,,,,,,,,0.97,,1.0,,2026-08-25,,,,,0.5,,,0.0
392,WR156,372,392,493,493,484,496,384,496,5078453,London Humphreys,UGA,WR,12.0,12.0,12.0,9.01,108.1,108.1,108.1,0.0,108.1,-49.6,-45.5,-43.4,-43.4,-43.4,-43.4,,,,,,,,1.0,,1.0,,2026-08-25,,,,,0.5,,,0.0
393,WR157,373,393,494,494,485,497,385,497,5195952,Wondame Davis Jr.,WAKE,WR,12.0,12.0,12.0,9.01,108.1,108.1,108.1,0.0,108.1,-49.6,-45.5,-43.4,-43.4,-43.4,-43.4,,,,,,,,0.89,,1.0,,2026-08-25,,,,,0.5,,,0.0
394,WR158,375,394,495,495,486,498,386,498,4880358,Cam Pedro,CLT,WR,12.0,12.0,12.0,8.98,107.8,107.8,107.8,0.0,107.8,-49.9,-45.8,-43.7,-43.7,-43.7,-43.7,,,,,,,,0.95,,1.0,,2026-08-25,,,,,0.5,,,0.0
395,WR159,376,395,497,497,488,500,388,500,4685516,Shazz Preston,IU,WR,12.0,12.0,12.0,8.98,107.7,107.7,107.7,0.0,107.7,-50.0,-45.9,-43.8,-43.8,-43.8,-43.8,,,,,,,,1.0,,1.0,,2026-08-25,,,,,0.5,,,0.0
396,WR160,377,396,498,498,489,501,389,501,5089003,Colin Chase,TEM,WR,12.0,12.0,12.0,8.98,107.7,107.7,107.7,0.0,107.7,-50.0,-45.9,-43.8,-43.8,-43.8,-43.8,,,,,,,,1.0,,1.0,,2026-08-25,,,,,0.5,,,0.0
397,QB94,620,397,138,138,137,146,72,146,4986096,Chase Jenkins,KU,QB,12.0,12.0,12.0,15.01,180.1,180.1,180.1,0.0,180.1,-65.0,-65.1,-48.2,-43.9,-43.9,-43.9,,,,,,,,0.87,,1.0,,2026-08-25,,,,,0.5,,,0.0
398,QB95,621,398,139,139,138,147,73,147,5150998,Blake Baker,LT,QB,12.0,12.0,12.0,15.0,180.0,180.0,180.0,0.0,180.0,-65.1,-65.2,-48.3,-44.0,-44.0,-44.0,,,,,,,,0.88,,1.0,,2026-08-25,,,,,0.5,,,0.0
399,TE4,317,399,428,428,421,433,321,433,4804882,Garrett Oakley,KSU,TE,12.0,12.0,12.0,9.48,113.7,113.7,113.7,0.0,113.7,-44.0,-39.9,-44.0,-44.0,-44.0,-44.0,,,,,,,,1.0,,1.0,,2026-08-25,,,,,0.5,,,0.0
400,RB141,371,400,429,429,422,434,322,434,4816098,Makhi Hughes,HOU,RB,12.0,12.0,12.0,9.48,113.7,113.7,113.7,0.0,113.7,-44.0,-45.5,-44.0,-44.0,-44.0,-44.0,,,,,,,,0.93,,1.0,,2026-08-25,,,,,0.5,,,0.0
401,RB142,374,401,432,432,425,437,325,437,4900771,Marquis Gillis,ASU,RB,12.0,12.0,12.0,9.47,113.6,113.6,113.6,0.0,113.6,-44.1,-45.6,-44.1,-44.1,-44.1,-44.1,,,,,,,,0.91,,1.0,,2026-08-25,,,,,0.5,,,0.0
402,WR161,379,402,502,502,493,505,393,505,4923295,Kenny Johnson,TTU,WR,12.0,12.0,12.0,8.95,107.4,107.4,107.4,0.0,107.4,-50.3,-46.2,-44.1,-44.1,-44.1,-44.1,,,,,,,,0.98,,1.0,,2026-08-25,,,,,0.5,,,0.0
403,QB96,624,403,140,140,139,148,74,148,5232131,KJ Cooper,USF,QB,12.0,12.0,12.0,14.98,179.8,179.8,179.8,0.0,179.8,-65.3,-65.4,-48.5,-44.2,-44.2,-44.2,,,,,,,,0.85,,1.0,,2026-08-25,,,,,0.5,,,0.0
404,QB97,625,404,141,141,140,149,75,149,5298739,Logan Inagawa,MASS,QB,12.0,12.0,12.0,14.98,179.8,179.8,179.8,0.0,179.8,-65.3,-65.4,-48.5,-44.2,-44.2,-44.2,,,,,,,,0.97,,1.0,,2026-08-25,,,,,0.5,,,0.0
405,QB98,628,405,142,142,141,150,76,150,5196864,Rodney Tisdale Jr.,WKU,QB,12.0,12.0,12.0,14.98,179.7,179.7,179.7,0.0,179.7,-65.4,-65.5,-48.6,-44.3,-44.3,-44.3,,,,,,,,0.89,,1.0,,2026-08-25,,,,,0.5,,,0.0
406,QB99,630,406,144,144,142,151,77,151,4694149,Walker Eget,DUKE,QB,12.0,12.0,12.0,14.96,179.5,179.5,179.5,0.0,179.5,-65.6,-65.7,-48.8,-44.5,-44.5,-44.5,,,,,,,,0.96,,1.0,,2026-08-25,,,,,0.5,,,0.0
407,RB143,378,407,434,434,427,439,327,439,5296378,Clay Thevenin,RUTG,RB,12.0,12.0,12.0,9.43,113.2,113.2,113.2,0.0,113.2,-44.5,-46.0,-44.5,-44.5,-44.5,-44.5,,,,,,,,0.92,,1.0,,2026-08-25,,,,,0.5,,,0.0
408,WR162,380,408,503,503,494,506,394,506,4917349,Jamari Hawkins,ARK,WR,12.0,12.0,12.0,8.92,107.0,107.0,107.0,0.0,107.0,-50.7,-46.6,-44.5,-44.5,-44.5,-44.5,,,,,,,,1.0,,1.0,,2026-08-25,,,,,0.5,,,0.0
409,WR163,383,409,507,507,498,510,398,510,4918417,Ayden Greene,VT,WR,12.0,12.0,12.0,8.89,106.7,106.7,106.7,0.0,106.7,-51.0,-46.9,-44.8,-44.8,-44.8,-44.8,,,,,,,,0.96,,1.0,,2026-08-25,,,,,0.5,,,0.0
410,WR164,384,410,508,508,499,511,399,511,5121601,Hunter Summers,ARST,WR,12.0,12.0,12.0,8.89,106.7,106.7,106.7,0.0,106.7,-51.0,-46.9,-44.8,-44.8,-44.8,-44.8,,,,,,,,1.0,,1.0,,2026-08-25,,,,,0.5,,,0.0
411,WR165,385,411,509,509,500,512,400,512,5211694,Harold Mack,EMU,WR,12.0,12.0,12.0,8.89,106.7,106.7,106.7,0.0,106.7,-51.0,-46.9,-44.8,-44.8,-44.8,-44.8,,,,,,,,0.89,,1.0,,2026-08-25,,,,,0.5,,,0.0
412,WR166,387,412,510,510,501,513,401,513,5300309,Adonis McDaniel,ORST,WR,12.0,12.0,12.0,8.88,106.5,106.5,106.5,0.0,106.5,-51.2,-47.1,-45.0,-45.0,-45.0,-45.0,,,,,,,,1.0,,1.0,,2026-08-25,,,,,0.5,,,0.0
413,WR167,388,413,512,512,503,515,403,515,5168770,Carver Cheeks,UTEP,WR,12.0,12.0,12.0,8.85,106.2,106.2,106.2,0.0,106.2,-51.5,-47.4,-45.3,-45.3,-45.3,-45.3,,,,,,,,1.0,,1.0,,2026-08-25,,,,,0.5,,,0.0
414,WR168,389,414,513,513,504,516,404,516,5017177,Keith Reynolds,M-OH,WR,12.0,12.0,12.0,8.84,106.1,106.1,106.1,0.0,106.1,-51.6,-47.5,-45.4,-45.4,-45.4,-45.4,,,,,,,,0.95,,1.0,,2026-08-25,,,,,0.5,,,0.0
415,RB144,386,415,444,444,436,448,336,448,5175334,Bryson Donelson,FRES,RB,12.0,12.0,12.0,9.35,112.2,112.2,112.2,0.0,112.2,-45.5,-47.0,-45.5,-45.5,-45.5,-45.5,,,,,,,,1.0,,1.0,,2026-08-25,,,,,0.5,,,0.0
416,WR169,390,416,515,515,506,518,406,518,4685283,Kaleb Brown,UAB,WR,12.0,12.0,12.0,8.83,105.9,105.9,105.9,0.0,105.9,-51.8,-47.7,-45.6,-45.6,-45.6,-45.6,,,,,,,,0.99,,1.0,,2026-08-25,,,,,0.5,,,0.0
417,WR170,392,417,521,521,512,524,412,524,5295811,Vernell Brown III,FLA,WR,12.0,12.0,12.0,8.82,105.8,105.8,105.8,0.0,105.8,-51.9,-47.8,-45.7,-45.7,-45.7,-45.7,,,,,,,,0.95,,1.0,,2026-08-25,,,,,0.5,,,0.0
418,WR171,393,418,522,522,513,525,413,525,5149007,Miles Coleman,OKST,WR,12.0,12.0,12.0,8.81,105.7,105.7,105.7,0.0,105.7,-52.0,-47.9,-45.8,-45.8,-45.8,-45.8,,,,,,,,0.89,,1.0,,2026-08-25,,,,,0.5,,,0.0
419,WR172,395,419,524,524,515,527,415,527,5300856,Tony Diaz,IOWA,WR,12.0,12.0,12.0,8.79,105.5,105.5,105.5,0.0,105.5,-52.2,-48.1,-46.0,-46.0,-46.0,-46.0,,,,,,,,0.91,,1.0,,2026-08-25,,,,,0.5,,,0.0
420,QB100,655,420,146,146,144,153,78,153,4592532,Billy Edwards Jr.,UNC,QB,12.0,12.0,12.0,14.83,177.9,177.9,177.9,0.0,177.9,-67.2,-67.3,-50.4,-46.1,-46.1,-46.1,,,,,,1.0,,1.0,0.5,1.0,,2026-08-25,2026-08-18,,,2026-08-18,0.5,,,0.0
421,WR173,396,421,525,525,516,528,416,528,4870929,Noah Rogers,ALA,WR,12.0,12.0,12.0,8.78,105.4,105.4,105.4,0.0,105.4,-52.3,-48.2,-46.1,-46.1,-46.1,-46.1,,,,,,,,0.96,,1.0,,2026-08-25,,,,,0.5,,,0.0
422,WR174,397,422,526,526,517,529,417,529,5130792,Nitro Tuggle,SC,WR,12.0,12.0,12.0,8.78,105.3,105.3,105.3,0.0,105.3,-52.4,-48.3,-46.2,-46.2,-46.2,-46.2,,,,,,,,0.91,,1.0,,2026-08-25,,,,,0.5,,,0.0
423,RB145,391,423,455,455,447,459,347,459,5150313,Kanye Udoh,LIB,RB,12.0,12.0,12.0,9.28,111.4,111.4,111.4,0.0,111.4,-46.3,-47.8,-46.3,-46.3,-46.3,-46.3,,,,,,,,0.95,,1.0,,2026-08-25,,,,,0.5,,,0.0
424,WR175,398,424,527,527,518,530,418,530,4871001,Jaedn Skeete,BC,WR,12.0,12.0,12.0,8.77,105.2,105.2,105.2,0.0,105.2,-52.5,-48.4,-46.3,-46.3,-46.3,-46.3,,,,,,,,0.86,,1.0,,2026-08-25,,,,,0.5,,,0.0
425,RB146,394,425,456,456,448,460,348,460,5228607,Demon June,UNC,RB,12.0,12.0,12.0,9.27,111.2,111.2,111.2,0.0,111.2,-46.5,-48.0,-46.5,-46.5,-46.5,-46.5,,,,,,,,0.94,,1.0,,2026-08-25,,,,,0.5,,,0.0
426,WR176,400,426,530,530,521,533,421,533,4685383,Isaiah Horton,TA&M,WR,12.0,12.0,12.0,8.75,105.0,105.0,105.0,0.0,105.0,-52.7,-48.6,-46.5,-46.5,-46.5,-46.5,,,,,,,,0.98,,1.0,,2026-08-25,,,,,0.5,,,0.0
427,WR177,403,427,534,534,525,537,425,537,5224388,Shane Carr,UK,WR,12.0,12.0,12.0,8.73,104.8,104.8,104.8,0.0,104.8,-52.9,-48.8,-46.7,-46.7,-46.7,-46.7,,,,,,,,0.97,,1.0,,2026-08-25,,,,,0.5,,,0.0
428,RB147,399,428,461,461,453,465,353,465,4911914,Andrew Paul,JXST,RB,12.0,12.0,12.0,9.22,110.7,110.7,110.7,0.0,110.7,-47.0,-48.5,-47.0,-47.0,-47.0,-47.0,,,,,,,,1.0,,1.0,,2026-08-25,,,,,0.5,,,0.0
429,WR178,407,429,535,535,526,538,426,538,5229589,Javon Ross,TLSA,WR,12.0,12.0,12.0,8.71,104.5,104.5,104.5,0.0,104.5,-53.2,-49.1,-47.0,-47.0,-47.0,-47.0,,,,,,,,0.87,,1.0,,2026-08-25,,,,,0.5,,,0.0
430,WR179,409,430,536,536,527,539,427,539,4940235,Taeshaun Lyons,UNLV,WR,12.0,12.0,12.0,8.7,104.4,104.4,104.4,0.0,104.4,-53.3,-49.2,-47.1,-47.1,-47.1,-47.1,,,,,,,,0.97,,1.0,,2026-08-25,,,,,0.5,,,0.0
431,WR180,410,431,538,538,529,541,429,541,5160955,Jojo Phillips,BYU,WR,12.0,12.0,12.0,8.7,104.4,104.4,104.4,0.0,104.4,-53.3,-49.2,-47.1,-47.1,-47.1,-47.1,,,,,,,,0.95,,1.0,,2026-08-25,,,,,0.5,,,0.0
432,QB101,671,432,147,147,145,154,79,154,5083490,Ayden Pereira,GAST,QB,12.0,12.0,12.0,14.73,176.8,176.8,176.8,0.0,176.8,-68.3,-68.4,-51.5,-47.2,-47.2,-47.2,,,,,,,,0.95,,1.0,,2026-08-25,,,,,0.5,,,0.0
433,TE5,354,433,464,464,456,468,356,468,4867887,Terrance Carter Jr.,TTU,TE,12.0,12.0,12.0,9.21,110.5,110.5,110.5,0.0,110.5,-47.2,-43.1,-47.2,-47.2,-47.2,-47.2,,,,,,,,0.99,,1.0,,2026-08-25,,,,,0.5,,,0.0
434,RB148,402,434,465,465,457,469,357,469,5110500,Kevin Riley,ALA,RB,12.0,12.0,12.0,9.2,110.4,110.4,110.4,0.0,110.4,-47.3,-48.8,-47.3,-47.3,-47.3,-47.3,,,,,,,,1.0,,1.0,,2026-08-25,,,,,0.5,,,0.0
435,WR181,412,435,541,541,532,544,432,544,5078105,TJ Lott,TROY,WR,12.0,12.0,12.0,8.68,104.2,104.2,104.2,0.0,104.2,-53.5,-49.4,-47.3,-47.3,-47.3,-47.3,,,,,,,,0.92,,1.0,,2026-08-25,,,,,0.5,,,0.0
436,RB149,405,436,467,467,459,471,359,471,4921316,Nolan Ray,BC,RB,12.0,12.0,12.0,9.19,110.3,110.3,110.3,0.0,110.3,-47.4,-48.9,-47.4,-47.4,-47.4,-47.4,,,,,,,,0.92,,1.0,,2026-08-25,,,,,0.5,,,0.0
437,WR182,413,437,543,543,534,546,434,546,5081367,Chas Nimrod,AUB,WR,12.0,12.0,12.0,8.67,104.0,104.0,104.0,0.0,104.0,-53.7,-49.6,-47.5,-47.5,-47.5,-47.5,,,,,,,,0.96,,1.0,,2026-08-25,,,,,0.5,,,0.0
438,RB150,406,438,468,468,1798,98,48,98,5147379,Sire Gaines,BOIS,RB,12.0,12.0,12.0,9.18,110.1,110.1,110.1,0.0,110.1,-47.6,-49.1,-47.6,-47.6,-47.6,-47.6,41.113,69.576,69.576,197.619,197.619,0.35,0.362,0.7,0.8,1.0,0.35,2026-08-25,2026-03-20,,https://www.idahostatesman.com/sports/college/mountain-west/boise-state-university/boise-state-football/article315201970.html,2026-03-20,0.5,,,0.0
439,WR183,414,439,545,545,536,548,436,548,5095096,AJ Johnson,UAB,WR,12.0,12.0,12.0,8.66,103.9,103.9,103.9,0.0,103.9,-53.8,-49.7,-47.6,-47.6,-47.6,-47.6,,,,,,,,0.9,,1.0,,2026-08-25,,,,,0.5,,,0.0
440,QB102,680,440,149,149,147,156,80,156,5141506,Deuce Knight,MISS,QB,12.0,12.0,12.0,14.69,176.3,176.3,176.3,0.0,176.3,-68.8,-68.9,-52.0,-47.7,-47.7,-47.7,,,,,,,,0.73,,1.0,,2026-08-25,,,,,0.5,,,0.0
441,RB151,408,441,469,469,460,472,360,472,5142140,Khobie Martin,IU,RB,12.0,12.0,12.0,9.17,110.0,110.0,110.0,0.0,110.0,-47.7,-49.2,-47.7,-47.7,-47.7,-47.7,,,,,,,,0.94,,1.0,,2026-08-25,,,,,0.5,,,0.0
442,WR184,415,442,546,546,537,549,437,549,4921113,Josh Manning,KSU,WR,12.0,12.0,12.0,8.65,103.8,103.8,103.8,0.0,103.8,-53.9,-49.8,-47.7,-47.7,-47.7,-47.7,,,,,,,,0.95,,1.0,,2026-08-25,,,,,0.5,,,0.0
443,RB152,411,443,471,471,462,474,362,474,4698727,Dallan Hayden,MEM,RB,12.0,12.0,12.0,9.15,109.8,109.8,109.8,0.0,109.8,-47.9,-49.4,-47.9,-47.9,-47.9,-47.9,,,,,,,,0.93,,1.0,,2026-08-25,,,,,0.5,,,0.0
444,WR185,420,444,552,552,543,555,443,555,5153408,Kendall Harris,ODU,WR,12.0,12.0,12.0,8.61,103.3,103.3,103.3,0.0,103.3,-54.4,-50.3,-48.2,-48.2,-48.2,-48.2,,,,,,,,0.93,,1.0,,2026-08-25,,,,,0.5,,,0.0
445,RB153,416,445,477,477,468,480,368,480,5079419,TJ Engleman Jr.,ECU,RB,12.0,12.0,12.0,9.09,109.1,109.1,109.1,0.0,109.1,-48.6,-50.1,-48.6,-48.6,-48.6,-48.6,,,,,,,,0.98,,1.0,,2026-08-25,,,,,0.5,,,0.0
446,RB154,417,446,479,479,470,482,370,482,5194306,Ashton Gray,ECU,RB,12.0,12.0,12.0,9.09,109.1,109.1,109.1,0.0,109.1,-48.6,-50.1,-48.6,-48.6,-48.6,-48.6,,,,,,,,1.0,,1.0,,2026-08-25,,,,,0.5,,,0.0
447,RB155,418,447,481,481,472,484,372,484,4869552,Robert Briggs,USM,RB,12.0,12.0,12.0,9.08,109.0,109.0,109.0,0.0,109.0,-48.7,-50.2,-48.7,-48.7,-48.7,-48.7,,,,,,,,0.97,,1.0,,2026-08-25,,,,,0.5,,,0.0
448,WR186,424,448,558,558,549,561,449,561,4714341,Ben Ford,BOIS,WR,12.0,12.0,12.0,8.57,102.8,102.8,102.8,0.0,102.8,-54.9,-50.8,-48.7,-48.7,-48.7,-48.7,,,,,,,,0.94,,1.0,,2026-08-25,,,,,0.5,,,0.0
449,RB156,419,449,484,484,475,487,375,487,5194659,James McNeil Jr.,BUF,RB,12.0,12.0,12.0,9.08,108.9,108.9,108.9,0.0,108.9,-48.8,-50.3,-48.8,-48.8,-48.8,-48.8,,,,,,,,0.95,,1.0,,2026-08-25,,,,,0.5,,,0.0
450,WR187,425,450,559,559,550,562,450,562,4912130,Trell Harris,OU,WR,12.0,12.0,12.0,8.56,102.7,102.7,102.7,0.0,102.7,-55.0,-50.9,-48.8,-48.8,-48.8,-48.8,,,,,,,,0.97,,1.0,,2026-08-25,,,,,0.5,,,0.0
451,RB157,421,451,486,486,477,489,377,489,5079589,Braylen Russell,ARK,RB,12.0,12.0,12.0,9.07,108.8,108.8,108.8,0.0,108.8,-48.9,-50.4,-48.9,-48.9,-48.9,-48.9,,,,,,,,0.93,,1.0,,2026-08-25,,,,,0.5,,,0.0
452,WR188,426,452,560,560,551,563,451,563,4690298,Jake Thaw,DEL,WR,12.0,12.0,12.0,8.55,102.6,102.6,102.6,0.0,102.6,-55.1,-51.0,-48.9,-48.9,-48.9,-48.9,,,,,,,,0.98,,1.0,,2026-08-25,,,,,0.5,,,0.0
453,RB158,422,453,487,487,478,490,378,490,4954455,Bryson Washington,AUB,RB,12.0,12.0,12.0,9.06,108.7,108.7,108.7,0.0,108.7,-49.0,-50.5,-49.0,-49.0,-49.0,-49.0,,,,,,0.3,,0.7,0.5,1.0,,2026-08-25,2026-08-15,,https://www.al.com/auburnfootball/2026/08/which-running-backs-stood-out-during-auburns-first-preseason-scrimmage.html,2026-08-15,0.5,,,0.0
454,WR189,427,454,561,561,552,564,452,564,4879567,Trent Walker,HOU,WR,12.0,12.0,12.0,8.52,102.3,102.3,102.3,0.0,102.3,-55.4,-51.3,-49.2,-49.2,-49.2,-49.2,,,,,,,,0.96,,1.0,,2026-08-25,,,,,0.5,,,0.0
455,WR190,428,455,562,562,553,565,453,565,5086628,AJ Jones,MTSU,WR,12.0,12.0,12.0,8.52,102.3,102.3,102.3,0.0,102.3,-55.4,-51.3,-49.2,-49.2,-49.2,-49.2,,,,,,,,0.99,,1.0,,2026-08-25,,,,,0.5,,,0.0
456,WR191,429,456,563,563,554,566,454,566,5155062,Larenzo Fenner,CIN,WR,12.0,12.0,12.0,8.52,102.3,102.3,102.3,0.0,102.3,-55.4,-51.3,-49.2,-49.2,-49.2,-49.2,,,,,,,,0.92,,1.0,,2026-08-25,,,,,0.5,,,0.0
457,WR192,433,457,565,565,556,568,456,568,4870699,Karmello English,CCU,WR,12.0,12.0,12.0,8.51,102.1,102.1,102.1,0.0,102.1,-55.6,-51.5,-49.4,-49.4,-49.4,-49.4,,,,,,,,0.96,,1.0,,2026-08-25,,,,,0.5,,,0.0
458,WR193,434,458,568,568,559,571,459,571,5141362,Jordan Allen,GT,WR,12.0,12.0,12.0,8.51,102.1,102.1,102.1,0.0,102.1,-55.6,-51.5,-49.4,-49.4,-49.4,-49.4,,,,,,,,0.96,,1.0,,2026-08-25,,,,,0.5,,,0.0
459,WR194,436,459,570,570,561,573,461,573,4918421,Tiger Bachmeier,BYU,WR,12.0,12.0,12.0,8.49,101.9,101.9,101.9,0.0,101.9,-55.8,-51.7,-49.6,-49.6,-49.6,-49.6,,,,,,,,0.94,,1.0,,2026-08-25,,,,,0.5,,,0.0
460,WR195,437,460,571,571,562,574,462,574,5225343,Owen Sweeney,MRSH,WR,12.0,12.0,12.0,8.49,101.9,101.9,101.9,0.0,101.9,-55.8,-51.7,-49.6,-49.6,-49.6,-49.6,,,,,,,,0.88,,1.0,,2026-08-25,,,,,0.5,,,0.0
461,WR196,439,461,573,573,564,576,464,576,5225416,Tay Lanier,CSU,WR,12.0,12.0,12.0,8.48,101.7,101.7,101.7,0.0,101.7,-56.0,-51.9,-49.8,-49.8,-49.8,-49.8,,,,,,,,1.0,,1.0,,2026-08-25,,,,,0.5,,,0.0
462,RB159,430,462,496,496,487,499,387,499,4923252,Dante Dowdell,UGA,RB,12.0,12.0,12.0,8.98,107.8,107.8,107.8,0.0,107.8,-49.9,-51.4,-49.9,-49.9,-49.9,-49.9,,,,,,,,0.94,,1.0,,2026-08-25,,,,,0.5,,,0.0
463,RB160,431,463,499,499,490,502,390,502,5184165,Nykahi Davenport,AUB,RB,12.0,12.0,12.0,8.98,107.7,107.7,107.7,0.0,107.7,-50.0,-51.5,-50.0,-50.0,-50.0,-50.0,,,,,,,,0.96,,1.0,,2026-08-25,,,,,0.5,,,0.0
464,RB161,432,464,500,500,491,503,391,503,5260847,Marcellous Hawkins,VT,RB,12.0,12.0,12.0,8.98,107.7,107.7,107.7,0.0,107.7,-50.0,-51.5,-50.0,-50.0,-50.0,-50.0,,,,,,,,0.95,,1.0,,2026-08-25,,,,,0.5,,,0.0
465,WR197,441,465,575,575,566,578,466,578,5076952,Devin McCuin,OSU,WR,12.0,12.0,12.0,8.46,101.5,101.5,101.5,0.0,101.5,-56.2,-52.1,-50.0,-50.0,-50.0,-50.0,,,,,,,,0.97,,1.0,,2026-08-25,,,,,0.5,,,0.0
466,RB162,435,466,501,501,492,504,392,504,5169245,Ethan Shine,PITT,RB,12.0,12.0,12.0,8.96,107.5,107.5,107.5,0.0,107.5,-50.2,-51.7,-50.2,-50.2,-50.2,-50.2,,,,,,,,0.86,,1.0,,2026-08-25,,,,,0.5,,,0.0
467,WR198,442,467,577,577,568,580,468,580,5158751,Ian Duarte,TENN,WR,12.0,12.0,12.0,8.43,101.2,101.2,101.2,0.0,101.2,-56.5,-52.4,-50.3,-50.3,-50.3,-50.3,,,,,,,,0.95,,1.0,,2026-08-25,,,,,0.5,,,0.0
468,WR199,443,468,578,578,569,581,469,581,4869497,Tommy McIntosh,CMU,WR,12.0,12.0,12.0,8.42,101.0,101.0,101.0,0.0,101.0,-56.7,-52.6,-50.5,-50.5,-50.5,-50.5,,,,,,,,1.0,,1.0,,2026-08-25,,,,,0.5,,,0.0
469,WR200,444,469,579,579,570,582,470,582,4834817,Jayshon Platt,ILL,WR,12.0,12.0,12.0,8.41,100.9,100.9,100.9,0.0,100.9,-56.8,-52.7,-50.6,-50.6,-50.6,-50.6,,,,,,,,0.96,,1.0,,2026-08-25,,,,,0.5,,,0.0
470,TE6,381,470,504,504,495,507,395,507,5079420,Trey'Dez Green,LSU,TE,12.0,12.0,12.0,8.92,107.0,107.0,107.0,0.0,107.0,-50.7,-46.6,-50.7,-50.7,-50.7,-50.7,,,,,,,,0.95,,1.0,,2026-08-25,,,,,0.5,,,0.0
471,WR201,446,471,581,581,572,584,472,584,5084133,Alex Perry,ILL,WR,12.0,12.0,12.0,8.38,100.5,100.5,100.5,0.0,100.5,-57.2,-53.1,-51.0,-51.0,-51.0,-51.0,,,,,,,,0.97,,1.0,,2026-08-25,,,,,0.5,,,0.0
472,WR202,452,472,585,585,576,588,476,588,4819228,Rodney Harris II,OKST,WR,12.0,12.0,12.0,8.35,100.2,100.2,100.2,0.0,100.2,-57.5,-53.4,-51.3,-51.3,-51.3,-51.3,,,,,,,,0.91,,1.0,,2026-08-25,,,,,0.5,,,0.0
473,WR203,453,473,586,586,577,589,477,589,5079523,Derrick McFall,SMU,WR,12.0,12.0,12.0,8.35,100.2,100.2,100.2,0.0,100.2,-57.5,-53.4,-51.3,-51.3,-51.3,-51.3,,,,,,,,0.89,,1.0,,2026-08-25,,,,,0.5,,,0.0
474,WR204,454,474,587,587,578,590,478,590,5141697,Winston Watkins Jr.,LSU,WR,12.0,12.0,12.0,8.35,100.2,100.2,100.2,0.0,100.2,-57.5,-53.4,-51.3,-51.3,-51.3,-51.3,,,,,,,,0.92,,1.0,,2026-08-25,,,,,0.5,,,0.0
475,WR205,455,475,589,589,580,592,480,592,5168788,Brayden Munroe,KENN,WR,12.0,12.0,12.0,8.34,100.1,100.1,100.1,0.0,100.1,-57.6,-53.5,-51.4,-51.4,-51.4,-51.4,,,,,,,,1.0,,1.0,,2026-08-25,,,,,0.5,,,0.0
476,WR206,456,476,590,590,581,593,481,593,5079536,Kam Mikell,GASO,WR,12.0,12.0,12.0,8.33,100.0,100.0,100.0,0.0,100.0,-57.7,-53.6,-51.5,-51.5,-51.5,-51.5,,,,,,,,0.84,,1.0,,2026-08-25,,,,,0.5,,,0.0
477,WR207,457,477,591,591,582,594,482,594,4832952,Mekhi Collins,NDSU,WR,12.0,12.0,12.0,8.33,99.9,99.9,99.9,0.0,99.9,-57.8,-53.7,-51.6,-51.6,-51.6,-51.6,,,,,,,,0.97,,1.0,,2026-08-25,,,,,0.5,,,0.0
478,RB163,447,478,514,514,505,517,405,517,5186586,Ty Clark III,WAKE,RB,12.0,12.0,12.0,8.83,106.0,106.0,106.0,0.0,106.0,-51.7,-53.2,-51.7,-51.7,-51.7,-51.7,,,,,,,,0.96,,1.0,,2026-08-25,,,,,0.5,,,0.0
479,RB164,448,479,516,516,507,519,407,519,5124334,PJ Martin,USA,RB,12.0,12.0,12.0,8.83,105.9,105.9,105.9,0.0,105.9,-51.8,-53.3,-51.8,-51.8,-51.8,-51.8,,,,,,,,0.99,,1.0,,2026-08-25,,,,,0.5,,,0.0
480,RB165,449,480,517,517,508,520,408,520,5136049,Duke Watson,UCF,RB,12.0,12.0,12.0,8.83,105.9,105.9,105.9,0.0,105.9,-51.8,-53.3,-51.8,-51.8,-51.8,-51.8,,,,,,,,0.87,,1.0,,2026-08-25,,,,,0.5,,,0.0
481,WR208,459,481,592,592,583,595,483,595,5080819,Davion Dozier,NCSU,WR,12.0,12.0,12.0,8.31,99.7,99.7,99.7,0.0,99.7,-58.0,-53.9,-51.8,-51.8,-51.8,-51.8,,,,,,,,0.91,,1.0,,2026-08-25,,,,,0.5,,,0.0
482,RB166,450,482,518,518,509,521,409,521,4683234,La'Vell Wright,PITT,RB,12.0,12.0,12.0,8.82,105.8,105.8,105.8,0.0,105.8,-51.9,-53.4,-51.9,-51.9,-51.9,-51.9,,,,,,,,0.94,,1.0,,2026-08-25,,,,,0.5,,,0.0
483,RB167,451,483,520,520,511,523,411,523,5156152,Jaquari Lewis,APP,RB,12.0,12.0,12.0,8.82,105.8,105.8,105.8,0.0,105.8,-51.9,-53.4,-51.9,-51.9,-51.9,-51.9,,,,,,,,0.97,,1.0,,2026-08-25,,,,,0.5,,,0.0
484,WR209,461,484,593,593,584,596,484,596,4838556,Kaleb Webb,MD,WR,12.0,12.0,12.0,8.3,99.6,99.6,99.6,0.0,99.6,-58.1,-54.0,-51.9,-51.9,-51.9,-51.9,,,,,,,,0.98,,1.0,,2026-08-25,,,,,0.5,,,0.0
485,WR210,463,485,594,594,585,597,485,597,4869962,Ashton Hollins,GASO,WR,12.0,12.0,12.0,8.28,99.4,99.4,99.4,0.0,99.4,-58.3,-54.2,-52.1,-52.1,-52.1,-52.1,,,,,,,,0.91,,1.0,,2026-08-25,,,,,0.5,,,0.0
486,WR211,467,486,597,597,588,600,488,600,5092470,Ty Mims,UAB,WR,12.0,12.0,12.0,8.27,99.2,99.2,99.2,0.0,99.2,-58.5,-54.4,-52.3,-52.3,-52.3,-52.3,,,,,,,,0.9,,1.0,,2026-08-25,,,,,0.5,,,0.0
487,RB168,460,487,529,529,520,532,420,532,5125335,Rodney Fields Jr.,KSU,RB,12.0,12.0,12.0,8.77,105.2,105.2,105.2,0.0,105.2,-52.5,-54.0,-52.5,-52.5,-52.5,-52.5,,,,,,,,0.88,,1.0,,2026-08-25,,,,,0.5,,,0.0
488,WR212,468,488,599,599,590,602,490,602,5226828,Isaiah Dawson,BGSU,WR,12.0,12.0,12.0,8.25,99.0,99.0,99.0,0.0,99.0,-58.7,-54.6,-52.5,-52.5,-52.5,-52.5,,,,,,,,0.79,,1.0,,2026-08-25,,,,,0.5,,,0.0
489,WR213,472,489,601,601,592,604,492,604,5076106,Marquis Johnson,MSST,WR,12.0,12.0,12.0,8.23,98.8,98.8,98.8,0.0,98.8,-58.9,-54.8,-52.7,-52.7,-52.7,-52.7,,,,,,,,0.92,,1.0,,2026-08-25,,,,,0.5,,,0.0
490,RB169,465,490,532,532,523,535,423,535,5227849,Jordan Washington,MASS,RB,12.0,12.0,12.0,8.74,104.9,104.9,104.9,0.0,104.9,-52.8,-54.3,-52.8,-52.8,-52.8,-52.8,,,,,,,,0.97,,1.0,,2026-08-25,,,,,0.5,,,0.0
491,RB170,466,491,533,533,524,536,424,536,4918094,Damian Henderson II,COLO,RB,12.0,12.0,12.0,8.73,104.8,104.8,104.8,0.0,104.8,-52.9,-54.4,-52.9,-52.9,-52.9,-52.9,,,,,,,,0.91,,1.0,,2026-08-25,,,,,0.5,,,0.0
492,WR214,475,492,604,604,595,607,495,607,4682748,Max Patterson,DEL,WR,12.0,12.0,12.0,8.22,98.6,98.6,98.6,0.0,98.6,-59.1,-55.0,-52.9,-52.9,-52.9,-52.9,,,,,,,,1.0,,1.0,,2026-08-25,,,,,0.5,,,0.0
493,WR215,476,493,605,605,596,608,496,608,4869601,Chance Morrow,BUF,WR,12.0,12.0,12.0,8.22,98.6,98.6,98.6,0.0,98.6,-59.1,-55.0,-52.9,-52.9,-52.9,-52.9,,,,,,,,0.91,,1.0,,2026-08-25,,,,,0.5,,,0.0
494,WR216,478,494,607,607,598,610,498,610,5154809,Jaylon Domingeaux,WIS,WR,12.0,12.0,12.0,8.21,98.5,98.5,98.5,0.0,98.5,-59.2,-55.1,-53.0,-53.0,-53.0,-53.0,,,,,,,,0.98,,1.0,,2026-08-25,,,,,0.5,,,0.0
495,WR217,479,495,608,608,599,611,499,611,5141471,Hardley Gilmore IV,UK,WR,12.0,12.0,12.0,8.2,98.4,98.4,98.4,0.0,98.4,-59.3,-55.2,-53.1,-53.1,-53.1,-53.1,,,,,,,,0.93,,1.0,,2026-08-25,,,,,0.5,,,0.0
496,WR218,480,496,609,609,600,612,500,612,5219086,Leland Smith,UCLA,WR,12.0,12.0,12.0,8.2,98.4,98.4,98.4,0.0,98.4,-59.3,-55.2,-53.1,-53.1,-53.1,-53.1,,,,,,,,0.94,,1.0,,2026-08-25,,,,,0.5,,,0.0
497,WR219,481,497,610,610,601,613,501,613,5300740,Ky Wilson,CONN,WR,12.0,12.0,12.0,8.19,98.3,98.3,98.3,0.0,98.3,-59.4,-55.3,-53.2,-53.2,-53.2,-53.2,,,,,,,,0.91,,1.0,,2026-08-25,,,,,0.5,,,0.0
498,RB171,470,498,537,537,528,540,428,540,5121721,Jekail Middlebrook,UVA,RB,12.0,12.0,12.0,8.7,104.4,104.4,104.4,0.0,104.4,-53.3,-54.8,-53.3,-53.3,-53.3,-53.3,,,,,,,,0.95,,1.0,,2026-08-25,,,,,0.5,,,0.0
499,RB172,471,499,539,539,530,542,430,542,5219693,Solomon Beebe,UVA,RB,12.0,12.0,12.0,8.7,104.4,104.4,104.4,0.0,104.4,-53.3,-54.8,-53.3,-53.3,-53.3,-53.3,,,,,,,,0.91,,1.0,,2026-08-25,,,,,0.5,,,0.0
500,WR220,482,500,611,611,602,614,502,614,4709669,Christian Moss,WASH,WR,12.0,12.0,12.0,8.18,98.2,98.2,98.2,0.0,98.2,-59.5,-55.4,-53.3,-53.3,-53.3,-53.3,,,,,,,,0.98,,1.0,,2026-08-25,,,,,0.5,,,0.0
501,WR221,483,501,612,612,603,615,503,615,5086051,VJ Wilkins,BC,WR,12.0,12.0,12.0,8.18,98.2,98.2,98.2,0.0,98.2,-59.5,-55.4,-53.3,-53.3,-53.3,-53.3,,,,,,,,0.87,,1.0,,2026-08-25,,,,,0.5,,,0.0
502,RB173,473,502,540,540,531,543,431,543,4912302,Makhilyn Young,VAN,RB,12.0,12.0,12.0,8.69,104.3,104.3,104.3,0.0,104.3,-53.4,-54.9,-53.4,-53.4,-53.4,-53.4,,,,,,,,1.0,,1.0,,2026-08-25,,,,,0.5,,,0.0
503,WR222,486,503,615,615,606,618,506,618,5077266,Trech Kekahuna,UNC,WR,12.0,12.0,12.0,8.17,98.0,98.0,98.0,0.0,98.0,-59.7,-55.6,-53.5,-53.5,-53.5,-53.5,,,,,,,,0.94,,1.0,,2026-08-25,,,,,0.5,,,0.0
504,WR223,487,504,616,616,607,619,507,619,5222394,Da'Shawn Martin,UVA,WR,12.0,12.0,12.0,8.17,98.0,98.0,98.0,0.0,98.0,-59.7,-55.6,-53.5,-53.5,-53.5,-53.5,,,,,,,,0.91,,1.0,,2026-08-25,,,,,0.5,,,0.0
505,QB103,771,505,158,158,156,164,81,164,5141395,EJ Colson Jr.,UTEP,QB,12.0,12.0,12.0,14.2,170.4,170.4,170.4,0.0,170.4,-74.7,-74.8,-57.9,-53.6,-53.6,-53.6,,,,,,,,0.88,,1.0,,2026-08-25,,,,,0.5,,,0.0
506,WR224,491,506,620,620,611,623,511,623,4689118,Jyziah Rockwell,WKU,WR,12.0,12.0,12.0,8.13,97.6,97.6,97.6,0.0,97.6,-60.1,-56.0,-53.9,-53.9,-53.9,-53.9,,,,,,,,0.98,,1.0,,2026-08-25,,,,,0.5,,,0.0
507,WR225,492,507,621,621,612,624,512,624,4869802,Davis Dalton,USM,WR,12.0,12.0,12.0,8.12,97.5,97.5,97.5,0.0,97.5,-60.2,-56.1,-54.0,-54.0,-54.0,-54.0,,,,,,,,0.93,,1.0,,2026-08-25,,,,,0.5,,,0.0
508,WR226,493,508,622,622,613,625,513,625,4870959,Shamar Porter,CONN,WR,12.0,12.0,12.0,8.12,97.5,97.5,97.5,0.0,97.5,-60.2,-56.1,-54.0,-54.0,-54.0,-54.0,,,,,,,,0.88,,1.0,,2026-08-25,,,,,0.5,,,0.0
509,WR227,494,509,624,624,615,627,515,627,5147376,Kameron Courtney,UVA,WR,12.0,12.0,12.0,8.12,97.5,97.5,97.5,0.0,97.5,-60.2,-56.1,-54.0,-54.0,-54.0,-54.0,,,,,,,,0.88,,1.0,,2026-08-25,,,,,0.5,,,0.0
510,RB174,484,510,548,548,539,551,439,551,4612624,Antwan Roberts,ARIZ,RB,12.0,12.0,12.0,8.63,103.6,103.6,103.6,0.0,103.6,-54.1,-55.6,-54.1,-54.1,-54.1,-54.1,,,,,,,,0.94,,1.0,,2026-08-25,,,,,0.5,,,0.0
511,RB175,485,511,549,549,540,552,440,552,4804879,Quincy Craig,ARIZ,RB,12.0,12.0,12.0,8.63,103.6,103.6,103.6,0.0,103.6,-54.1,-55.6,-54.1,-54.1,-54.1,-54.1,,,,,,,,0.94,,1.0,,2026-08-25,,,,,0.5,,,0.0
512,WR228,497,512,626,626,617,629,517,629,5225509,Isaiah Johnson,CIN,WR,12.0,12.0,12.0,8.12,97.4,97.4,97.4,0.0,97.4,-60.3,-56.2,-54.1,-54.1,-54.1,-54.1,,,,,,,,0.88,,1.0,,2026-08-25,,,,,0.5,,,0.0
513,RB176,488,513,551,551,542,554,442,554,5224792,TJ Thomas,MINN,RB,12.0,12.0,12.0,8.62,103.5,103.5,103.5,0.0,103.5,-54.2,-55.7,-54.2,-54.2,-54.2,-54.2,,,,,,,,0.93,,1.0,,2026-08-25,,,,,0.5,,,0.0
514,WR229,499,514,628,628,619,631,519,631,5220785,TJ Pride,NMSU,WR,12.0,12.0,12.0,8.11,97.3,97.3,97.3,0.0,97.3,-60.4,-56.3,-54.2,-54.2,-54.2,-54.2,,,,,,,,0.91,,1.0,,2026-08-25,,,,,0.5,,,0.0
515,WR230,501,515,629,629,620,632,520,632,5151405,Jaceon Doss,NEV,WR,12.0,12.0,12.0,8.1,97.2,97.2,97.2,0.0,97.2,-60.5,-56.4,-54.3,-54.3,-54.3,-54.3,,,,,,,,0.92,,1.0,,2026-08-25,,,,,0.5,,,0.0
516,RB177,490,516,553,553,544,556,444,556,5161800,Viron Ellison Jr.,DEL,RB,12.0,12.0,12.0,8.61,103.3,103.3,103.3,0.0,103.3,-54.4,-55.9,-54.4,-54.4,-54.4,-54.4,,,,,,,,0.98,,1.0,,2026-08-25,,,,,0.5,,,0.0
517,QB104,784,517,160,160,158,168,84,168,4684003,Tahj Bullock,CSU,QB,12.0,12.0,12.0,14.12,169.4,169.4,169.4,0.0,169.4,-75.7,-75.8,-58.9,-54.6,-54.6,-54.6,,,,,,,,0.96,,1.0,,2026-08-25,,,,,0.5,,,0.0
518,WR231,502,518,630,630,621,633,521,633,4871022,Robby Washington,CCU,WR,12.0,12.0,12.0,8.08,96.9,96.9,96.9,0.0,96.9,-60.8,-56.7,-54.6,-54.6,-54.6,-54.6,,,,,,,,0.92,,1.0,,2026-08-25,,,,,0.5,,,0.0
519,WR232,503,519,631,631,622,634,522,634,4912286,Iverson Hooks,ORE,WR,12.0,12.0,12.0,8.08,96.9,96.9,96.9,0.0,96.9,-60.8,-56.7,-54.6,-54.6,-54.6,-54.6,,,,,,,,0.98,,1.0,,2026-08-25,,,,,0.5,,,0.0
520,RB178,495,520,555,555,546,558,446,558,4680018,Alton McCaskill,SHSU,RB,12.0,12.0,12.0,8.58,103.0,103.0,103.0,0.0,103.0,-54.7,-56.2,-54.7,-54.7,-54.7,-54.7,,,,,,,,1.0,,1.0,,2026-08-25,,,,,0.5,,,0.0
521,RB179,496,521,556,556,547,559,447,559,5110516,Arnold Barnes III,ISU,RB,12.0,12.0,12.0,8.58,103.0,103.0,103.0,0.0,103.0,-54.7,-56.2,-54.7,-54.7,-54.7,-54.7,,,,,,,,0.95,,1.0,,2026-08-25,,,,,0.5,,,0.0
522,WR233,504,522,633,633,624,636,524,636,5225740,Tristan Smith,CLEM,WR,12.0,12.0,12.0,8.07,96.8,96.8,96.8,0.0,96.8,-60.9,-56.8,-54.7,-54.7,-54.7,-54.7,,,,,,,,0.96,,1.0,,2026-08-25,,,,,0.5,,,0.0
523,RB180,498,523,557,557,548,560,448,560,5151112,David Mbadinga,GASO,RB,12.0,12.0,12.0,8.58,102.9,102.9,102.9,0.0,102.9,-54.8,-56.3,-54.8,-54.8,-54.8,-54.8,,,,,,,,0.95,,1.0,,2026-08-25,,,,,0.5,,,0.0
524,WR234,505,524,634,634,625,637,525,637,5081131,Javen Nicholas,DUKE,WR,12.0,12.0,12.0,8.06,96.7,96.7,96.7,0.0,96.7,-61.0,-56.9,-54.8,-54.8,-54.8,-54.8,,,,,,,,0.95,,1.0,,2026-08-25,,,,,0.5,,,0.0
525,WR235,506,525,635,635,626,638,526,638,5147046,Ben Black,RUTG,WR,12.0,12.0,12.0,8.06,96.7,96.7,96.7,0.0,96.7,-61.0,-56.9,-54.8,-54.8,-54.8,-54.8,,,,,,,,0.87,,1.0,,2026-08-25,,,,,0.5,,,0.0
526,WR236,507,526,636,636,627,639,527,639,5225335,Noah Grevious,JMU,WR,12.0,12.0,12.0,8.06,96.7,96.7,96.7,0.0,96.7,-61.0,-56.9,-54.8,-54.8,-54.8,-54.8,,,,,,,,0.86,,1.0,,2026-08-25,,,,,0.5,,,0.0
527,WR237,509,527,637,637,628,640,528,640,5086096,Lawayne McCoy,LOU,WR,12.0,12.0,12.0,8.05,96.6,96.6,96.6,0.0,96.6,-61.1,-57.0,-54.9,-54.9,-54.9,-54.9,,,,,,,,0.91,,1.0,,2026-08-25,,,,,0.5,,,0.0
528,WR238,513,528,638,638,629,641,529,641,5089539,Censere Lee,PITT,WR,12.0,12.0,12.0,8.04,96.5,96.5,96.5,0.0,96.5,-61.2,-57.1,-55.0,-55.0,-55.0,-55.0,,,,,,,,0.91,,1.0,,2026-08-25,,,,,0.5,,,0.0
529,WR239,514,529,639,639,630,642,530,642,4685704,Larry Simmons,UTAH,WR,12.0,12.0,12.0,8.03,96.4,96.4,96.4,0.0,96.4,-61.3,-57.2,-55.1,-55.1,-55.1,-55.1,,,,,,,,0.97,,1.0,,2026-08-25,,,,,0.5,,,0.0
530,WR240,515,530,640,640,631,643,531,643,4921154,Eugene Wilson III,LSU,WR,12.0,12.0,12.0,8.03,96.4,96.4,96.4,0.0,96.4,-61.3,-57.2,-55.1,-55.1,-55.1,-55.1,,,,,,,,0.8,,1.0,,2026-08-25,,,,,0.5,,,0.0
531,WR241,516,531,641,641,632,644,532,644,5079326,Terry Bussey,TA&M,WR,12.0,12.0,12.0,8.03,96.4,96.4,96.4,0.0,96.4,-61.3,-57.2,-55.1,-55.1,-55.1,-55.1,,,,,,,,0.99,,1.0,,2026-08-25,,,,,0.5,,,0.0
532,WR242,517,532,642,642,633,645,533,645,5179622,Jayden Sellers,SC,WR,12.0,12.0,12.0,8.03,96.4,96.4,96.4,0.0,96.4,-61.3,-57.2,-55.1,-55.1,-55.1,-55.1,,,,,,,,0.88,,1.0,,2026-08-25,,,,,0.5,,,0.0
533,RB181,511,533,566,566,557,569,457,569,5079378,Darrion Dupree,WIS,RB,12.0,12.0,12.0,8.51,102.1,102.1,102.1,0.0,102.1,-55.6,-57.1,-55.6,-55.6,-55.6,-55.6,,,,,,,,0.94,,1.0,,2026-08-25,,,,,0.5,,,0.0
534,RB182,512,534,567,567,558,570,458,570,5079500,Bryan Jackson II,WIS,RB,12.0,12.0,12.0,8.51,102.1,102.1,102.1,0.0,102.1,-55.6,-57.1,-55.6,-55.6,-55.6,-55.6,,,,,,,,0.97,,1.0,,2026-08-25,,,,,0.5,,,0.0
535,WR243,519,535,645,645,636,648,536,648,5083103,Davis Bryson,KENN,WR,12.0,12.0,12.0,7.98,95.8,95.8,95.8,0.0,95.8,-61.9,-57.8,-55.7,-55.7,-55.7,-55.7,,,,,,,,0.9,,1.0,,2026-08-25,,,,,0.5,,,0.0
536,WR244,520,536,646,646,637,649,537,649,5110019,Kyan Mason,AKR,WR,12.0,12.0,12.0,7.98,95.8,95.8,95.8,0.0,95.8,-61.9,-57.8,-55.7,-55.7,-55.7,-55.7,,,,,,,,0.92,,1.0,,2026-08-25,,,,,0.5,,,0.0
537,WR245,521,537,647,647,638,650,538,650,4870835,Brandon Inniss,OSU,WR,12.0,12.0,12.0,7.98,95.7,95.7,95.7,0.0,95.7,-62.0,-57.9,-55.8,-55.8,-55.8,-55.8,,,,,,,,0.98,,1.0,,2026-08-25,,,,,0.5,,,0.0
538,RB183,518,538,574,574,565,577,465,577,5077876,TJ Horton,BALL,RB,12.0,12.0,12.0,8.47,101.6,101.6,101.6,0.0,101.6,-56.1,-57.6,-56.1,-56.1,-56.1,-56.1,,,,,,,,0.94,,1.0,,2026-08-25,,,,,0.5,,,0.0
539,WR246,522,539,649,649,640,652,540,652,5295920,Ja'Cory Thomas,VAN,WR,12.0,12.0,12.0,7.93,95.2,95.2,95.2,0.0,95.2,-62.5,-58.4,-56.3,-56.3,-56.3,-56.3,,,,,,,,0.89,,1.0,,2026-08-25,,,,,0.5,,,0.0
540,WR247,523,540,651,651,642,654,542,654,4921306,Mikey Matthews,UCLA,WR,12.0,12.0,12.0,7.92,95.0,95.0,95.0,0.0,95.0,-62.7,-58.6,-56.5,-56.5,-56.5,-56.5,,,,,,,,0.94,,1.0,,2026-08-25,,,,,0.5,,,0.0
541,WR248,524,541,652,652,643,655,543,655,5103852,Dalton Carnes,UNT,WR,12.0,12.0,12.0,7.92,95.0,95.0,95.0,0.0,95.0,-62.7,-58.6,-56.5,-56.5,-56.5,-56.5,,,,,,,,0.87,,1.0,,2026-08-25,,,,,0.5,,,0.0
542,WR249,527,542,654,654,645,657,545,657,4804883,Jalen Moss,ASU,WR,12.0,12.0,12.0,7.91,94.9,94.9,94.9,0.0,94.9,-62.8,-58.7,-56.6,-56.6,-56.6,-56.6,,,,,,,,0.89,,1.0,,2026-08-25,,,,,0.5,,,0.0
543,WR250,528,543,655,655,646,658,546,658,5147053,Wayne Harris,KENT,WR,12.0,12.0,12.0,7.91,94.9,94.9,94.9,0.0,94.9,-62.8,-58.7,-56.6,-56.6,-56.6,-56.6,,,,,,,,0.96,,1.0,,2026-08-25,,,,,0.5,,,0.0
544,WR251,529,544,656,656,647,659,547,659,5165117,Mark Hamper,CAL,WR,12.0,12.0,12.0,7.91,94.9,94.9,94.9,0.0,94.9,-62.8,-58.7,-56.6,-56.6,-56.6,-56.6,,,,,,,,0.85,,1.0,,2026-08-25,,,,,0.5,,,0.0
545,QB105,817,545,163,163,161,171,85,171,4878681,Davis Warren,STAN,QB,12.0,12.0,12.0,13.95,167.3,167.3,167.3,0.0,167.3,-77.8,-77.9,-61.0,-56.7,-56.7,-56.7,,,,,,1.0,,1.0,0.5,1.0,,2026-08-25,2026-08-18,,,2026-08-18,0.5,,,0.0
546,WR252,531,546,658,658,649,661,549,661,5141394,Lotzeir Brooks,ALA,WR,12.0,12.0,12.0,7.9,94.8,94.8,94.8,0.0,94.8,-62.9,-58.8,-56.7,-56.7,-56.7,-56.7,,,,,,,,0.92,,1.0,,2026-08-25,,,,,0.5,,,0.0
547,WR253,532,547,659,659,650,662,550,662,5100582,Hudson Clement,ILL,WR,12.0,12.0,12.0,7.89,94.7,94.7,94.7,0.0,94.7,-63.0,-58.9,-56.8,-56.8,-56.8,-56.8,,,,,,,,0.98,,1.0,,2026-08-25,,,,,0.5,,,0.0
548,WR254,533,548,660,660,651,663,551,663,5095915,Moussa Barry,WKU,WR,12.0,12.0,12.0,7.88,94.6,94.6,94.6,0.0,94.6,-63.1,-59.0,-56.9,-56.9,-56.9,-56.9,,,,,,,,0.97,,1.0,,2026-08-25,,,,,0.5,,,0.0
549,WR255,534,549,661,661,652,664,552,664,5123988,Taylor Bradshaw,GASO,WR,12.0,12.0,12.0,7.88,94.6,94.6,94.6,0.0,94.6,-63.1,-59.0,-56.9,-56.9,-56.9,-56.9,,,,,,,,0.94,,1.0,,2026-08-25,,,,,0.5,,,0.0
550,WR256,536,550,662,662,653,665,553,665,4694404,Nick Laboy,DEL,WR,12.0,12.0,12.0,7.88,94.5,94.5,94.5,0.0,94.5,-63.2,-59.1,-57.0,-57.0,-57.0,-57.0,,,,,,,,0.93,,1.0,,2026-08-25,,,,,0.5,,,0.0
551,WR257,537,551,663,663,654,666,554,666,5079370,Ernest Campbell,COLO,WR,12.0,12.0,12.0,7.88,94.5,94.5,94.5,0.0,94.5,-63.2,-59.1,-57.0,-57.0,-57.0,-57.0,,,,,,,,0.91,,1.0,,2026-08-25,,,,,0.5,,,0.0
552,RB184,525,552,580,580,571,583,471,583,4918111,A'Marion Peterson,UTSA,RB,12.0,12.0,12.0,8.38,100.5,100.5,100.5,0.0,100.5,-57.2,-58.7,-57.2,-57.2,-57.2,-57.2,,,,,,,,0.94,,1.0,,2026-08-25,,,,,0.5,,,0.0
553,RB185,526,553,582,582,573,585,473,585,5147347,Austyn Dendy,BGSU,RB,12.0,12.0,12.0,8.38,100.5,100.5,100.5,0.0,100.5,-57.2,-58.7,-57.2,-57.2,-57.2,-57.2,,,,,,,,0.96,,1.0,,2026-08-25,,,,,0.5,,,0.0
554,RB186,530,554,583,583,574,586,474,586,5089860,Chance Williams,CLT,RB,12.0,12.0,12.0,8.37,100.4,100.4,100.4,0.0,100.4,-57.3,-58.8,-57.3,-57.3,-57.3,-57.3,,,,,,,,1.0,,1.0,,2026-08-25,,,,,0.5,,,0.0
555,WR258,538,555,667,667,658,670,558,670,5083068,Kenny Odom,USF,WR,12.0,12.0,12.0,7.85,94.2,94.2,94.2,0.0,94.2,-63.5,-59.4,-57.3,-57.3,-57.3,-57.3,,,,,,,,1.0,,1.0,,2026-08-25,,,,,0.5,,,0.0
556,WR259,539,556,668,668,659,671,559,671,5157287,David Wells Jr.,TLSA,WR,12.0,12.0,12.0,7.85,94.2,94.2,94.2,0.0,94.2,-63.5,-59.4,-57.3,-57.3,-57.3,-57.3,,,,,,,,0.84,,1.0,,2026-08-25,,,,,0.5,,,0.0
557,WR260,540,557,669,669,660,672,560,672,5226453,Brennan Ridley,BGSU,WR,12.0,12.0,12.0,7.85,94.2,94.2,94.2,0.0,94.2,-63.5,-59.4,-57.3,-57.3,-57.3,-57.3,,,,,,,,0.88,,1.0,,2026-08-25,,,,,0.5,,,0.0
558,WR261,542,558,670,670,661,673,561,673,5150904,Cam Vaughn,MIA,WR,12.0,12.0,12.0,7.84,94.1,94.1,94.1,0.0,94.1,-63.6,-59.5,-57.4,-57.4,-57.4,-57.4,,,,,,,,0.93,,1.0,,2026-08-25,,,,,0.5,,,0.0
559,WR262,543,559,671,671,662,674,562,674,5079745,Joshisa Trader,NCSU,WR,12.0,12.0,12.0,7.83,94.0,94.0,94.0,0.0,94.0,-63.7,-59.6,-57.5,-57.5,-57.5,-57.5,,,,,,,,0.87,,1.0,,2026-08-25,,,,,0.5,,,0.0
560,RB187,535,560,588,588,579,591,479,591,4873442,Xavier Brown,UVA,RB,12.0,12.0,12.0,8.34,100.1,100.1,100.1,0.0,100.1,-57.6,-59.1,-57.6,-57.6,-57.6,-57.6,,,,,,,,0.89,,1.0,,2026-08-25,,,,,0.5,,,0.0
561,QB106,847,561,164,164,162,172,86,172,4431633,Goose Crowder,TROY,QB,12.0,12.0,12.0,13.86,166.3,166.3,166.3,0.0,166.3,-78.8,-78.9,-62.0,-57.7,-57.7,-57.7,,,,,,,,0.89,,1.0,,2026-08-25,,,,,0.5,,,0.0
562,WR263,545,562,674,674,665,677,565,677,4899366,Semaj Morgan,UCLA,WR,12.0,12.0,12.0,7.81,93.7,93.7,93.7,0.0,93.7,-64.0,-59.9,-57.8,-57.8,-57.8,-57.8,,,,,,,,0.91,,1.0,,2026-08-25,,,,,0.5,,,0.0
563,WR264,546,563,676,676,667,679,567,679,5084408,Bisi Owens,PUR,WR,12.0,12.0,12.0,7.81,93.7,93.7,93.7,0.0,93.7,-64.0,-59.9,-57.8,-57.8,-57.8,-57.8,,,,,,,,0.96,,1.0,,2026-08-25,,,,,0.5,,,0.0
564,WR265,547,564,677,677,668,680,568,680,5146719,CJ Brown,ARK,WR,12.0,12.0,12.0,7.8,93.6,93.6,93.6,0.0,93.6,-64.1,-60.0,-57.9,-57.9,-57.9,-57.9,,,,,,,,0.94,,1.0,,2026-08-25,,,,,0.5,,,0.0
565,WR266,549,565,681,681,672,684,572,684,5078533,Jabari Smith Jr.,BALL,WR,12.0,12.0,12.0,7.78,93.4,93.4,93.4,0.0,93.4,-64.3,-60.2,-58.1,-58.1,-58.1,-58.1,,,,,,,,0.93,,1.0,,2026-08-25,,,,,0.5,,,0.0
566,TE7,464,566,595,595,586,598,486,598,4870608,Benjamin Brahmer,PSU,TE,12.0,12.0,12.0,8.28,99.4,99.4,99.4,0.0,99.4,-58.3,-54.2,-58.3,-58.3,-58.3,-58.3,,,,,,,,1.0,,1.0,,2026-08-25,,,,,0.5,,,0.0
567,WR267,550,567,684,684,675,687,575,687,4870776,Jalen Hale,SMU,WR,12.0,12.0,12.0,7.76,93.1,93.1,93.1,0.0,93.1,-64.6,-60.5,-58.4,-58.4,-58.4,-58.4,,,,,,,,0.87,,1.0,,2026-08-25,,,,,0.5,,,0.0
568,WR268,552,568,685,685,676,688,576,688,5207657,Brodie Malone-Bradford,NMSU,WR,12.0,12.0,12.0,7.75,93.0,93.0,93.0,0.0,93.0,-64.7,-60.6,-58.5,-58.5,-58.5,-58.5,,,,,,,,0.91,,1.0,,2026-08-25,,,,,0.5,,,0.0
569,WR269,553,569,686,686,677,689,577,689,5078227,Braeden Wisloski,JMU,WR,12.0,12.0,12.0,7.74,92.9,92.9,92.9,0.0,92.9,-64.8,-60.7,-58.6,-58.6,-58.6,-58.6,,,,,,,,0.97,,1.0,,2026-08-25,,,,,0.5,,,0.0
570,WR270,554,570,687,687,678,690,578,690,5075962,Baylin Brooks,WMU,WR,12.0,12.0,12.0,7.73,92.8,92.8,92.8,0.0,92.8,-64.9,-60.8,-58.7,-58.7,-58.7,-58.7,,,,,,,,0.94,,1.0,,2026-08-25,,,,,0.5,,,0.0
571,WR271,555,571,689,689,680,692,580,692,5156183,Brendan Jenkins,USA,WR,12.0,12.0,12.0,7.73,92.8,92.8,92.8,0.0,92.8,-64.9,-60.8,-58.7,-58.7,-58.7,-58.7,,,,,,,,0.93,,1.0,,2026-08-25,,,,,0.5,,,0.0
572,TE8,469,572,600,600,591,603,491,603,5080547,Peter Clarke,TEM,TE,12.0,12.0,12.0,8.24,98.9,98.9,98.9,0.0,98.9,-58.8,-54.7,-58.8,-58.8,-58.8,-58.8,,,,,,,,0.96,,1.0,,2026-08-25,,,,,0.5,,,0.0
573,WR272,556,573,690,690,681,693,581,693,4870842,Vandrevius Jacobs,MIA,WR,12.0,12.0,12.0,7.72,92.7,92.7,92.7,0.0,92.7,-65.0,-60.9,-58.8,-58.8,-58.8,-58.8,,,,,,,,0.87,,1.0,,2026-08-25,,,,,0.5,,,0.0
574,WR273,557,574,691,691,682,694,582,694,5121616,Grayson Tempest,TLSA,WR,12.0,12.0,12.0,7.72,92.6,92.6,92.6,0.0,92.6,-65.1,-61.0,-58.9,-58.9,-58.9,-58.9,,,,,,,,0.86,,1.0,,2026-08-25,,,,,0.5,,,0.0
575,TE9,474,575,603,603,594,606,494,606,4819226,Brody Foley,LOU,TE,12.0,12.0,12.0,8.22,98.7,98.7,98.7,0.0,98.7,-59.0,-54.9,-59.0,-59.0,-59.0,-59.0,,,,,,,,0.85,,1.0,,2026-08-25,,,,,0.5,,,0.0
576,WR274,558,576,693,693,684,696,584,696,5081089,Dylan Gary,KENN,WR,12.0,12.0,12.0,7.71,92.5,92.5,92.5,0.0,92.5,-65.2,-61.1,-59.0,-59.0,-59.0,-59.0,,,,,,,,0.84,,1.0,,2026-08-25,,,,,0.5,,,0.0
577,RB188,551,577,606,606,597,609,497,609,5156348,Bryson Kuzdzal,MICH,RB,12.0,12.0,12.0,8.22,98.6,98.6,98.6,0.0,98.6,-59.1,-60.6,-59.1,-59.1,-59.1,-59.1,,,,,,,,0.89,,1.0,,2026-08-25,,,,,0.5,,,0.0
578,WR275,559,578,696,696,687,699,587,699,4869730,Nik McMillan,KU,WR,12.0,12.0,12.0,7.7,92.4,92.4,92.4,0.0,92.4,-65.3,-61.2,-59.1,-59.1,-59.1,-59.1,,,,,,,,0.98,,1.0,,2026-08-25,,,,,0.5,,,0.0
579,WR276,560,579,697,697,688,700,588,700,5117836,Jamari Person,LIB,WR,12.0,12.0,12.0,7.7,92.4,92.4,92.4,0.0,92.4,-65.3,-61.2,-59.1,-59.1,-59.1,-59.1,,,,,,,,0.93,,1.0,,2026-08-25,,,,,0.5,,,0.0
580,WR277,562,580,698,698,689,701,589,701,4685510,Kaden Saunders,USM,WR,12.0,12.0,12.0,7.69,92.3,92.3,92.3,0.0,92.3,-65.4,-61.3,-59.2,-59.2,-59.2,-59.2,,,,,,,,0.85,,1.0,,2026-08-25,,,,,0.5,,,0.0
581,WR278,563,581,699,699,690,702,590,702,5079743,Perry Thompson,MINN,WR,12.0,12.0,12.0,7.69,92.3,92.3,92.3,0.0,92.3,-65.4,-61.3,-59.2,-59.2,-59.2,-59.2,,,,,,,,0.9,,1.0,,2026-08-25,,,,,0.5,,,0.0
582,WR279,564,582,701,701,692,704,592,704,5151048,Duane Thomas Jr.,UCF,WR,12.0,12.0,12.0,7.69,92.3,92.3,92.3,0.0,92.3,-65.4,-61.3,-59.2,-59.2,-59.2,-59.2,,,,,,,,0.97,,1.0,,2026-08-25,,,,,0.5,,,0.0
583,WR280,565,583,703,703,694,706,594,706,5164749,Noah Jennings,MINN,WR,12.0,12.0,12.0,7.68,92.2,92.2,92.2,0.0,92.2,-65.5,-61.4,-59.3,-59.3,-59.3,-59.3,,,,,,,,1.0,,1.0,,2026-08-25,,,,,0.5,,,0.0
584,WR281,567,584,705,705,696,708,596,708,4701593,Mojo Dortch,TROY,WR,12.0,12.0,12.0,7.68,92.1,92.1,92.1,0.0,92.1,-65.6,-61.5,-59.4,-59.4,-59.4,-59.4,,,,,,,,0.93,,1.0,,2026-08-25,,,,,0.5,,,0.0
585,WR282,568,585,707,707,698,710,598,710,5158341,Luke Hutchison,NAVY,WR,12.0,12.0,12.0,7.68,92.1,92.1,92.1,0.0,92.1,-65.6,-61.5,-59.4,-59.4,-59.4,-59.4,,,,,,,,0.95,,1.0,,2026-08-25,,,,,0.5,,,0.0
586,QB107,877,586,165,165,163,173,87,173,5122054,Aidan Armenta,ULM,QB,12.0,12.0,12.0,13.71,164.5,164.5,164.5,0.0,164.5,-80.6,-80.7,-63.8,-59.5,-59.5,-59.5,,,,,,,,0.96,,1.0,,2026-08-25,,,,,0.5,,,0.0
587,WR283,569,587,708,708,699,711,599,711,4894839,Brandon White,KSU,WR,12.0,12.0,12.0,7.67,92.0,92.0,92.0,0.0,92.0,-65.7,-61.6,-59.5,-59.5,-59.5,-59.5,,,,,,,,0.93,,1.0,,2026-08-25,,,,,0.5,,,0.0
588,WR284,571,588,709,709,700,712,600,712,5027432,Ardell Banks,KENT,WR,12.0,12.0,12.0,7.66,91.9,91.9,91.9,0.0,91.9,-65.8,-61.7,-59.6,-59.6,-59.6,-59.6,,,,,,,,0.97,,1.0,,2026-08-25,,,,,0.5,,,0.0
589,WR285,572,589,710,710,701,713,601,713,5085503,Grayson O'Bara,UNT,WR,12.0,12.0,12.0,7.66,91.9,91.9,91.9,0.0,91.9,-65.8,-61.7,-59.6,-59.6,-59.6,-59.6,,,,,,,,0.92,,1.0,,2026-08-25,,,,,0.5,,,0.0
590,WR286,573,590,711,711,702,714,602,714,5219476,Isaiah Myers,MOST,WR,12.0,12.0,12.0,7.66,91.9,91.9,91.9,0.0,91.9,-65.8,-61.7,-59.6,-59.6,-59.6,-59.6,,,,,,,,0.92,,1.0,,2026-08-25,,,,,0.5,,,0.0
591,WR287,574,591,712,712,703,715,603,715,4875853,Cody Jackson,ISU,WR,12.0,12.0,12.0,7.65,91.8,91.8,91.8,0.0,91.8,-65.9,-61.8,-59.7,-59.7,-59.7,-59.7,,,,,,,,0.98,,1.0,,2026-08-25,,,,,0.5,,,0.0
592,RB189,561,592,617,617,608,620,508,620,5141422,Gideon Davidson,CLEM,RB,12.0,12.0,12.0,8.16,97.9,97.9,97.9,0.0,97.9,-59.8,-61.3,-59.8,-59.8,-59.8,-59.8,,,,,,,,0.95,,1.0,,2026-08-25,,,,,0.5,,,0.0
593,WR288,577,593,714,714,705,717,605,717,5141723,Dallas Wilson,FLA,WR,12.0,12.0,12.0,7.64,91.7,91.7,91.7,0.0,91.7,-66.0,-61.9,-59.8,-59.8,-59.8,-59.8,,,,,,,,0.84,,1.0,,2026-08-25,,,,,0.5,,,0.0
594,RB190,566,594,618,618,609,621,509,621,5106301,Kedren Young,ND,RB,12.0,12.0,12.0,8.14,97.7,97.7,97.7,0.0,97.7,-60.0,-61.5,-60.0,-60.0,-60.0,-60.0,,,,,,,,0.83,,1.0,,2026-08-25,,,,,0.5,,,0.0
595,WR289,578,595,716,716,707,719,607,719,4429804,Jimmy Calloway,TLSA,WR,12.0,12.0,12.0,7.62,91.5,91.5,91.5,0.0,91.5,-66.2,-62.1,-60.0,-60.0,-60.0,-60.0,,,,,,,,0.87,,1.0,,2026-08-25,,,,,0.5,,,0.0
596,RB191,570,596,623,623,614,626,514,626,5141561,Jamarion Morrow,TA&M,RB,12.0,12.0,12.0,8.12,97.5,97.5,97.5,0.0,97.5,-60.2,-61.7,-60.2,-60.2,-60.2,-60.2,,,,,,,,0.89,,1.0,,2026-08-25,,,,,0.5,,,0.0
597,RB192,576,597,627,627,618,630,518,630,5083175,Anthony Woods,UCLA,RB,12.0,12.0,12.0,8.11,97.3,97.3,97.3,0.0,97.3,-60.4,-61.9,-60.4,-60.4,-60.4,-60.4,,,,,,,,0.95,,1.0,,2026-08-25,,,,,0.5,,,0.0
598,WR290,582,598,718,718,709,721,609,721,4838549,Kam Perry,COLO,WR,12.0,12.0,12.0,7.59,91.1,91.1,91.1,0.0,91.1,-66.6,-62.5,-60.4,-60.4,-60.4,-60.4,,,,,,,,0.96,,1.0,,2026-08-25,,,,,0.5,,,0.0
599,WR291,583,599,719,719,710,722,610,722,5159139,Donovan Faupel,ARK,WR,12.0,12.0,12.0,7.59,91.1,91.1,91.1,0.0,91.1,-66.6,-62.5,-60.4,-60.4,-60.4,-60.4,,,,,,,,0.97,,1.0,,2026-08-25,,,,,0.5,,,0.0
600,WR292,584,600,722,722,713,725,613,725,4812474,DJ Riles,GAST,WR,12.0,12.0,12.0,7.58,91.0,91.0,91.0,0.0,91.0,-66.7,-62.6,-60.5,-60.5,-60.5,-60.5,,,,,,,,0.93,,1.0,,2026-08-25,,,,,0.5,,,0.0
601,WR293,585,601,723,723,714,726,614,726,4870768,Jaden Greathouse,ND,WR,12.0,12.0,12.0,7.58,90.9,90.9,90.9,0.0,90.9,-66.8,-62.7,-60.6,-60.6,-60.6,-60.6,,,,,,,,0.83,,1.0,,2026-08-25,,,,,0.5,,,0.0
602,WR294,586,602,726,726,717,729,617,729,5153653,Kahanu Davis,USU,WR,12.0,12.0,12.0,7.58,90.9,90.9,90.9,0.0,90.9,-66.8,-62.7,-60.6,-60.6,-60.6,-60.6,,,,,,,,0.9,,1.0,,2026-08-25,,,,,0.5,,,0.0
603,WR295,588,603,728,728,719,731,619,731,4900879,Jacquon Gibson,UVA,WR,12.0,12.0,12.0,7.56,90.7,90.7,90.7,0.0,90.7,-67.0,-62.9,-60.8,-60.8,-60.8,-60.8,,,,,,,,0.91,,1.0,,2026-08-25,,,,,0.5,,,0.0
604,WR296,589,604,729,729,720,732,620,732,5087747,Jayce Freeman,TEM,WR,12.0,12.0,12.0,7.56,90.7,90.7,90.7,0.0,90.7,-67.0,-62.9,-60.8,-60.8,-60.8,-60.8,,,,,,,,0.98,,1.0,,2026-08-25,,,,,0.5,,,0.0
605,QB108,902,605,167,167,165,175,88,175,4700135,Cam Fancher,MSU,QB,12.0,12.0,12.0,13.59,163.1,163.1,163.1,0.0,163.1,-82.0,-82.1,-65.2,-60.9,-60.9,-60.9,,,,,,,,0.84,,1.0,,2026-08-25,,,,,0.5,,,0.0
606,RB193,581,606,632,632,623,635,523,635,4875755,Mason King,KENT,RB,12.0,12.0,12.0,8.07,96.8,96.8,96.8,0.0,96.8,-60.9,-62.4,-60.9,-60.9,-60.9,-60.9,,,,,,,,0.87,,1.0,,2026-08-25,,,,,0.5,,,0.0
607,WR297,590,607,732,732,723,735,623,735,4871088,Ayden Williams,MSST,WR,12.0,12.0,12.0,7.55,90.6,90.6,90.6,0.0,90.6,-67.1,-63.0,-60.9,-60.9,-60.9,-60.9,,,,,,,,0.92,,1.0,,2026-08-25,,,,,0.5,,,0.0
608,WR298,592,608,733,733,724,736,624,736,4808767,Xavier Townsend,PUR,WR,12.0,12.0,12.0,7.54,90.5,90.5,90.5,0.0,90.5,-67.2,-63.1,-61.0,-61.0,-61.0,-61.0,,,,,,,,0.89,,1.0,,2026-08-25,,,,,0.5,,,0.0
609,WR299,594,609,735,735,726,738,626,738,4602895,Makai Cope,MOST,WR,12.0,12.0,12.0,7.53,90.4,90.4,90.4,0.0,90.4,-67.3,-63.2,-61.1,-61.1,-61.1,-61.1,,,,,,,,0.96,,1.0,,2026-08-25,,,,,0.5,,,0.0
610,WR300,595,610,736,736,727,739,627,739,5153852,Ja'Carree Kelly,DEL,WR,12.0,12.0,12.0,7.53,90.4,90.4,90.4,0.0,90.4,-67.3,-63.2,-61.1,-61.1,-61.1,-61.1,,,,,,,,0.9,,1.0,,2026-08-25,,,,,0.5,,,0.0
611,WR301,596,611,737,737,728,740,628,740,5224217,Marcus Calwise Jr.,LT,WR,12.0,12.0,12.0,7.53,90.4,90.4,90.4,0.0,90.4,-67.3,-63.2,-61.1,-61.1,-61.1,-61.1,,,,,,,,0.96,,1.0,,2026-08-25,,,,,0.5,,,0.0
612,WR302,597,612,738,738,729,741,629,741,5214557,JJ Buchanan,MICH,WR,12.0,12.0,12.0,7.52,90.2,90.2,90.2,0.0,90.2,-67.5,-63.4,-61.3,-61.3,-61.3,-61.3,,,,,,,,0.91,,1.0,,2026-08-25,,,,,0.5,,,0.0
613,RB194,587,613,643,643,634,646,534,646,4685699,Damari Alston,TLSA,RB,12.0,12.0,12.0,8.02,96.3,96.3,96.3,0.0,96.3,-61.4,-62.9,-61.4,-61.4,-61.4,-61.4,,,,,,,,0.87,,1.0,,2026-08-25,,,,,0.5,,,0.0
614,WR303,598,614,739,739,730,742,630,742,4876642,Maleek Huggins,M-OH,WR,12.0,12.0,12.0,7.51,90.1,90.1,90.1,0.0,90.1,-67.6,-63.5,-61.4,-61.4,-61.4,-61.4,,,,,,,,0.99,,1.0,,2026-08-25,,,,,0.5,,,0.0
615,WR304,599,615,740,740,731,743,631,743,4917945,Aidan Mizell,UCLA,WR,12.0,12.0,12.0,7.51,90.1,90.1,90.1,0.0,90.1,-67.6,-63.5,-61.4,-61.4,-61.4,-61.4,,,,,,,,0.82,,1.0,,2026-08-25,,,,,0.5,,,0.0
616,WR305,601,616,742,742,733,745,633,745,4685565,Evan Stewart,ORE,WR,12.0,12.0,12.0,7.5,90.0,90.0,90.0,0.0,90.0,-67.7,-63.6,-61.5,-61.5,-61.5,-61.5,,,,,,,,0.78,,1.0,,2026-08-25,,,,,0.5,,,0.0
617,WR306,602,617,743,743,734,746,634,746,5125768,DeAngelo Irvin Jr.,UNLV,WR,12.0,12.0,12.0,7.5,90.0,90.0,90.0,0.0,90.0,-67.7,-63.6,-61.5,-61.5,-61.5,-61.5,,,,,,,,0.96,,1.0,,2026-08-25,,,,,0.5,,,0.0
618,WR307,605,618,746,746,737,749,637,749,5219436,Brady Anderson,ARMY,WR,12.0,12.0,12.0,7.49,89.9,89.9,89.9,0.0,89.9,-67.8,-63.7,-61.6,-61.6,-61.6,-61.6,,,,,,,,0.89,,1.0,,2026-08-25,,,,,0.5,,,0.0
619,RB195,593,619,644,644,635,647,535,647,5149058,Devin Spencer,ARST,RB,12.0,12.0,12.0,8.0,96.0,96.0,96.0,0.0,96.0,-61.7,-63.2,-61.7,-61.7,-61.7,-61.7,,,,,,,,0.92,,1.0,,2026-08-25,,,,,0.5,,,0.0
620,WR308,607,620,748,748,739,751,639,751,5161162,Ronnel Johnson,JXST,WR,12.0,12.0,12.0,7.48,89.8,89.8,89.8,0.0,89.8,-67.9,-63.8,-61.7,-61.7,-61.7,-61.7,,,,,,,,0.9,,1.0,,2026-08-25,,,,,0.5,,,0.0
621,WR309,608,621,750,750,741,753,641,753,5150845,Goldie Lawrence,CCU,WR,12.0,12.0,12.0,7.48,89.7,89.7,89.7,0.0,89.7,-68.0,-63.9,-61.8,-61.8,-61.8,-61.8,,,,,,,,0.89,,1.0,,2026-08-25,,,,,0.5,,,0.0
622,WR310,609,622,752,752,743,755,643,755,5079444,Mylan Graham,ND,WR,12.0,12.0,12.0,7.47,89.6,89.6,89.6,0.0,89.6,-68.1,-64.0,-61.9,-61.9,-61.9,-61.9,,,,,,,,0.86,,1.0,,2026-08-25,,,,,0.5,,,0.0
623,WR311,610,623,754,754,745,757,645,757,5218988,Jojo Stone,FIU,WR,12.0,12.0,12.0,7.47,89.6,89.6,89.6,0.0,89.6,-68.1,-64.0,-61.9,-61.9,-61.9,-61.9,,,,,,,,0.88,,1.0,,2026-08-25,,,,,0.5,,,0.0
624,RB196,604,624,648,648,639,651,539,651,5127724,Christian Clark,SC,RB,12.0,12.0,12.0,7.96,95.5,95.5,95.5,0.0,95.5,-62.2,-63.7,-62.2,-62.2,-62.2,-62.2,,,,,,,,0.89,,1.0,,2026-08-25,,,,,0.5,,,0.0
625,WR312,613,625,760,760,751,763,651,763,5079501,Zycarl Lewis Jr.,TULN,WR,12.0,12.0,12.0,7.42,89.0,89.0,89.0,0.0,89.0,-68.7,-64.6,-62.5,-62.5,-62.5,-62.5,,,,,,,,0.94,,1.0,,2026-08-25,,,,,0.5,,,0.0
626,WR313,614,626,763,763,754,766,654,766,5219140,Jeremiah Patterson,NDSU,WR,12.0,12.0,12.0,7.41,88.9,88.9,88.9,0.0,88.9,-68.8,-64.7,-62.6,-62.6,-62.6,-62.6,,,,,,,,0.9,,1.0,,2026-08-25,,,,,0.5,,,0.0
627,WR314,615,627,764,764,755,767,655,767,5220596,Kyri Shoels,UTAH,WR,12.0,12.0,12.0,7.41,88.9,88.9,88.9,0.0,88.9,-68.8,-64.7,-62.6,-62.6,-62.6,-62.6,,,,,,,,0.94,,1.0,,2026-08-25,,,,,0.5,,,0.0
628,RB197,611,628,653,653,644,656,544,656,5218820,Johnnie Daniels,TULN,RB,12.0,12.0,12.0,7.92,95.0,95.0,95.0,0.0,95.0,-62.7,-64.2,-62.7,-62.7,-62.7,-62.7,,,,,,,,0.94,,1.0,,2026-08-25,,,,,0.5,,,0.0
629,WR315,617,629,765,765,756,768,656,768,4870965,Taz Reddicks,UNLV,WR,12.0,12.0,12.0,7.4,88.8,88.8,88.8,0.0,88.8,-68.9,-64.8,-62.7,-62.7,-62.7,-62.7,,,,,,,,0.85,,1.0,,2026-08-25,,,,,0.5,,,0.0
630,WR316,618,630,766,766,757,769,657,769,5160197,Darius Cannon,JXST,WR,12.0,12.0,12.0,7.4,88.8,88.8,88.8,0.0,88.8,-68.9,-64.8,-62.7,-62.7,-62.7,-62.7,,,,,,,,0.8,,1.0,,2026-08-25,,,,,0.5,,,0.0
631,WR317,619,631,767,767,758,770,658,770,5229489,JV Gibson,CIN,WR,12.0,12.0,12.0,7.4,88.8,88.8,88.8,0.0,88.8,-68.9,-64.8,-62.7,-62.7,-62.7,-62.7,,,,,,,,0.85,,1.0,,2026-08-25,,,,,0.5,,,0.0
632,QB109,939,632,170,170,168,178,89,178,5212641,Weston Bryan,GASO,QB,12.0,12.0,12.0,13.43,161.2,161.2,161.2,0.0,161.2,-83.9,-84.0,-67.1,-62.8,-62.8,-62.8,,,,,,,,0.88,,1.0,,2026-08-25,,,,,0.5,,,0.0
633,RB198,612,633,657,657,648,660,548,660,4917981,AJ Newberry,ORST,RB,12.0,12.0,12.0,7.9,94.8,94.8,94.8,0.0,94.8,-62.9,-64.4,-62.9,-62.9,-62.9,-62.9,,,,,,,,0.98,,1.0,,2026-08-25,,,,,0.5,,,0.0
634,WR318,623,634,771,771,762,774,662,774,5079524,Keenan Jackson,NCSU,WR,12.0,12.0,12.0,7.36,88.3,88.3,88.3,0.0,88.3,-69.4,-65.3,-63.2,-63.2,-63.2,-63.2,,,,,,,,0.88,,1.0,,2026-08-25,,,,,0.5,,,0.0
635,RB199,616,635,666,666,657,669,557,669,4690811,Savion Red,SAC,RB,12.0,12.0,12.0,7.87,94.4,94.4,94.4,0.0,94.4,-63.3,-64.8,-63.3,-63.3,-63.3,-63.3,,,,,,,,0.95,,1.0,,2026-08-25,,,,,0.5,,,0.0
636,WR319,627,636,773,773,764,776,664,776,5144962,Jalen Smith,MINN,WR,12.0,12.0,12.0,7.35,88.2,88.2,88.2,0.0,88.2,-69.5,-65.4,-63.3,-63.3,-63.3,-63.3,,,,,,,,0.9,,1.0,,2026-08-25,,,,,0.5,,,0.0
637,WR320,632,637,775,775,766,778,666,778,4909541,T.Y. Harding,MASS,WR,12.0,12.0,12.0,7.32,87.8,87.8,87.8,0.0,87.8,-69.9,-65.8,-63.7,-63.7,-63.7,-63.7,,,,,,,,0.9,,1.0,,2026-08-25,,,,,0.5,,,0.0
638,WR321,633,638,777,777,768,780,668,780,5296407,Nahzae Cox,KU,WR,12.0,12.0,12.0,7.32,87.8,87.8,87.8,0.0,87.8,-69.9,-65.8,-63.7,-63.7,-63.7,-63.7,,,,,,,,0.9,,1.0,,2026-08-25,,,,,0.5,,,0.0
639,RB200,622,639,672,672,663,675,563,675,5078063,Connor Walendzak,TOL,RB,12.0,12.0,12.0,7.82,93.9,93.9,93.9,0.0,93.9,-63.8,-65.3,-63.8,-63.8,-63.8,-63.8,,,,,,,,0.91,,1.0,,2026-08-25,,,,,0.5,,,0.0
640,WR322,634,640,778,778,769,781,669,781,4702790,DJ Allen Jr.,UTSA,WR,12.0,12.0,12.0,7.31,87.7,87.7,87.7,0.0,87.7,-70.0,-65.9,-63.8,-63.8,-63.8,-63.8,,,,,,,,0.94,,1.0,,2026-08-25,,,,,0.5,,,0.0
641,RB201,626,641,673,673,664,676,564,676,5157399,Nyeoti Punni,NDSU,RB,12.0,12.0,12.0,7.82,93.8,93.8,93.8,0.0,93.8,-63.9,-65.4,-63.9,-63.9,-63.9,-63.9,,,,,,,,0.94,,1.0,,2026-08-25,,,,,0.5,,,0.0
642,WR323,637,642,781,781,772,784,672,784,4870876,Kyler Kasper,BYU,WR,12.0,12.0,12.0,7.3,87.6,87.6,87.6,0.0,87.6,-70.1,-66.0,-63.9,-63.9,-63.9,-63.9,,,,,,,,0.81,,1.0,,2026-08-25,,,,,0.5,,,0.0
643,WR324,638,643,783,783,774,786,674,786,5153318,AJ Little,USM,WR,12.0,12.0,12.0,7.3,87.6,87.6,87.6,0.0,87.6,-70.1,-66.0,-63.9,-63.9,-63.9,-63.9,,,,,,,,0.88,,1.0,,2026-08-25,,,,,0.5,,,0.0
644,RB202,629,644,675,675,666,678,566,678,5079749,Yasin Willis,KU,RB,12.0,12.0,12.0,7.81,93.7,93.7,93.7,0.0,93.7,-64.0,-65.5,-64.0,-64.0,-64.0,-64.0,,,,,,,,0.9,,1.0,,2026-08-25,,,,,0.5,,,0.0
645,WR325,639,645,785,785,776,788,676,788,5296610,Tama Amisone,SJSU,WR,12.0,12.0,12.0,7.29,87.5,87.5,87.5,0.0,87.5,-70.2,-66.1,-64.0,-64.0,-64.0,-64.0,,,,,,,,0.86,,1.0,,2026-08-25,,,,,0.5,,,0.0
646,WR326,640,646,787,787,778,790,678,790,5125593,Bailey Stockton,FLA,WR,12.0,12.0,12.0,7.28,87.4,87.4,87.4,0.0,87.4,-70.3,-66.2,-64.1,-64.1,-64.1,-64.1,,,,,,,,0.93,,1.0,,2026-08-25,,,,,0.5,,,0.0
647,TE10,548,647,678,678,669,681,569,681,5085509,Chris Corbo,GT,TE,12.0,12.0,12.0,7.79,93.5,93.5,93.5,0.0,93.5,-64.2,-60.1,-64.2,-64.2,-64.2,-64.2,,,,,,,,0.93,,1.0,,2026-08-25,,,,,0.5,,,0.0
648,WR327,642,648,790,790,781,793,681,793,5088336,Makai Jackson,LIB,WR,12.0,12.0,12.0,7.28,87.3,87.3,87.3,0.0,87.3,-70.4,-66.3,-64.2,-64.2,-64.2,-64.2,,,,,,,,0.87,,1.0,,2026-08-25,,,,,0.5,,,0.0
649,RB203,631,649,680,680,671,683,571,683,4827047,Aidan Laughery,ILL,RB,12.0,12.0,12.0,7.78,93.4,93.4,93.4,0.0,93.4,-64.3,-65.8,-64.3,-64.3,-64.3,-64.3,,,,,,,,1.0,,1.0,,2026-08-25,,,,,0.5,,,0.0
650,WR328,644,650,791,791,782,794,682,794,5159831,Derek Eusebio,ASU,WR,12.0,12.0,12.0,7.26,87.1,87.1,87.1,0.0,87.1,-70.6,-66.5,-64.4,-64.4,-64.4,-64.4,,,,,,,,0.83,,1.0,,2026-08-25,,,,,0.5,,,0.0
651,WR329,645,651,792,792,783,795,683,795,5207842,Jalen Cooper,SMU,WR,12.0,12.0,12.0,7.26,87.1,87.1,87.1,0.0,87.1,-70.6,-66.5,-64.4,-64.4,-64.4,-64.4,,,,,,,,0.82,,1.0,,2026-08-25,,,,,0.5,,,0.0
652,RB204,636,652,683,683,674,686,574,686,5079659,Jonathan Paylor,NCSU,RB,12.0,12.0,12.0,7.77,93.2,93.2,93.2,0.0,93.2,-64.5,-66.0,-64.5,-64.5,-64.5,-64.5,,,,,,,,0.87,,1.0,,2026-08-25,,,,,0.5,,,0.0
653,QB110,963,653,181,181,179,189,90,189,4836476,Davin Wydner,LOU,QB,12.0,12.0,12.0,13.28,159.4,159.4,159.4,0.0,159.4,-85.7,-85.8,-68.9,-64.6,-64.6,-64.6,,,,,,,,0.9,,1.0,,2026-08-25,,,,,0.5,,,0.0
654,WR330,647,654,794,794,785,797,685,797,4431516,Brandon Buckhaulter,ULM,WR,12.0,12.0,12.0,7.23,86.8,86.8,86.8,0.0,86.8,-70.9,-66.8,-64.7,-64.7,-64.7,-64.7,,,,,,,,0.88,,1.0,,2026-08-25,,,,,0.5,,,0.0
655,RB205,643,655,688,688,679,691,579,691,5141607,Isaiah Mozee,NEB,RB,12.0,12.0,12.0,7.73,92.8,92.8,92.8,0.0,92.8,-64.9,-66.4,-64.9,-64.9,-64.9,-64.9,,,,,,,,0.98,,1.0,,2026-08-25,,,,,0.5,,,0.0
656,WR331,651,656,798,798,789,801,689,801,4705557,QuaRon Adams,CAL,WR,12.0,12.0,12.0,7.22,86.6,86.6,86.6,0.0,86.6,-71.1,-67.0,-64.9,-64.9,-64.9,-64.9,,,,,,,,0.93,,1.0,,2026-08-25,,,,,0.5,,,0.0
657,WR332,653,657,803,803,794,806,694,806,5153499,Donnie Cheers,NEV,WR,12.0,12.0,12.0,7.2,86.4,86.4,86.4,0.0,86.4,-71.3,-67.2,-65.1,-65.1,-65.1,-65.1,,,,,,,,0.81,,1.0,,2026-08-25,,,,,0.5,,,0.0
658,WR333,654,658,804,804,795,807,695,807,5224354,Rashawn Cunningham,LIB,WR,12.0,12.0,12.0,7.2,86.4,86.4,86.4,0.0,86.4,-71.3,-67.2,-65.1,-65.1,-65.1,-65.1,,,,,,,,0.85,,1.0,,2026-08-25,,,,,0.5,,,0.0
659,RB206,646,659,692,692,683,695,583,695,5079651,DeVon Rice,HAW,RB,12.0,12.0,12.0,7.71,92.5,92.5,92.5,0.0,92.5,-65.2,-66.7,-65.2,-65.2,-65.2,-65.2,,,,,,,,0.85,,1.0,,2026-08-25,,,,,0.5,,,0.0
660,WR334,656,660,805,805,796,808,696,808,4683543,RJ Garcia II,FAU,WR,12.0,12.0,12.0,7.19,86.3,86.3,86.3,0.0,86.3,-71.4,-67.3,-65.2,-65.2,-65.2,-65.2,,,,,,,,0.86,,1.0,,2026-08-25,,,,,0.5,,,0.0
661,WR335,657,661,806,806,797,809,697,809,5079627,Jadon Porter,BAY,WR,12.0,12.0,12.0,7.19,86.3,86.3,86.3,0.0,86.3,-71.4,-67.3,-65.2,-65.2,-65.2,-65.2,,,,,,,,0.81,,1.0,,2026-08-25,,,,,0.5,,,0.0
662,WR336,658,662,808,808,799,811,699,811,5175175,Owen Dupree,GAST,WR,12.0,12.0,12.0,7.18,86.2,86.2,86.2,0.0,86.2,-71.5,-67.4,-65.3,-65.3,-65.3,-65.3,,,,,,,,0.88,,1.0,,2026-08-25,,,,,0.5,,,0.0
663,RB207,649,663,702,702,693,705,593,705,4808744,Jaylon Glover,UNLV,RB,12.0,12.0,12.0,7.68,92.2,92.2,92.2,0.0,92.2,-65.5,-67.0,-65.5,-65.5,-65.5,-65.5,,,,,,,,0.97,,1.0,,2026-08-25,,,,,0.5,,,0.0
664,RB208,650,664,704,704,695,707,595,707,5219864,Terrez Worthy,MD,RB,12.0,12.0,12.0,7.68,92.2,92.2,92.2,0.0,92.2,-65.5,-67.0,-65.5,-65.5,-65.5,-65.5,,,,,,,,0.93,,1.0,,2026-08-25,,,,,0.5,,,0.0
665,WR337,661,665,812,812,803,815,703,815,4871069,Micah Tease,TLSA,WR,12.0,12.0,12.0,7.17,86.0,86.0,86.0,0.0,86.0,-71.7,-67.6,-65.5,-65.5,-65.5,-65.5,,,,,,,,0.85,,1.0,,2026-08-25,,,,,0.5,,,0.0
666,QB111,982,666,185,185,183,193,91,193,4870819,Eli Holstein,UVA,QB,12.0,12.0,12.0,13.2,158.4,158.4,158.4,0.0,158.4,-86.7,-86.8,-69.9,-65.6,-65.6,-65.6,,,,,,,,0.9,,1.0,,2026-08-25,,,,,0.5,,,0.0
667,RB209,652,667,706,706,697,709,597,709,5122155,Brady Tillman III,FAU,RB,12.0,12.0,12.0,7.68,92.1,92.1,92.1,0.0,92.1,-65.6,-67.1,-65.6,-65.6,-65.6,-65.6,,,,,,,,0.79,,1.0,,2026-08-25,,,,,0.5,,,0.0
668,WR338,662,668,815,815,806,818,706,818,5089549,Malik Knight,PITT,WR,12.0,12.0,12.0,7.16,85.9,85.9,85.9,0.0,85.9,-71.8,-67.7,-65.6,-65.6,-65.6,-65.6,,,,,,,,1.0,,1.0,,2026-08-25,,,,,0.5,,,0.0
669,WR339,663,669,816,816,807,819,707,819,5126534,Jeremy Scott,TCU,WR,12.0,12.0,12.0,7.16,85.9,85.9,85.9,0.0,85.9,-71.8,-67.7,-65.6,-65.6,-65.6,-65.6,,,,,,,,0.83,,1.0,,2026-08-25,,,,,0.5,,,0.0
670,QB112,986,670,186,186,184,194,92,194,4801306,Conner Harrell,CLT,QB,12.0,12.0,12.0,13.18,158.2,158.2,158.2,0.0,158.2,-86.9,-87.0,-70.1,-65.8,-65.8,-65.8,,,,,,,,0.89,,1.0,,2026-08-25,,,,,0.5,,,0.0
671,WR340,665,671,819,819,810,822,710,822,4833629,Jace Wilson,SAC,WR,12.0,12.0,12.0,7.14,85.7,85.7,85.7,0.0,85.7,-72.0,-67.9,-65.8,-65.8,-65.8,-65.8,,,,,,,,0.86,,1.0,,2026-08-25,,,,,0.5,,,0.0
672,WR341,667,672,821,821,812,824,712,824,5158756,Damien Morgan,NEV,WR,12.0,12.0,12.0,7.14,85.7,85.7,85.7,0.0,85.7,-72.0,-67.9,-65.8,-65.8,-65.8,-65.8,,,,,,,,0.86,,1.0,,2026-08-25,,,,,0.5,,,0.0
673,RB210,659,673,713,713,704,716,604,716,5114332,Jaivian Thomas,UCLA,RB,12.0,12.0,12.0,7.64,91.7,91.7,91.7,0.0,91.7,-66.0,-67.5,-66.0,-66.0,-66.0,-66.0,,,,,,,,0.88,,1.0,,2026-08-25,,,,,0.5,,,0.0
674,QB113,995,674,187,187,185,195,93,195,5079619,Kalieb Osborne,CONN,QB,12.0,12.0,12.0,13.16,157.9,157.9,157.9,0.0,157.9,-87.2,-87.3,-70.4,-66.1,-66.1,-66.1,,,,,,,,0.84,,1.0,,2026-08-25,,,,,0.5,,,0.0
675,RB211,660,675,715,715,706,718,606,718,4816307,Joseph Himon II,NU,RB,12.0,12.0,12.0,7.63,91.6,91.6,91.6,0.0,91.6,-66.1,-67.6,-66.1,-66.1,-66.1,-66.1,,,,,,,,0.94,,1.0,,2026-08-25,,,,,0.5,,,0.0
676,WR342,670,676,824,824,815,827,715,827,5152717,Mason Humphrey,UNC,WR,12.0,12.0,12.0,7.11,85.3,85.3,85.3,0.0,85.3,-72.4,-68.3,-66.2,-66.2,-66.2,-66.2,,,,,,,,0.92,,1.0,,2026-08-25,,,,,0.5,,,0.0
677,RB212,664,677,717,717,708,720,608,720,4685268,Raleek Brown,TEX,RB,12.0,12.0,12.0,7.62,91.4,91.4,91.4,0.0,91.4,-66.3,-67.8,-66.3,-66.3,-66.3,-66.3,,,,,,,,0.9,,1.0,,2026-08-25,,,,,0.5,,,0.0
678,WR343,672,678,825,825,816,828,716,828,4711408,Horatio Fields,MISS,WR,12.0,12.0,12.0,7.1,85.2,85.2,85.2,0.0,85.2,-72.5,-68.4,-66.3,-66.3,-66.3,-66.3,,,,,,,,0.88,,1.0,,2026-08-25,,,,,0.5,,,0.0
679,WR344,673,679,826,826,817,829,717,829,4711421,CJ Smith,UAB,WR,12.0,12.0,12.0,7.1,85.2,85.2,85.2,0.0,85.2,-72.5,-68.4,-66.3,-66.3,-66.3,-66.3,,,,,,,,0.89,,1.0,,2026-08-25,,,,,0.5,,,0.0
680,WR345,674,680,827,827,818,830,718,830,5298816,Devaughn Slaughter,KENN,WR,12.0,12.0,12.0,7.1,85.2,85.2,85.2,0.0,85.2,-72.5,-68.4,-66.3,-66.3,-66.3,-66.3,,,,,,,,0.9,,1.0,,2026-08-25,,,,,0.5,,,0.0
681,QB114,998,681,189,189,187,197,95,197,4870900,Dylan Lonergan,RUTG,QB,12.0,12.0,12.0,13.13,157.6,157.6,157.6,0.0,157.6,-87.5,-87.6,-70.7,-66.4,-66.4,-66.4,,,,,,,,0.96,,1.0,,2026-08-25,,,,,0.5,,,0.0
682,WR346,677,682,829,829,820,832,720,832,5225646,Rico Bond,TOL,WR,12.0,12.0,12.0,7.09,85.1,85.1,85.1,0.0,85.1,-72.6,-68.5,-66.4,-66.4,-66.4,-66.4,,,,,,,,0.92,,1.0,,2026-08-25,,,,,0.5,,,0.0
683,WR347,678,683,830,831,821,833,721,833,4870656,Johntay Cook II,MISS,WR,12.0,12.0,12.0,7.08,85.0,85.0,85.0,0.0,85.0,-72.7,-68.6,-66.5,-66.5,-66.5,-66.5,,,,,,,,0.94,,1.0,,2026-08-25,,,,,0.5,,,0.0
684,RB213,668,684,720,720,711,723,611,723,5229572,Dennis Palmer,TROY,RB,12.0,12.0,12.0,7.59,91.1,91.1,91.1,0.0,91.1,-66.6,-68.1,-66.6,-66.6,-66.6,-66.6,,,,,,,,0.91,,1.0,,2026-08-25,,,,,0.5,,,0.0
685,WR348,679,685,831,832,822,834,722,834,4899472,Chris Culliver,MRSH,WR,12.0,12.0,12.0,7.08,84.9,84.9,84.9,0.0,84.9,-72.8,-68.7,-66.6,-66.6,-66.6,-66.6,,,,,,,,0.75,,1.0,,2026-08-25,,,,,0.5,,,0.0
686,RB214,669,686,725,725,716,728,616,728,5141420,Marquise Davis,LOU,RB,12.0,12.0,12.0,7.58,90.9,90.9,90.9,0.0,90.9,-66.8,-68.3,-66.8,-66.8,-66.8,-66.8,,,,,,,,0.68,,1.0,,2026-08-25,,,,,0.5,,,0.0
687,WR349,681,687,841,841,831,843,731,843,5089182,CJ Nelson,BALL,WR,12.0,12.0,12.0,7.06,84.7,84.7,84.7,0.0,84.7,-73.0,-68.9,-66.8,-66.8,-66.8,-66.8,,,,,,,,0.9,,1.0,,2026-08-25,,,,,0.5,,,0.0
688,RB215,675,688,727,727,718,730,618,730,4685418,Tavorus Jones,UTEP,RB,12.0,12.0,12.0,7.56,90.7,90.7,90.7,0.0,90.7,-67.0,-68.5,-67.0,-67.0,-67.0,-67.0,,,,,,,,0.92,,1.0,,2026-08-25,,,,,0.5,,,0.0
689,RB216,676,689,730,730,721,733,621,733,5091891,Lamar Sperling,UTEP,RB,12.0,12.0,12.0,7.56,90.7,90.7,90.7,0.0,90.7,-67.0,-68.5,-67.0,-67.0,-67.0,-67.0,,,,,,,,0.79,,1.0,,2026-08-25,,,,,0.5,,,0.0
690,WR350,683,690,845,845,835,847,735,847,4869581,Braylen Walker,RICE,WR,12.0,12.0,12.0,7.04,84.5,84.5,84.5,0.0,84.5,-73.2,-69.1,-67.0,-67.0,-67.0,-67.0,,,,,,,,0.92,,1.0,,2026-08-25,,,,,0.5,,,0.0
691,QB115,1012,691,193,193,191,202,98,202,4713649,Drew Dickey,ARST,QB,12.0,12.0,12.0,13.08,156.9,156.9,156.9,0.0,156.9,-88.2,-88.3,-71.4,-67.1,-67.1,-67.1,,,,,,,,0.87,,1.0,,2026-08-25,,,,,0.5,,,0.0
692,WR351,686,692,847,847,837,849,737,849,4603185,Markus Allen,MTSU,WR,12.0,12.0,12.0,7.03,84.4,84.4,84.4,0.0,84.4,-73.3,-69.2,-67.1,-67.1,-67.1,-67.1,,,,,,,,0.91,,1.0,,2026-08-25,,,,,0.5,,,0.0
693,WR352,687,693,848,848,838,850,738,850,4691315,Umari Hatcher,SYR,WR,12.0,12.0,12.0,7.03,84.4,84.4,84.4,0.0,84.4,-73.3,-69.2,-67.1,-67.1,-67.1,-67.1,,,,,,,,0.77,,1.0,,2026-08-25,,,,,0.5,,,0.0
694,WR353,688,694,849,849,839,851,739,851,5084027,Miles Williams,UNM,WR,12.0,12.0,12.0,7.03,84.4,84.4,84.4,0.0,84.4,-73.3,-69.2,-67.1,-67.1,-67.1,-67.1,,,,,,,,0.87,,1.0,,2026-08-25,,,,,0.5,,,0.0
695,WR354,689,695,850,850,840,852,740,852,5092787,Marlion Jackson,VT,WR,12.0,12.0,12.0,7.03,84.4,84.4,84.4,0.0,84.4,-73.3,-69.2,-67.1,-67.1,-67.1,-67.1,,,,,,,,0.9,,1.0,,2026-08-25,,,,,0.5,,,0.0
696,WR355,690,696,851,851,841,853,741,853,5218881,Tama Uiliata,HAW,WR,12.0,12.0,12.0,7.03,84.4,84.4,84.4,0.0,84.4,-73.3,-69.2,-67.1,-67.1,-67.1,-67.1,,,,,,,,0.87,,1.0,,2026-08-25,,,,,0.5,,,0.0
697,WR356,694,697,852,852,842,854,742,854,4685469,Sam Mbake,APP,WR,12.0,12.0,12.0,7.01,84.1,84.1,84.1,0.0,84.1,-73.6,-69.5,-67.4,-67.4,-67.4,-67.4,,,,,,,,0.88,,1.0,,2026-08-25,,,,,0.5,,,0.0
698,WR357,695,698,853,853,843,855,743,855,4899704,Jordan King,CAL,WR,12.0,12.0,12.0,7.01,84.1,84.1,84.1,0.0,84.1,-73.6,-69.5,-67.4,-67.4,-67.4,-67.4,,,,,,,,0.91,,1.0,,2026-08-25,,,,,0.5,,,0.0
699,WR358,696,699,854,854,844,856,744,856,5084429,Darren Morris,BOIS,WR,12.0,12.0,12.0,7.01,84.1,84.1,84.1,0.0,84.1,-73.6,-69.5,-67.4,-67.4,-67.4,-67.4,,,,,,,,0.94,,1.0,,2026-08-25,,,,,0.5,,,0.0
700,QB116,1020,700,195,195,193,204,100,204,5089314,Hank Brown,IOWA,QB,12.0,12.0,12.0,13.04,156.5,156.5,156.5,0.0,156.5,-88.6,-88.7,-71.8,-67.5,-67.5,-67.5,,,,,,,,0.93,,1.0,,2026-08-25,,,,,0.5,,,0.0
701,RB217,682,701,741,741,732,744,632,744,5150125,Brandon Tullis,MSU,RB,12.0,12.0,12.0,7.51,90.1,90.1,90.1,0.0,90.1,-67.6,-69.1,-67.6,-67.6,-67.6,-67.6,,,,,,,,0.9,,1.0,,2026-08-25,,,,,0.5,,,0.0
702,RB218,684,702,744,744,735,747,635,747,5164324,Sterling Joseph,FIU,RB,12.0,12.0,12.0,7.5,90.0,90.0,90.0,0.0,90.0,-67.7,-69.2,-67.7,-67.7,-67.7,-67.7,,,,,,,,0.71,,1.0,,2026-08-25,,,,,0.5,,,0.0
703,RB219,685,703,745,745,736,748,636,748,5225383,Tariq Thomas,FRES,RB,12.0,12.0,12.0,7.5,90.0,90.0,90.0,0.0,90.0,-67.7,-69.2,-67.7,-67.7,-67.7,-67.7,,,,,,,,0.88,,1.0,,2026-08-25,,,,,0.5,,,0.0
704,WR359,702,704,861,861,851,863,751,863,5141613,Quincy Porter,ND,WR,12.0,12.0,12.0,6.98,83.7,83.7,83.7,0.0,83.7,-74.0,-69.9,-67.8,-67.8,-67.8,-67.8,,,,,,,,0.82,,1.0,,2026-08-25,,,,,0.5,,,0.0
705,RB220,691,705,747,747,738,750,638,750,5125733,Joey Mattord,EMU,RB,12.0,12.0,12.0,7.48,89.8,89.8,89.8,0.0,89.8,-67.9,-69.4,-67.9,-67.9,-67.9,-67.9,,,,,,,,0.96,,1.0,,2026-08-25,,,,,0.5,,,0.0
706,RB221,692,706,749,749,740,752,640,752,4684421,Simeon Price,ORE,RB,12.0,12.0,12.0,7.48,89.7,89.7,89.7,0.0,89.7,-68.0,-69.5,-68.0,-68.0,-68.0,-68.0,,,,,,,,0.84,,1.0,,2026-08-25,,,,,0.5,,,0.0
707,RB222,693,707,751,751,742,754,642,754,5203477,Dominic Knicely,CCU,RB,12.0,12.0,12.0,7.48,89.7,89.7,89.7,0.0,89.7,-68.0,-69.5,-68.0,-68.0,-68.0,-68.0,,,,,,,,0.94,,1.0,,2026-08-25,,,,,0.5,,,0.0
708,RB223,698,708,755,755,746,758,646,758,5166161,Scottre Humphrey,UNM,RB,12.0,12.0,12.0,7.46,89.5,89.5,89.5,0.0,89.5,-68.2,-69.7,-68.2,-68.2,-68.2,-68.2,,,,,,,,1.0,,1.0,,2026-08-25,,,,,0.5,,,0.0
709,RB224,699,709,756,756,747,759,647,759,5193349,Maurki James,ODU,RB,12.0,12.0,12.0,7.46,89.5,89.5,89.5,0.0,89.5,-68.2,-69.7,-68.2,-68.2,-68.2,-68.2,,,,,,,,0.9,,1.0,,2026-08-25,,,,,0.5,,,0.0
710,WR360,706,710,867,867,857,869,757,869,4574964,Gavin Thomson,SAC,WR,12.0,12.0,12.0,6.94,83.3,83.3,83.3,0.0,83.3,-74.4,-70.3,-68.2,-68.2,-68.2,-68.2,,,,,,,,0.86,,1.0,,2026-08-25,,,,,0.5,,,0.0
711,WR361,707,711,869,869,859,871,759,871,5125905,Corri Milliner,UNT,WR,12.0,12.0,12.0,6.94,83.3,83.3,83.3,0.0,83.3,-74.4,-70.3,-68.2,-68.2,-68.2,-68.2,,,,,,,,0.92,,1.0,,2026-08-25,,,,,0.5,,,0.0
712,RB225,700,712,757,757,748,760,648,760,4596437,AJ Green Jr.,WMU,RB,12.0,12.0,12.0,7.45,89.4,89.4,89.4,0.0,89.4,-68.3,-69.8,-68.3,-68.3,-68.3,-68.3,,,,,,,,0.93,,1.0,,2026-08-25,,,,,0.5,,,0.0
713,RB226,701,713,758,758,749,761,649,761,5079468,Davion Gause,NCSU,RB,12.0,12.0,12.0,7.45,89.4,89.4,89.4,0.0,89.4,-68.3,-69.8,-68.3,-68.3,-68.3,-68.3,,,,,,,,0.92,,1.0,,2026-08-25,,,,,0.5,,,0.0
714,WR362,708,714,870,870,860,872,760,872,4685297,Darrius Clemons,WSU,WR,12.0,12.0,12.0,6.93,83.2,83.2,83.2,0.0,83.2,-74.5,-70.4,-68.3,-68.3,-68.3,-68.3,,,,,,,,0.82,,1.0,,2026-08-25,,,,,0.5,,,0.0
715,WR363,709,715,872,872,862,874,762,874,4870754,Rodney Gallagher III,ARIZ,WR,12.0,12.0,12.0,6.92,83.1,83.1,83.1,0.0,83.1,-74.6,-70.5,-68.4,-68.4,-68.4,-68.4,,,,,,,,0.92,,1.0,,2026-08-25,,,,,0.5,,,0.0
716,WR364,710,716,873,873,863,875,763,875,5125819,Darrell Gill Jr.,MISS,WR,12.0,12.0,12.0,6.92,83.1,83.1,83.1,0.0,83.1,-74.6,-70.5,-68.4,-68.4,-68.4,-68.4,,,,,,,,0.93,,1.0,,2026-08-25,,,,,0.5,,,0.0
717,WR365,711,717,875,875,865,877,765,877,5104888,Grady O'Neill,SHSU,WR,12.0,12.0,12.0,6.92,83.0,83.0,83.0,0.0,83.0,-74.7,-70.6,-68.5,-68.5,-68.5,-68.5,,,,,,,,0.92,,1.0,,2026-08-25,,,,,0.5,,,0.0
718,WR366,712,718,876,876,866,878,766,878,5238876,Jonah Dawson,AF,WR,12.0,12.0,12.0,6.92,83.0,83.0,83.0,0.0,83.0,-74.7,-70.6,-68.5,-68.5,-68.5,-68.5,,,,,,,,0.87,,1.0,,2026-08-25,,,,,0.5,,,0.0
719,WR367,713,719,877,877,867,879,767,879,5298655,Kalvin Gilbert Jr.,TOL,WR,12.0,12.0,12.0,6.92,83.0,83.0,83.0,0.0,83.0,-74.7,-70.6,-68.5,-68.5,-68.5,-68.5,,,,,,,,0.84,,1.0,,2026-08-25,,,,,0.5,,,0.0
720,RB227,703,720,759,759,750,762,650,762,4833591,Ky Woods,NEV,RB,12.0,12.0,12.0,7.42,89.0,89.0,89.0,0.0,89.0,-68.7,-70.2,-68.7,-68.7,-68.7,-68.7,,,,,,,,0.99,,1.0,,2026-08-25,,,,,0.5,,,0.0
721,RB228,704,721,761,761,752,764,652,764,5094035,Wilhelm Daal II,DUKE,RB,12.0,12.0,12.0,7.42,89.0,89.0,89.0,0.0,89.0,-68.7,-70.2,-68.7,-68.7,-68.7,-68.7,,,,,,,,0.87,,1.0,,2026-08-25,,,,,0.5,,,0.0
722,WR368,716,722,881,881,871,883,771,883,5302266,Donovan Brown,SDSU,WR,12.0,12.0,12.0,6.88,82.5,82.5,82.5,0.0,82.5,-75.2,-71.1,-69.0,-69.0,-69.0,-69.0,,,,,,,,0.95,,1.0,,2026-08-25,,,,,0.5,,,0.0
723,RB229,714,723,769,769,760,772,660,772,5296412,DJ Taylor,MTSU,RB,12.0,12.0,12.0,7.38,88.5,88.5,88.5,0.0,88.5,-69.2,-70.7,-69.2,-69.2,-69.2,-69.2,,,,,,,,0.84,,1.0,,2026-08-25,,,,,0.5,,,0.0
724,WR369,717,724,884,884,874,886,774,886,5085609,TreyShun Hurry,LOU,WR,12.0,12.0,12.0,6.86,82.3,82.3,82.3,0.0,82.3,-75.4,-71.3,-69.2,-69.2,-69.2,-69.2,,,,,,,,0.88,,1.0,,2026-08-25,,,,,0.5,,,0.0
725,RB230,715,725,770,770,761,773,661,773,5165109,Deshaun Buchanan,UNM,RB,12.0,12.0,12.0,7.37,88.4,88.4,88.4,0.0,88.4,-69.3,-70.8,-69.3,-69.3,-69.3,-69.3,,,,,,,,0.95,,1.0,,2026-08-25,,,,,0.5,,,0.0
726,WR370,719,726,885,885,875,887,775,887,5220256,Donte Lee Jr.,TTU,WR,12.0,12.0,12.0,6.85,82.2,82.2,82.2,0.0,82.2,-75.5,-71.4,-69.3,-69.3,-69.3,-69.3,,,,,,,,0.88,,1.0,,2026-08-25,,,,,0.5,,,0.0
727,WR371,720,727,886,886,876,888,776,888,5079714,Rico Scott,ALA,WR,12.0,12.0,12.0,6.84,82.1,82.1,82.1,0.0,82.1,-75.6,-71.5,-69.4,-69.4,-69.4,-69.4,,,,,,,,0.83,,1.0,,2026-08-25,,,,,0.5,,,0.0
728,WR372,723,728,891,891,881,893,781,893,4882122,Sterling Berkhalter,TEX,WR,12.0,12.0,12.0,6.83,82.0,82.0,82.0,0.0,82.0,-75.7,-71.6,-69.5,-69.5,-69.5,-69.5,,,,,,,,0.85,,1.0,,2026-08-25,,,,,0.5,,,0.0
729,QB117,1062,729,204,204,202,213,103,213,4685311,Jayden Denegal,SDSU,QB,12.0,12.0,12.0,12.87,154.4,154.4,154.4,0.0,154.4,-90.7,-90.8,-73.9,-69.6,-69.6,-69.6,,,,,,,,0.99,,1.0,,2026-08-25,,,,,0.5,,,0.0
730,WR373,725,730,894,894,884,896,784,896,5296067,Teddy Hoffmann,NCSU,WR,12.0,12.0,12.0,6.82,81.9,81.9,81.9,0.0,81.9,-75.8,-71.7,-69.6,-69.6,-69.6,-69.6,,,,,,,,0.91,,1.0,,2026-08-25,,,,,0.5,,,0.0
731,WR374,727,731,895,895,885,897,785,897,5161386,Cody Hall,SJSU,WR,12.0,12.0,12.0,6.82,81.8,81.8,81.8,0.0,81.8,-75.9,-71.8,-69.7,-69.7,-69.7,-69.7,,,,,,,,0.78,,1.0,,2026-08-25,,,,,0.5,,,0.0
732,RB231,718,732,776,776,767,779,667,779,4912275,Christian Washington,SDSU,RB,12.0,12.0,12.0,7.32,87.8,87.8,87.8,0.0,87.8,-69.9,-71.4,-69.9,-69.9,-69.9,-69.9,,,,,,,,0.97,,1.0,,2026-08-25,,,,,0.5,,,0.0
733,WR375,728,733,899,899,889,901,789,901,4685601,Armani Winfield,USF,WR,12.0,12.0,12.0,6.8,81.6,81.6,81.6,0.0,81.6,-76.1,-72.0,-69.9,-69.9,-69.9,-69.9,,,,,,,,0.91,,1.0,,2026-08-25,,,,,0.5,,,0.0
734,TE11,635,734,779,779,770,782,670,782,5120299,Patrick Overmyer,HOU,TE,12.0,12.0,12.0,7.31,87.7,87.7,87.7,0.0,87.7,-70.0,-65.9,-70.0,-70.0,-70.0,-70.0,,,,,,,,1.0,,1.0,,2026-08-25,,,,,0.5,,,0.0
735,RB232,721,735,780,780,771,783,671,783,4685509,Gi'Bran Payne,CIN,RB,12.0,12.0,12.0,7.3,87.6,87.6,87.6,0.0,87.6,-70.1,-71.6,-70.1,-70.1,-70.1,-70.1,,,,,,,,0.84,,1.0,,2026-08-25,,,,,0.5,,,0.0
736,RB233,722,736,782,782,773,785,673,785,5091725,Lee Beebe Jr.,IU,RB,12.0,12.0,12.0,7.3,87.6,87.6,87.6,0.0,87.6,-70.1,-71.6,-70.1,-70.1,-70.1,-70.1,,,,,,,,0.86,,1.0,,2026-08-25,,,,,0.5,,,0.0
737,RB234,724,737,784,784,775,787,675,787,4873588,CJ Campbell Jr.,DUKE,RB,12.0,12.0,12.0,7.29,87.5,87.5,87.5,0.0,87.5,-70.2,-71.7,-70.2,-70.2,-70.2,-70.2,,,,,,,,0.87,,1.0,,2026-08-25,,,,,0.5,,,0.0
738,RB235,726,738,786,786,777,789,677,789,5082253,Keegan Holles,CSU,RB,12.0,12.0,12.0,7.28,87.4,87.4,87.4,0.0,87.4,-70.3,-71.8,-70.3,-70.3,-70.3,-70.3,,,,,,,,0.74,,1.0,,2026-08-25,,,,,0.5,,,0.0
739,WR376,731,739,911,911,901,913,801,913,5295923,TJ Johnson,ODU,WR,12.0,12.0,12.0,6.77,81.2,81.2,81.2,0.0,81.2,-76.5,-72.4,-70.3,-70.3,-70.3,-70.3,,,,,,,,0.84,,1.0,,2026-08-25,,,,,0.5,,,0.0
740,TE12,641,740,789,789,780,792,680,792,4869728,Jeremiah Hasley,DUKE,TE,12.0,12.0,12.0,7.28,87.3,87.3,87.3,0.0,87.3,-70.4,-66.3,-70.4,-70.4,-70.4,-70.4,,,,,,,,1.0,,1.0,,2026-08-25,,,,,0.5,,,0.0
741,WR377,734,741,913,913,903,915,803,915,4871040,Creed Whittemore,UTAH,WR,12.0,12.0,12.0,6.75,81.0,81.0,81.0,0.0,81.0,-76.7,-72.6,-70.5,-70.5,-70.5,-70.5,,,,,,,,0.77,,1.0,,2026-08-25,,,,,0.5,,,0.0
742,WR378,738,742,915,915,906,917,805,917,4696273,Tim Conerly,SAC,WR,12.0,12.0,12.0,6.74,80.9,80.9,80.9,0.0,80.9,-76.8,-72.7,-70.6,-70.6,-70.6,-70.6,,,,,,,,0.83,,1.0,,2026-08-25,,,,,0.5,,,0.0
743,WR379,739,743,916,916,907,918,806,918,4900640,Kyle Parker,OSU,WR,12.0,12.0,12.0,6.74,80.9,80.9,80.9,0.0,80.9,-76.8,-72.7,-70.6,-70.6,-70.6,-70.6,,,,,,,,0.83,,1.0,,2026-08-25,,,,,0.5,,,0.0
744,WR380,743,744,926,926,917,928,816,928,5121664,Kyle McNeal,FIU,WR,12.0,12.0,12.0,6.73,80.8,80.8,80.8,0.0,80.8,-76.9,-72.8,-70.7,-70.7,-70.7,-70.7,,,,,,,,0.92,,1.0,,2026-08-25,,,,,0.5,,,0.0
745,TE13,648,745,795,795,786,798,686,798,4907786,Rocky Beers,OU,TE,12.0,12.0,12.0,7.23,86.8,86.8,86.8,0.0,86.8,-70.9,-66.8,-70.9,-70.9,-70.9,-70.9,,,,,,,,0.85,,1.0,,2026-08-25,,,,,0.5,,,0.0
746,RB236,732,746,796,796,787,799,687,799,5079537,Ju'Juan Johnson,SYR,RB,12.0,12.0,12.0,7.22,86.7,86.7,86.7,0.0,86.7,-71.0,-72.5,-71.0,-71.0,-71.0,-71.0,,,,,,,,0.86,,1.0,,2026-08-25,,,,,0.5,,,0.0
747,RB237,733,747,797,797,788,800,688,800,5081332,Jaziun Patterson,MSU,RB,12.0,12.0,12.0,7.22,86.7,86.7,86.7,0.0,86.7,-71.0,-72.5,-71.0,-71.0,-71.0,-71.0,,,,,,,,0.83,,1.0,,2026-08-25,,,,,0.5,,,0.0
748,WR381,746,748,929,929,920,931,819,931,4244849,Marcel Williams,AKR,WR,12.0,12.0,12.0,6.71,80.5,80.5,80.5,0.0,80.5,-77.2,-73.1,-71.0,-71.0,-71.0,-71.0,,,,,,,,0.91,,1.0,,2026-08-25,,,,,0.5,,,0.0
749,QB118,1079,749,208,208,206,217,105,217,5057381,Ryder Burton,UAB,QB,12.0,12.0,12.0,12.74,152.9,152.9,152.9,0.0,152.9,-92.2,-92.3,-75.4,-71.1,-71.1,-71.1,,,,,,,,0.92,,1.0,,2026-08-25,,,,,0.5,,,0.0
750,WR382,747,750,930,930,921,932,820,932,5079475,Micah Gilbert,ND,WR,12.0,12.0,12.0,6.7,80.4,80.4,80.4,0.0,80.4,-77.3,-73.2,-71.1,-71.1,-71.1,-71.1,,,,,,,,0.83,,1.0,,2026-08-25,,,,,0.5,,,0.0
751,RB238,735,751,799,799,790,802,690,802,5078422,Brandon High Jr.,UTSA,RB,12.0,12.0,12.0,7.21,86.5,86.5,86.5,0.0,86.5,-71.2,-72.7,-71.2,-71.2,-71.2,-71.2,,,,,,,,0.93,,1.0,,2026-08-25,,,,,0.5,,,0.0
752,RB239,736,752,800,800,791,803,691,803,5079298,Lloyd Avant,OU,RB,12.0,12.0,12.0,7.21,86.5,86.5,86.5,0.0,86.5,-71.2,-72.7,-71.2,-71.2,-71.2,-71.2,,,,,,,,0.88,,1.0,,2026-08-25,,,,,0.5,,,0.0
753,RB240,737,753,801,801,792,804,692,804,5141386,Tory Blaylock,OU,RB,12.0,12.0,12.0,7.21,86.5,86.5,86.5,0.0,86.5,-71.2,-72.7,-71.2,-71.2,-71.2,-71.2,,,,,,,,0.89,,1.0,,2026-08-25,,,,,0.5,,,0.0
754,WR383,750,754,931,931,922,933,821,933,5150418,KK Smith,MSU,WR,12.0,12.0,12.0,6.69,80.3,80.3,80.3,0.0,80.3,-77.4,-73.3,-71.2,-71.2,-71.2,-71.2,,,,,,,,0.84,,1.0,,2026-08-25,,,,,0.5,,,0.0
755,WR384,751,755,932,932,923,934,822,934,5295735,JP Coulter,ULM,WR,12.0,12.0,12.0,6.69,80.3,80.3,80.3,0.0,80.3,-77.4,-73.3,-71.2,-71.2,-71.2,-71.2,,,,,,,,0.95,,1.0,,2026-08-25,,,,,0.5,,,0.0
756,QB119,1091,756,209,209,207,218,106,218,5141684,Austin Simmons,MIZ,QB,12.0,12.0,12.0,12.71,152.5,152.5,152.5,0.0,152.5,-92.6,-92.7,-75.8,-71.5,-71.5,-71.5,,,,,,,,0.81,,1.0,,2026-08-25,,,,,0.5,,,0.0
757,WR385,755,757,934,935,925,936,824,936,5146743,Kezion Dia-Johnson,MASS,WR,12.0,12.0,12.0,6.67,80.0,80.0,80.0,0.0,80.0,-77.7,-73.6,-71.5,-71.5,-71.5,-71.5,,,,,,,,0.86,,1.0,,2026-08-25,,,,,0.5,,,0.0
758,RB241,744,758,810,810,801,813,701,813,5079438,David Eziomume,CLEM,RB,12.0,12.0,12.0,7.18,86.1,86.1,86.1,0.0,86.1,-71.6,-73.1,-71.6,-71.6,-71.6,-71.6,,,,,,,,0.85,,1.0,,2026-08-25,,,,,0.5,,,0.0
759,RB242,745,759,811,811,802,814,702,814,5122231,Harlem Berry,LSU,RB,12.0,12.0,12.0,7.18,86.1,86.1,86.1,0.0,86.1,-71.6,-73.1,-71.6,-71.6,-71.6,-71.6,,,,,,,,0.88,,1.0,,2026-08-25,,,,,0.5,,,0.0
760,WR386,756,760,936,936,926,937,825,937,4870713,Rico Flores Jr.,UVA,WR,12.0,12.0,12.0,6.66,79.9,79.9,79.9,0.0,79.9,-77.8,-73.7,-71.6,-71.6,-71.6,-71.6,,,,,,,,0.85,,1.0,,2026-08-25,,,,,0.5,,,0.0
761,RB243,748,761,813,813,804,816,704,816,4876144,Tuna Altahir,STAN,RB,12.0,12.0,12.0,7.16,85.9,85.9,85.9,0.0,85.9,-71.8,-73.3,-71.8,-71.8,-71.8,-71.8,,,,,,,,0.95,,1.0,,2026-08-25,,,,,0.5,,,0.0
762,RB244,749,762,814,814,805,817,705,817,4880395,Tae Meadows,AUB,RB,12.0,12.0,12.0,7.16,85.9,85.9,85.9,0.0,85.9,-71.8,-73.3,-71.8,-71.8,-71.8,-71.8,,,,,,,,0.88,,1.0,,2026-08-25,,,,,0.5,,,0.0
763,WR387,758,763,938,938,928,939,827,939,4699866,Nic Anderson,UK,WR,12.0,12.0,12.0,6.64,79.7,79.7,79.7,0.0,79.7,-78.0,-73.9,-71.8,-71.8,-71.8,-71.8,,,,,,,,0.89,,1.0,,2026-08-25,,,,,0.5,,,0.0
764,RB245,752,764,817,817,808,820,708,820,5148905,Carter Vargas,CAL,RB,12.0,12.0,12.0,7.15,85.8,85.8,85.8,0.0,85.8,-71.9,-73.4,-71.9,-71.9,-71.9,-71.9,,,,,,,,0.86,,1.0,,2026-08-25,,,,,0.5,,,0.0
765,RB246,753,765,818,818,809,821,709,821,5192899,Ashten Emory,CAL,RB,12.0,12.0,12.0,7.15,85.8,85.8,85.8,0.0,85.8,-71.9,-73.4,-71.9,-71.9,-71.9,-71.9,,,,,,,,0.94,,1.0,,2026-08-25,,,,,0.5,,,0.0
766,TE14,666,766,820,820,811,823,711,823,4870869,Brett Norfleet,MIZ,TE,12.0,12.0,12.0,7.14,85.7,85.7,85.7,0.0,85.7,-72.0,-67.9,-72.0,-72.0,-72.0,-72.0,,,,,,,,1.0,,1.0,,2026-08-25,,,,,0.5,,,0.0
767,WR388,759,767,941,941,931,942,830,942,4702755,Amorion Walker,UNLV,WR,12.0,12.0,12.0,6.62,79.5,79.5,79.5,0.0,79.5,-78.2,-74.1,-72.0,-72.0,-72.0,-72.0,,,,,,,,0.84,,1.0,,2026-08-25,,,,,0.5,,,0.0
768,WR389,760,768,943,943,933,944,832,944,5153369,Ja'Keith Hamilton,ECU,WR,12.0,12.0,12.0,6.62,79.5,79.5,79.5,0.0,79.5,-78.2,-74.1,-72.0,-72.0,-72.0,-72.0,,,,,,,,0.85,,1.0,,2026-08-25,,,,,0.5,,,0.0
769,RB247,754,769,822,822,813,825,713,825,5122043,Jaylen Poe,GAST,RB,12.0,12.0,12.0,7.13,85.6,85.6,85.6,0.0,85.6,-72.1,-73.6,-72.1,-72.1,-72.1,-72.1,,,,,,,,0.77,,1.0,,2026-08-25,,,,,0.5,,,0.0
770,WR390,761,770,945,945,935,946,834,946,5146757,Zacharyus Williams,USC,WR,12.0,12.0,12.0,6.61,79.3,79.3,79.3,0.0,79.3,-78.4,-74.3,-72.2,-72.2,-72.2,-72.2,,,,,,,,0.74,,1.0,,2026-08-25,,,,,0.5,,,0.0
771,RB248,757,771,823,823,814,826,714,826,5146781,Xavier Gayten,MSST,RB,12.0,12.0,12.0,7.12,85.4,85.4,85.4,0.0,85.4,-72.3,-73.8,-72.3,-72.3,-72.3,-72.3,,,,,,,,0.85,,1.0,,2026-08-25,,,,,0.5,,,0.0
772,RB249,762,772,834,834,824,836,724,836,4576218,Sevion Morrison,TLSA,RB,12.0,12.0,12.0,7.07,84.8,84.8,84.8,0.0,84.8,-72.9,-74.4,-72.9,-72.9,-72.9,-72.9,,,,,,,,0.85,,1.0,,2026-08-25,,,,,0.5,,,0.0
773,RB250,763,773,835,835,825,837,725,837,4878394,Ajay Allen,WKU,RB,12.0,12.0,12.0,7.07,84.8,84.8,84.8,0.0,84.8,-72.9,-74.4,-72.9,-72.9,-72.9,-72.9,,,,,,,,0.93,,1.0,,2026-08-25,,,,,0.5,,,0.0
774,RB251,764,774,837,837,827,839,727,839,5122147,Vaughn Blue,CMU,RB,12.0,12.0,12.0,7.07,84.8,84.8,84.8,0.0,84.8,-72.9,-74.4,-72.9,-72.9,-72.9,-72.9,,,,,,,,0.9,,1.0,,2026-08-25,,,,,0.5,,,0.0
775,RB252,765,775,838,838,828,840,728,840,5146689,Brock Townsend,CMU,RB,12.0,12.0,12.0,7.07,84.8,84.8,84.8,0.0,84.8,-72.9,-74.4,-72.9,-72.9,-72.9,-72.9,,,,,,,,0.94,,1.0,,2026-08-25,,,,,0.5,,,0.0
776,RB253,766,776,839,839,829,841,729,841,5225936,Jaden McGill,WKU,RB,12.0,12.0,12.0,7.07,84.8,84.8,84.8,0.0,84.8,-72.9,-74.4,-72.9,-72.9,-72.9,-72.9,,,,,,,,0.87,,1.0,,2026-08-25,,,,,0.5,,,0.0
777,RB254,767,777,840,840,830,842,730,842,5258024,Marvis Parrish,MSU,RB,12.0,12.0,12.0,7.07,84.8,84.8,84.8,0.0,84.8,-72.9,-74.4,-72.9,-72.9,-72.9,-72.9,,,,,,,,0.92,,1.0,,2026-08-25,,,,,0.5,,,0.0
778,RB255,768,778,842,842,832,844,732,844,4685494,George Pettaway,JMU,RB,12.0,12.0,12.0,7.05,84.6,84.6,84.6,0.0,84.6,-73.1,-74.6,-73.1,-73.1,-73.1,-73.1,,,,,,,,0.9,,1.0,,2026-08-25,,,,,0.5,,,0.0
779,RB256,769,779,843,843,833,845,733,845,5225435,Seth Cromwell,JMU,RB,12.0,12.0,12.0,7.05,84.6,84.6,84.6,0.0,84.6,-73.1,-74.6,-73.1,-73.1,-73.1,-73.1,,,,,,,,0.89,,1.0,,2026-08-25,,,,,0.5,,,0.0
780,RB257,770,780,844,844,834,846,734,846,5296247,Cyncir Bowers,CONN,RB,12.0,12.0,12.0,7.05,84.6,84.6,84.6,0.0,84.6,-73.1,-74.6,-73.1,-73.1,-73.1,-73.1,,,,,,,,0.87,,1.0,,2026-08-25,,,,,0.5,,,0.0
781,WR391,774,781,954,954,944,955,843,955,4683461,Tyson Davis,UVA,WR,12.0,12.0,12.0,6.53,78.4,78.4,78.4,0.0,78.4,-79.3,-75.2,-73.1,-73.1,-73.1,-73.1,,,,,,,,0.87,,1.0,,2026-08-25,,,,,0.5,,,0.0
782,WR392,775,782,955,955,945,956,844,956,5079736,Alex Taylor,GASO,WR,12.0,12.0,12.0,6.53,78.4,78.4,78.4,0.0,78.4,-79.3,-75.2,-73.1,-73.1,-73.1,-73.1,,,,,,,,0.78,,1.0,,2026-08-25,,,,,0.5,,,0.0
783,WR393,776,783,956,956,946,957,845,957,5164351,Aveion Chenault,WMU,WR,12.0,12.0,12.0,6.53,78.4,78.4,78.4,0.0,78.4,-79.3,-75.2,-73.1,-73.1,-73.1,-73.1,,,,,,,,0.94,,1.0,,2026-08-25,,,,,0.5,,,0.0
784,WR394,777,784,957,957,947,958,846,958,5228761,Max Rodarte,OHIO,WR,12.0,12.0,12.0,6.53,78.4,78.4,78.4,0.0,78.4,-79.3,-75.2,-73.1,-73.1,-73.1,-73.1,,,,,,,,0.86,,1.0,,2026-08-25,,,,,0.5,,,0.0
785,WR395,779,785,960,960,950,961,849,961,4702560,Grant Page,USM,WR,12.0,12.0,12.0,6.51,78.1,78.1,78.1,0.0,78.1,-79.6,-75.5,-73.4,-73.4,-73.4,-73.4,,,,,,,,0.79,,1.0,,2026-08-25,,,,,0.5,,,0.0
786,WR396,780,786,962,962,952,963,851,963,4812374,Terrell Crosby Jr.,TOL,WR,12.0,12.0,12.0,6.5,78.0,78.0,78.0,0.0,78.0,-79.7,-75.6,-73.5,-73.5,-73.5,-73.5,,,,,,,,0.86,,1.0,,2026-08-25,,,,,0.5,,,0.0
787,WR397,781,787,964,964,954,965,853,965,4918412,Harvey Broussard III,HOU,WR,12.0,12.0,12.0,6.5,78.0,78.0,78.0,0.0,78.0,-79.7,-75.6,-73.5,-73.5,-73.5,-73.5,,,,,,,,0.87,,1.0,,2026-08-25,,,,,0.5,,,0.0
788,WR398,782,788,968,968,958,969,857,969,5217700,Giovanni Richardson,ARIZ,WR,12.0,12.0,12.0,6.5,78.0,78.0,78.0,0.0,78.0,-79.7,-75.6,-73.5,-73.5,-73.5,-73.5,,,,,,,,0.86,,1.0,,2026-08-25,,,,,0.5,,,0.0
789,TE15,697,789,856,856,846,858,746,858,4431051,Izayah Cummings,APP,TE,12.0,12.0,12.0,7.0,84.0,84.0,84.0,0.0,84.0,-73.7,-69.6,-73.7,-73.7,-73.7,-73.7,,,,,,,,0.96,,1.0,,2026-08-25,,,,,0.5,,,0.0
790,RB258,773,790,857,857,847,859,747,859,4916885,Jaylen Jenkins,TXST,RB,12.0,12.0,12.0,7.0,84.0,84.0,84.0,0.0,84.0,-73.7,-75.2,-73.7,-73.7,-73.7,-73.7,,,,,,,,0.98,,1.0,,2026-08-25,,,,,0.5,,,0.0
791,WR399,787,791,971,971,961,972,860,972,4827041,Jacob Bostick,SDSU,WR,12.0,12.0,12.0,6.48,77.7,77.7,77.7,0.0,77.7,-80.0,-75.9,-73.8,-73.8,-73.8,-73.8,,,,,,,,0.82,,1.0,,2026-08-25,,,,,0.5,,,0.0
792,WR400,788,792,972,972,962,973,861,973,5225792,Alijah Cason,SHSU,WR,12.0,12.0,12.0,6.48,77.7,77.7,77.7,0.0,77.7,-80.0,-75.9,-73.8,-73.8,-73.8,-73.8,,,,,,,,0.77,,1.0,,2026-08-25,,,,,0.5,,,0.0
793,QB120,1146,793,217,217,215,226,114,226,5159016,Julian Lewis,COLO,QB,12.0,12.0,12.0,12.51,150.1,150.1,150.1,0.0,150.1,-95.0,-95.1,-78.2,-73.9,-73.9,-73.9,,,,,,,,0.89,,1.0,,2026-08-25,,,,,0.5,,,0.0
794,RB259,778,794,862,862,852,864,752,864,5222223,KD Daniels,WAKE,RB,12.0,12.0,12.0,6.98,83.7,83.7,83.7,0.0,83.7,-74.0,-75.5,-74.0,-74.0,-74.0,-74.0,,,,,,,,0.79,,1.0,,2026-08-25,,,,,0.5,,,0.0
795,QB121,1155,795,219,219,217,228,116,228,5224084,Trey Hedden,NMSU,QB,12.0,12.0,12.0,12.48,149.8,149.8,149.8,0.0,149.8,-95.3,-95.4,-78.5,-74.2,-74.2,-74.2,,,,,,,,0.98,,1.0,,2026-08-25,,,,,0.5,,,0.0
796,RB260,783,796,864,864,854,866,754,866,5296612,Steve Chavez-Soto,UTAH,RB,12.0,12.0,12.0,6.96,83.5,83.5,83.5,0.0,83.5,-74.2,-75.7,-74.2,-74.2,-74.2,-74.2,,,,,,,,0.83,,1.0,,2026-08-25,,,,,0.5,,,0.0
797,WR401,791,797,979,979,969,980,868,980,4379471,Tyler Brown,CLEM,WR,12.0,12.0,12.0,6.44,77.3,77.3,77.3,0.0,77.3,-80.4,-76.3,-74.2,-74.2,-74.2,-74.2,,,,,,,,0.86,,1.0,,2026-08-25,,,,,0.5,,,0.0
798,WR402,792,798,980,980,970,981,869,981,5081863,Carson Brown,HAW,WR,12.0,12.0,12.0,6.44,77.3,77.3,77.3,0.0,77.3,-80.4,-76.3,-74.2,-74.2,-74.2,-74.2,,,,,,,,0.84,,1.0,,2026-08-25,,,,,0.5,,,0.0
799,WR403,793,799,981,981,971,982,870,982,5219702,Xavier Daisy,UK,WR,12.0,12.0,12.0,6.44,77.3,77.3,77.3,0.0,77.3,-80.4,-76.3,-74.2,-74.2,-74.2,-74.2,,,,,,,,0.87,,1.0,,2026-08-25,,,,,0.5,,,0.0
800,TE16,705,800,865,865,855,867,755,867,5088952,Eric Olsen,ORST,TE,12.0,12.0,12.0,6.95,83.4,83.4,83.4,0.0,83.4,-74.3,-70.2,-74.3,-74.3,-74.3,-74.3,,,,,,,,0.92,,1.0,,2026-08-25,,,,,0.5,,,0.0
801,RB261,785,801,866,866,856,868,756,868,5150326,Carson Smith,ARMY,RB,12.0,12.0,12.0,6.95,83.4,83.4,83.4,0.0,83.4,-74.3,-75.8,-74.3,-74.3,-74.3,-74.3,,,,,,,,0.95,,1.0,,2026-08-25,,,,,0.5,,,0.0
802,WR404,794,802,982,982,972,983,871,983,5155000,Jer'Michael Carter,OU,WR,12.0,12.0,12.0,6.43,77.2,77.2,77.2,0.0,77.2,-80.5,-76.4,-74.3,-74.3,-74.3,-74.3,,,,,,,,0.82,,1.0,,2026-08-25,,,,,0.5,,,0.0
803,RB262,786,803,868,868,858,870,758,870,5107875,Cole Tabb,CIN,RB,12.0,12.0,12.0,6.94,83.3,83.3,83.3,0.0,83.3,-74.4,-75.9,-74.4,-74.4,-74.4,-74.4,,,,,,,,0.85,,1.0,,2026-08-25,,,,,0.5,,,0.0
804,RB263,789,804,871,871,861,873,761,873,5079412,Trae'von Dunbar,USA,RB,12.0,12.0,12.0,6.93,83.2,83.2,83.2,0.0,83.2,-74.5,-76.0,-74.5,-74.5,-74.5,-74.5,,,,,,,,0.8,,1.0,,2026-08-25,,,,,0.5,,,0.0
805,WR405,796,805,985,985,975,986,874,986,5146753,Shamar Rigby,WIS,WR,12.0,12.0,12.0,6.42,77.0,77.0,77.0,0.0,77.0,-80.7,-76.6,-74.5,-74.5,-74.5,-74.5,,,,,,,,0.79,,1.0,,2026-08-25,,,,,0.5,,,0.0
806,RB264,790,806,874,874,864,876,764,876,5295723,Caden Knighten,BAY,RB,12.0,12.0,12.0,6.92,83.1,83.1,83.1,0.0,83.1,-74.6,-76.1,-74.6,-74.6,-74.6,-74.6,,,,,,,,0.94,,1.0,,2026-08-25,,,,,0.5,,,0.0
807,WR406,798,807,987,987,977,988,876,988,5121384,Ezekiel Avit,FRES,WR,12.0,12.0,12.0,6.41,76.9,76.9,76.9,0.0,76.9,-80.8,-76.7,-74.6,-74.6,-74.6,-74.6,,,,,,,,0.9,,1.0,,2026-08-25,,,,,0.5,,,0.0
808,WR407,801,808,989,989,979,990,878,990,4685458,Shawn Miller,UNM,WR,12.0,12.0,12.0,6.4,76.8,76.8,76.8,0.0,76.8,-80.9,-76.8,-74.7,-74.7,-74.7,-74.7,,,,,,,,0.85,,1.0,,2026-08-25,,,,,0.5,,,0.0
809,WR408,802,809,991,991,981,992,880,992,5154413,Isaiah Spencer,MISS,WR,12.0,12.0,12.0,6.39,76.7,76.7,76.7,0.0,76.7,-81.0,-76.9,-74.8,-74.8,-74.8,-74.8,,,,,,,,0.87,,1.0,,2026-08-25,,,,,0.5,,,0.0
810,WR409,806,810,993,993,983,994,882,994,5104212,Jaren Hamilton,ASU,WR,12.0,12.0,12.0,6.38,76.5,76.5,76.5,0.0,76.5,-81.2,-77.1,-75.0,-75.0,-75.0,-75.0,,,,,,,,0.8,,1.0,,2026-08-25,,,,,0.5,,,0.0
811,RB265,795,811,879,879,869,881,769,881,5157261,Ja'Vin Simpkins,UAB,RB,12.0,12.0,12.0,6.88,82.6,82.6,82.6,0.0,82.6,-75.1,-76.6,-75.1,-75.1,-75.1,-75.1,,,,,,,,0.89,,1.0,,2026-08-25,,,,,0.5,,,0.0
812,RB266,797,812,880,880,870,882,770,882,5295724,Michael Turner,BAY,RB,12.0,12.0,12.0,6.88,82.5,82.5,82.5,0.0,82.5,-75.2,-76.7,-75.2,-75.2,-75.2,-75.2,,,,,,,,0.88,,1.0,,2026-08-25,,,,,0.5,,,0.0
813,WR410,810,813,997,997,988,998,886,998,4870592,Jordyn Bailey,ISU,WR,12.0,12.0,12.0,6.36,76.3,76.3,76.3,0.0,76.3,-81.4,-77.3,-75.2,-75.2,-75.2,-75.2,,,,,,,,0.79,,1.0,,2026-08-25,,,,,0.5,,,0.0
814,RB267,799,814,882,882,872,884,772,884,5084286,Makhi Frazier,MISS,RB,12.0,12.0,12.0,6.87,82.4,82.4,82.4,0.0,82.4,-75.3,-76.8,-75.3,-75.3,-75.3,-75.3,,,,,,,,0.79,,1.0,,2026-08-25,,,,,0.5,,,0.0
815,RB268,800,815,883,883,873,885,773,885,5085233,Brinston Williams,MSST,RB,12.0,12.0,12.0,6.87,82.4,82.4,82.4,0.0,82.4,-75.3,-76.8,-75.3,-75.3,-75.3,-75.3,,,,,,,,0.84,,1.0,,2026-08-25,,,,,0.5,,,0.0
816,RB269,804,816,887,887,877,889,777,889,5086378,Diore Hubbard,WYO,RB,12.0,12.0,12.0,6.84,82.1,82.1,82.1,0.0,82.1,-75.6,-77.1,-75.6,-75.6,-75.6,-75.6,,,,,,,,0.86,,1.0,,2026-08-25,,,,,0.5,,,0.0
817,RB270,805,817,889,889,879,891,779,891,5258056,Samuel Harris,WYO,RB,12.0,12.0,12.0,6.84,82.1,82.1,82.1,0.0,82.1,-75.6,-77.1,-75.6,-75.6,-75.6,-75.6,,,,,,,,0.89,,1.0,,2026-08-25,,,,,0.5,,,0.0
818,RB271,807,818,890,890,880,892,780,892,4685695,Sam Brown V,TEM,RB,12.0,12.0,12.0,6.83,82.0,82.0,82.0,0.0,82.0,-75.7,-77.2,-75.7,-75.7,-75.7,-75.7,,,,,,,,0.93,,1.0,,2026-08-25,,,,,0.5,,,0.0
819,RB272,808,819,892,892,882,894,782,894,5081241,Johnny Martin,TEM,RB,12.0,12.0,12.0,6.83,82.0,82.0,82.0,0.0,82.0,-75.7,-77.2,-75.7,-75.7,-75.7,-75.7,,,,,,,,0.9,,1.0,,2026-08-25,,,,,0.5,,,0.0
820,RB273,809,820,893,893,883,895,783,895,5296364,Keveun Mason,TEM,RB,12.0,12.0,12.0,6.83,82.0,82.0,82.0,0.0,82.0,-75.7,-77.2,-75.7,-75.7,-75.7,-75.7,,,,,,,,0.9,,1.0,,2026-08-25,,,,,0.5,,,0.0
821,WR411,820,821,1007,1007,998,1008,896,1008,5152796,Onterrio Smith Jr.,SAC,WR,12.0,12.0,12.0,6.31,75.7,75.7,75.7,0.0,75.7,-82.0,-77.9,-75.8,-75.8,-75.8,-75.8,,,,,,,,0.83,,1.0,,2026-08-25,,,,,0.5,,,0.0
822,RB274,812,822,896,896,886,898,786,898,5300926,TJ Lester,MRSH,RB,12.0,12.0,12.0,6.82,81.8,81.8,81.8,0.0,81.8,-75.9,-77.4,-75.9,-75.9,-75.9,-75.9,,,,,,,,0.85,,1.0,,2026-08-25,,,,,0.5,,,0.0
823,WR412,823,823,1010,1010,1001,1011,899,1011,5141593,Joshua Moore,MIA,WR,12.0,12.0,12.0,6.3,75.6,75.6,75.6,0.0,75.6,-82.1,-78.0,-75.9,-75.9,-75.9,-75.9,,,,,,,,0.79,,1.0,,2026-08-25,,,,,0.5,,,0.0
824,RB275,813,824,898,898,888,900,788,900,5158373,Vic Listorti,NAVY,RB,12.0,12.0,12.0,6.81,81.7,81.7,81.7,0.0,81.7,-76.0,-77.5,-76.0,-76.0,-76.0,-76.0,,,,,,,,0.76,,1.0,,2026-08-25,,,,,0.5,,,0.0
825,TE17,729,825,900,900,890,902,790,902,5079373,Decker DeGraaf,WASH,TE,12.0,12.0,12.0,6.8,81.6,81.6,81.6,0.0,81.6,-76.1,-72.0,-76.1,-76.1,-76.1,-76.1,,,,,,,,0.99,,1.0,,2026-08-25,,,,,0.5,,,0.0
826,QB122,1190,826,226,226,224,235,123,235,4577980,Luke Sprague,SAC,QB,12.0,12.0,12.0,12.32,147.8,147.8,147.8,0.0,147.8,-97.3,-97.4,-80.5,-76.2,-76.2,-76.2,,,,,,,,0.91,,1.0,,2026-08-25,,,,,0.5,,,0.0
827,WR413,833,827,1013,1013,1004,1014,902,1014,5301163,Refeno Vangates,LIB,WR,12.0,12.0,12.0,6.28,75.3,75.3,75.3,0.0,75.3,-82.4,-78.3,-76.2,-76.2,-76.2,-76.2,,,,,,,,0.81,,1.0,,2026-08-25,,,,,0.5,,,0.0
828,RB276,814,828,904,904,894,906,794,906,4869341,Cade Yacamelli,M-OH,RB,12.0,12.0,12.0,6.78,81.4,81.4,81.4,0.0,81.4,-76.3,-77.8,-76.3,-76.3,-76.3,-76.3,,,,,,,,0.8,,1.0,,2026-08-25,,,,,0.5,,,0.0
829,RB277,815,829,905,905,895,907,795,907,4870609,CJ Baxter,UK,RB,12.0,12.0,12.0,6.78,81.4,81.4,81.4,0.0,81.4,-76.3,-77.8,-76.3,-76.3,-76.3,-76.3,,,,,,,,0.91,,1.0,,2026-08-25,,,,,0.5,,,0.0
830,RB278,816,830,906,906,896,908,796,908,5123048,Jason Patterson,UK,RB,12.0,12.0,12.0,6.78,81.4,81.4,81.4,0.0,81.4,-76.3,-77.8,-76.3,-76.3,-76.3,-76.3,,,,,,,,0.92,,1.0,,2026-08-25,,,,,0.5,,,0.0
831,WR414,835,831,1014,1014,1005,1015,903,1015,5084704,Patrick Clacks III,BUF,WR,12.0,12.0,12.0,6.27,75.2,75.2,75.2,0.0,75.2,-82.5,-78.4,-76.3,-76.3,-76.3,-76.3,,,,,,,,0.85,,1.0,,2026-08-25,,,,,0.5,,,0.0
832,WR415,836,832,1015,1015,1006,1016,904,1016,5151368,Micah Woods,USA,WR,12.0,12.0,12.0,6.27,75.2,75.2,75.2,0.0,75.2,-82.5,-78.4,-76.3,-76.3,-76.3,-76.3,,,,,,,,0.88,,1.0,,2026-08-25,,,,,0.5,,,0.0
833,RB279,818,833,907,907,897,909,797,909,4922995,Dijon Stanley,NMSU,RB,12.0,12.0,12.0,6.78,81.3,81.3,81.3,0.0,81.3,-76.4,-77.9,-76.4,-76.4,-76.4,-76.4,,,,,,,,0.89,,1.0,,2026-08-25,,,,,0.5,,,0.0
834,RB280,819,834,908,908,898,910,798,910,5224505,Tre Page III,OKST,RB,12.0,12.0,12.0,6.78,81.3,81.3,81.3,0.0,81.3,-76.4,-77.9,-76.4,-76.4,-76.4,-76.4,,,,,,,,0.88,,1.0,,2026-08-25,,,,,0.5,,,0.0
835,WR416,839,835,1016,1016,1007,1017,905,1017,4685364,Andre Greene Jr.,GASO,WR,12.0,12.0,12.0,6.26,75.1,75.1,75.1,0.0,75.1,-82.6,-78.5,-76.4,-76.4,-76.4,-76.4,,,,,,,,0.85,,1.0,,2026-08-25,,,,,0.5,,,0.0
836,TE18,730,836,909,909,899,911,799,911,4870683,Ethan Davis,TENN,TE,12.0,12.0,12.0,6.77,81.2,81.2,81.2,0.0,81.2,-76.5,-72.4,-76.5,-76.5,-76.5,-76.5,,,,,,,,0.95,,1.0,,2026-08-25,,,,,0.5,,,0.0
837,RB281,821,837,910,910,900,912,800,912,4899367,Ryan Niblett,TEX,RB,12.0,12.0,12.0,6.77,81.2,81.2,81.2,0.0,81.2,-76.5,-78.0,-76.5,-76.5,-76.5,-76.5,,,,,,,,0.79,,1.0,,2026-08-25,,,,,0.5,,,0.0
838,RB282,824,838,912,912,902,914,802,914,5154559,Jason Collins Jr.,USF,RB,12.0,12.0,12.0,6.76,81.1,81.1,81.1,0.0,81.1,-76.6,-78.1,-76.6,-76.6,-76.6,-76.6,,,,,,,,0.78,,1.0,,2026-08-25,,,,,0.5,,,0.0
839,WR417,840,839,1017,1017,1008,1018,906,1018,4912111,Sidney Mbanasor,ODU,WR,12.0,12.0,12.0,6.24,74.9,74.9,74.9,0.0,74.9,-82.8,-78.7,-76.6,-76.6,-76.6,-76.6,,,,,,,,0.85,,1.0,,2026-08-25,,,,,0.5,,,0.0
840,WR418,842,840,1019,1019,1010,1020,908,1020,5226511,Gary Givens III,NEV,WR,12.0,12.0,12.0,6.24,74.9,74.9,74.9,0.0,74.9,-82.8,-78.7,-76.6,-76.6,-76.6,-76.6,,,,,,,,0.74,,1.0,,2026-08-25,,,,,0.5,,,0.0
841,WR419,843,841,1020,1020,1011,1021,909,1021,5296027,Christian Neptune,AUB,WR,12.0,12.0,12.0,6.24,74.9,74.9,74.9,0.0,74.9,-82.8,-78.7,-76.6,-76.6,-76.6,-76.6,,,,,,,,0.92,,1.0,,2026-08-25,,,,,0.5,,,0.0
842,RB283,825,842,914,914,904,916,804,916,5220666,Derrick Jameson,ULM,RB,12.0,12.0,12.0,6.75,81.0,81.0,81.0,0.0,81.0,-76.7,-78.2,-76.7,-76.7,-76.7,-76.7,,,,,,,,0.77,,1.0,,2026-08-25,,,,,0.5,,,0.0
843,WR420,844,843,1021,1021,1012,1022,910,1022,4922987,Takye Heath,VT,WR,12.0,12.0,12.0,6.23,74.8,74.8,74.8,0.0,74.8,-82.9,-78.8,-76.7,-76.7,-76.7,-76.7,,,,,,,,0.87,,1.0,,2026-08-25,,,,,0.5,,,0.0
844,WR421,845,844,1022,1022,1013,1023,911,1023,4923281,Jamel Hardy Jr.,UTSA,WR,12.0,12.0,12.0,6.23,74.8,74.8,74.8,0.0,74.8,-82.9,-78.8,-76.7,-76.7,-76.7,-76.7,,,,,,,,0.85,,1.0,,2026-08-25,,,,,0.5,,,0.0
845,WR422,846,845,1023,1023,1014,1024,912,1024,5153389,Colton Hinton,CCU,WR,12.0,12.0,12.0,6.23,74.8,74.8,74.8,0.0,74.8,-82.9,-78.8,-76.7,-76.7,-76.7,-76.7,,,,,,,,0.76,,1.0,,2026-08-25,,,,,0.5,,,0.0
846,RB284,827,846,917,917,908,919,807,919,4920135,Kalib Hicks,WKU,RB,12.0,12.0,12.0,6.74,80.9,80.9,80.9,0.0,80.9,-76.8,-78.3,-76.8,-76.8,-76.8,-76.8,,,,,,,,0.75,,1.0,,2026-08-25,,,,,0.5,,,0.0
847,RB285,828,847,918,918,909,920,808,920,5079410,Jerrick Gibson,PUR,RB,12.0,12.0,12.0,6.74,80.9,80.9,80.9,0.0,80.9,-76.8,-78.3,-76.8,-76.8,-76.8,-76.8,,,,,,,,0.87,,1.0,,2026-08-25,,,,,0.5,,,0.0
848,TE19,740,848,919,919,910,921,809,921,5092410,Dorian Fleming,MD,TE,12.0,12.0,12.0,6.74,80.9,80.9,80.9,0.0,80.9,-76.8,-72.7,-76.8,-76.8,-76.8,-76.8,,,,,,,,0.97,,1.0,,2026-08-25,,,,,0.5,,,0.0
849,RB286,829,849,920,920,911,922,810,922,5150556,Jay Haynes,CLEM,RB,12.0,12.0,12.0,6.74,80.9,80.9,80.9,0.0,80.9,-76.8,-78.3,-76.8,-76.8,-76.8,-76.8,,,,,,,,0.89,,1.0,,2026-08-25,,,,,0.5,,,0.0
850,TE20,741,850,921,921,912,923,811,923,5160086,Desirrio Riles,FSU,TE,12.0,12.0,12.0,6.74,80.9,80.9,80.9,0.0,80.9,-76.8,-72.7,-76.8,-76.8,-76.8,-76.8,,,,,,,,0.98,,1.0,,2026-08-25,,,,,0.5,,,0.0
851,RB287,830,851,922,922,913,924,812,924,5218961,Fame Ijeboi,PUR,RB,12.0,12.0,12.0,6.74,80.9,80.9,80.9,0.0,80.9,-76.8,-78.3,-76.8,-76.8,-76.8,-76.8,,,,,,,,0.85,,1.0,,2026-08-25,,,,,0.5,,,0.0
852,RB288,831,852,923,923,914,925,813,925,5219089,Antonio Harris,PUR,RB,12.0,12.0,12.0,6.74,80.9,80.9,80.9,0.0,80.9,-76.8,-78.3,-76.8,-76.8,-76.8,-76.8,,,,,,,,0.92,,1.0,,2026-08-25,,,,,0.5,,,0.0
853,WR423,848,853,1024,1024,1015,1025,913,1025,4683719,Jaden Bray,WVU,WR,12.0,12.0,12.0,6.22,74.7,74.7,74.7,0.0,74.7,-83.0,-78.9,-76.8,-76.8,-76.8,-76.8,,,,,,,,0.79,,1.0,,2026-08-25,,,,,0.5,,,0.0
854,WR424,849,854,1026,1026,1017,1027,915,1027,5200482,Ed Small,TCU,WR,12.0,12.0,12.0,6.22,74.7,74.7,74.7,0.0,74.7,-83.0,-78.9,-76.8,-76.8,-76.8,-76.8,,,,,,,,0.82,,1.0,,2026-08-25,,,,,0.5,,,0.0
855,WR425,850,855,1027,1027,1018,1028,916,1028,5219136,Tommy Maher,CSU,WR,12.0,12.0,12.0,6.22,74.7,74.7,74.7,0.0,74.7,-83.0,-78.9,-76.8,-76.8,-76.8,-76.8,,,,,,,,0.9,,1.0,,2026-08-25,,,,,0.5,,,0.0
856,QB123,1207,856,231,231,229,240,128,240,4833635,Landry Lyddy,USM,QB,12.0,12.0,12.0,12.26,147.1,147.1,147.1,0.0,147.1,-98.0,-98.1,-81.2,-76.9,-76.9,-76.9,,,,,,,,0.91,,1.0,,2026-08-25,,,,,0.5,,,0.0
857,TE21,742,857,924,924,915,926,814,926,4870954,Randy Pittman,SMU,TE,12.0,12.0,12.0,6.73,80.8,80.8,80.8,0.0,80.8,-76.9,-72.8,-76.9,-76.9,-76.9,-76.9,,,,,,,,0.97,,1.0,,2026-08-25,,,,,0.5,,,0.0
858,RB289,834,858,925,925,916,927,815,927,4918110,Roderick Robinson II,UAB,RB,12.0,12.0,12.0,6.73,80.8,80.8,80.8,0.0,80.8,-76.9,-78.4,-76.9,-76.9,-76.9,-76.9,,,,,,,,0.71,,1.0,,2026-08-25,,,,,0.5,,,0.0
859,WR426,851,859,1028,1028,1019,1029,917,1029,5219270,Lyndon Ravare,NMSU,WR,12.0,12.0,12.0,6.22,74.6,74.6,74.6,0.0,74.6,-83.1,-79.0,-76.9,-76.9,-76.9,-76.9,,,,,,,,0.89,,1.0,,2026-08-25,,,,,0.5,,,0.0
860,RB290,837,860,927,927,918,929,817,929,5085729,Connor Lair,MOST,RB,12.0,12.0,12.0,6.72,80.7,80.7,80.7,0.0,80.7,-77.0,-78.5,-77.0,-77.0,-77.0,-77.0,,,,,,,,0.92,,1.0,,2026-08-25,,,,,0.5,,,0.0
861,RB291,838,861,928,928,919,930,818,930,5215011,J.P. Powell,GT,RB,12.0,12.0,12.0,6.72,80.7,80.7,80.7,0.0,80.7,-77.0,-78.5,-77.0,-77.0,-77.0,-77.0,,,,,,,,0.78,,1.0,,2026-08-25,,,,,0.5,,,0.0
862,WR427,852,862,1029,1029,1020,1030,918,1030,5087930,Jamill Williams,JXST,WR,12.0,12.0,12.0,6.21,74.5,74.5,74.5,0.0,74.5,-83.2,-79.1,-77.0,-77.0,-77.0,-77.0,,,,,,,,0.67,,1.0,,2026-08-25,,,,,0.5,,,0.0
863,WR428,856,863,1033,1033,1024,1034,922,1034,5056106,Evan Boyd,ISU,WR,12.0,12.0,12.0,6.18,74.2,74.2,74.2,0.0,74.2,-83.5,-79.4,-77.3,-77.3,-77.3,-77.3,,,,,,,,0.78,,1.0,,2026-08-25,,,,,0.5,,,0.0
864,WR429,859,864,1036,1036,1027,1037,925,1037,5158395,Joshua Guerin,NAVY,WR,12.0,12.0,12.0,6.17,74.0,74.0,74.0,0.0,74.0,-83.7,-79.6,-77.5,-77.5,-77.5,-77.5,,,,,,,,0.89,,1.0,,2026-08-25,,,,,0.5,,,0.0
865,WR430,862,865,1038,1038,1029,1039,927,1039,5138132,Corey Smith,PUR,WR,12.0,12.0,12.0,6.16,73.9,73.9,73.9,0.0,73.9,-83.8,-79.7,-77.6,-77.6,-77.6,-77.6,,,,,,,,0.79,,1.0,,2026-08-25,,,,,0.5,,,0.0
866,RB292,853,866,935,934,1966,11,2,30,4917949,Quinten Joyner,TTU,RB,12.0,12.0,12.0,6.67,80.0,80.0,80.0,0.0,80.0,-77.7,-79.2,-77.7,-77.7,-77.7,-77.7,36.263,36.263,45.842,45.842,265.423,0.17,0.196,0.84,0.8,1.0,0.17,2026-08-25,2026-07-30,,https://redraiderswire.usatoday.com/story/sports/college/red-raiders/football/2026/07/30/texas-tech-football-running-backs-preview-2026/91096409007/,2026-07-30,0.5,,,0.0
867,WR431,863,867,1039,1039,1031,1040,928,1040,4587722,Troy Stellato,UNLV,WR,12.0,12.0,12.0,6.15,73.8,73.8,73.8,0.0,73.8,-83.9,-79.8,-77.7,-77.7,-77.7,-77.7,,,,,,,,0.83,,1.0,,2026-08-25,,,,,0.5,,,0.0
868,RB293,854,868,937,937,927,938,826,938,5099736,Ja'shon Benjamin,RUTG,RB,12.0,12.0,12.0,6.66,79.9,79.9,79.9,0.0,79.9,-77.8,-79.3,-77.8,-77.8,-77.8,-77.8,,,,,,,,0.88,,1.0,,2026-08-25,,,,,0.5,,,0.0
869,WR432,864,869,1041,1041,1033,1042,930,1042,4711434,Eian Pugh,OHIO,WR,12.0,12.0,12.0,6.13,73.6,73.6,73.6,0.0,73.6,-84.1,-80.0,-77.9,-77.9,-77.9,-77.9,,,,,,,,0.89,,1.0,,2026-08-25,,,,,0.5,,,0.0
870,QB124,1230,870,233,233,231,242,130,242,4682927,Billy Wiles,APP,QB,12.0,12.0,12.0,12.17,146.0,146.0,146.0,0.0,146.0,-99.1,-99.2,-82.3,-78.0,-78.0,-78.0,,,,,,,,0.89,,1.0,,2026-08-25,,,,,0.5,,,0.0
871,WR433,866,871,1042,1042,1034,1043,931,1043,4695341,Izaiah Hartrup,MISS,WR,12.0,12.0,12.0,6.12,73.5,73.5,73.5,0.0,73.5,-84.2,-80.1,-78.0,-78.0,-78.0,-78.0,,,,,,,,0.67,,1.0,,2026-08-25,,,,,0.5,,,0.0
872,WR434,867,872,1043,1043,1035,1044,932,1044,4868249,Davis Lane,RICE,WR,12.0,12.0,12.0,6.12,73.5,73.5,73.5,0.0,73.5,-84.2,-80.1,-78.0,-78.0,-78.0,-78.0,,,,,,,,0.9,,1.0,,2026-08-25,,,,,0.5,,,0.0
873,WR435,868,873,1044,1044,1036,1045,933,1045,4912254,Jordan McCants,NDSU,WR,12.0,12.0,12.0,6.12,73.5,73.5,73.5,0.0,73.5,-84.2,-80.1,-78.0,-78.0,-78.0,-78.0,,,,,,,,0.86,,1.0,,2026-08-25,,,,,0.5,,,0.0
874,QB125,1232,874,234,234,232,243,131,243,4685694,Steve Angeli,SYR,QB,12.0,12.0,12.0,12.16,145.9,145.9,145.9,0.0,145.9,-99.2,-99.3,-82.4,-78.1,-78.1,-78.1,,,,,,,,0.79,,1.0,,2026-08-25,,,,,0.5,,,0.0
875,RB294,858,875,940,940,930,941,829,941,5149563,DJ Butler,HOU,RB,12.0,12.0,12.0,6.63,79.6,79.6,79.6,0.0,79.6,-78.1,-79.6,-78.1,-78.1,-78.1,-78.1,,,,,,,,0.98,,1.0,,2026-08-25,,,,,0.5,,,0.0
876,WR436,869,876,1046,1046,1038,1047,935,1047,4869655,Jameel Gardner Jr.,MSU,WR,12.0,12.0,12.0,6.12,73.4,73.4,73.4,0.0,73.4,-84.3,-80.2,-78.1,-78.1,-78.1,-78.1,,,,,,,,0.9,,1.0,,2026-08-25,,,,,0.5,,,0.0
877,RB295,860,877,942,942,932,943,831,943,5110535,Kyson Brown,ASU,RB,12.0,12.0,12.0,6.62,79.5,79.5,79.5,0.0,79.5,-78.2,-79.7,-78.2,-78.2,-78.2,-78.2,,,,,,,,0.86,,1.0,,2026-08-25,,,,,0.5,,,0.0
878,RB296,861,878,944,944,934,945,833,945,5226949,David Avit,ASU,RB,12.0,12.0,12.0,6.62,79.5,79.5,79.5,0.0,79.5,-78.2,-79.7,-78.2,-78.2,-78.2,-78.2,,,,,,,,0.93,,1.0,,2026-08-25,,,,,0.5,,,0.0
879,WR437,871,879,1052,1052,1044,1053,941,1053,4717430,Chris Marshall,ARK,WR,12.0,12.0,12.0,6.11,73.3,73.3,73.3,0.0,73.3,-84.4,-80.3,-78.2,-78.2,-78.2,-78.2,,,,,,,,0.83,,1.0,,2026-08-25,,,,,0.5,,,0.0
880,WR438,872,880,1053,1053,1045,1054,942,1054,4833073,Zion Steptoe,MINN,WR,12.0,12.0,12.0,6.11,73.3,73.3,73.3,0.0,73.3,-84.4,-80.3,-78.2,-78.2,-78.2,-78.2,,,,,,,,0.78,,1.0,,2026-08-25,,,,,0.5,,,0.0
881,WR439,874,881,1056,1056,1048,1057,945,1057,5151403,Tim Grear Jr.,AKR,WR,12.0,12.0,12.0,6.09,73.1,73.1,73.1,0.0,73.1,-84.6,-80.5,-78.4,-78.4,-78.4,-78.4,,,,,,,,0.87,,1.0,,2026-08-25,,,,,0.5,,,0.0
882,QB126,1239,882,237,237,235,246,134,246,5091890,Kadin Semonza,TULN,QB,12.0,12.0,12.0,12.12,145.4,145.4,145.4,0.0,145.4,-99.7,-99.8,-82.9,-78.6,-78.6,-78.6,,,,,,,,0.83,,1.0,,2026-08-25,,,,,0.5,,,0.0
883,RB297,865,883,946,946,936,947,835,947,5079591,Jordan Lyle,MIA,RB,12.0,12.0,12.0,6.59,79.1,79.1,79.1,0.0,79.1,-78.6,-80.1,-78.6,-78.6,-78.6,-78.6,,,,,,,,0.9,,1.0,,2026-08-25,,,,,0.5,,,0.0
884,WR440,879,884,1060,1060,1052,1061,949,1061,4877014,Nana Burris,ARST,WR,12.0,12.0,12.0,6.07,72.8,72.8,72.8,0.0,72.8,-84.9,-80.8,-78.7,-78.7,-78.7,-78.7,,,,,,,,0.89,,1.0,,2026-08-25,,,,,0.5,,,0.0
885,WR441,880,885,1061,1061,1053,1062,950,1062,5296622,Eric Richardson,WYO,WR,12.0,12.0,12.0,6.07,72.8,72.8,72.8,0.0,72.8,-84.9,-80.8,-78.7,-78.7,-78.7,-78.7,,,,,,,,0.86,,1.0,,2026-08-25,,,,,0.5,,,0.0
886,RB298,870,886,947,947,937,948,836,948,5076654,Leo Pulalasi,WSU,RB,12.0,12.0,12.0,6.58,78.9,78.9,78.9,0.0,78.9,-78.8,-80.3,-78.8,-78.8,-78.8,-78.8,,,,,,,,0.91,,1.0,,2026-08-25,,,,,0.5,,,0.0
887,WR442,882,887,1062,1062,1054,1063,951,1063,4879999,Maguire Anderson,FIU,WR,12.0,12.0,12.0,6.06,72.7,72.7,72.7,0.0,72.7,-85.0,-80.9,-78.8,-78.8,-78.8,-78.8,,,,,,,,0.84,,1.0,,2026-08-25,,,,,0.5,,,0.0
888,RB299,873,888,948,948,938,949,837,949,5151338,Viliami Teu,SJSU,RB,12.0,12.0,12.0,6.57,78.8,78.8,78.8,0.0,78.8,-78.9,-80.4,-78.9,-78.9,-78.9,-78.9,,,,,,,,0.82,,1.0,,2026-08-25,,,,,0.5,,,0.0
889,RB300,875,889,950,950,940,951,839,951,5141426,AK Dear,ALA,RB,12.0,12.0,12.0,6.55,78.6,78.6,78.6,0.0,78.6,-79.1,-80.6,-79.1,-79.1,-79.1,-79.1,,,,,,,,0.88,,1.0,,2026-08-25,,,,,0.5,,,0.0
890,RB301,876,890,952,952,942,953,841,953,5296166,Ofa Mataele,WMU,RB,12.0,12.0,12.0,6.55,78.6,78.6,78.6,0.0,78.6,-79.1,-80.6,-79.1,-79.1,-79.1,-79.1,,,,,,,,0.95,,1.0,,2026-08-25,,,,,0.5,,,0.0
891,QB127,1251,891,240,240,238,249,137,249,5164313,Jaron-Keawe Sagapolutele,CAL,QB,12.0,12.0,12.0,12.07,144.8,144.8,144.8,0.0,144.8,-100.3,-100.4,-83.5,-79.2,-79.2,-79.2,,,,,,,,0.98,,1.0,,2026-08-25,,,,,0.5,,,0.0
892,TE22,772,892,953,953,943,954,842,954,5081107,Luke Lindenmeyer,NEB,TE,12.0,12.0,12.0,6.54,78.5,78.5,78.5,0.0,78.5,-79.2,-75.1,-79.2,-79.2,-79.2,-79.2,,,,,,,,0.96,,1.0,,2026-08-25,,,,,0.5,,,0.0
893,WR443,890,893,1070,1070,1062,1071,959,1071,5083748,Cam Thompson,NIU,WR,12.0,12.0,12.0,6.02,72.2,72.2,72.2,0.0,72.2,-85.5,-81.4,-79.3,-79.3,-79.3,-79.3,,,,,,,,0.79,,1.0,,2026-08-25,,,,,0.5,,,0.0
894,RB302,881,894,958,958,948,959,847,959,5082548,A.J. Turner,MINN,RB,12.0,12.0,12.0,6.52,78.3,78.3,78.3,0.0,78.3,-79.4,-80.9,-79.4,-79.4,-79.4,-79.4,,,,,,,,0.87,,1.0,,2026-08-25,,,,,0.5,,,0.0
895,WR444,891,895,1072,1072,1064,1073,961,1073,5087240,Eddie Kasper,ILL,WR,12.0,12.0,12.0,6.01,72.1,72.1,72.1,0.0,72.1,-85.6,-81.5,-79.4,-79.4,-79.4,-79.4,,,,,,,,0.83,,1.0,,2026-08-25,,,,,0.5,,,0.0
896,WR445,893,896,1076,1076,1068,1077,965,1077,4912280,Charlie Coenen,WYO,WR,12.0,12.0,12.0,6.0,72.0,72.0,72.0,0.0,72.0,-85.7,-81.6,-79.5,-79.5,-79.5,-79.5,,,,,,,,0.84,,1.0,,2026-08-25,,,,,0.5,,,0.0
897,QB128,1260,897,242,242,240,251,139,251,5144078,Ethan Grunkemeyer,VT,QB,12.0,12.0,12.0,12.03,144.4,144.4,144.4,0.0,144.4,-100.7,-100.8,-83.9,-79.6,-79.6,-79.6,,,,,,,,0.99,,1.0,,2026-08-25,,,,,0.5,,,0.0
898,RB303,883,898,961,961,951,962,850,962,5193112,Jalen Dupree,KU,RB,12.0,12.0,12.0,6.51,78.1,78.1,78.1,0.0,78.1,-79.6,-81.1,-79.6,-79.6,-79.6,-79.6,,,,,,,,0.82,,1.0,,2026-08-25,,,,,0.5,,,0.0
899,WR446,898,899,1080,1080,1072,1081,969,1081,5144023,Jackson Voth,LOU,WR,12.0,12.0,12.0,5.99,71.9,71.9,71.9,0.0,71.9,-85.8,-81.7,-79.6,-79.6,-79.6,-79.6,,,,,,,,0.8,,1.0,,2026-08-25,,,,,0.5,,,0.0
900,WR447,899,900,1081,1081,1073,1082,970,1082,5150316,Samari Howard,ARMY,WR,12.0,12.0,12.0,5.99,71.9,71.9,71.9,0.0,71.9,-85.8,-81.7,-79.6,-79.6,-79.6,-79.6,,,,,,,,0.92,,1.0,,2026-08-25,,,,,0.5,,,0.0
901,RB304,884,901,963,963,953,964,852,964,4880964,Terron Kellman,LIB,RB,12.0,12.0,12.0,6.5,78.0,78.0,78.0,0.0,78.0,-79.7,-81.2,-79.7,-79.7,-79.7,-79.7,,,,,,,,0.93,,1.0,,2026-08-25,,,,,0.5,,,0.0
902,RB305,885,902,965,965,955,966,854,966,4923298,Peyton Jones,LIB,RB,12.0,12.0,12.0,6.5,78.0,78.0,78.0,0.0,78.0,-79.7,-81.2,-79.7,-79.7,-79.7,-79.7,,,,,,,,0.87,,1.0,,2026-08-25,,,,,0.5,,,0.0
903,RB306,886,903,966,966,956,967,855,967,5078251,Justin Marshall,LIB,RB,12.0,12.0,12.0,6.5,78.0,78.0,78.0,0.0,78.0,-79.7,-81.2,-79.7,-79.7,-79.7,-79.7,,,,,,,,0.91,,1.0,,2026-08-25,,,,,0.5,,,0.0
904,RB307,887,904,967,967,957,968,856,968,5079364,Kam Davis,LIB,RB,12.0,12.0,12.0,6.5,78.0,78.0,78.0,0.0,78.0,-79.7,-81.2,-79.7,-79.7,-79.7,-79.7,,,,,,,,0.87,,1.0,,2026-08-25,,,,,0.5,,,0.0
905,WR448,900,905,1082,1082,1074,1083,971,1083,5079632,Noreel White,TROY,WR,12.0,12.0,12.0,5.98,71.8,71.8,71.8,0.0,71.8,-85.9,-81.8,-79.7,-79.7,-79.7,-79.7,,,,,,,,0.75,,1.0,,2026-08-25,,,,,0.5,,,0.0
906,WR449,901,906,1083,1083,1075,1084,972,1084,5294137,DJ Miller,UK,WR,12.0,12.0,12.0,5.98,71.7,71.7,71.7,0.0,71.7,-86.0,-81.9,-79.8,-79.8,-79.8,-79.8,,,,,,,,0.86,,1.0,,2026-08-25,,,,,0.5,,,0.0
907,RB308,889,907,970,970,960,971,859,971,5008017,Benjamin Hall,UNC,RB,12.0,12.0,12.0,6.48,77.8,77.8,77.8,0.0,77.8,-79.9,-81.4,-79.9,-79.9,-79.9,-79.9,,,,,,,,0.91,,1.0,,2026-08-25,,,,,0.5,,,0.0
908,RB309,892,908,974,974,964,975,863,975,5193270,D'Shawntae Jones,M-OH,RB,12.0,12.0,12.0,6.47,77.6,77.6,77.6,0.0,77.6,-80.1,-81.6,-80.1,-80.1,-80.1,-80.1,,,,,,,,0.85,,1.0,,2026-08-25,,,,,0.5,,,0.0
909,WR450,906,909,1085,1085,1077,1086,974,1086,4685349,Mekhi Fox,EMU,WR,12.0,12.0,12.0,5.95,71.4,71.4,71.4,0.0,71.4,-86.3,-82.2,-80.1,-80.1,-80.1,-80.1,,,,,,,,0.78,,1.0,,2026-08-25,,,,,0.5,,,0.0
910,RB310,894,910,976,976,966,977,865,977,5101621,Brandon Ramirez,FRES,RB,12.0,12.0,12.0,6.46,77.5,77.5,77.5,0.0,77.5,-80.2,-81.7,-80.2,-80.2,-80.2,-80.2,,,,,,,,0.92,,1.0,,2026-08-25,,,,,0.5,,,0.0
911,RB311,895,911,977,977,967,978,866,978,5164730,Autavius Ison,TOL,RB,12.0,12.0,12.0,6.46,77.5,77.5,77.5,0.0,77.5,-80.2,-81.7,-80.2,-80.2,-80.2,-80.2,,,,,,,,0.75,,1.0,,2026-08-25,,,,,0.5,,,0.0
912,RB312,896,912,978,978,968,979,867,979,5226550,Khristian Lando,JXST,RB,12.0,12.0,12.0,6.46,77.5,77.5,77.5,0.0,77.5,-80.2,-81.7,-80.2,-80.2,-80.2,-80.2,,,,,,,,0.9,,1.0,,2026-08-25,,,,,0.5,,,0.0
913,WR451,910,913,1087,1087,1079,1088,976,1088,5150681,Cade Osterman,NDSU,WR,12.0,12.0,12.0,5.93,71.2,71.2,71.2,0.0,71.2,-86.5,-82.4,-80.3,-80.3,-80.3,-80.3,,,,,,,,0.75,,1.0,,2026-08-25,,,,,0.5,,,0.0
914,WR452,911,914,1089,1089,1081,1090,978,1090,4709781,Myles Walker,AKR,WR,12.0,12.0,12.0,5.92,71.1,71.1,71.1,0.0,71.1,-86.6,-82.5,-80.4,-80.4,-80.4,-80.4,,,,,,,,0.87,,1.0,,2026-08-25,,,,,0.5,,,0.0
915,WR453,912,915,1091,1091,1083,1092,980,1092,5122082,Justin Stevenson,UNT,WR,12.0,12.0,12.0,5.92,71.1,71.1,71.1,0.0,71.1,-86.6,-82.5,-80.4,-80.4,-80.4,-80.4,,,,,,,,0.74,,1.0,,2026-08-25,,,,,0.5,,,0.0
916,WR454,913,916,1093,1093,1085,1094,982,1094,4917947,Malachi Coleman,WIS,WR,12.0,12.0,12.0,5.92,71.0,71.0,71.0,0.0,71.0,-86.7,-82.6,-80.5,-80.5,-80.5,-80.5,,,,,,,,0.78,,1.0,,2026-08-25,,,,,0.5,,,0.0
917,WR455,914,917,1094,1094,1086,1095,983,1095,5079374,Ny Carr,WAKE,WR,12.0,12.0,12.0,5.92,71.0,71.0,71.0,0.0,71.0,-86.7,-82.6,-80.5,-80.5,-80.5,-80.5,,,,,,,,0.81,,1.0,,2026-08-25,,,,,0.5,,,0.0
918,WR456,916,918,1096,1096,1088,1097,985,1097,4870844,Andy Jean,UNT,WR,12.0,12.0,12.0,5.91,70.9,70.9,70.9,0.0,70.9,-86.8,-82.7,-80.6,-80.6,-80.6,-80.6,,,,,,,,0.74,,1.0,,2026-08-25,,,,,0.5,,,0.0
919,QB129,1288,919,246,246,244,255,143,255,5082330,John Alan Richter,TOL,QB,12.0,12.0,12.0,11.94,143.3,143.3,143.3,0.0,143.3,-101.8,-101.9,-85.0,-80.7,-80.7,-80.7,,,,,,,,0.89,,1.0,,2026-08-25,,,,,0.5,,,0.0
920,RB313,904,920,983,983,973,984,872,984,4870802,Sedrick Irvin,STAN,RB,12.0,12.0,12.0,6.42,77.0,77.0,77.0,0.0,77.0,-80.7,-82.2,-80.7,-80.7,-80.7,-80.7,,,,,,,,0.92,,1.0,,2026-08-25,,,,,0.5,,,0.0
921,RB314,905,921,984,984,974,985,873,985,5079577,Quinton Martin Jr.,PSU,RB,12.0,12.0,12.0,6.42,77.0,77.0,77.0,0.0,77.0,-80.7,-82.2,-80.7,-80.7,-80.7,-80.7,,,,,,,,0.85,,1.0,,2026-08-25,,,,,0.5,,,0.0
922,WR457,918,922,1098,1098,1090,1099,987,1099,5205460,Davion Chandler,IU,WR,12.0,12.0,12.0,5.9,70.8,70.8,70.8,0.0,70.8,-86.9,-82.8,-80.7,-80.7,-80.7,-80.7,,,,,,,,0.73,,1.0,,2026-08-25,,,,,0.5,,,0.0
923,RB315,907,923,986,986,976,987,875,987,4922983,Manny Covey,MEM,RB,12.0,12.0,12.0,6.41,76.9,76.9,76.9,0.0,76.9,-80.8,-82.3,-80.8,-80.8,-80.8,-80.8,,,,,,,,0.89,,1.0,,2026-08-25,,,,,0.5,,,0.0
924,RB316,908,924,988,988,978,989,877,989,5222671,Jaylin Carter,MEM,RB,12.0,12.0,12.0,6.41,76.9,76.9,76.9,0.0,76.9,-80.8,-82.3,-80.8,-80.8,-80.8,-80.8,,,,,,,,1.0,,1.0,,2026-08-25,,,,,0.5,,,0.0
925,WR458,924,925,1103,1103,1095,1104,992,1104,4685476,Tobias Merriweather,UTAH,WR,12.0,12.0,12.0,5.88,70.5,70.5,70.5,0.0,70.5,-87.2,-83.1,-81.0,-81.0,-81.0,-81.0,,,,,,,,0.81,,1.0,,2026-08-25,,,,,0.5,,,0.0
926,WR459,925,926,1104,1104,1096,1105,993,1105,4710860,Oran Singleton Jr.,TLSA,WR,12.0,12.0,12.0,5.88,70.5,70.5,70.5,0.0,70.5,-87.2,-83.1,-81.0,-81.0,-81.0,-81.0,,,,,,,,0.79,,1.0,,2026-08-25,,,,,0.5,,,0.0
927,WR460,926,927,1105,1105,1097,1106,994,1106,4870859,Noble Johnson,GASO,WR,12.0,12.0,12.0,5.88,70.5,70.5,70.5,0.0,70.5,-87.2,-83.1,-81.0,-81.0,-81.0,-81.0,,,,,,,,0.78,,1.0,,2026-08-25,,,,,0.5,,,0.0
928,WR461,927,928,1106,1106,1098,1107,995,1107,5119307,Daniel Blood,WSU,WR,12.0,12.0,12.0,5.88,70.5,70.5,70.5,0.0,70.5,-87.2,-83.1,-81.0,-81.0,-81.0,-81.0,,,,,,,,0.79,,1.0,,2026-08-25,,,,,0.5,,,0.0
929,TE23,803,929,992,992,982,993,881,993,4869602,Toby Payne,MRSH,TE,12.0,12.0,12.0,6.38,76.6,76.6,76.6,0.0,76.6,-81.1,-77.0,-81.1,-81.1,-81.1,-81.1,,,,,,,,1.0,,1.0,,2026-08-25,,,,,0.5,,,0.0
930,RB317,915,930,994,994,984,995,883,995,5146722,Devonte Lyons,FIU,RB,12.0,12.0,12.0,6.38,76.5,76.5,76.5,0.0,76.5,-81.2,-82.7,-81.2,-81.2,-81.2,-81.2,,,,,,,,0.89,,1.0,,2026-08-25,,,,,0.5,,,0.0
931,RB318,917,931,996,996,987,997,885,997,5141701,Isaiah West,OSU,RB,12.0,12.0,12.0,6.37,76.4,76.4,76.4,0.0,76.4,-81.3,-82.8,-81.3,-81.3,-81.3,-81.3,,,,,,,,0.87,,1.0,,2026-08-25,,,,,0.5,,,0.0
932,TE24,811,932,998,998,989,999,887,999,4899360,Jaden Platt,ARK,TE,12.0,12.0,12.0,6.36,76.3,76.3,76.3,0.0,76.3,-81.4,-77.3,-81.4,-81.4,-81.4,-81.4,,,,,,,,0.99,,1.0,,2026-08-25,,,,,0.5,,,0.0
933,RB319,919,933,999,999,990,1000,888,1000,5079482,Dilin Jones,LSU,RB,12.0,12.0,12.0,6.36,76.3,76.3,76.3,0.0,76.3,-81.4,-82.9,-81.4,-81.4,-81.4,-81.4,,,,,,,,0.72,,1.0,,2026-08-25,,,,,0.5,,,0.0
934,RB320,921,934,1000,1000,991,1001,889,1001,5150003,Terrance Shelton Jr.,BUF,RB,12.0,12.0,12.0,6.35,76.2,76.2,76.2,0.0,76.2,-81.5,-83.0,-81.5,-81.5,-81.5,-81.5,,,,,,,,0.99,,1.0,,2026-08-25,,,,,0.5,,,0.0
935,RB321,922,935,1001,1001,992,1002,890,1002,5151369,Messiah Burch,BUF,RB,12.0,12.0,12.0,6.35,76.2,76.2,76.2,0.0,76.2,-81.5,-83.0,-81.5,-81.5,-81.5,-81.5,,,,,,,,0.95,,1.0,,2026-08-25,,,,,0.5,,,0.0
936,WR462,932,936,1110,1110,1102,1111,999,1111,4920163,Kelby Valsin,FAU,WR,12.0,12.0,12.0,5.83,70.0,70.0,70.0,0.0,70.0,-87.7,-83.6,-81.5,-81.5,-81.5,-81.5,,,,,,,,0.83,,1.0,,2026-08-25,,,,,0.5,,,0.0
937,WR463,933,937,1111,1111,1103,1112,1000,1112,5087160,John Gores,NDSU,WR,12.0,12.0,12.0,5.83,70.0,70.0,70.0,0.0,70.0,-87.7,-83.6,-81.5,-81.5,-81.5,-81.5,,,,,,,,0.77,,1.0,,2026-08-25,,,,,0.5,,,0.0
938,WR464,934,938,1112,1112,1104,1113,1001,1113,5121693,Bricen Brantley,WYO,WR,12.0,12.0,12.0,5.83,70.0,70.0,70.0,0.0,70.0,-87.7,-83.6,-81.5,-81.5,-81.5,-81.5,,,,,,,,0.83,,1.0,,2026-08-25,,,,,0.5,,,0.0
939,QB130,1305,939,251,251,249,260,148,260,4565180,Peter Costelli,MTSU,QB,12.0,12.0,12.0,11.87,142.4,142.4,142.4,0.0,142.4,-102.7,-102.8,-85.9,-81.6,-81.6,-81.6,,,,,,,,0.93,,1.0,,2026-08-25,,,,,0.5,,,0.0
940,WR465,935,940,1113,1113,1105,1114,1002,1114,4870951,Jaquaize Pettaway,ECU,WR,12.0,12.0,12.0,5.82,69.9,69.9,69.9,0.0,69.9,-87.8,-83.7,-81.6,-81.6,-81.6,-81.6,,,,,,,,0.87,,1.0,,2026-08-25,,,,,0.5,,,0.0
941,RB322,928,941,1003,1003,994,1004,892,1004,4920162,Seth Davis,TLSA,RB,12.0,12.0,12.0,6.33,76.0,76.0,76.0,0.0,76.0,-81.7,-83.2,-81.7,-81.7,-81.7,-81.7,,,,,,,,0.75,,1.0,,2026-08-25,,,,,0.5,,,0.0
942,WR466,936,942,1114,1114,1106,1115,1003,1115,4870941,Cameron Seldon,USF,WR,12.0,12.0,12.0,5.82,69.8,69.8,69.8,0.0,69.8,-87.9,-83.8,-81.7,-81.7,-81.7,-81.7,,,,,,,,0.83,,1.0,,2026-08-25,,,,,0.5,,,0.0
943,RB323,929,943,1004,1004,995,1005,893,1005,5141598,Daune Morris,TENN,RB,12.0,12.0,12.0,6.32,75.9,75.9,75.9,0.0,75.9,-81.8,-83.3,-81.8,-81.8,-81.8,-81.8,,,,,,,,0.75,,1.0,,2026-08-25,,,,,0.5,,,0.0
944,WR467,937,944,1117,1117,1109,1118,1006,1118,4924150,Keaton Kubecka,KU,WR,12.0,12.0,12.0,5.81,69.7,69.7,69.7,0.0,69.7,-88.0,-83.9,-81.8,-81.8,-81.8,-81.8,,,,,,,,0.89,,1.0,,2026-08-25,,,,,0.5,,,0.0
945,WR468,938,945,1118,1118,1110,1119,1007,1119,5295525,Benson Prosper,EMU,WR,12.0,12.0,12.0,5.81,69.7,69.7,69.7,0.0,69.7,-88.0,-83.9,-81.8,-81.8,-81.8,-81.8,,,,,,,,0.95,,1.0,,2026-08-25,,,,,0.5,,,0.0
946,WR469,940,946,1119,1119,1112,1120,1008,1120,5153870,Donovan Lewis,DEL,WR,12.0,12.0,12.0,5.8,69.6,69.6,69.6,0.0,69.6,-88.1,-84.0,-81.9,-81.9,-81.9,-81.9,,,,,,,,0.85,,1.0,,2026-08-25,,,,,0.5,,,0.0
947,RB324,930,947,1006,1006,997,1007,895,1007,5078110,Noah Vaughn,UVA,RB,12.0,12.0,12.0,6.31,75.7,75.7,75.7,0.0,75.7,-82.0,-83.5,-82.0,-82.0,-82.0,-82.0,,,,,,,,0.78,,1.0,,2026-08-25,,,,,0.5,,,0.0
948,TE25,822,948,1008,1008,999,1009,897,1009,4801276,Houston Thomas,TA&M,TE,12.0,12.0,12.0,6.3,75.6,75.6,75.6,0.0,75.6,-82.1,-78.0,-82.1,-82.1,-82.1,-82.1,,,,,,,,0.93,,1.0,,2026-08-25,,,,,0.5,,,0.0
949,RB325,931,949,1009,1009,1000,1010,898,1010,4900025,Kanye Roberts,APP,RB,12.0,12.0,12.0,6.3,75.6,75.6,75.6,0.0,75.6,-82.1,-83.6,-82.1,-82.1,-82.1,-82.1,,,,,,,,0.8,,1.0,,2026-08-25,,,,,0.5,,,0.0
950,WR470,941,950,1121,1121,1114,1122,1010,1122,5218880,Blaze Kamoku,HAW,WR,12.0,12.0,12.0,5.78,69.4,69.4,69.4,0.0,69.4,-88.3,-84.2,-82.1,-82.1,-82.1,-82.1,,,,,,,,0.84,,1.0,,2026-08-25,,,,,0.5,,,0.0
951,TE26,826,951,1011,1011,1002,1012,900,1012,5079647,Caleb Odom,MISS,TE,12.0,12.0,12.0,6.28,75.4,75.4,75.4,0.0,75.4,-82.3,-78.2,-82.3,-82.3,-82.3,-82.3,,,,,,,,0.95,,1.0,,2026-08-25,,,,,0.5,,,0.0
952,WR471,943,952,1125,1125,1118,1126,1014,1126,5146576,Joshua Porter,USF,WR,12.0,12.0,12.0,5.77,69.2,69.2,69.2,0.0,69.2,-88.5,-84.4,-82.3,-82.3,-82.3,-82.3,,,,,,,,0.76,,1.0,,2026-08-25,,,,,0.5,,,0.0
953,QB131,1326,953,255,255,252,263,151,263,5077787,Jaxon Smolik,TEM,QB,12.0,12.0,12.0,11.8,141.6,141.6,141.6,0.0,141.6,-103.5,-103.6,-86.7,-82.4,-82.4,-82.4,,,,,,,,0.91,,1.0,,2026-08-25,,,,,0.5,,,0.0
954,TE27,832,954,1012,1012,1003,1013,901,1013,4908552,Dorian Thomas,CAL,TE,12.0,12.0,12.0,6.28,75.3,75.3,75.3,0.0,75.3,-82.4,-78.3,-82.4,-82.4,-82.4,-82.4,,,,,,,,0.86,,1.0,,2026-08-25,,,,,0.5,,,0.0
955,WR472,944,955,1128,1128,1121,1129,1017,1129,4920140,Nathan Leacock,UNC,WR,12.0,12.0,12.0,5.75,69.0,69.0,69.0,0.0,69.0,-88.7,-84.6,-82.5,-82.5,-82.5,-82.5,,,,,,,,0.77,,1.0,,2026-08-25,,,,,0.5,,,0.0
956,WR473,945,956,1132,1132,1125,1133,1021,1133,5295590,Da'Realyst Clark,KENT,WR,12.0,12.0,12.0,5.75,69.0,69.0,69.0,0.0,69.0,-88.7,-84.6,-82.5,-82.5,-82.5,-82.5,,,,,,,,0.86,,1.0,,2026-08-25,,,,,0.5,,,0.0
957,WR474,947,957,1133,1133,1126,1134,1022,1134,5151353,Prince Strachan,WVU,WR,12.0,12.0,12.0,5.74,68.9,68.9,68.9,0.0,68.9,-88.8,-84.7,-82.6,-82.6,-82.6,-82.6,,,,,,,,0.73,,1.0,,2026-08-25,,,,,0.5,,,0.0
958,WR475,948,958,1135,1135,1128,1136,1024,1136,5154527,Kristian Tate,TROY,WR,12.0,12.0,12.0,5.74,68.9,68.9,68.9,0.0,68.9,-88.8,-84.7,-82.6,-82.6,-82.6,-82.6,,,,,,,,0.82,,1.0,,2026-08-25,,,,,0.5,,,0.0
959,WR476,949,959,1136,1136,1129,1137,1025,1137,4685256,Kojo Antwi,CSU,WR,12.0,12.0,12.0,5.73,68.8,68.8,68.8,0.0,68.8,-88.9,-84.8,-82.7,-82.7,-82.7,-82.7,,,,,,,,0.77,,1.0,,2026-08-25,,,,,0.5,,,0.0
960,WR477,950,960,1137,1137,1130,1138,1026,1138,4870927,Bryson Rodgers,USF,WR,12.0,12.0,12.0,5.73,68.8,68.8,68.8,0.0,68.8,-88.9,-84.8,-82.7,-82.7,-82.7,-82.7,,,,,,,,0.71,,1.0,,2026-08-25,,,,,0.5,,,0.0
961,TE28,841,961,1018,1018,1009,1019,907,1019,5218664,Tyler Fortenberry,ISU,TE,12.0,12.0,12.0,6.24,74.9,74.9,74.9,0.0,74.9,-82.8,-78.7,-82.8,-82.8,-82.8,-82.8,,,,,,,,0.86,,1.0,,2026-08-25,,,,,0.5,,,0.0
962,QB132,1341,962,260,260,257,268,156,268,5075800,Emory Williams,ECU,QB,12.0,12.0,12.0,11.75,141.0,141.0,141.0,0.0,141.0,-104.1,-104.2,-87.3,-83.0,-83.0,-83.0,,,,,,,,0.83,,1.0,,2026-08-25,,,,,0.5,,,0.0
963,WR478,952,963,1140,1140,1133,1141,1029,1141,5147191,Javon Rogers,KENN,WR,12.0,12.0,12.0,5.71,68.5,68.5,68.5,0.0,68.5,-89.2,-85.1,-83.0,-83.0,-83.0,-83.0,,,,,,,,0.79,,1.0,,2026-08-25,,,,,0.5,,,0.0
964,RB326,946,964,1030,1030,1021,1031,919,1031,5214401,Jon Denman,TCU,RB,12.0,12.0,12.0,6.21,74.5,74.5,74.5,0.0,74.5,-83.2,-84.7,-83.2,-83.2,-83.2,-83.2,,,,,,,,0.85,,1.0,,2026-08-25,,,,,0.5,,,0.0
965,WR479,953,965,1141,1141,1134,1142,1030,1142,4914980,Cole Turner,CLEM,WR,12.0,12.0,12.0,5.69,68.3,68.3,68.3,0.0,68.3,-89.4,-85.3,-83.2,-83.2,-83.2,-83.2,,,,,,,,0.88,,1.0,,2026-08-25,,,,,0.5,,,0.0
966,WR480,954,966,1142,1142,1135,1143,1031,1143,5145453,Jeremiah Melvin,ECU,WR,12.0,12.0,12.0,5.69,68.3,68.3,68.3,0.0,68.3,-89.4,-85.3,-83.2,-83.2,-83.2,-83.2,,,,,,,,0.7,,1.0,,2026-08-25,,,,,0.5,,,0.0
967,WR481,956,967,1143,1143,1136,1144,1032,1144,4877714,Jaden Smith,UTEP,WR,12.0,12.0,12.0,5.68,68.2,68.2,68.2,0.0,68.2,-89.5,-85.4,-83.3,-83.3,-83.3,-83.3,,,,,,,,0.75,,1.0,,2026-08-25,,,,,0.5,,,0.0
968,WR482,957,968,1145,1145,1138,1146,1034,1146,4712886,Mekhi Miller,MOST,WR,12.0,12.0,12.0,5.68,68.1,68.1,68.1,0.0,68.1,-89.6,-85.5,-83.4,-83.4,-83.4,-83.4,,,,,,,,0.79,,1.0,,2026-08-25,,,,,0.5,,,0.0
969,WR483,958,969,1147,1147,1140,1148,1036,1148,5091744,Garrett Mmahat,TULN,WR,12.0,12.0,12.0,5.68,68.1,68.1,68.1,0.0,68.1,-89.6,-85.5,-83.4,-83.4,-83.4,-83.4,,,,,,,,0.81,,1.0,,2026-08-25,,,,,0.5,,,0.0
970,TE29,855,970,1032,1032,1023,1033,921,1033,4870874,Lawson Luckie,UGA,TE,12.0,12.0,12.0,6.18,74.2,74.2,74.2,0.0,74.2,-83.5,-79.4,-83.5,-83.5,-83.5,-83.5,,,,,,,,0.98,,1.0,,2026-08-25,,,,,0.5,,,0.0
971,WR484,959,971,1149,1149,1142,1150,1038,1150,4892983,Terrell Timmons Jr.,MEM,WR,12.0,12.0,12.0,5.67,68.0,68.0,68.0,0.0,68.0,-89.7,-85.6,-83.5,-83.5,-83.5,-83.5,,,,,,,,0.76,,1.0,,2026-08-25,,,,,0.5,,,0.0
972,RB327,951,972,1034,1034,1025,1035,923,1035,4875861,Ayo Adeyi,OKST,RB,12.0,12.0,12.0,6.18,74.1,74.1,74.1,0.0,74.1,-83.6,-85.1,-83.6,-83.6,-83.6,-83.6,,,,,,,,0.83,,1.0,,2026-08-25,,,,,0.5,,,0.0
973,TE30,857,973,1035,1035,1026,1036,924,1036,5121453,Eli Finley,LT,TE,12.0,12.0,12.0,6.18,74.1,74.1,74.1,0.0,74.1,-83.6,-79.5,-83.6,-83.6,-83.6,-83.6,,,,,,,,0.97,,1.0,,2026-08-25,,,,,0.5,,,0.0
974,WR485,961,974,1150,1150,1143,1151,1039,1151,5079329,Mazeo Bennett Jr.,SC,WR,12.0,12.0,12.0,5.66,67.9,67.9,67.9,0.0,67.9,-89.8,-85.7,-83.6,-83.6,-83.6,-83.6,,,,,,,,0.82,,1.0,,2026-08-25,,,,,0.5,,,0.0
975,WR486,962,975,1151,1151,1144,1152,1040,1152,5079417,Channing Goodwin,MICH,WR,12.0,12.0,12.0,5.66,67.9,67.9,67.9,0.0,67.9,-89.8,-85.7,-83.6,-83.6,-83.6,-83.6,,,,,,,,0.76,,1.0,,2026-08-25,,,,,0.5,,,0.0
976,WR487,970,976,1154,1154,1147,1155,1043,1155,5157430,Aldrich Doe,SDSU,WR,12.0,12.0,12.0,5.65,67.8,67.8,67.8,0.0,67.8,-89.9,-85.8,-83.7,-83.7,-83.7,-83.7,,,,,,,,0.84,,1.0,,2026-08-25,,,,,0.5,,,0.0
977,WR488,971,977,1155,1155,1148,1156,1044,1156,4870923,Jahlil McClain,FRES,WR,12.0,12.0,12.0,5.64,67.7,67.7,67.7,0.0,67.7,-90.0,-85.9,-83.8,-83.8,-83.8,-83.8,,,,,,,,0.8,,1.0,,2026-08-25,,,,,0.5,,,0.0
978,RB328,955,978,1040,1040,1032,1041,929,1041,5126539,Jaydon Wright,ULM,RB,12.0,12.0,12.0,6.15,73.8,73.8,73.8,0.0,73.8,-83.9,-85.4,-83.9,-83.9,-83.9,-83.9,,,,,,,,0.79,,1.0,,2026-08-25,,,,,0.5,,,0.0
979,QB133,1364,979,264,264,261,272,160,272,4918099,Kenny Minchey,UK,QB,12.0,12.0,12.0,11.66,139.9,139.9,139.9,0.0,139.9,-105.2,-105.3,-88.4,-84.1,-84.1,-84.1,,,,,,,,0.91,,1.0,,2026-08-25,,,,,0.5,,,0.0
980,WR489,973,980,1159,1159,1153,1160,1048,1160,5157294,Karson Boschma,ORST,WR,12.0,12.0,12.0,5.62,67.4,67.4,67.4,0.0,67.4,-90.3,-86.2,-84.1,-84.1,-84.1,-84.1,,,,,,,,0.76,,1.0,,2026-08-25,,,,,0.5,,,0.0
981,RB329,960,981,1045,1045,1037,1046,934,1046,5079561,Dwight Phillips Jr.,UGA,RB,12.0,12.0,12.0,6.12,73.5,73.5,73.5,0.0,73.5,-84.2,-85.7,-84.2,-84.2,-84.2,-84.2,,,,,,,,0.81,,1.0,,2026-08-25,,,,,0.5,,,0.0
982,RB330,964,982,1047,1047,1039,1048,936,1048,4871081,Richard Young,COLO,RB,12.0,12.0,12.0,6.12,73.4,73.4,73.4,0.0,73.4,-84.3,-85.8,-84.3,-84.3,-84.3,-84.3,,,,,,,,0.9,,1.0,,2026-08-25,,,,,0.5,,,0.0
983,RB331,965,983,1048,1048,1040,1049,937,1049,5079626,Micah Welch,COLO,RB,12.0,12.0,12.0,6.12,73.4,73.4,73.4,0.0,73.4,-84.3,-85.8,-84.3,-84.3,-84.3,-84.3,,,,,,,,0.83,,1.0,,2026-08-25,,,,,0.5,,,0.0
984,RB332,966,984,1049,1049,1041,1050,938,1050,5081363,Justin Williams-Thomas,MASS,RB,12.0,12.0,12.0,6.12,73.4,73.4,73.4,0.0,73.4,-84.3,-85.8,-84.3,-84.3,-84.3,-84.3,,,,,,,,0.97,,1.0,,2026-08-25,,,,,0.5,,,0.0
985,RB333,967,985,1050,1050,1042,1051,939,1051,5096878,DeKalon Taylor,COLO,RB,12.0,12.0,12.0,6.12,73.4,73.4,73.4,0.0,73.4,-84.3,-85.8,-84.3,-84.3,-84.3,-84.3,,,,,,,,0.91,,1.0,,2026-08-25,,,,,0.5,,,0.0
986,RB334,968,986,1051,1051,1043,1052,940,1052,5301028,JaQuail Smith,COLO,RB,12.0,12.0,12.0,6.12,73.4,73.4,73.4,0.0,73.4,-84.3,-85.8,-84.3,-84.3,-84.3,-84.3,,,,,,,,0.85,,1.0,,2026-08-25,,,,,0.5,,,0.0
987,WR490,974,987,1161,1161,1155,1162,1050,1162,5151200,Qua'Vez Humphreys,WKU,WR,12.0,12.0,12.0,5.6,67.2,67.2,67.2,0.0,67.2,-90.5,-86.4,-84.3,-84.3,-84.3,-84.3,,,,,,,,0.79,,1.0,,2026-08-25,,,,,0.5,,,0.0
988,WR491,975,988,1162,1162,1156,1163,1051,1163,5160003,Tyran Warren,NCSU,WR,12.0,12.0,12.0,5.6,67.2,67.2,67.2,0.0,67.2,-90.5,-86.4,-84.3,-84.3,-84.3,-84.3,,,,,,,,0.82,,1.0,,2026-08-25,,,,,0.5,,,0.0
989,WR492,976,989,1163,1163,1157,1164,1052,1164,5301576,Kamari Maxwell,SHSU,WR,12.0,12.0,12.0,5.59,67.1,67.1,67.1,0.0,67.1,-90.6,-86.5,-84.4,-84.4,-84.4,-84.4,,,,,,,,0.8,,1.0,,2026-08-25,,,,,0.5,,,0.0
990,WR493,978,990,1165,1165,1159,1166,1054,1166,5164350,Jayvan Boggs,FSU,WR,12.0,12.0,12.0,5.58,67.0,67.0,67.0,0.0,67.0,-90.7,-86.6,-84.5,-84.5,-84.5,-84.5,,,,,,,,0.76,,1.0,,2026-08-25,,,,,0.5,,,0.0
991,RB335,972,991,1055,1055,1047,1056,944,1056,5150682,Cortez LeGrant,NDSU,RB,12.0,12.0,12.0,6.09,73.1,73.1,73.1,0.0,73.1,-84.6,-86.1,-84.6,-84.6,-84.6,-84.6,,,,,,,,0.81,,1.0,,2026-08-25,,,,,0.5,,,0.0
992,WR494,980,992,1166,1166,1160,1167,1055,1167,4871048,Hykeem Williams,COLO,WR,12.0,12.0,12.0,5.58,66.9,66.9,66.9,0.0,66.9,-90.8,-86.7,-84.6,-84.6,-84.6,-84.6,,,,,,,,0.76,,1.0,,2026-08-25,,,,,0.5,,,0.0
993,WR495,981,993,1167,1167,1161,1168,1056,1168,5227998,Roman Mothershed,LSU,WR,12.0,12.0,12.0,5.58,66.9,66.9,66.9,0.0,66.9,-90.8,-86.7,-84.6,-84.6,-84.6,-84.6,,,,,,,,0.71,,1.0,,2026-08-25,,,,,0.5,,,0.0
994,WR496,984,994,1168,1168,1162,1169,1057,1169,4688541,Kyion Grayes,CAL,WR,12.0,12.0,12.0,5.57,66.8,66.8,66.8,0.0,66.8,-90.9,-86.8,-84.7,-84.7,-84.7,-84.7,,,,,,,,0.76,,1.0,,2026-08-25,,,,,0.5,,,0.0
995,TE31,878,995,1059,1059,1051,1060,948,1060,5250264,Kaelan Chudzinski,BC,TE,12.0,12.0,12.0,6.08,72.9,72.9,72.9,0.0,72.9,-84.8,-80.7,-84.8,-84.8,-84.8,-84.8,,,,,,,,0.93,,1.0,,2026-08-25,,,,,0.5,,,0.0
996,WR497,985,996,1174,1174,1168,1175,1063,1175,5260691,Rodney Bullard Jr.,MSU,WR,12.0,12.0,12.0,5.56,66.7,66.7,66.7,0.0,66.7,-91.0,-86.9,-84.8,-84.8,-84.8,-84.8,,,,,,,,0.81,,1.0,,2026-08-25,,,,,0.5,,,0.0
997,RB336,977,997,1064,1064,1056,1065,953,1065,5264764,Elijah Faulkner,MASS,RB,12.0,12.0,12.0,6.05,72.6,72.6,72.6,0.0,72.6,-85.1,-86.6,-85.1,-85.1,-85.1,-85.1,,,,,,,,0.86,,1.0,,2026-08-25,,,,,0.5,,,0.0
998,WR498,993,998,1180,1180,1174,1181,1069,1181,4917119,Devin Alves,HAW,WR,12.0,12.0,12.0,5.53,66.4,66.4,66.4,0.0,66.4,-91.3,-87.2,-85.1,-85.1,-85.1,-85.1,,,,,,,,0.78,,1.0,,2026-08-25,,,,,0.5,,,0.0
999,WR499,994,999,1183,1183,1177,1184,1072,1184,5218891,Mario Sanders,USM,WR,12.0,12.0,12.0,5.53,66.4,66.4,66.4,0.0,66.4,-91.3,-87.2,-85.1,-85.1,-85.1,-85.1,,,,,,,,0.71,,1.0,,2026-08-25,,,,,0.5,,,0.0
1000,RB337,979,1000,1065,1065,1057,1066,954,1066,5121571,Ezell Jolly,ARST,RB,12.0,12.0,12.0,6.04,72.5,72.5,72.5,0.0,72.5,-85.2,-86.7,-85.2,-85.2,-85.2,-85.2,,,,,,,,0.85,,1.0,,2026-08-25,,,,,0.5,,,0.0
1001,WR500,997,1001,1185,1185,1179,1186,1074,1186,5220469,Michael Barrow,NAVY,WR,12.0,12.0,12.0,5.52,66.3,66.3,66.3,0.0,66.3,-91.4,-87.3,-85.2,-85.2,-85.2,-85.2,,,,,,,,0.72,,1.0,,2026-08-25,,,,,0.5,,,0.0
1002,TE32,888,1002,1066,1066,1058,1067,955,1067,5125012,Ismael Smith Flores,ECU,TE,12.0,12.0,12.0,6.03,72.4,72.4,72.4,0.0,72.4,-85.3,-81.2,-85.3,-85.3,-85.3,-85.3,,,,,,,,0.78,,1.0,,2026-08-25,,,,,0.5,,,0.0
1003,RB338,983,1003,1067,1067,1059,1068,956,1068,5189515,Nolan James Jr.,ND,RB,12.0,12.0,12.0,6.03,72.4,72.4,72.4,0.0,72.4,-85.3,-86.8,-85.3,-85.3,-85.3,-85.3,,,,,,,,0.73,,1.0,,2026-08-25,,,,,0.5,,,0.0
1004,RB339,987,1004,1069,1069,1061,1070,958,1070,4870839,Kaleb Jackson,UNC,RB,12.0,12.0,12.0,6.02,72.2,72.2,72.2,0.0,72.2,-85.5,-87.0,-85.5,-85.5,-85.5,-85.5,,,,,,,,0.82,,1.0,,2026-08-25,,,,,0.5,,,0.0
1005,RB340,988,1005,1073,1073,1065,1074,962,1074,5150582,Salahadin Allah,ISU,RB,12.0,12.0,12.0,6.01,72.1,72.1,72.1,0.0,72.1,-85.6,-87.1,-85.6,-85.6,-85.6,-85.6,,,,,,,,0.83,,1.0,,2026-08-25,,,,,0.5,,,0.0
1006,RB341,989,1006,1074,1074,1066,1075,963,1075,5194663,Cameron Pettaway,ISU,RB,12.0,12.0,12.0,6.01,72.1,72.1,72.1,0.0,72.1,-85.6,-87.1,-85.6,-85.6,-85.6,-85.6,,,,,,,,0.86,,1.0,,2026-08-25,,,,,0.5,,,0.0
1007,RB342,990,1007,1075,1075,1067,1076,964,1076,4685348,Terrance Gibbs,GASO,RB,12.0,12.0,12.0,6.0,72.0,72.0,72.0,0.0,72.0,-85.7,-87.2,-85.7,-85.7,-85.7,-85.7,,,,,,,,0.87,,1.0,,2026-08-25,,,,,0.5,,,0.0
1008,RB343,991,1008,1077,1077,1069,1078,966,1078,5151111,Jamarian Samuel,GASO,RB,12.0,12.0,12.0,6.0,72.0,72.0,72.0,0.0,72.0,-85.7,-87.2,-85.7,-85.7,-85.7,-85.7,,,,,,,,0.84,,1.0,,2026-08-25,,,,,0.5,,,0.0
1009,RB344,992,1009,1078,1078,1070,1079,967,1079,5155780,Taeo Todd,GASO,RB,12.0,12.0,12.0,6.0,72.0,72.0,72.0,0.0,72.0,-85.7,-87.2,-85.7,-85.7,-85.7,-85.7,,,,,,,,0.92,,1.0,,2026-08-25,,,,,0.5,,,0.0
1010,WR501,999,1010,1191,1191,1185,1192,1080,1192,5138293,Reece Vander Zee,IOWA,WR,12.0,12.0,12.0,5.48,65.8,65.8,65.8,0.0,65.8,-91.9,-87.8,-85.7,-85.7,-85.7,-85.7,,,,,,,,0.74,,1.0,,2026-08-25,,,,,0.5,,,0.0
1011,WR502,1000,1011,1192,1192,1186,1193,1081,1193,5195481,Radarious Jackson,TENN,WR,12.0,12.0,12.0,5.48,65.8,65.8,65.8,0.0,65.8,-91.9,-87.8,-85.7,-85.7,-85.7,-85.7,,,,,,,,0.68,,1.0,,2026-08-25,,,,,0.5,,,0.0
1012,TE33,897,1012,1079,1079,1071,1080,968,1080,5041960,Jayvontay Conner,VAN,TE,12.0,12.0,12.0,5.99,71.9,71.9,71.9,0.0,71.9,-85.8,-81.7,-85.8,-85.8,-85.8,-85.8,,,,,,,,0.94,,1.0,,2026-08-25,,,,,0.5,,,0.0
1013,WR503,1001,1013,1193,1193,1187,1194,1082,1194,4432721,Dino Kaliakmanis,RUTG,WR,12.0,12.0,12.0,5.48,65.7,65.7,65.7,0.0,65.7,-92.0,-87.9,-85.8,-85.8,-85.8,-85.8,,,,,,,,0.74,,1.0,,2026-08-25,,,,,0.5,,,0.0
1014,WR504,1002,1014,1194,1194,1188,1195,1083,1195,5141749,CJ Wiley,UGA,WR,12.0,12.0,12.0,5.48,65.7,65.7,65.7,0.0,65.7,-92.0,-87.9,-85.8,-85.8,-85.8,-85.8,,,,,,,,0.69,,1.0,,2026-08-25,,,,,0.5,,,0.0
1015,WR505,1003,1015,1196,1196,1190,1197,1085,1197,5228882,Ryder Treadway,CONN,WR,12.0,12.0,12.0,5.47,65.6,65.6,65.6,0.0,65.6,-92.1,-88.0,-85.9,-85.9,-85.9,-85.9,,,,,,,,0.81,,1.0,,2026-08-25,,,,,0.5,,,0.0
1016,WR506,1006,1016,1197,1197,1191,1198,1086,1198,4912135,Justius Lowe,SDSU,WR,12.0,12.0,12.0,5.46,65.5,65.5,65.5,0.0,65.5,-92.2,-88.1,-86.0,-86.0,-86.0,-86.0,,,,,,,,0.86,,1.0,,2026-08-25,,,,,0.5,,,0.0
1017,WR507,1007,1017,1198,1198,1192,1199,1087,1199,5156115,Elijah Pedro,MASS,WR,12.0,12.0,12.0,5.46,65.5,65.5,65.5,0.0,65.5,-92.2,-88.1,-86.0,-86.0,-86.0,-86.0,,,,,,,,0.82,,1.0,,2026-08-25,,,,,0.5,,,0.0
1018,WR508,1008,1018,1199,1199,1193,1200,1088,1200,5078245,Kenric Lanier II,MIZ,WR,12.0,12.0,12.0,5.45,65.4,65.4,65.4,0.0,65.4,-92.3,-88.2,-86.1,-86.1,-86.1,-86.1,,,,,,,,0.69,,1.0,,2026-08-25,,,,,0.5,,,0.0
1019,WR509,1010,1019,1201,1201,1195,1202,1090,1202,5157410,Charly Mullaly,SC,WR,12.0,12.0,12.0,5.45,65.4,65.4,65.4,0.0,65.4,-92.3,-88.2,-86.1,-86.1,-86.1,-86.1,,,,,,,,0.74,,1.0,,2026-08-25,,,,,0.5,,,0.0
1020,QB134,1414,1020,270,270,267,278,166,278,5296439,Deuce Bailey,CCU,QB,12.0,12.0,12.0,11.48,137.8,137.8,137.8,0.0,137.8,-107.3,-107.4,-90.5,-86.2,-86.2,-86.2,,,,,,,,0.85,,1.0,,2026-08-25,,,,,0.5,,,0.0
1021,TE34,903,1021,1084,1084,1076,1085,973,1085,5295532,Joshua Long,EMU,TE,12.0,12.0,12.0,5.96,71.5,71.5,71.5,0.0,71.5,-86.2,-82.1,-86.2,-86.2,-86.2,-86.2,,,,,,,,0.91,,1.0,,2026-08-25,,,,,0.5,,,0.0
1022,QB135,1419,1022,271,271,268,279,167,279,5085337,Keyone Jenkins,UCF,QB,12.0,12.0,12.0,11.48,137.7,137.7,137.7,0.0,137.7,-107.4,-107.5,-90.6,-86.3,-86.3,-86.3,,,,,,,,0.95,,1.0,,2026-08-25,,,,,0.5,,,0.0
1023,QB136,1420,1023,272,272,269,280,168,280,5132812,Aaron Philo,FLA,QB,12.0,12.0,12.0,11.48,137.7,137.7,137.7,0.0,137.7,-107.4,-107.5,-90.6,-86.3,-86.3,-86.3,,,,,,,,0.95,,1.0,,2026-08-25,,,,,0.5,,,0.0
1024,WR510,1014,1024,1204,1204,1198,1205,1093,1205,4703030,Jaiven Plummer,GT,WR,12.0,12.0,12.0,5.43,65.2,65.2,65.2,0.0,65.2,-92.5,-88.4,-86.3,-86.3,-86.3,-86.3,,,,,,,,0.76,,1.0,,2026-08-25,,,,,0.5,,,0.0
1025,TE35,909,1025,1086,1086,1078,1087,975,1087,5220352,Hunter Tipton,MEM,TE,12.0,12.0,12.0,5.94,71.3,71.3,71.3,0.0,71.3,-86.4,-82.3,-86.4,-86.4,-86.4,-86.4,,,,,,,,0.9,,1.0,,2026-08-25,,,,,0.5,,,0.0
1026,WR511,1018,1026,1208,1208,1202,1209,1097,1209,5164362,Raiden Vines-Bright,ASU,WR,12.0,12.0,12.0,5.42,65.0,65.0,65.0,0.0,65.0,-92.7,-88.6,-86.5,-86.5,-86.5,-86.5,,,,,,,,0.8,,1.0,,2026-08-25,,,,,0.5,,,0.0
1027,WR512,1019,1027,1209,1209,1203,1210,1098,1210,5214566,Dawson Pough,BC,WR,12.0,12.0,12.0,5.42,65.0,65.0,65.0,0.0,65.0,-92.7,-88.6,-86.5,-86.5,-86.5,-86.5,,,,,,,,0.83,,1.0,,2026-08-25,,,,,0.5,,,0.0
1028,QB137,1423,1028,273,273,270,281,169,281,5224789,Landen Clark,LSU,QB,12.0,12.0,12.0,11.45,137.4,137.4,137.4,0.0,137.4,-107.7,-107.8,-90.9,-86.6,-86.6,-86.6,,,,,,,,0.86,,1.0,,2026-08-25,,,,,0.5,,,0.0
1029,RB345,1004,1029,1090,1090,1082,1091,979,1091,4899137,Johnny Thompson Jr.,BALL,RB,12.0,12.0,12.0,5.92,71.1,71.1,71.1,0.0,71.1,-86.6,-88.1,-86.6,-86.6,-86.6,-86.6,,,,,,,,0.86,,1.0,,2026-08-25,,,,,0.5,,,0.0
1030,RB346,1005,1030,1092,1092,1084,1093,981,1093,5227018,Mekhi Nelson,NEB,RB,12.0,12.0,12.0,5.92,71.1,71.1,71.1,0.0,71.1,-86.6,-88.1,-86.6,-86.6,-86.6,-86.6,,,,,,,,0.92,,1.0,,2026-08-25,,,,,0.5,,,0.0
1031,WR513,1021,1031,1210,1210,1204,1211,1099,1211,4685464,Tyler Morris,IU,WR,12.0,12.0,12.0,5.4,64.8,64.8,64.8,0.0,64.8,-92.9,-88.8,-86.7,-86.7,-86.7,-86.7,,,,,,,,0.79,,1.0,,2026-08-25,,,,,0.5,,,0.0
1032,WR514,1022,1032,1212,1212,1206,1213,1101,1213,5154227,Navelle Dean,KENN,WR,12.0,12.0,12.0,5.4,64.8,64.8,64.8,0.0,64.8,-92.9,-88.8,-86.7,-86.7,-86.7,-86.7,,,,,,,,0.71,,1.0,,2026-08-25,,,,,0.5,,,0.0
1033,RB347,1013,1033,1097,1097,1089,1098,986,1098,5152586,Chris Gee,AKR,RB,12.0,12.0,12.0,5.91,70.9,70.9,70.9,0.0,70.9,-86.8,-88.3,-86.8,-86.8,-86.8,-86.8,,,,,,,,0.74,,1.0,,2026-08-25,,,,,0.5,,,0.0
1034,WR515,1026,1034,1217,1217,1211,1218,1106,1218,5222386,Jay Jay Etheridge,KENT,WR,12.0,12.0,12.0,5.38,64.6,64.6,64.6,0.0,64.6,-93.1,-89.0,-86.9,-86.9,-86.9,-86.9,,,,,,,,0.76,,1.0,,2026-08-25,,,,,0.5,,,0.0
1035,RB348,1015,1035,1099,1099,1091,1100,988,1100,4870662,Isaiah Carlson,SJSU,RB,12.0,12.0,12.0,5.89,70.7,70.7,70.7,0.0,70.7,-87.0,-88.5,-87.0,-87.0,-87.0,-87.0,,,,,,,,0.79,,1.0,,2026-08-25,,,,,0.5,,,0.0
1036,TE36,920,1036,1100,1100,1092,1101,989,1101,5121720,Noah Meyers,SYR,TE,12.0,12.0,12.0,5.89,70.7,70.7,70.7,0.0,70.7,-87.0,-82.9,-87.0,-87.0,-87.0,-87.0,,,,,,,,0.88,,1.0,,2026-08-25,,,,,0.5,,,0.0
1037,TE37,923,1037,1101,1101,1093,1102,990,1102,5165154,Mason Mini,CAL,TE,12.0,12.0,12.0,5.88,70.6,70.6,70.6,0.0,70.6,-87.1,-83.0,-87.1,-87.1,-87.1,-87.1,,,,,,,,0.83,,1.0,,2026-08-25,,,,,0.5,,,0.0
1038,WR516,1028,1038,1221,1221,1215,1222,1110,1222,5222752,Drew Wagner,NU,WR,12.0,12.0,12.0,5.37,64.4,64.4,64.4,0.0,64.4,-93.3,-89.2,-87.1,-87.1,-87.1,-87.1,,,,,,,,0.86,,1.0,,2026-08-25,,,,,0.5,,,0.0
1039,WR517,1029,1039,1222,1222,1216,1223,1111,1223,4869324,Tyler Johnson,ECU,WR,12.0,12.0,12.0,5.36,64.3,64.3,64.3,0.0,64.3,-93.4,-89.3,-87.2,-87.2,-87.2,-87.2,,,,,,,,0.8,,1.0,,2026-08-25,,,,,0.5,,,0.0
1040,WR518,1030,1040,1224,1224,1218,1225,1113,1225,5079535,Zion Kearney,WIS,WR,12.0,12.0,12.0,5.36,64.3,64.3,64.3,0.0,64.3,-93.4,-89.3,-87.2,-87.2,-87.2,-87.2,,,,,,,,0.72,,1.0,,2026-08-25,,,,,0.5,,,0.0
1041,WR519,1031,1041,1225,1225,1219,1226,1114,1226,5193217,Jonathan Bibbs,UCF,WR,12.0,12.0,12.0,5.36,64.3,64.3,64.3,0.0,64.3,-93.4,-89.3,-87.2,-87.2,-87.2,-87.2,,,,,,,,0.75,,1.0,,2026-08-25,,,,,0.5,,,0.0
1042,RB349,1023,1042,1109,1109,1101,1110,998,1110,4879655,Henry Rutledge,CLT,RB,12.0,12.0,12.0,5.86,70.3,70.3,70.3,0.0,70.3,-87.4,-88.9,-87.4,-87.4,-87.4,-87.4,,,,,,,,0.86,,1.0,,2026-08-25,,,,,0.5,,,0.0
1043,WR520,1036,1043,1229,1229,1223,1230,1118,1230,5079499,Audric Harris,HAW,WR,12.0,12.0,12.0,5.32,63.9,63.9,63.9,0.0,63.9,-93.8,-89.7,-87.6,-87.6,-87.6,-87.6,,,,,,,,0.76,,1.0,,2026-08-25,,,,,0.5,,,0.0
1044,WR521,1037,1044,1230,1230,1224,1231,1119,1231,5081213,DJ Black,SC,WR,12.0,12.0,12.0,5.32,63.9,63.9,63.9,0.0,63.9,-93.8,-89.7,-87.6,-87.6,-87.6,-87.6,,,,,,,,0.81,,1.0,,2026-08-25,,,,,0.5,,,0.0
1045,WR522,1038,1045,1232,1232,1226,1233,1121,1233,5147203,Chase Tyler,WAKE,WR,12.0,12.0,12.0,5.32,63.8,63.8,63.8,0.0,63.8,-93.9,-89.8,-87.7,-87.7,-87.7,-87.7,,,,,,,,0.74,,1.0,,2026-08-25,,,,,0.5,,,0.0
1046,WR523,1041,1046,1235,1235,1229,1236,1124,1236,5155746,Jordan Dees,WSU,WR,12.0,12.0,12.0,5.31,63.7,63.7,63.7,0.0,63.7,-94.0,-89.9,-87.8,-87.8,-87.8,-87.8,,,,,,,,0.81,,1.0,,2026-08-25,,,,,0.5,,,0.0
1047,RB350,1032,1047,1115,1115,1107,1116,1004,1116,5079699,Corey Smith,TOL,RB,12.0,12.0,12.0,5.82,69.8,69.8,69.8,0.0,69.8,-87.9,-89.4,-87.9,-87.9,-87.9,-87.9,,,,,,,,0.77,,1.0,,2026-08-25,,,,,0.5,,,0.0
1048,RB351,1033,1048,1116,1116,1108,1117,1005,1117,5093141,Jarvis Green,CLEM,RB,12.0,12.0,12.0,5.82,69.8,69.8,69.8,0.0,69.8,-87.9,-89.4,-87.9,-87.9,-87.9,-87.9,,,,,,,,0.8,,1.0,,2026-08-25,,,,,0.5,,,0.0
1049,WR524,1042,1049,1237,1237,1231,1238,1126,1238,4840118,Tucker Holloway,FAU,WR,12.0,12.0,12.0,5.3,63.6,63.6,63.6,0.0,63.6,-94.1,-90.0,-87.9,-87.9,-87.9,-87.9,,,,,,,,0.77,,1.0,,2026-08-25,,,,,0.5,,,0.0
1050,QB138,1460,1050,279,279,276,287,175,287,5079548,Air Noland,MEM,QB,12.0,12.0,12.0,11.32,135.9,135.9,135.9,0.0,135.9,-109.2,-109.3,-92.4,-88.1,-88.1,-88.1,,,,,,,,0.82,,1.0,,2026-08-25,,,,,0.5,,,0.0
1051,WR525,1047,1051,1239,1239,1233,1240,1128,1240,5078816,Jackson Holman,WYO,WR,12.0,12.0,12.0,5.28,63.4,63.4,63.4,0.0,63.4,-94.3,-90.2,-88.1,-88.1,-88.1,-88.1,,,,,,,,0.82,,1.0,,2026-08-25,,,,,0.5,,,0.0
1052,WR526,1048,1052,1240,1240,1234,1241,1129,1241,5079585,Jordan Ross,ARIZ,WR,12.0,12.0,12.0,5.28,63.4,63.4,63.4,0.0,63.4,-94.3,-90.2,-88.1,-88.1,-88.1,-88.1,,,,,,,,0.76,,1.0,,2026-08-25,,,,,0.5,,,0.0
1053,RB352,1034,1053,1120,1120,1113,1121,1009,1121,4868300,Nate Johnson,UTAH,RB,12.0,12.0,12.0,5.79,69.5,69.5,69.5,0.0,69.5,-88.2,-89.7,-88.2,-88.2,-88.2,-88.2,,,,,,,,0.81,,1.0,,2026-08-25,,,,,0.5,,,0.0
1054,WR527,1050,1054,1242,1242,1236,1243,1131,1243,4702561,De'Nylon Morrissette,PUR,WR,12.0,12.0,12.0,5.28,63.3,63.3,63.3,0.0,63.3,-94.4,-90.3,-88.2,-88.2,-88.2,-88.2,,,,,,,,0.78,,1.0,,2026-08-25,,,,,0.5,,,0.0
1055,WR528,1051,1055,1243,1243,1237,1244,1132,1244,5206061,Darien Williams,SYR,WR,12.0,12.0,12.0,5.28,63.3,63.3,63.3,0.0,63.3,-94.4,-90.3,-88.2,-88.2,-88.2,-88.2,,,,,,,,0.76,,1.0,,2026-08-25,,,,,0.5,,,0.0
1056,WR529,1053,1056,1245,1245,1239,1246,1134,1246,4883119,David Pantelis,STAN,WR,12.0,12.0,12.0,5.27,63.2,63.2,63.2,0.0,63.2,-94.5,-90.4,-88.3,-88.3,-88.3,-88.3,,,,,,,,0.7,,1.0,,2026-08-25,,,,,0.5,,,0.0
1057,RB353,1039,1057,1123,1123,1116,1124,1012,1124,4702820,Bryson Donnell,UTSA,RB,12.0,12.0,12.0,5.78,69.3,69.3,69.3,0.0,69.3,-88.4,-89.9,-88.4,-88.4,-88.4,-88.4,,,,,,,,0.78,,1.0,,2026-08-25,,,,,0.5,,,0.0
1058,TE38,942,1058,1124,1124,1117,1125,1013,1125,4869519,Gabe Burkle,PSU,TE,12.0,12.0,12.0,5.78,69.3,69.3,69.3,0.0,69.3,-88.4,-84.3,-88.4,-88.4,-88.4,-88.4,,,,,,,,0.96,,1.0,,2026-08-25,,,,,0.5,,,0.0
1059,WR530,1054,1059,1247,1247,1241,1248,1136,1248,4832792,Major Everhart,TCU,WR,12.0,12.0,12.0,5.26,63.1,63.1,63.1,0.0,63.1,-94.6,-90.5,-88.4,-88.4,-88.4,-88.4,,,,,,,,0.77,,1.0,,2026-08-25,,,,,0.5,,,0.0
1060,WR531,1055,1060,1249,1249,1243,1250,1138,1250,5079769,Izaiah Williams,KSU,WR,12.0,12.0,12.0,5.26,63.1,63.1,63.1,0.0,63.1,-94.6,-90.5,-88.4,-88.4,-88.4,-88.4,,,,,,,,0.71,,1.0,,2026-08-25,,,,,0.5,,,0.0
1061,WR532,1056,1061,1251,1251,1245,1252,1140,1252,5141671,Talyn Taylor,UGA,WR,12.0,12.0,12.0,5.26,63.1,63.1,63.1,0.0,63.1,-94.6,-90.5,-88.4,-88.4,-88.4,-88.4,,,,,,,,0.68,,1.0,,2026-08-25,,,,,0.5,,,0.0
1062,WR533,1059,1062,1252,1252,1246,1253,1141,1253,4923288,Barry Jackson Jr.,RICE,WR,12.0,12.0,12.0,5.25,63.0,63.0,63.0,0.0,63.0,-94.7,-90.6,-88.5,-88.5,-88.5,-88.5,,,,,,,,0.7,,1.0,,2026-08-25,,,,,0.5,,,0.0
1063,WR534,1060,1063,1253,1253,1247,1254,1142,1254,5119868,Jaylen Lloyd,FLA,WR,12.0,12.0,12.0,5.25,63.0,63.0,63.0,0.0,63.0,-94.7,-90.6,-88.5,-88.5,-88.5,-88.5,,,,,,,,0.81,,1.0,,2026-08-25,,,,,0.5,,,0.0
1064,WR535,1061,1064,1254,1254,1248,1255,1143,1255,5141599,Cortez Mills Jr.,NEB,WR,12.0,12.0,12.0,5.25,63.0,63.0,63.0,0.0,63.0,-94.7,-90.6,-88.5,-88.5,-88.5,-88.5,,,,,,,,0.79,,1.0,,2026-08-25,,,,,0.5,,,0.0
1065,RB354,1043,1065,1127,1127,1120,1128,1016,1128,5219119,Jordan Washington,WASH,RB,12.0,12.0,12.0,5.76,69.1,69.1,69.1,0.0,69.1,-88.6,-90.1,-88.6,-88.6,-88.6,-88.6,,,,,,,,0.83,,1.0,,2026-08-25,,,,,0.5,,,0.0
1066,QB139,1477,1066,282,282,279,290,178,290,5146575,Graham Knowles,GT,QB,12.0,12.0,12.0,11.28,135.3,135.3,135.3,0.0,135.3,-109.8,-109.9,-93.0,-88.7,-88.7,-88.7,,,,,,,,0.8,,1.0,,2026-08-25,,,,,0.5,,,0.0
1067,RB355,1044,1067,1129,1129,1122,1130,1018,1130,5089547,Corey Reddick,ARST,RB,12.0,12.0,12.0,5.75,69.0,69.0,69.0,0.0,69.0,-88.7,-90.2,-88.7,-88.7,-88.7,-88.7,,,,,,,,0.83,,1.0,,2026-08-25,,,,,0.5,,,0.0
1068,RB356,1045,1068,1131,1131,1124,1132,1020,1132,5193089,Alvon Isaac,USF,RB,12.0,12.0,12.0,5.75,69.0,69.0,69.0,0.0,69.0,-88.7,-90.2,-88.7,-88.7,-88.7,-88.7,,,,,,,,0.87,,1.0,,2026-08-25,,,,,0.5,,,0.0
1069,RB357,1049,1069,1134,1134,1127,1135,1023,1135,5151892,Ja'Kobi Jackson,OSU,RB,12.0,12.0,12.0,5.74,68.9,68.9,68.9,0.0,68.9,-88.8,-90.3,-88.8,-88.8,-88.8,-88.8,,,,,,,,0.88,,1.0,,2026-08-25,,,,,0.5,,,0.0
1070,WR536,1064,1070,1264,1264,1258,1265,1153,1265,5200374,Donovan Murph,SC,WR,12.0,12.0,12.0,5.22,62.6,62.6,62.6,0.0,62.6,-95.1,-91.0,-88.9,-88.9,-88.9,-88.9,,,,,,,,0.81,,1.0,,2026-08-25,,,,,0.5,,,0.0
1071,WR537,1066,1071,1265,1265,1259,1266,1154,1266,5220222,Javon Campbell,ULM,WR,12.0,12.0,12.0,5.21,62.5,62.5,62.5,0.0,62.5,-95.2,-91.1,-89.0,-89.0,-89.0,-89.0,,,,,,,,0.76,,1.0,,2026-08-25,,,,,0.5,,,0.0
1072,RB358,1057,1072,1138,1138,1131,1139,1027,1139,5086379,Brandon Hood,USM,RB,12.0,12.0,12.0,5.72,68.6,68.6,68.6,0.0,68.6,-89.1,-90.6,-89.1,-89.1,-89.1,-89.1,,,,,,,,0.9,,1.0,,2026-08-25,,,,,0.5,,,0.0
1073,RB359,1058,1073,1139,1139,1132,1140,1028,1140,5159150,Isaiah Rudison,NMSU,RB,12.0,12.0,12.0,5.72,68.6,68.6,68.6,0.0,68.6,-89.1,-90.6,-89.1,-89.1,-89.1,-89.1,,,,,,,,0.86,,1.0,,2026-08-25,,,,,0.5,,,0.0
1074,WR538,1067,1074,1266,1266,1260,1267,1155,1267,4875583,Reis Stocksdale,TEM,WR,12.0,12.0,12.0,5.2,62.4,62.4,62.4,0.0,62.4,-95.3,-91.2,-89.1,-89.1,-89.1,-89.1,,,,,,,,0.75,,1.0,,2026-08-25,,,,,0.5,,,0.0
1075,RB360,1063,1075,1144,1144,1137,1145,1033,1145,5121541,Cam Wallace,PSU,RB,12.0,12.0,12.0,5.68,68.2,68.2,68.2,0.0,68.2,-89.5,-91.0,-89.5,-89.5,-89.5,-89.5,,,,,,,,0.75,,1.0,,2026-08-25,,,,,0.5,,,0.0
1076,RB361,1065,1076,1148,1148,1141,1149,1037,1149,5147852,Da'Marion Alberic,MASS,RB,12.0,12.0,12.0,5.68,68.1,68.1,68.1,0.0,68.1,-89.6,-91.1,-89.6,-89.6,-89.6,-89.6,,,,,,,,0.78,,1.0,,2026-08-25,,,,,0.5,,,0.0
1077,WR539,1070,1077,1271,1271,1265,1272,1160,1272,4917172,Chris Brooks Jr.,WIS,WR,12.0,12.0,12.0,5.14,61.7,61.7,61.7,0.0,61.7,-96.0,-91.9,-89.8,-89.8,-89.8,-89.8,,,,,,,,0.77,,1.0,,2026-08-25,,,,,0.5,,,0.0
1078,TE39,969,1078,1152,1152,1145,1153,1041,1153,4922988,Jamari Johnson,ORE,TE,12.0,12.0,12.0,5.65,67.8,67.8,67.8,0.0,67.8,-89.9,-85.8,-89.9,-89.9,-89.9,-89.9,,,,,,,,0.97,,1.0,,2026-08-25,,,,,0.5,,,0.0
1079,RB362,1068,1079,1153,1153,1146,1154,1042,1154,5150825,Donovan Delaney Jr.,KENT,RB,12.0,12.0,12.0,5.65,67.8,67.8,67.8,0.0,67.8,-89.9,-91.4,-89.9,-89.9,-89.9,-89.9,,,,,,,,0.86,,1.0,,2026-08-25,,,,,0.5,,,0.0
1080,WR540,1072,1080,1272,1272,1266,1273,1161,1273,4883774,Jayden McGowan,BAY,WR,12.0,12.0,12.0,5.13,61.6,61.6,61.6,0.0,61.6,-96.1,-92.0,-89.9,-89.9,-89.9,-89.9,,,,,,,,0.77,,1.0,,2026-08-25,,,,,0.5,,,0.0
1081,WR541,1073,1081,1273,1273,1267,1274,1162,1274,5301873,Jeremiah Harrison,JMU,WR,12.0,12.0,12.0,5.13,61.6,61.6,61.6,0.0,61.6,-96.1,-92.0,-89.9,-89.9,-89.9,-89.9,,,,,,,,0.83,,1.0,,2026-08-25,,,,,0.5,,,0.0
1082,RB363,1069,1082,1156,1156,1149,1157,1045,1157,5227793,Jerrian Parker Jr.,SHSU,RB,12.0,12.0,12.0,5.64,67.7,67.7,67.7,0.0,67.7,-90.0,-91.5,-90.0,-90.0,-90.0,-90.0,,,,,,,,0.8,,1.0,,2026-08-25,,,,,0.5,,,0.0
1083,WR542,1074,1083,1274,1274,1268,1275,1163,1275,4613165,Demick Starling,USU,WR,12.0,12.0,12.0,5.12,61.5,61.5,61.5,0.0,61.5,-96.2,-92.1,-90.0,-90.0,-90.0,-90.0,,,,,,,,0.72,,1.0,,2026-08-25,,,,,0.5,,,0.0
1084,WR543,1076,1084,1275,1275,1269,1276,1164,1276,4870770,Ray Ray Joseph Jr.,ECU,WR,12.0,12.0,12.0,5.12,61.4,61.4,61.4,0.0,61.4,-96.3,-92.2,-90.1,-90.1,-90.1,-90.1,,,,,,,,0.75,,1.0,,2026-08-25,,,,,0.5,,,0.0
1085,WR544,1077,1085,1276,1276,1270,1277,1165,1277,4918121,Cole Adams,VAN,WR,12.0,12.0,12.0,5.12,61.4,61.4,61.4,0.0,61.4,-96.3,-92.2,-90.1,-90.1,-90.1,-90.1,,,,,,,,0.73,,1.0,,2026-08-25,,,,,0.5,,,0.0
1086,WR545,1078,1086,1278,1278,1272,1279,1167,1279,5079299,Jordan Anderson,SJSU,WR,12.0,12.0,12.0,5.12,61.4,61.4,61.4,0.0,61.4,-96.3,-92.2,-90.1,-90.1,-90.1,-90.1,,,,,,,,0.83,,1.0,,2026-08-25,,,,,0.5,,,0.0
1087,WR546,1084,1087,1281,1281,1275,1282,1170,1282,4871068,Rashid Williams,WASH,WR,12.0,12.0,12.0,5.1,61.2,61.2,61.2,0.0,61.2,-96.5,-92.4,-90.3,-90.3,-90.3,-90.3,,,,,,,,0.66,,1.0,,2026-08-25,,,,,0.5,,,0.0
1088,WR547,1085,1088,1282,1282,1276,1283,1171,1283,5159944,Kris Hughes,LOU,WR,12.0,12.0,12.0,5.1,61.2,61.2,61.2,0.0,61.2,-96.5,-92.4,-90.3,-90.3,-90.3,-90.3,,,,,,,,0.72,,1.0,,2026-08-25,,,,,0.5,,,0.0
1089,WR548,1087,1089,1284,1284,1278,1285,1173,1285,4712328,Anthony Simpson,TOL,WR,12.0,12.0,12.0,5.09,61.1,61.1,61.1,0.0,61.1,-96.6,-92.5,-90.4,-90.4,-90.4,-90.4,,,,,,,,0.74,,1.0,,2026-08-25,,,,,0.5,,,0.0
1090,WR549,1088,1090,1286,1286,1280,1287,1175,1287,5082009,Donovan Giles,FIU,WR,12.0,12.0,12.0,5.09,61.1,61.1,61.1,0.0,61.1,-96.6,-92.5,-90.4,-90.4,-90.4,-90.4,,,,,,,,0.74,,1.0,,2026-08-25,,,,,0.5,,,0.0
1091,RB364,1071,1091,1160,1160,1154,1161,1049,1161,5086097,Jaheim Merriweather,TROY,RB,12.0,12.0,12.0,5.6,67.2,67.2,67.2,0.0,67.2,-90.5,-92.0,-90.5,-90.5,-90.5,-90.5,,,,,,,,0.76,,1.0,,2026-08-25,,,,,0.5,,,0.0
1092,WR550,1095,1092,1290,1290,1284,1291,1179,1291,5125521,Arhmad Branch,USF,WR,12.0,12.0,12.0,5.08,60.9,60.9,60.9,0.0,60.9,-96.8,-92.7,-90.6,-90.6,-90.6,-90.6,,,,,,,,0.69,,1.0,,2026-08-25,,,,,0.5,,,0.0
1093,RB365,1075,1093,1164,1164,1158,1165,1053,1165,5155872,JayShon Ridgle,HOU,RB,12.0,12.0,12.0,5.58,67.0,67.0,67.0,0.0,67.0,-90.7,-92.2,-90.7,-90.7,-90.7,-90.7,,,,,,,,0.71,,1.0,,2026-08-25,,,,,0.5,,,0.0
1094,WR551,1099,1094,1292,1292,1286,1293,1181,1293,5141406,Deion DeBlanc,WYO,WR,12.0,12.0,12.0,5.07,60.8,60.8,60.8,0.0,60.8,-96.9,-92.8,-90.7,-90.7,-90.7,-90.7,,,,,,,,0.77,,1.0,,2026-08-25,,,,,0.5,,,0.0
1095,WR552,1100,1095,1293,1293,1287,1294,1182,1294,5179135,Travis Smith Jr.,TENN,WR,12.0,12.0,12.0,5.07,60.8,60.8,60.8,0.0,60.8,-96.9,-92.8,-90.7,-90.7,-90.7,-90.7,,,,,,,,0.68,,1.0,,2026-08-25,,,,,0.5,,,0.0
1096,WR553,1102,1096,1296,1296,1290,1297,1185,1297,5121471,Tyshawn Russell,SYR,WR,12.0,12.0,12.0,5.06,60.7,60.7,60.7,0.0,60.7,-97.0,-92.9,-90.8,-90.8,-90.8,-90.8,,,,,,,,0.74,,1.0,,2026-08-25,,,,,0.5,,,0.0
1097,WR554,1104,1097,1298,1298,1292,1299,1187,1299,5209425,Quinton Brown,BOIS,WR,12.0,12.0,12.0,5.06,60.7,60.7,60.7,0.0,60.7,-97.0,-92.9,-90.8,-90.8,-90.8,-90.8,,,,,,,,0.7,,1.0,,2026-08-25,,,,,0.5,,,0.0
1098,RB366,1080,1098,1169,1169,1163,1170,1058,1170,4921292,Isaiah Augustave,SC,RB,12.0,12.0,12.0,5.57,66.8,66.8,66.8,0.0,66.8,-90.9,-92.4,-90.9,-90.9,-90.9,-90.9,,,,,,,,0.9,,1.0,,2026-08-25,,,,,0.5,,,0.0
1099,RB367,1081,1099,1170,1170,1164,1171,1059,1171,5076584,TJ Washington Jr.,NMSU,RB,12.0,12.0,12.0,5.57,66.8,66.8,66.8,0.0,66.8,-90.9,-92.4,-90.9,-90.9,-90.9,-90.9,,,,,,,,0.71,,1.0,,2026-08-25,,,,,0.5,,,0.0
1100,RB368,1082,1100,1171,1171,1165,1172,1060,1172,5145737,Matt Fuller,SC,RB,12.0,12.0,12.0,5.57,66.8,66.8,66.8,0.0,66.8,-90.9,-92.4,-90.9,-90.9,-90.9,-90.9,,,,,,,,0.88,,1.0,,2026-08-25,,,,,0.5,,,0.0
1101,RB369,1083,1101,1172,1172,1166,1173,1061,1173,5159232,Jawarn Howell,SC,RB,12.0,12.0,12.0,5.57,66.8,66.8,66.8,0.0,66.8,-90.9,-92.4,-90.9,-90.9,-90.9,-90.9,,,,,,,,0.85,,1.0,,2026-08-25,,,,,0.5,,,0.0
1102,WR555,1105,1102,1299,1299,1293,1300,1188,1300,5141722,Michael Thomas III,RUTG,WR,12.0,12.0,12.0,5.05,60.6,60.6,60.6,0.0,60.6,-97.1,-93.0,-90.9,-90.9,-90.9,-90.9,,,,,,,,0.65,,1.0,,2026-08-25,,,,,0.5,,,0.0
1103,WR556,1106,1103,1300,1300,1294,1301,1189,1301,5193277,George Dimopoulos,NIU,WR,12.0,12.0,12.0,5.05,60.6,60.6,60.6,0.0,60.6,-97.1,-93.0,-90.9,-90.9,-90.9,-90.9,,,,,,,,0.77,,1.0,,2026-08-25,,,,,0.5,,,0.0
1104,RB370,1086,1104,1173,1173,1167,1174,1062,1174,4920191,Marquise Collins,UAB,RB,12.0,12.0,12.0,5.56,66.7,66.7,66.7,0.0,66.7,-91.0,-92.5,-91.0,-91.0,-91.0,-91.0,,,,,,,,0.73,,1.0,,2026-08-25,,,,,0.5,,,0.0
1105,WR557,1108,1105,1301,1301,1295,1302,1190,1302,5238869,Matt Long,AF,WR,12.0,12.0,12.0,5.04,60.5,60.5,60.5,0.0,60.5,-97.2,-93.1,-91.0,-91.0,-91.0,-91.0,,,,,,,,0.75,,1.0,,2026-08-25,,,,,0.5,,,0.0
1106,WR558,1113,1106,1303,1303,1297,1304,1192,1304,5085830,Rahkeem Smith,GT,WR,12.0,12.0,12.0,5.03,60.4,60.4,60.4,0.0,60.4,-97.3,-93.2,-91.1,-91.1,-91.1,-91.1,,,,,,,,0.72,,1.0,,2026-08-25,,,,,0.5,,,0.0
1107,RB371,1092,1107,1176,1176,1170,1177,1065,1177,4837391,Maurice Turner,TULN,RB,12.0,12.0,12.0,5.54,66.5,66.5,66.5,0.0,66.5,-91.2,-92.7,-91.2,-91.2,-91.2,-91.2,,,,,,,,0.87,,1.0,,2026-08-25,,,,,0.5,,,0.0
1108,RB372,1093,1108,1177,1177,1171,1178,1066,1178,4871148,Jaylin Lucas,TULN,RB,12.0,12.0,12.0,5.54,66.5,66.5,66.5,0.0,66.5,-91.2,-92.7,-91.2,-91.2,-91.2,-91.2,,,,,,,,0.91,,1.0,,2026-08-25,,,,,0.5,,,0.0
1109,RB373,1094,1109,1178,1178,1172,1179,1067,1179,5148838,Jamauri McClure,TULN,RB,12.0,12.0,12.0,5.54,66.5,66.5,66.5,0.0,66.5,-91.2,-92.7,-91.2,-91.2,-91.2,-91.2,,,,,,,,0.95,,1.0,,2026-08-25,,,,,0.5,,,0.0
1110,RB374,1096,1110,1181,1181,1175,1182,1070,1182,5085883,Jake Reichle,ORST,RB,12.0,12.0,12.0,5.53,66.4,66.4,66.4,0.0,66.4,-91.3,-92.8,-91.3,-91.3,-91.3,-91.3,,,,,,,,0.81,,1.0,,2026-08-25,,,,,0.5,,,0.0
1111,RB375,1097,1111,1182,1182,1176,1183,1071,1183,5167313,Cornell Hatcher Jr.,ORST,RB,12.0,12.0,12.0,5.53,66.4,66.4,66.4,0.0,66.4,-91.3,-92.8,-91.3,-91.3,-91.3,-91.3,,,,,,,,0.88,,1.0,,2026-08-25,,,,,0.5,,,0.0
1112,WR559,1114,1112,1305,1305,1299,1306,1194,1306,4879192,Jonah Burton,DUKE,WR,12.0,12.0,12.0,5.02,60.2,60.2,60.2,0.0,60.2,-97.5,-93.4,-91.3,-91.3,-91.3,-91.3,,,,,,,,0.69,,1.0,,2026-08-25,,,,,0.5,,,0.0
1113,TE40,996,1113,1184,1184,1178,1185,1073,1185,5092954,Max Dowling,MASS,TE,12.0,12.0,12.0,5.52,66.3,66.3,66.3,0.0,66.3,-91.4,-87.3,-91.4,-91.4,-91.4,-91.4,,,,,,,,0.96,,1.0,,2026-08-25,,,,,0.5,,,0.0
1114,RB376,1101,1114,1186,1186,1180,1187,1075,1187,5238020,Brendon Haygood,UNT,RB,12.0,12.0,12.0,5.52,66.3,66.3,66.3,0.0,66.3,-91.4,-92.9,-91.4,-91.4,-91.4,-91.4,,,,,,,,0.63,,1.0,,2026-08-25,,,,,0.5,,,0.0
1115,WR560,1115,1115,1307,1307,1301,1308,1196,1308,5085246,TyLyric Coleman,UVA,WR,12.0,12.0,12.0,5.01,60.1,60.1,60.1,0.0,60.1,-97.6,-93.5,-91.4,-91.4,-91.4,-91.4,,,,,,,,0.77,,1.0,,2026-08-25,,,,,0.5,,,0.0
1116,WR561,1116,1116,1308,1308,1302,1309,1197,1309,5148837,Dillon Lorick,ECU,WR,12.0,12.0,12.0,5.01,60.1,60.1,60.1,0.0,60.1,-97.6,-93.5,-91.4,-91.4,-91.4,-91.4,,,,,,,,0.69,,1.0,,2026-08-25,,,,,0.5,,,0.0
1117,WR562,1117,1117,1309,1309,1303,1310,1198,1310,5154886,Cyrus Traugh,WVU,WR,12.0,12.0,12.0,5.01,60.1,60.1,60.1,0.0,60.1,-97.6,-93.5,-91.4,-91.4,-91.4,-91.4,,,,,,,,0.65,,1.0,,2026-08-25,,,,,0.5,,,0.0
1118,WR563,1119,1118,1311,1311,1305,1312,1200,1312,5196350,Jaylan Brown,UTEP,WR,12.0,12.0,12.0,5.0,60.0,60.0,60.0,0.0,60.0,-97.7,-93.6,-91.5,-91.5,-91.5,-91.5,,,,,,,,0.74,,1.0,,2026-08-25,,,,,0.5,,,0.0
1119,RB377,1107,1119,1187,1187,1181,1188,1076,1188,4601283,Trey Cooley,WASH,RB,12.0,12.0,12.0,5.51,66.1,66.1,66.1,0.0,66.1,-91.6,-93.1,-91.6,-91.6,-91.6,-91.6,,,,,,,,0.73,,1.0,,2026-08-25,,,,,0.5,,,0.0
1120,RB378,1109,1120,1188,1188,1182,1189,1077,1189,4696976,Michael Johnson,SAC,RB,12.0,12.0,12.0,5.5,66.0,66.0,66.0,0.0,66.0,-91.7,-93.2,-91.7,-91.7,-91.7,-91.7,,,,,,,,0.71,,1.0,,2026-08-25,,,,,0.5,,,0.0
1121,RB379,1110,1121,1189,1189,1183,1190,1078,1190,5141686,James Simon,TEX,RB,12.0,12.0,12.0,5.5,66.0,66.0,66.0,0.0,66.0,-91.7,-93.2,-91.7,-91.7,-91.7,-91.7,,,,,,,,0.71,,1.0,,2026-08-25,,,,,0.5,,,0.0
1122,RB380,1111,1122,1190,1190,1184,1191,1079,1191,5146708,Sean Patrick,AKR,RB,12.0,12.0,12.0,5.5,66.0,66.0,66.0,0.0,66.0,-91.7,-93.2,-91.7,-91.7,-91.7,-91.7,,,,,,,,0.84,,1.0,,2026-08-25,,,,,0.5,,,0.0
1123,QB140,1563,1123,293,293,289,300,188,300,5147757,Arrington Maiden,JMU,QB,12.0,12.0,12.0,11.02,132.2,132.2,132.2,0.0,132.2,-112.9,-113.0,-96.1,-91.8,-91.8,-91.8,,,,,,,,0.74,,1.0,,2026-08-25,,,,,0.5,,,0.0
1124,WR564,1121,1124,1313,1313,1307,1314,1202,1314,5195409,Bryson Jones,TTU,WR,12.0,12.0,12.0,4.98,59.7,59.7,59.7,0.0,59.7,-98.0,-93.9,-91.8,-91.8,-91.8,-91.8,,,,,,,,0.62,,1.0,,2026-08-25,,,,,0.5,,,0.0
1125,WR565,1123,1125,1314,1314,1308,1315,1203,1315,4833238,Jaydon Johnson,UL,WR,12.0,12.0,12.0,4.97,59.6,59.6,59.6,0.0,59.6,-98.1,-94.0,-91.9,-91.9,-91.9,-91.9,,,,,,,,0.77,,1.0,,2026-08-25,,,,,0.5,,,0.0
1126,WR566,1125,1126,1316,1316,1310,1317,1205,1317,5210164,Bryce Yates,PITT,WR,12.0,12.0,12.0,4.96,59.5,59.5,59.5,0.0,59.5,-98.2,-94.1,-92.0,-92.0,-92.0,-92.0,,,,,,,,0.79,,1.0,,2026-08-25,,,,,0.5,,,0.0
1127,WR567,1126,1127,1317,1317,1311,1318,1206,1318,4870747,Adam Hopkins IV,CLT,WR,12.0,12.0,12.0,4.95,59.4,59.4,59.4,0.0,59.4,-98.3,-94.2,-92.1,-92.1,-92.1,-92.1,,,,,,,,0.7,,1.0,,2026-08-25,,,,,0.5,,,0.0
1128,TE41,1009,1128,1200,1200,1194,1201,1089,1201,5088143,Terik Mulder,KENT,TE,12.0,12.0,12.0,5.45,65.4,65.4,65.4,0.0,65.4,-92.3,-88.2,-92.3,-92.3,-92.3,-92.3,,,,,,,,0.94,,1.0,,2026-08-25,,,,,0.5,,,0.0
1129,TE42,1011,1129,1202,1202,1196,1203,1091,1203,5218931,DJ Vonnahme,IOWA,TE,12.0,12.0,12.0,5.45,65.4,65.4,65.4,0.0,65.4,-92.3,-88.2,-92.3,-92.3,-92.3,-92.3,,,,,,,,0.92,,1.0,,2026-08-25,,,,,0.5,,,0.0
1130,WR568,1130,1130,1322,1322,1316,1323,1211,1323,4870696,Malik Elzy,LSU,WR,12.0,12.0,12.0,4.93,59.2,59.2,59.2,0.0,59.2,-98.5,-94.4,-92.3,-92.3,-92.3,-92.3,,,,,,,,0.6,,1.0,,2026-08-25,,,,,0.5,,,0.0
1131,WR569,1131,1131,1323,1323,1317,1324,1212,1324,5082662,Cole Boscia,CAL,WR,12.0,12.0,12.0,4.93,59.2,59.2,59.2,0.0,59.2,-98.5,-94.4,-92.3,-92.3,-92.3,-92.3,,,,,,,,0.74,,1.0,,2026-08-25,,,,,0.5,,,0.0
1132,RB381,1120,1132,1203,1203,1197,1204,1092,1204,5219258,Aiden Flora,ISU,RB,12.0,12.0,12.0,5.44,65.3,65.3,65.3,0.0,65.3,-92.4,-93.9,-92.4,-92.4,-92.4,-92.4,,,,,,,,0.71,,1.0,,2026-08-25,,,,,0.5,,,0.0
1133,WR570,1132,1133,1326,1326,1320,1327,1215,1327,4430897,Alex Adams,AKR,WR,12.0,12.0,12.0,4.92,59.1,59.1,59.1,0.0,59.1,-98.6,-94.5,-92.4,-92.4,-92.4,-92.4,,,,,,,,0.73,,1.0,,2026-08-25,,,,,0.5,,,0.0
1134,RB382,1122,1134,1205,1205,1199,1206,1094,1206,4917858,Cole Cabana,WMU,RB,12.0,12.0,12.0,5.43,65.2,65.2,65.2,0.0,65.2,-92.5,-94.0,-92.5,-92.5,-92.5,-92.5,,,,,,,,0.77,,1.0,,2026-08-25,,,,,0.5,,,0.0
1135,WR571,1138,1135,1332,1332,1326,1333,1221,1333,5079289,TJ Abrams,FLA,WR,12.0,12.0,12.0,4.91,58.9,58.9,58.9,0.0,58.9,-98.8,-94.7,-92.6,-92.6,-92.6,-92.6,,,,,,,,0.81,,1.0,,2026-08-25,,,,,0.5,,,0.0
1136,WR572,1139,1136,1333,1333,1327,1334,1222,1334,5081704,Leo Scheidler,M-OH,WR,12.0,12.0,12.0,4.91,58.9,58.9,58.9,0.0,58.9,-98.8,-94.7,-92.6,-92.6,-92.6,-92.6,,,,,,,,0.79,,1.0,,2026-08-25,,,,,0.5,,,0.0
1137,WR573,1140,1137,1334,1334,1328,1335,1223,1335,5114594,Brycen Coleman,VAN,WR,12.0,12.0,12.0,4.91,58.9,58.9,58.9,0.0,58.9,-98.8,-94.7,-92.6,-92.6,-92.6,-92.6,,,,,,,,0.78,,1.0,,2026-08-25,,,,,0.5,,,0.0
1138,TE43,1016,1138,1206,1206,1200,1207,1095,1207,5081611,Mason Williams,OSU,TE,12.0,12.0,12.0,5.42,65.0,65.0,65.0,0.0,65.0,-92.7,-88.6,-92.7,-92.7,-92.7,-92.7,,,,,,,,0.93,,1.0,,2026-08-25,,,,,0.5,,,0.0
1139,TE44,1017,1139,1207,1207,1201,1208,1096,1208,5154262,Gavin Harris,GT,TE,12.0,12.0,12.0,5.42,65.0,65.0,65.0,0.0,65.0,-92.7,-88.6,-92.7,-92.7,-92.7,-92.7,,,,,,,,0.88,,1.0,,2026-08-25,,,,,0.5,,,0.0
1140,WR574,1141,1140,1336,1336,1330,1337,1225,1337,5159234,Nigel Johnson,WKU,WR,12.0,12.0,12.0,4.9,58.8,58.8,58.8,0.0,58.8,-98.9,-94.8,-92.7,-92.7,-92.7,-92.7,,,,,,,,0.74,,1.0,,2026-08-25,,,,,0.5,,,0.0
1141,WR575,1142,1141,1337,1337,1331,1338,1226,1338,5293893,KD Hunter-Gibson,CLT,WR,12.0,12.0,12.0,4.9,58.8,58.8,58.8,0.0,58.8,-98.9,-94.8,-92.7,-92.7,-92.7,-92.7,,,,,,,,0.72,,1.0,,2026-08-25,,,,,0.5,,,0.0
1142,WR576,1145,1142,1339,1339,1333,1340,1228,1340,4916888,Bert Emanuel Jr.,SDSU,WR,12.0,12.0,12.0,4.89,58.7,58.7,58.7,0.0,58.7,-99.0,-94.9,-92.8,-92.8,-92.8,-92.8,,,,,,,,0.83,,1.0,,2026-08-25,,,,,0.5,,,0.0
1143,RB383,1129,1143,1211,1211,1205,1212,1100,1212,4899136,Micah Bell,UGA,RB,12.0,12.0,12.0,5.4,64.8,64.8,64.8,0.0,64.8,-92.9,-94.4,-92.9,-92.9,-92.9,-92.9,,,,,,,,0.73,,1.0,,2026-08-25,,,,,0.5,,,0.0
1144,TE45,1024,1144,1213,1213,1207,1214,1102,1214,5079503,Elija Lofton,MIA,TE,12.0,12.0,12.0,5.39,64.7,64.7,64.7,0.0,64.7,-93.0,-88.9,-93.0,-93.0,-93.0,-93.0,,,,,,,,0.94,,1.0,,2026-08-25,,,,,0.5,,,0.0
1145,TE46,1025,1145,1214,1214,1208,1215,1103,1215,4683306,Landon Morris,WAKE,TE,12.0,12.0,12.0,5.38,64.6,64.6,64.6,0.0,64.6,-93.1,-89.0,-93.1,-93.1,-93.1,-93.1,,,,,,,,0.87,,1.0,,2026-08-25,,,,,0.5,,,0.0
1146,RB384,1134,1146,1216,1216,1210,1217,1105,1217,5219689,Sione Moa,BYU,RB,12.0,12.0,12.0,5.38,64.6,64.6,64.6,0.0,64.6,-93.1,-94.6,-93.1,-93.1,-93.1,-93.1,,,,,,,,0.83,,1.0,,2026-08-25,,,,,0.5,,,0.0
1147,WR577,1148,1147,1342,1342,1336,1343,1231,1343,5119233,Dayton Howard,IOWA,WR,12.0,12.0,12.0,4.87,58.4,58.4,58.4,0.0,58.4,-99.3,-95.2,-93.1,-93.1,-93.1,-93.1,,,,,,,,0.72,,1.0,,2026-08-25,,,,,0.5,,,0.0
1148,WR578,1149,1148,1343,1343,1337,1344,1232,1344,5141575,Daylan McCutcheon,TEX,WR,12.0,12.0,12.0,4.87,58.4,58.4,58.4,0.0,58.4,-99.3,-95.2,-93.1,-93.1,-93.1,-93.1,,,,,,,,0.71,,1.0,,2026-08-25,,,,,0.5,,,0.0
1149,TE47,1027,1149,1218,1218,1212,1219,1107,1219,4569262,Alex Honig,NU,TE,12.0,12.0,12.0,5.38,64.5,64.5,64.5,0.0,64.5,-93.2,-89.1,-93.2,-93.2,-93.2,-93.2,,,,,,,,0.92,,1.0,,2026-08-25,,,,,0.5,,,0.0
1150,WR579,1151,1150,1347,1347,1341,1348,1236,1348,4685396,Anthony Ivey,SJSU,WR,12.0,12.0,12.0,4.86,58.3,58.3,58.3,0.0,58.3,-99.4,-95.3,-93.2,-93.2,-93.2,-93.2,,,,,,,,0.76,,1.0,,2026-08-25,,,,,0.5,,,0.0
1151,WR580,1153,1151,1349,1349,1343,1350,1238,1350,5149910,Tristen Brown,VAN,WR,12.0,12.0,12.0,4.86,58.3,58.3,58.3,0.0,58.3,-99.4,-95.3,-93.2,-93.2,-93.2,-93.2,,,,,,,,0.77,,1.0,,2026-08-25,,,,,0.5,,,0.0
1152,WR581,1154,1152,1351,1351,1345,1352,1240,1352,5207931,Terrence Lewis,OKST,WR,12.0,12.0,12.0,4.86,58.3,58.3,58.3,0.0,58.3,-99.4,-95.3,-93.2,-93.2,-93.2,-93.2,,,,,,,,0.82,,1.0,,2026-08-25,,,,,0.5,,,0.0
1153,WR582,1157,1153,1353,1353,1347,1354,1242,1354,5257993,Kayleb Barnett,VAN,WR,12.0,12.0,12.0,4.85,58.2,58.2,58.2,0.0,58.2,-99.5,-95.4,-93.3,-93.3,-93.3,-93.3,,,,,,,,0.79,,1.0,,2026-08-25,,,,,0.5,,,0.0
1154,RB385,1143,1154,1223,1223,1217,1224,1112,1224,5078006,Iverson Young,MOST,RB,12.0,12.0,12.0,5.36,64.3,64.3,64.3,0.0,64.3,-93.4,-94.9,-93.4,-93.4,-93.4,-93.4,,,,,,,,0.73,,1.0,,2026-08-25,,,,,0.5,,,0.0
1155,WR583,1159,1155,1354,1354,1348,1355,1243,1355,5228004,Isiah St. Romain,NDSU,WR,12.0,12.0,12.0,4.84,58.1,58.1,58.1,0.0,58.1,-99.6,-95.5,-93.4,-93.4,-93.4,-93.4,,,,,,,,0.78,,1.0,,2026-08-25,,,,,0.5,,,0.0
1156,QB141,1607,1156,300,300,296,307,195,307,5081405,AJ Swann,MSST,QB,12.0,12.0,12.0,10.88,130.5,130.5,130.5,0.0,130.5,-114.6,-114.7,-97.8,-93.5,-93.5,-93.5,,,,,,,,0.79,,1.0,,2026-08-25,,,,,0.5,,,0.0
1157,RB386,1147,1157,1227,1227,1221,1228,1116,1228,5193496,Jay Harris,KSU,RB,12.0,12.0,12.0,5.33,64.0,64.0,64.0,0.0,64.0,-93.7,-95.2,-93.7,-93.7,-93.7,-93.7,,,,,,,,0.82,,1.0,,2026-08-25,,,,,0.5,,,0.0
1158,TE48,1035,1158,1228,1228,1222,1229,1117,1229,5079324,Christian Bentancur,CLEM,TE,12.0,12.0,12.0,5.32,63.9,63.9,63.9,0.0,63.9,-93.8,-89.7,-93.8,-93.8,-93.8,-93.8,,,,,,,,0.93,,1.0,,2026-08-25,,,,,0.5,,,0.0
1159,RB387,1150,1159,1231,1231,1225,1232,1120,1232,5141522,Iverson Howard,MD,RB,12.0,12.0,12.0,5.32,63.9,63.9,63.9,0.0,63.9,-93.8,-95.3,-93.8,-93.8,-93.8,-93.8,,,,,,,,0.84,,1.0,,2026-08-25,,,,,0.5,,,0.0
1160,WR584,1161,1160,1357,1357,1352,1358,1246,1358,5112634,Jaylin Marshall,GAST,WR,12.0,12.0,12.0,4.81,57.7,57.7,57.7,0.0,57.7,-100.0,-95.9,-93.8,-93.8,-93.8,-93.8,,,,,,,,0.74,,1.0,,2026-08-25,,,,,0.5,,,0.0
1161,WR585,1164,1161,1360,1360,1355,1361,1249,1361,5108220,Kendrick Bell,MICH,WR,12.0,12.0,12.0,4.8,57.6,57.6,57.6,0.0,57.6,-100.1,-96.0,-93.9,-93.9,-93.9,-93.9,,,,,,,,0.66,,1.0,,2026-08-25,,,,,0.5,,,0.0
1162,TE49,1040,1162,1234,1234,1228,1235,1123,1235,4869390,Wyatt Sullivan,USF,TE,12.0,12.0,12.0,5.31,63.7,63.7,63.7,0.0,63.7,-94.0,-89.9,-94.0,-94.0,-94.0,-94.0,,,,,,,,0.99,,1.0,,2026-08-25,,,,,0.5,,,0.0
1163,RB388,1158,1163,1236,1236,1230,1237,1125,1237,5296294,Jaylon Coleman,LIB,RB,12.0,12.0,12.0,5.31,63.7,63.7,63.7,0.0,63.7,-94.0,-95.5,-94.0,-94.0,-94.0,-94.0,,,,,,,,0.82,,1.0,,2026-08-25,,,,,0.5,,,0.0
1164,WR586,1166,1164,1362,1362,1357,1363,1251,1363,5192958,Dominic Overby,ISU,WR,12.0,12.0,12.0,4.79,57.5,57.5,57.5,0.0,57.5,-100.2,-96.1,-94.0,-94.0,-94.0,-94.0,,,,,,,,0.72,,1.0,,2026-08-25,,,,,0.5,,,0.0
1165,WR587,1169,1165,1365,1365,1360,1366,1254,1366,5149265,Kylen Evans,TXST,WR,12.0,12.0,12.0,4.78,57.4,57.4,57.4,0.0,57.4,-100.3,-96.2,-94.1,-94.1,-94.1,-94.1,,,,,,,,0.76,,1.0,,2026-08-25,,,,,0.5,,,0.0
1166,WR588,1170,1166,1366,1366,1361,1367,1255,1367,5151342,Cooper Hoch,SJSU,WR,12.0,12.0,12.0,4.78,57.4,57.4,57.4,0.0,57.4,-100.3,-96.2,-94.1,-94.1,-94.1,-94.1,,,,,,,,0.74,,1.0,,2026-08-25,,,,,0.5,,,0.0
1167,WR589,1171,1167,1367,1367,1362,1368,1256,1368,5081172,Xayvion Turner-Bradshaw,MRSH,WR,12.0,12.0,12.0,4.77,57.3,57.3,57.3,0.0,57.3,-100.4,-96.3,-94.2,-94.2,-94.2,-94.2,,,,,,,,0.76,,1.0,,2026-08-25,,,,,0.5,,,0.0
1168,WR590,1172,1168,1369,1369,1364,1370,1258,1370,5218381,Jalen Mickens,LT,WR,12.0,12.0,12.0,4.77,57.3,57.3,57.3,0.0,57.3,-100.4,-96.3,-94.2,-94.2,-94.2,-94.2,,,,,,,,0.87,,1.0,,2026-08-25,,,,,0.5,,,0.0
1169,TE50,1046,1169,1238,1238,1232,1239,1127,1239,4799991,Cole Spence,VAN,TE,12.0,12.0,12.0,5.28,63.4,63.4,63.4,0.0,63.4,-94.3,-90.2,-94.3,-94.3,-94.3,-94.3,,,,,,,,0.94,,1.0,,2026-08-25,,,,,0.5,,,0.0
1170,RB389,1160,1170,1241,1241,1235,1242,1130,1242,5223131,Rocco Conti,AF,RB,12.0,12.0,12.0,5.28,63.4,63.4,63.4,0.0,63.4,-94.3,-95.8,-94.3,-94.3,-94.3,-94.3,,,,,,,,0.81,,1.0,,2026-08-25,,,,,0.5,,,0.0
1171,WR591,1175,1171,1370,1370,1365,1371,1259,1371,4685517,Talyn Shettron,LT,WR,12.0,12.0,12.0,4.77,57.2,57.2,57.2,0.0,57.2,-100.5,-96.4,-94.3,-94.3,-94.3,-94.3,,,,,,,,0.68,,1.0,,2026-08-25,,,,,0.5,,,0.0
1172,WR592,1177,1172,1373,1373,1368,1374,1262,1374,5079354,Stonka Burnside,MEM,WR,12.0,12.0,12.0,4.76,57.1,57.1,57.1,0.0,57.1,-100.6,-96.5,-94.4,-94.4,-94.4,-94.4,,,,,,,,0.74,,1.0,,2026-08-25,,,,,0.5,,,0.0
1173,WR593,1178,1173,1374,1374,1369,1375,1263,1375,5084310,Kenji Lewis,NIU,WR,12.0,12.0,12.0,4.76,57.1,57.1,57.1,0.0,57.1,-100.6,-96.5,-94.4,-94.4,-94.4,-94.4,,,,,,,,0.74,,1.0,,2026-08-25,,,,,0.5,,,0.0
1174,WR594,1179,1174,1375,1375,1370,1376,1264,1376,5181735,Antavious Murphy,GASO,WR,12.0,12.0,12.0,4.76,57.1,57.1,57.1,0.0,57.1,-100.6,-96.5,-94.4,-94.4,-94.4,-94.4,,,,,,,,0.72,,1.0,,2026-08-25,,,,,0.5,,,0.0
1175,TE51,1052,1175,1244,1244,1238,1245,1133,1245,4870843,Theo Melin Ohrstrom,SMU,TE,12.0,12.0,12.0,5.27,63.2,63.2,63.2,0.0,63.2,-94.5,-90.4,-94.5,-94.5,-94.5,-94.5,,,,,,,,0.92,,1.0,,2026-08-25,,,,,0.5,,,0.0
1176,WR595,1181,1176,1377,1377,1372,1378,1266,1378,4870912,Traylon Ray,MISS,WR,12.0,12.0,12.0,4.75,57.0,57.0,57.0,0.0,57.0,-100.7,-96.6,-94.5,-94.5,-94.5,-94.5,,,,,,,,0.61,,1.0,,2026-08-25,,,,,0.5,,,0.0
1177,RB390,1165,1177,1248,1248,1242,1249,1137,1249,5079552,Nate Palmer,WIS,RB,12.0,12.0,12.0,5.26,63.1,63.1,63.1,0.0,63.1,-94.6,-96.1,-94.6,-94.6,-94.6,-94.6,,,,,,,,0.85,,1.0,,2026-08-25,,,,,0.5,,,0.0
1178,WR596,1182,1178,1378,1378,1373,1379,1267,1379,4700147,Joseph Griffin Jr.,MASS,WR,12.0,12.0,12.0,4.74,56.9,56.9,56.9,0.0,56.9,-100.8,-96.7,-94.6,-94.6,-94.6,-94.6,,,,,,,,0.77,,1.0,,2026-08-25,,,,,0.5,,,0.0
1179,WR597,1183,1179,1380,1380,1376,1381,1269,1381,4714046,Tyrell Henry,WIS,WR,12.0,12.0,12.0,4.73,56.8,56.8,56.8,0.0,56.8,-100.9,-96.8,-94.7,-94.7,-94.7,-94.7,,,,,,,,0.74,,1.0,,2026-08-25,,,,,0.5,,,0.0
1180,RB391,1173,1180,1258,1258,1252,1259,1147,1259,5103798,Daelen Alexander,CCU,RB,12.0,12.0,12.0,5.23,62.8,62.8,62.8,0.0,62.8,-94.9,-96.4,-94.9,-94.9,-94.9,-94.9,,,,,,,,0.87,,1.0,,2026-08-25,,,,,0.5,,,0.0
1181,RB392,1174,1181,1260,1260,1254,1261,1149,1261,5265325,Jevon Edwards,CCU,RB,12.0,12.0,12.0,5.23,62.8,62.8,62.8,0.0,62.8,-94.9,-96.4,-94.9,-94.9,-94.9,-94.9,,,,,,,,0.92,,1.0,,2026-08-25,,,,,0.5,,,0.0
1182,RB393,1176,1182,1263,1263,1257,1264,1152,1264,5079622,Tovani Mizell,UK,RB,12.0,12.0,12.0,5.22,62.7,62.7,62.7,0.0,62.7,-95.0,-96.5,-95.0,-95.0,-95.0,-95.0,,,,,,,,0.82,,1.0,,2026-08-25,,,,,0.5,,,0.0
1183,WR598,1186,1183,1383,1383,1379,1384,1272,1384,4920229,Jerry McClure,SJSU,WR,12.0,12.0,12.0,4.71,56.5,56.5,56.5,0.0,56.5,-101.2,-97.1,-95.0,-95.0,-95.0,-95.0,,,,,,,,0.75,,1.0,,2026-08-25,,,,,0.5,,,0.0
1184,WR599,1187,1184,1386,1386,1382,1387,1275,1387,5219662,Dominique McKenzie,SJSU,WR,12.0,12.0,12.0,4.7,56.4,56.4,56.4,0.0,56.4,-101.3,-97.2,-95.1,-95.1,-95.1,-95.1,,,,,,,,0.67,,1.0,,2026-08-25,,,,,0.5,,,0.0
1185,WR600,1188,1185,1387,1387,1383,1388,1276,1388,5296832,Tim Burns Jr.,SHSU,WR,12.0,12.0,12.0,4.7,56.4,56.4,56.4,0.0,56.4,-101.3,-97.2,-95.1,-95.1,-95.1,-95.1,,,,,,,,0.82,,1.0,,2026-08-25,,,,,0.5,,,0.0
1186,WR601,1189,1186,1388,1388,1384,1389,1277,1389,5155579,Cameron Flowers,WKU,WR,12.0,12.0,12.0,4.69,56.3,56.3,56.3,0.0,56.3,-101.4,-97.3,-95.2,-95.2,-95.2,-95.2,,,,,,,,0.79,,1.0,,2026-08-25,,,,,0.5,,,0.0
1187,WR602,1193,1187,1390,1390,1386,1391,1279,1391,4950550,JeyQuan Smith,USF,WR,12.0,12.0,12.0,4.68,56.2,56.2,56.2,0.0,56.2,-101.5,-97.4,-95.3,-95.3,-95.3,-95.3,,,,,,,,0.68,,1.0,,2026-08-25,,,,,0.5,,,0.0
1188,WR603,1195,1188,1392,1392,1388,1393,1281,1393,5123477,Courtney Crutchfield,ARK,WR,12.0,12.0,12.0,4.68,56.2,56.2,56.2,0.0,56.2,-101.5,-97.4,-95.3,-95.3,-95.3,-95.3,,,,,,,,0.78,,1.0,,2026-08-25,,,,,0.5,,,0.0
1189,WR604,1196,1189,1393,1393,1389,1394,1282,1394,5141597,Cooper Perry,CAL,WR,12.0,12.0,12.0,4.68,56.2,56.2,56.2,0.0,56.2,-101.5,-97.4,-95.3,-95.3,-95.3,-95.3,,,,,,,,0.76,,1.0,,2026-08-25,,,,,0.5,,,0.0
1190,WR605,1197,1190,1396,1396,1392,1397,1285,1397,5150538,Devin Hyatt,M-OH,WR,12.0,12.0,12.0,4.68,56.1,56.1,56.1,0.0,56.1,-101.6,-97.5,-95.4,-95.4,-95.4,-95.4,,,,,,,,0.66,,1.0,,2026-08-25,,,,,0.5,,,0.0
1191,WR606,1198,1191,1398,1398,1394,1399,1287,1399,5296382,David Pierro,LT,WR,12.0,12.0,12.0,4.67,56.0,56.0,56.0,0.0,56.0,-101.7,-97.6,-95.5,-95.5,-95.5,-95.5,,,,,,,,0.78,,1.0,,2026-08-25,,,,,0.5,,,0.0
1192,RB394,1185,1192,1267,1267,1261,1268,1156,1268,5146273,Dennis Murray Jr.,GAST,RB,12.0,12.0,12.0,5.18,62.1,62.1,62.1,0.0,62.1,-95.6,-97.1,-95.6,-95.6,-95.6,-95.6,,,,,,,,0.78,,1.0,,2026-08-25,,,,,0.5,,,0.0
1193,WR607,1199,1193,1399,1399,1395,1400,1288,1400,5149831,Kayden McGee,UNLV,WR,12.0,12.0,12.0,4.66,55.9,55.9,55.9,0.0,55.9,-101.8,-97.7,-95.6,-95.6,-95.6,-95.6,,,,,,,,0.73,,1.0,,2026-08-25,,,,,0.5,,,0.0
1194,QB142,1672,1194,318,318,313,324,212,324,5084404,Liam O'Brien,CIN,QB,12.0,12.0,12.0,10.69,128.3,128.3,128.3,0.0,128.3,-116.8,-116.9,-100.0,-95.7,-95.7,-95.7,,,,,,,,0.84,,1.0,,2026-08-25,,,,,0.5,,,0.0
1195,WR608,1201,1195,1400,1400,1396,1401,1289,1401,5141795,Braylon Isom,M-OH,WR,12.0,12.0,12.0,4.65,55.8,55.8,55.8,0.0,55.8,-101.9,-97.8,-95.7,-95.7,-95.7,-95.7,,,,,,,,0.81,,1.0,,2026-08-25,,,,,0.5,,,0.0
1196,WR609,1202,1196,1401,1401,1397,1402,1290,1402,5150373,Tobi Olawole,ARMY,WR,12.0,12.0,12.0,4.65,55.8,55.8,55.8,0.0,55.8,-101.9,-97.8,-95.7,-95.7,-95.7,-95.7,,,,,,,,0.82,,1.0,,2026-08-25,,,,,0.5,,,0.0
1197,WR610,1203,1197,1402,1402,1398,1403,1291,1403,5209464,Brian Rowe Jr.,UCLA,WR,12.0,12.0,12.0,4.65,55.8,55.8,55.8,0.0,55.8,-101.9,-97.8,-95.7,-95.7,-95.7,-95.7,,,,,,,,0.79,,1.0,,2026-08-25,,,,,0.5,,,0.0
1198,RB395,1191,1198,1269,1269,1263,1270,1158,1270,5193262,Bryce Baker,GASO,RB,12.0,12.0,12.0,5.15,61.8,61.8,61.8,0.0,61.8,-95.9,-97.4,-95.9,-95.9,-95.9,-95.9,,,,,,,,0.76,,1.0,,2026-08-25,,,,,0.5,,,0.0
1199,RB396,1192,1199,1270,1270,1264,1271,1159,1271,5197158,Malachi James,EMU,RB,12.0,12.0,12.0,5.15,61.8,61.8,61.8,0.0,61.8,-95.9,-97.4,-95.9,-95.9,-95.9,-95.9,,,,,,,,0.78,,1.0,,2026-08-25,,,,,0.5,,,0.0
1200,WR611,1206,1200,1404,1404,1400,1405,1293,1405,5122096,KeDarius Wade,UL,WR,12.0,12.0,12.0,4.63,55.6,55.6,55.6,0.0,55.6,-102.1,-98.0,-95.9,-95.9,-95.9,-95.9,,,,,,,,0.65,,1.0,,2026-08-25,,,,,0.5,,,0.0
1201,WR612,1210,1201,1407,1407,1403,1408,1296,1408,4870809,Braylon James,TCU,WR,12.0,12.0,12.0,4.62,55.4,55.4,55.4,0.0,55.4,-102.3,-98.2,-96.1,-96.1,-96.1,-96.1,,,,,,,,0.62,,1.0,,2026-08-25,,,,,0.5,,,0.0
1202,WR613,1213,1202,1412,1412,1408,1413,1301,1413,4870739,Christian Hamilton,MRSH,WR,12.0,12.0,12.0,4.61,55.3,55.3,55.3,0.0,55.3,-102.4,-98.3,-96.2,-96.2,-96.2,-96.2,,,,,,,,0.56,,1.0,,2026-08-25,,,,,0.5,,,0.0
1203,RB397,1200,1203,1277,1277,1271,1278,1166,1278,5075952,Trey Cornist,CONN,RB,12.0,12.0,12.0,5.12,61.4,61.4,61.4,0.0,61.4,-96.3,-97.8,-96.3,-96.3,-96.3,-96.3,,,,,,,,0.84,,1.0,,2026-08-25,,,,,0.5,,,0.0
1204,WR614,1216,1204,1415,1415,1411,1416,1304,1416,4430798,Kyler Pearson,ECU,WR,12.0,12.0,12.0,4.6,55.2,55.2,55.2,0.0,55.2,-102.5,-98.4,-96.3,-96.3,-96.3,-96.3,,,,,,,,0.69,,1.0,,2026-08-25,,,,,0.5,,,0.0
1205,WR615,1217,1205,1416,1416,1412,1417,1305,1417,4921291,Ricky Ahumaraeze,NU,WR,12.0,12.0,12.0,4.6,55.2,55.2,55.2,0.0,55.2,-102.5,-98.4,-96.3,-96.3,-96.3,-96.3,,,,,,,,0.75,,1.0,,2026-08-25,,,,,0.5,,,0.0
1206,RB398,1204,1206,1279,1279,1273,1280,1168,1280,5141488,Zion Johnson,CIN,RB,12.0,12.0,12.0,5.11,61.3,61.3,61.3,0.0,61.3,-96.4,-97.9,-96.4,-96.4,-96.4,-96.4,,,,,,,,0.76,,1.0,,2026-08-25,,,,,0.5,,,0.0
1207,WR616,1219,1207,1417,1417,1413,1418,1306,1418,5159290,Aviyon Smith-Mack,SHSU,WR,12.0,12.0,12.0,4.59,55.1,55.1,55.1,0.0,55.1,-102.6,-98.5,-96.4,-96.4,-96.4,-96.4,,,,,,,,0.76,,1.0,,2026-08-25,,,,,0.5,,,0.0
1208,QB143,1704,1208,323,323,318,329,217,329,5164314,Scotty Fox Jr.,WVU,QB,12.0,12.0,12.0,10.62,127.5,127.5,127.5,0.0,127.5,-117.6,-117.7,-100.8,-96.5,-96.5,-96.5,,,,,,,,0.86,,1.0,,2026-08-25,,,,,0.5,,,0.0
1209,RB399,1205,1209,1283,1283,1277,1284,1172,1284,5295197,Konyae Hunter,CSU,RB,12.0,12.0,12.0,5.1,61.2,61.2,61.2,0.0,61.2,-96.5,-98.0,-96.5,-96.5,-96.5,-96.5,,,,,,,,0.69,,1.0,,2026-08-25,,,,,0.5,,,0.0
1210,WR617,1220,1210,1419,1419,1415,1420,1308,1420,5191056,Donovan Hamilton,BALL,WR,12.0,12.0,12.0,4.58,55.0,55.0,55.0,0.0,55.0,-102.7,-98.6,-96.5,-96.5,-96.5,-96.5,,,,,,,,0.78,,1.0,,2026-08-25,,,,,0.5,,,0.0
1211,WR618,1221,1211,1420,1420,1416,1421,1309,1421,5199946,Gabe Daniels,TULN,WR,12.0,12.0,12.0,4.58,55.0,55.0,55.0,0.0,55.0,-102.7,-98.6,-96.5,-96.5,-96.5,-96.5,,,,,,,,0.68,,1.0,,2026-08-25,,,,,0.5,,,0.0
1212,RB400,1208,1212,1285,1285,1279,1286,1174,1286,4826636,Jordan Anderson,ILL,RB,12.0,12.0,12.0,5.09,61.1,61.1,61.1,0.0,61.1,-96.6,-98.1,-96.6,-96.6,-96.6,-96.6,,,,,,,,0.88,,1.0,,2026-08-25,,,,,0.5,,,0.0
1213,TE52,1089,1213,1287,1287,1281,1288,1176,1288,5221043,Walker Lyons,BYU,TE,12.0,12.0,12.0,5.09,61.1,61.1,61.1,0.0,61.1,-96.6,-92.5,-96.6,-96.6,-96.6,-96.6,,,,,,,,0.9,,1.0,,2026-08-25,,,,,0.5,,,0.0
1214,RB401,1209,1214,1288,1288,1282,1289,1177,1289,5081966,Colin Page,UNT,RB,12.0,12.0,12.0,5.08,61.0,61.0,61.0,0.0,61.0,-96.7,-98.2,-96.7,-96.7,-96.7,-96.7,,,,,,,,0.6,,1.0,,2026-08-25,,,,,0.5,,,0.0
1215,TE53,1090,1215,1289,1289,1283,1290,1178,1290,5138451,Luke Reynolds,VT,TE,12.0,12.0,12.0,5.08,61.0,61.0,61.0,0.0,61.0,-96.7,-92.6,-96.7,-96.7,-96.7,-96.7,,,,,,,,0.87,,1.0,,2026-08-25,,,,,0.5,,,0.0
1216,WR619,1222,1216,1421,1421,1417,1422,1310,1422,5114593,Ivan Carreon,OU,WR,12.0,12.0,12.0,4.57,54.8,54.8,54.8,0.0,54.8,-102.9,-98.8,-96.7,-96.7,-96.7,-96.7,,,,,,,,0.69,,1.0,,2026-08-25,,,,,0.5,,,0.0
1217,WR620,1223,1217,1422,1422,1418,1423,1311,1423,5148664,Corey Simms,USC,WR,12.0,12.0,12.0,4.57,54.8,54.8,54.8,0.0,54.8,-102.9,-98.8,-96.7,-96.7,-96.7,-96.7,,,,,,,,0.64,,1.0,,2026-08-25,,,,,0.5,,,0.0
1218,TE54,1098,1218,1291,1291,1285,1292,1180,1292,4432774,Ty Thompson,TULN,TE,12.0,12.0,12.0,5.07,60.8,60.8,60.8,0.0,60.8,-96.9,-92.8,-96.9,-96.9,-96.9,-96.9,,,,,,,,0.84,,1.0,,2026-08-25,,,,,0.5,,,0.0
1219,RB402,1215,1219,1294,1294,1288,1295,1183,1295,5296720,Tiger Riden Jr.,TA&M,RB,12.0,12.0,12.0,5.07,60.8,60.8,60.8,0.0,60.8,-96.9,-98.4,-96.9,-96.9,-96.9,-96.9,,,,,,,,0.67,,1.0,,2026-08-25,,,,,0.5,,,0.0
1220,QB144,1723,1220,326,326,321,332,220,332,4899369,Christopher Vizzina,CLEM,QB,12.0,12.0,12.0,10.58,127.0,127.0,127.0,0.0,127.0,-118.1,-118.2,-101.3,-97.0,-97.0,-97.0,,,,,,,,0.95,,1.0,,2026-08-25,,,,,0.5,,,0.0
1221,RB403,1218,1221,1295,1295,1289,1296,1184,1296,5078404,Marques Hicks,KENT,RB,12.0,12.0,12.0,5.06,60.7,60.7,60.7,0.0,60.7,-97.0,-98.5,-97.0,-97.0,-97.0,-97.0,,,,,,,,0.73,,1.0,,2026-08-25,,,,,0.5,,,0.0
1222,TE55,1103,1222,1297,1297,1291,1298,1186,1298,5151609,Everett Hunter,USA,TE,12.0,12.0,12.0,5.06,60.7,60.7,60.7,0.0,60.7,-97.0,-92.9,-97.0,-97.0,-97.0,-97.0,,,,,,,,0.84,,1.0,,2026-08-25,,,,,0.5,,,0.0
1223,WR621,1228,1223,1427,1427,1423,1428,1316,1428,4921322,Zion Taylor,WKU,WR,12.0,12.0,12.0,4.54,54.5,54.5,54.5,0.0,54.5,-103.2,-99.1,-97.0,-97.0,-97.0,-97.0,,,,,,,,0.69,,1.0,,2026-08-25,,,,,0.5,,,0.0
1224,WR622,1229,1224,1428,1428,1424,1429,1317,1429,5225013,Rodshaun Dorsey,GAST,WR,12.0,12.0,12.0,4.54,54.5,54.5,54.5,0.0,54.5,-103.2,-99.1,-97.0,-97.0,-97.0,-97.0,,,,,,,,0.61,,1.0,,2026-08-25,,,,,0.5,,,0.0
1225,WR623,1231,1225,1429,1429,1425,1430,1318,1430,5158460,Ashton Cozart,UK,WR,12.0,12.0,12.0,4.53,54.4,54.4,54.4,0.0,54.4,-103.3,-99.2,-97.1,-97.1,-97.1,-97.1,,,,,,,,0.73,,1.0,,2026-08-25,,,,,0.5,,,0.0
1226,TE56,1112,1226,1302,1302,1296,1303,1191,1303,4709804,Cole Rusk,ARIZ,TE,12.0,12.0,12.0,5.03,60.4,60.4,60.4,0.0,60.4,-97.3,-93.2,-97.3,-97.3,-97.3,-97.3,,,,,,,,0.91,,1.0,,2026-08-25,,,,,0.5,,,0.0
1227,WR624,1233,1227,1430,1430,1426,1431,1319,1431,4431484,Jay Wilkerson,LT,WR,12.0,12.0,12.0,4.52,54.2,54.2,54.2,0.0,54.2,-103.5,-99.4,-97.3,-97.3,-97.3,-97.3,,,,,,,,0.75,,1.0,,2026-08-25,,,,,0.5,,,0.0
1228,WR625,1234,1228,1431,1431,1427,1432,1320,1432,4870994,Malachi Riley,SJSU,WR,12.0,12.0,12.0,4.52,54.2,54.2,54.2,0.0,54.2,-103.5,-99.4,-97.3,-97.3,-97.3,-97.3,,,,,,,,0.69,,1.0,,2026-08-25,,,,,0.5,,,0.0
1229,WR626,1235,1229,1432,1432,1428,1433,1321,1433,5082315,Nathan Acevedo,SDSU,WR,12.0,12.0,12.0,4.52,54.2,54.2,54.2,0.0,54.2,-103.5,-99.4,-97.3,-97.3,-97.3,-97.3,,,,,,,,0.82,,1.0,,2026-08-25,,,,,0.5,,,0.0
1230,RB404,1227,1230,1306,1306,1300,1307,1195,1307,5215500,Ethan Ervin,FAU,RB,12.0,12.0,12.0,5.02,60.2,60.2,60.2,0.0,60.2,-97.5,-99.0,-97.5,-97.5,-97.5,-97.5,,,,,,,,0.69,,1.0,,2026-08-25,,,,,0.5,,,0.0
1231,WR627,1237,1231,1437,1437,1433,1438,1326,1438,4916987,TJ West,UTSA,WR,12.0,12.0,12.0,4.49,53.9,53.9,53.9,0.0,53.9,-103.8,-99.7,-97.6,-97.6,-97.6,-97.6,,,,,,,,0.71,,1.0,,2026-08-25,,,,,0.5,,,0.0
1232,TE57,1118,1232,1310,1310,1304,1311,1199,1311,4612824,Broc Lane,USU,TE,12.0,12.0,12.0,5.0,60.0,60.0,60.0,0.0,60.0,-97.7,-93.6,-97.7,-97.7,-97.7,-97.7,,,,,,,,0.95,,1.0,,2026-08-25,,,,,0.5,,,0.0
1233,WR628,1241,1233,1441,1441,1437,1442,1330,1442,5105269,Sacovie White-Helton,UGA,WR,12.0,12.0,12.0,4.48,53.8,53.8,53.8,0.0,53.8,-103.9,-99.8,-97.7,-97.7,-97.7,-97.7,,,,,,,,0.75,,1.0,,2026-08-25,,,,,0.5,,,0.0
1234,WR629,1242,1234,1442,1442,1438,1443,1331,1443,5156057,Myles Libman,NMSU,WR,12.0,12.0,12.0,4.48,53.8,53.8,53.8,0.0,53.8,-103.9,-99.8,-97.7,-97.7,-97.7,-97.7,,,,,,,,0.74,,1.0,,2026-08-25,,,,,0.5,,,0.0
1235,WR630,1243,1235,1443,1443,1439,1444,1332,1444,5220476,Charles Robinson,NAVY,WR,12.0,12.0,12.0,4.48,53.8,53.8,53.8,0.0,53.8,-103.9,-99.8,-97.7,-97.7,-97.7,-97.7,,,,,,,,0.74,,1.0,,2026-08-25,,,,,0.5,,,0.0
1236,WR631,1244,1236,1444,1444,1440,1445,1333,1445,5220681,Petey Tucker,CSU,WR,12.0,12.0,12.0,4.48,53.8,53.8,53.8,0.0,53.8,-103.9,-99.8,-97.7,-97.7,-97.7,-97.7,,,,,,,,0.75,,1.0,,2026-08-25,,,,,0.5,,,0.0
1237,WR632,1247,1237,1449,1449,1445,1450,1338,1450,5263613,Carter Pabst,ISU,WR,12.0,12.0,12.0,4.47,53.6,53.6,53.6,0.0,53.6,-104.1,-100.0,-97.9,-97.9,-97.9,-97.9,,,,,,,,0.78,,1.0,,2026-08-25,,,,,0.5,,,0.0
1238,QB145,1755,1238,330,330,324,335,223,335,5296376,Trey Kukuk,LT,QB,12.0,12.0,12.0,10.5,126.0,126.0,126.0,0.0,126.0,-119.1,-119.2,-102.3,-98.0,-98.0,-98.0,,,,,,,,0.93,,1.0,,2026-08-25,,,,,0.5,,,0.0
1239,QB146,1757,1239,331,331,325,336,224,336,5079542,Luke Kromenhoek,USF,QB,12.0,12.0,12.0,10.49,125.9,125.9,125.9,0.0,125.9,-119.2,-119.3,-102.4,-98.1,-98.1,-98.1,,,,,,,,0.78,,1.0,,2026-08-25,,,,,0.5,,,0.0
1240,WR633,1250,1240,1452,1452,1448,1453,1341,1453,5141435,Jaime Ffrench,MICH,WR,12.0,12.0,12.0,4.45,53.4,53.4,53.4,0.0,53.4,-104.3,-100.2,-98.1,-98.1,-98.1,-98.1,,,,,,,,0.64,,1.0,,2026-08-25,,,,,0.5,,,0.0
1241,TE58,1124,1241,1315,1315,1309,1316,1204,1316,4683417,Miles Campbell,UTSA,TE,12.0,12.0,12.0,4.96,59.5,59.5,59.5,0.0,59.5,-98.2,-94.1,-98.2,-98.2,-98.2,-98.2,,,,,,,,0.9,,1.0,,2026-08-25,,,,,0.5,,,0.0
1242,WR634,1252,1242,1454,1454,1450,1455,1343,1455,5091384,Dallas Elliott,MASS,WR,12.0,12.0,12.0,4.43,53.2,53.2,53.2,0.0,53.2,-104.5,-100.4,-98.3,-98.3,-98.3,-98.3,,,,,,,,0.74,,1.0,,2026-08-25,,,,,0.5,,,0.0
1243,TE59,1127,1243,1319,1319,1313,1320,1208,1320,4432669,Joshua Burrell,ARST,TE,12.0,12.0,12.0,4.94,59.3,59.3,59.3,0.0,59.3,-98.4,-94.3,-98.4,-98.4,-98.4,-98.4,,,,,,,,0.82,,1.0,,2026-08-25,,,,,0.5,,,0.0
1244,TE60,1128,1244,1320,1320,1314,1321,1209,1321,4603191,David Larkins,APP,TE,12.0,12.0,12.0,4.94,59.3,59.3,59.3,0.0,59.3,-98.4,-94.3,-98.4,-98.4,-98.4,-98.4,,,,,,,,0.9,,1.0,,2026-08-25,,,,,0.5,,,0.0
1245,RB405,1245,1245,1324,1324,1318,1325,1213,1325,5161735,Easton Miller,ISU,RB,12.0,12.0,12.0,4.93,59.2,59.2,59.2,0.0,59.2,-98.5,-100.0,-98.5,-98.5,-98.5,-98.5,,,,,,,,0.57,,1.0,,2026-08-25,,,,,0.5,,,0.0
1246,RB406,1246,1246,1325,1325,1319,1326,1214,1326,5295438,Devare Mathis,BUF,RB,12.0,12.0,12.0,4.93,59.2,59.2,59.2,0.0,59.2,-98.5,-100.0,-98.5,-98.5,-98.5,-98.5,,,,,,,,0.71,,1.0,,2026-08-25,,,,,0.5,,,0.0
1247,TE61,1133,1247,1327,1327,1321,1328,1216,1328,5083458,Peyton Strickland,TOL,TE,12.0,12.0,12.0,4.92,59.1,59.1,59.1,0.0,59.1,-98.6,-94.5,-98.6,-98.6,-98.6,-98.6,,,,,,,,0.85,,1.0,,2026-08-25,,,,,0.5,,,0.0
1248,RB407,1248,1248,1328,1328,1322,1329,1217,1329,5207927,Dramekco Green,SMU,RB,12.0,12.0,12.0,4.92,59.1,59.1,59.1,0.0,59.1,-98.6,-100.1,-98.6,-98.6,-98.6,-98.6,,,,,,,,0.73,,1.0,,2026-08-25,,,,,0.5,,,0.0
1249,WR635,1258,1249,1461,1461,1457,1462,1350,1462,5155273,Egypt Nelson,WMU,WR,12.0,12.0,12.0,4.41,52.9,52.9,52.9,0.0,52.9,-104.8,-100.7,-98.6,-98.6,-98.6,-98.6,,,,,,,,0.59,,1.0,,2026-08-25,,,,,0.5,,,0.0
1250,WR636,1259,1250,1462,1462,1458,1463,1351,1463,5193110,Dom Dorwart,OHIO,WR,12.0,12.0,12.0,4.41,52.9,52.9,52.9,0.0,52.9,-104.8,-100.7,-98.6,-98.6,-98.6,-98.6,,,,,,,,0.82,,1.0,,2026-08-25,,,,,0.5,,,0.0
1251,TE62,1135,1251,1329,1329,1323,1330,1218,1330,5219572,Cade Keith,UNM,TE,12.0,12.0,12.0,4.92,59.0,59.0,59.0,0.0,59.0,-98.7,-94.6,-98.7,-98.7,-98.7,-98.7,,,,,,,,0.89,,1.0,,2026-08-25,,,,,0.5,,,0.0
1252,TE63,1136,1252,1330,1330,1324,1331,1219,1331,5229332,Grant Hollier,GAST,TE,12.0,12.0,12.0,4.92,59.0,59.0,59.0,0.0,59.0,-98.7,-94.6,-98.7,-98.7,-98.7,-98.7,,,,,,,,0.83,,1.0,,2026-08-25,,,,,0.5,,,0.0
1253,WR637,1263,1253,1464,1464,1460,1465,1353,1465,4876460,Jordan McIntyre,CSU,WR,12.0,12.0,12.0,4.4,52.8,52.8,52.8,0.0,52.8,-104.9,-100.8,-98.7,-98.7,-98.7,-98.7,,,,,,,,0.78,,1.0,,2026-08-25,,,,,0.5,,,0.0
1254,WR638,1264,1254,1465,1465,1461,1466,1354,1466,5141694,Maurice Stephens,KENT,WR,12.0,12.0,12.0,4.4,52.8,52.8,52.8,0.0,52.8,-104.9,-100.8,-98.7,-98.7,-98.7,-98.7,,,,,,,,0.68,,1.0,,2026-08-25,,,,,0.5,,,0.0
1255,TE64,1137,1255,1331,1331,1325,1332,1220,1332,4878109,Hayden Hansen,OU,TE,12.0,12.0,12.0,4.91,58.9,58.9,58.9,0.0,58.9,-98.8,-94.7,-98.8,-98.8,-98.8,-98.8,,,,,,,,0.81,,1.0,,2026-08-25,,,,,0.5,,,0.0
1256,WR639,1266,1256,1468,1468,1464,1469,1357,1469,4908401,Delaney Crawford,OHIO,WR,12.0,12.0,12.0,4.39,52.7,52.7,52.7,0.0,52.7,-105.0,-100.9,-98.8,-98.8,-98.8,-98.8,,,,,,,,0.65,,1.0,,2026-08-25,,,,,0.5,,,0.0
1257,WR640,1268,1257,1470,1470,1466,1471,1359,1471,5079357,Aaron Butler,ORST,WR,12.0,12.0,12.0,4.39,52.7,52.7,52.7,0.0,52.7,-105.0,-100.9,-98.8,-98.8,-98.8,-98.8,,,,,,,,0.7,,1.0,,2026-08-25,,,,,0.5,,,0.0
1258,WR641,1269,1258,1471,1471,1467,1472,1360,1472,5142600,Waden Charles,UCF,WR,12.0,12.0,12.0,4.39,52.7,52.7,52.7,0.0,52.7,-105.0,-100.9,-98.8,-98.8,-98.8,-98.8,,,,,,,,0.8,,1.0,,2026-08-25,,,,,0.5,,,0.0
1259,TE65,1144,1259,1338,1338,1332,1339,1227,1339,4698179,River Helms,GASO,TE,12.0,12.0,12.0,4.89,58.7,58.7,58.7,0.0,58.7,-99.0,-94.9,-99.0,-99.0,-99.0,-99.0,,,,,,,,0.86,,1.0,,2026-08-25,,,,,0.5,,,0.0
1260,RB408,1255,1260,1340,1340,1334,1341,1229,1341,5172095,Bo Walker,UGA,RB,12.0,12.0,12.0,4.89,58.7,58.7,58.7,0.0,58.7,-99.0,-100.5,-99.0,-99.0,-99.0,-99.0,,,,,,,,0.7,,1.0,,2026-08-25,,,,,0.5,,,0.0
1261,WR642,1272,1261,1477,1477,1473,1478,1366,1478,5296430,Landon Collins,MTSU,WR,12.0,12.0,12.0,4.38,52.5,52.5,52.5,0.0,52.5,-105.2,-101.1,-99.0,-99.0,-99.0,-99.0,,,,,,,,0.78,,1.0,,2026-08-25,,,,,0.5,,,0.0
1262,WR643,1273,1262,1478,1478,1474,1479,1367,1479,4869252,Jaron Glover,USF,WR,12.0,12.0,12.0,4.37,52.4,52.4,52.4,0.0,52.4,-105.3,-101.2,-99.1,-99.1,-99.1,-99.1,,,,,,,,0.71,,1.0,,2026-08-25,,,,,0.5,,,0.0
1263,WR644,1274,1263,1479,1479,1475,1480,1368,1480,5078053,Isaiah Thacker,BALL,WR,12.0,12.0,12.0,4.37,52.4,52.4,52.4,0.0,52.4,-105.3,-101.2,-99.1,-99.1,-99.1,-99.1,,,,,,,,0.72,,1.0,,2026-08-25,,,,,0.5,,,0.0
1264,WR645,1275,1264,1480,1480,1476,1481,1369,1481,5085129,Ian Ver Steeg,OHIO,WR,12.0,12.0,12.0,4.37,52.4,52.4,52.4,0.0,52.4,-105.3,-101.2,-99.1,-99.1,-99.1,-99.1,,,,,,,,0.65,,1.0,,2026-08-25,,,,,0.5,,,0.0
1265,RB409,1257,1265,1341,1341,1335,1342,1230,1342,5219142,Anthony Wilhite,ARIZ,RB,12.0,12.0,12.0,4.88,58.5,58.5,58.5,0.0,58.5,-99.2,-100.7,-99.2,-99.2,-99.2,-99.2,,,,,,,,0.68,,1.0,,2026-08-25,,,,,0.5,,,0.0
1266,RB410,1261,1266,1344,1344,1338,1345,1233,1345,5147756,Taji Atkins,TXST,RB,12.0,12.0,12.0,4.87,58.4,58.4,58.4,0.0,58.4,-99.3,-100.8,-99.3,-99.3,-99.3,-99.3,,,,,,,,0.66,,1.0,,2026-08-25,,,,,0.5,,,0.0
1267,RB411,1262,1267,1345,1345,1339,1346,1234,1346,5150329,Jake Rendina,ARMY,RB,12.0,12.0,12.0,4.87,58.4,58.4,58.4,0.0,58.4,-99.3,-100.8,-99.3,-99.3,-99.3,-99.3,,,,,,,,0.93,,1.0,,2026-08-25,,,,,0.5,,,0.0
1268,WR646,1278,1268,1483,1483,1479,1484,1372,1484,5216495,Derrick Avery Jr.,GAST,WR,12.0,12.0,12.0,4.35,52.2,52.2,52.2,0.0,52.2,-105.5,-101.4,-99.3,-99.3,-99.3,-99.3,,,,,,,,0.76,,1.0,,2026-08-25,,,,,0.5,,,0.0
1269,WR647,1279,1269,1484,1484,1480,1485,1373,1485,5296172,Keivin Boone-Nelson II,WMU,WR,12.0,12.0,12.0,4.35,52.2,52.2,52.2,0.0,52.2,-105.5,-101.4,-99.3,-99.3,-99.3,-99.3,,,,,,,,0.72,,1.0,,2026-08-25,,,,,0.5,,,0.0
1270,TE66,1152,1270,1348,1348,1342,1349,1237,1349,4685560,Jaleel Skinner,LOU,TE,12.0,12.0,12.0,4.86,58.3,58.3,58.3,0.0,58.3,-99.4,-95.3,-99.4,-99.4,-99.4,-99.4,,,,,,,,0.89,,1.0,,2026-08-25,,,,,0.5,,,0.0
1271,RB412,1265,1271,1350,1350,1344,1351,1239,1351,5207930,D'Andre Hardeman Jr.,RICE,RB,12.0,12.0,12.0,4.86,58.3,58.3,58.3,0.0,58.3,-99.4,-100.9,-99.4,-99.4,-99.4,-99.4,,,,,,,,0.84,,1.0,,2026-08-25,,,,,0.5,,,0.0
1272,WR648,1281,1272,1486,1486,1482,1487,1375,1487,5084300,KJ Parker,IOWA,WR,12.0,12.0,12.0,4.34,52.1,52.1,52.1,0.0,52.1,-105.6,-101.5,-99.4,-99.4,-99.4,-99.4,,,,,,,,0.67,,1.0,,2026-08-25,,,,,0.5,,,0.0
1273,TE67,1156,1273,1352,1352,1346,1353,1241,1353,5088628,Zack Marshall,MICH,TE,12.0,12.0,12.0,4.85,58.2,58.2,58.2,0.0,58.2,-99.5,-95.4,-99.5,-99.5,-99.5,-99.5,,,,,,,,0.9,,1.0,,2026-08-25,,,,,0.5,,,0.0
1274,WR649,1284,1274,1490,1490,1486,1491,1379,1491,4431647,Chauncey Magwood,PUR,WR,12.0,12.0,12.0,4.32,51.9,51.9,51.9,0.0,51.9,-105.8,-101.7,-99.6,-99.6,-99.6,-99.6,,,,,,,,0.7,,1.0,,2026-08-25,,,,,0.5,,,0.0
1275,WR650,1286,1275,1492,1492,1488,1493,1381,1493,5220265,Jon Monteiro,LIB,WR,12.0,12.0,12.0,4.32,51.9,51.9,51.9,0.0,51.9,-105.8,-101.7,-99.6,-99.6,-99.6,-99.6,,,,,,,,0.75,,1.0,,2026-08-25,,,,,0.5,,,0.0
1276,WR651,1287,1276,1493,1493,1489,1494,1382,1494,5222761,Jamarion McDougle,BALL,WR,12.0,12.0,12.0,4.32,51.9,51.9,51.9,0.0,51.9,-105.8,-101.7,-99.6,-99.6,-99.6,-99.6,,,,,,,,0.74,,1.0,,2026-08-25,,,,,0.5,,,0.0
1277,RB413,1276,1277,1355,1355,1350,1356,1244,1356,4919037,Sergio Snider,LT,RB,12.0,12.0,12.0,4.82,57.9,57.9,57.9,0.0,57.9,-99.8,-101.3,-99.8,-99.8,-99.8,-99.8,,,,,,,,0.72,,1.0,,2026-08-25,,,,,0.5,,,0.0
1278,WR652,1290,1278,1495,1495,1491,1496,1384,1496,5230176,Keith Jones Jr.,PSU,WR,12.0,12.0,12.0,4.31,51.7,51.7,51.7,0.0,51.7,-106.0,-101.9,-99.8,-99.8,-99.8,-99.8,,,,,,,,0.76,,1.0,,2026-08-25,,,,,0.5,,,0.0
1279,WR653,1291,1279,1496,1496,1492,1497,1385,1497,5231360,Nick Sowell,BGSU,WR,12.0,12.0,12.0,4.31,51.7,51.7,51.7,0.0,51.7,-106.0,-101.9,-99.8,-99.8,-99.8,-99.8,,,,,,,,0.61,,1.0,,2026-08-25,,,,,0.5,,,0.0
1280,RB414,1277,1280,1356,1356,1351,1357,1245,1357,5151828,Joshua Harriott,FAU,RB,12.0,12.0,12.0,4.82,57.8,57.8,57.8,0.0,57.8,-99.9,-101.4,-99.9,-99.9,-99.9,-99.9,,,,,,,,0.7,,1.0,,2026-08-25,,,,,0.5,,,0.0
1281,WR654,1294,1281,1497,1497,1493,1498,1386,1498,4920896,Lavon Brown,CSU,WR,12.0,12.0,12.0,4.3,51.6,51.6,51.6,0.0,51.6,-106.1,-102.0,-99.9,-99.9,-99.9,-99.9,,,,,,,,0.82,,1.0,,2026-08-25,,,,,0.5,,,0.0
1282,WR655,1295,1282,1498,1498,1494,1499,1387,1499,5109511,Cooper Rusk,TOL,WR,12.0,12.0,12.0,4.3,51.6,51.6,51.6,0.0,51.6,-106.1,-102.0,-99.9,-99.9,-99.9,-99.9,,,,,,,,0.68,,1.0,,2026-08-25,,,,,0.5,,,0.0
1283,WR656,1296,1283,1500,1500,1496,1501,1389,1501,5103443,Jhae Drummer,ORST,WR,12.0,12.0,12.0,4.29,51.5,51.5,51.5,0.0,51.5,-106.2,-102.1,-100.0,-100.0,-100.0,-100.0,,,,,,,,0.69,,1.0,,2026-08-25,,,,,0.5,,,0.0
1284,WR657,1297,1284,1501,1501,1497,1502,1390,1502,5146747,Javarius Green,BC,WR,12.0,12.0,12.0,4.29,51.5,51.5,51.5,0.0,51.5,-106.2,-102.1,-100.0,-100.0,-100.0,-100.0,,,,,,,,0.74,,1.0,,2026-08-25,,,,,0.5,,,0.0
1285,TE68,1162,1285,1358,1358,1353,1359,1247,1359,4899484,Andrew Rappleyea,PSU,TE,12.0,12.0,12.0,4.8,57.6,57.6,57.6,0.0,57.6,-100.1,-96.0,-100.1,-100.1,-100.1,-100.1,,,,,,,,0.86,,1.0,,2026-08-25,,,,,0.5,,,0.0
1286,TE69,1163,1286,1359,1359,1354,1360,1248,1360,5079738,Landen Thomas,FSU,TE,12.0,12.0,12.0,4.8,57.6,57.6,57.6,0.0,57.6,-100.1,-96.0,-100.1,-100.1,-100.1,-100.1,,,,,,,,0.87,,1.0,,2026-08-25,,,,,0.5,,,0.0
1287,QB147,1812,1287,347,347,341,352,240,352,5193926,Cameran Brown,GAST,QB,12.0,12.0,12.0,10.32,123.8,123.8,123.8,0.0,123.8,-121.3,-121.4,-104.5,-100.2,-100.2,-100.2,,,,,,,,0.96,,1.0,,2026-08-25,,,,,0.5,,,0.0
1288,WR658,1299,1288,1503,1503,1499,1504,1392,1504,4685274,Janiran Bonner,NEB,WR,12.0,12.0,12.0,4.27,51.3,51.3,51.3,0.0,51.3,-106.4,-102.3,-100.2,-100.2,-100.2,-100.2,,,,,,,,0.71,,1.0,,2026-08-25,,,,,0.5,,,0.0
1289,TE70,1167,1289,1363,1363,1358,1364,1252,1364,4606685,Logan Mauldin,CLT,TE,12.0,12.0,12.0,4.78,57.4,57.4,57.4,0.0,57.4,-100.3,-96.2,-100.3,-100.3,-100.3,-100.3,,,,,,,,0.77,,1.0,,2026-08-25,,,,,0.5,,,0.0
1290,TE71,1168,1290,1364,1364,1359,1365,1253,1365,5136838,Willie Rodriguez,UK,TE,12.0,12.0,12.0,4.78,57.4,57.4,57.4,0.0,57.4,-100.3,-96.2,-100.3,-100.3,-100.3,-100.3,,,,,,,,0.93,,1.0,,2026-08-25,,,,,0.5,,,0.0
1291,WR659,1300,1291,1506,1506,1502,1507,1395,1507,4940236,Ryan Manning,MD,WR,12.0,12.0,12.0,4.27,51.2,51.2,51.2,0.0,51.2,-106.5,-102.4,-100.3,-100.3,-100.3,-100.3,,,,,,,,0.65,,1.0,,2026-08-25,,,,,0.5,,,0.0
1292,RB415,1289,1292,1368,1368,1363,1369,1257,1369,5194804,Steven Blanco,UL,RB,12.0,12.0,12.0,4.77,57.3,57.3,57.3,0.0,57.3,-100.4,-101.9,-100.4,-100.4,-100.4,-100.4,,,,,,,,0.88,,1.0,,2026-08-25,,,,,0.5,,,0.0
1293,RB416,1292,1293,1371,1371,1366,1372,1260,1372,4837259,DeWhitt Betterson Jr.,TROY,RB,12.0,12.0,12.0,4.77,57.2,57.2,57.2,0.0,57.2,-100.5,-102.0,-100.5,-100.5,-100.5,-100.5,,,,,,,,0.66,,1.0,,2026-08-25,,,,,0.5,,,0.0
1294,RB417,1293,1294,1372,1372,1367,1373,1261,1373,5158369,Stefan Egbe,NAVY,RB,12.0,12.0,12.0,4.77,57.2,57.2,57.2,0.0,57.2,-100.5,-102.0,-100.5,-100.5,-100.5,-100.5,,,,,,,,0.54,,1.0,,2026-08-25,,,,,0.5,,,0.0
1295,QB148,1827,1295,352,352,346,357,245,357,5126473,Whit Muschamp,VAN,QB,12.0,12.0,12.0,10.28,123.4,123.4,123.4,0.0,123.4,-121.7,-121.8,-104.9,-100.6,-100.6,-100.6,,,,,,,,0.74,,1.0,,2026-08-25,,,,,0.5,,,0.0
1296,WR660,1304,1296,1514,1514,1511,1515,1403,1515,5295211,Jayon Farrar,FRES,WR,12.0,12.0,12.0,4.24,50.9,50.9,50.9,0.0,50.9,-106.8,-102.7,-100.6,-100.6,-100.6,-100.6,,,,,,,,0.77,,1.0,,2026-08-25,,,,,0.5,,,0.0
1297,TE72,1180,1297,1376,1376,1371,1377,1265,1377,4816104,Michael Masunas,TEX,TE,12.0,12.0,12.0,4.75,57.0,57.0,57.0,0.0,57.0,-100.7,-96.6,-100.7,-100.7,-100.7,-100.7,,,,,,,,0.84,,1.0,,2026-08-25,,,,,0.5,,,0.0
1298,WR661,1306,1298,1515,1515,1512,1516,1404,1516,4693740,Kahleil Jackson,FLA,WR,12.0,12.0,12.0,4.23,50.8,50.8,50.8,0.0,50.8,-106.9,-102.8,-100.7,-100.7,-100.7,-100.7,,,,,,,,0.71,,1.0,,2026-08-25,,,,,0.5,,,0.0
1299,WR662,1307,1299,1516,1516,1513,1517,1405,1517,5079610,Jayden Moore,DUKE,WR,12.0,12.0,12.0,4.23,50.8,50.8,50.8,0.0,50.8,-106.9,-102.8,-100.7,-100.7,-100.7,-100.7,,,,,,,,0.68,,1.0,,2026-08-25,,,,,0.5,,,0.0
1300,WR663,1308,1300,1517,1517,1514,1518,1406,1518,5109089,Trae Nickelson III,APP,WR,12.0,12.0,12.0,4.23,50.8,50.8,50.8,0.0,50.8,-106.9,-102.8,-100.7,-100.7,-100.7,-100.7,,,,,,,,0.57,,1.0,,2026-08-25,,,,,0.5,,,0.0
1301,RB418,1298,1301,1379,1379,1374,1380,1268,1380,5295336,Link Rhodes,SMU,RB,12.0,12.0,12.0,4.74,56.9,56.9,56.9,0.0,56.9,-100.8,-102.3,-100.8,-100.8,-100.8,-100.8,,,,,,,,0.69,,1.0,,2026-08-25,,,,,0.5,,,0.0
1302,WR664,1312,1302,1520,1520,1517,1521,1409,1521,5079704,Emanuel Ross,CONN,WR,12.0,12.0,12.0,4.23,50.7,50.7,50.7,0.0,50.7,-107.0,-102.9,-100.8,-100.8,-100.8,-100.8,,,,,,,,0.75,,1.0,,2026-08-25,,,,,0.5,,,0.0
1303,WR665,1313,1303,1521,1521,1518,1522,1410,1522,5150834,Destyn Hill,TULN,WR,12.0,12.0,12.0,4.23,50.7,50.7,50.7,0.0,50.7,-107.0,-102.9,-100.8,-100.8,-100.8,-100.8,,,,,,,,0.66,,1.0,,2026-08-25,,,,,0.5,,,0.0
1304,TE73,1184,1304,1381,1381,1377,1382,1270,1382,5080888,Matt Wagner,BOIS,TE,12.0,12.0,12.0,4.73,56.8,56.8,56.8,0.0,56.8,-100.9,-96.8,-100.9,-100.9,-100.9,-100.9,,,,,,,,0.94,,1.0,,2026-08-25,,,,,0.5,,,0.0
1305,WR666,1316,1305,1523,1523,1520,1524,1412,1524,5082941,Mark-Anthony Scott Jr.,BUF,WR,12.0,12.0,12.0,4.22,50.6,50.6,50.6,0.0,50.6,-107.1,-103.0,-100.9,-100.9,-100.9,-100.9,,,,,,,,0.6,,1.0,,2026-08-25,,,,,0.5,,,0.0
1306,QB149,1839,1306,358,358,352,363,251,363,5294263,Byrd Ficklin,UTAH,QB,12.0,12.0,12.0,10.25,123.0,123.0,123.0,0.0,123.0,-122.1,-122.2,-105.3,-101.0,-101.0,-101.0,,,,,,,,0.97,,1.0,,2026-08-25,,,,,0.5,,,0.0
1307,WR667,1320,1307,1526,1526,1523,1527,1415,1527,5141601,Shamarius Peterkin,VT,WR,12.0,12.0,12.0,4.21,50.5,50.5,50.5,0.0,50.5,-107.2,-103.1,-101.0,-101.0,-101.0,-101.0,,,,,,,,0.69,,1.0,,2026-08-25,,,,,0.5,,,0.0
1308,RB419,1302,1308,1382,1382,1378,1383,1271,1383,5194618,Austin Clemons,MTSU,RB,12.0,12.0,12.0,4.72,56.6,56.6,56.6,0.0,56.6,-101.1,-102.6,-101.1,-101.1,-101.1,-101.1,,,,,,,,0.79,,1.0,,2026-08-25,,,,,0.5,,,0.0
1309,RB420,1303,1309,1385,1385,1381,1386,1274,1386,5265528,Jalen Bonds,BALL,RB,12.0,12.0,12.0,4.71,56.5,56.5,56.5,0.0,56.5,-101.2,-102.7,-101.2,-101.2,-101.2,-101.2,,,,,,,,0.74,,1.0,,2026-08-25,,,,,0.5,,,0.0
1310,WR668,1322,1310,1531,1531,1528,1532,1420,1532,5079539,Elijah Moore,SYR,WR,12.0,12.0,12.0,4.19,50.3,50.3,50.3,0.0,50.3,-107.4,-103.3,-101.2,-101.2,-101.2,-101.2,,,,,,,,0.7,,1.0,,2026-08-25,,,,,0.5,,,0.0
1311,RB421,1311,1311,1389,1389,1385,1390,1278,1390,5176911,Justus Savage,JXST,RB,12.0,12.0,12.0,4.69,56.3,56.3,56.3,0.0,56.3,-101.4,-102.9,-101.4,-101.4,-101.4,-101.4,,,,,,,,0.74,,1.0,,2026-08-25,,,,,0.5,,,0.0
1312,TE74,1194,1312,1391,1391,1387,1392,1280,1392,5122018,Jacob Harris,WIS,TE,12.0,12.0,12.0,4.68,56.2,56.2,56.2,0.0,56.2,-101.5,-97.4,-101.5,-101.5,-101.5,-101.5,,,,,,,,0.76,,1.0,,2026-08-25,,,,,0.5,,,0.0
1313,RB422,1314,1313,1394,1394,1390,1395,1283,1395,5148741,Khamani Alexander,CLT,RB,12.0,12.0,12.0,4.68,56.2,56.2,56.2,0.0,56.2,-101.5,-103.0,-101.5,-101.5,-101.5,-101.5,,,,,,,,0.83,,1.0,,2026-08-25,,,,,0.5,,,0.0
1314,RB423,1317,1314,1395,1395,1391,1396,1284,1396,5141419,Harry Dalton III,MD,RB,12.0,12.0,12.0,4.68,56.1,56.1,56.1,0.0,56.1,-101.6,-103.1,-101.6,-101.6,-101.6,-101.6,,,,,,,,0.74,,1.0,,2026-08-25,,,,,0.5,,,0.0
1315,RB424,1318,1315,1397,1397,1393,1398,1286,1398,5150865,Elijah Jackson,BALL,RB,12.0,12.0,12.0,4.68,56.1,56.1,56.1,0.0,56.1,-101.6,-103.1,-101.6,-101.6,-101.6,-101.6,,,,,,,,0.72,,1.0,,2026-08-25,,,,,0.5,,,0.0
1316,WR669,1327,1316,1538,1538,1535,1539,1427,1539,5103836,Marshaun Brown,NEV,WR,12.0,12.0,12.0,4.16,49.9,49.9,49.9,0.0,49.9,-107.8,-103.7,-101.6,-101.6,-101.6,-101.6,,,,,,,,0.65,,1.0,,2026-08-25,,,,,0.5,,,0.0
1317,WR670,1331,1317,1541,1541,1538,1542,1430,1542,5100330,MJ Chirgwin,ALA,WR,12.0,12.0,12.0,4.15,49.8,49.8,49.8,0.0,49.8,-107.9,-103.8,-101.7,-101.7,-101.7,-101.7,,,,,,,,0.66,,1.0,,2026-08-25,,,,,0.5,,,0.0
1318,WR671,1332,1318,1542,1542,1539,1543,1431,1543,5146727,Josh Smith,TLSA,WR,12.0,12.0,12.0,4.15,49.8,49.8,49.8,0.0,49.8,-107.9,-103.8,-101.7,-101.7,-101.7,-101.7,,,,,,,,0.66,,1.0,,2026-08-25,,,,,0.5,,,0.0
1319,WR672,1334,1319,1543,1543,1540,1544,1432,1544,5162858,Bryson Hammer,TOL,WR,12.0,12.0,12.0,4.14,49.7,49.7,49.7,0.0,49.7,-108.0,-103.9,-101.8,-101.8,-101.8,-101.8,,,,,,,,0.65,,1.0,,2026-08-25,,,,,0.5,,,0.0
1320,QB150,1865,1320,362,362,356,367,255,367,4565355,Dexter Williams II,TLSA,QB,12.0,12.0,12.0,10.17,122.1,122.1,122.1,0.0,122.1,-123.0,-123.1,-106.2,-101.9,-101.9,-101.9,,,,,,,,0.85,,1.0,,2026-08-25,,,,,0.5,,,0.0
1321,WR673,1335,1321,1545,1545,1542,1546,1434,1546,4716507,Quincy Burroughs,WKU,WR,12.0,12.0,12.0,4.13,49.6,49.6,49.6,0.0,49.6,-108.1,-104.0,-101.9,-101.9,-101.9,-101.9,,,,,,,,0.74,,1.0,,2026-08-25,,,,,0.5,,,0.0
1322,WR674,1337,1322,1547,1547,1544,1548,1436,1548,5085354,Lynel Billups-Williams,M-OH,WR,12.0,12.0,12.0,4.13,49.6,49.6,49.6,0.0,49.6,-108.1,-104.0,-101.9,-101.9,-101.9,-101.9,,,,,,,,0.72,,1.0,,2026-08-25,,,,,0.5,,,0.0
1323,WR675,1339,1323,1549,1549,1546,1550,1438,1550,5228026,Logan Conklin,NDSU,WR,12.0,12.0,12.0,4.13,49.6,49.6,49.6,0.0,49.6,-108.1,-104.0,-101.9,-101.9,-101.9,-101.9,,,,,,,,0.76,,1.0,,2026-08-25,,,,,0.5,,,0.0
1324,WR676,1342,1324,1551,1551,1548,1552,1440,1552,4911861,Sterling Lockett,KSU,WR,12.0,12.0,12.0,4.12,49.4,49.4,49.4,0.0,49.4,-108.3,-104.2,-102.1,-102.1,-102.1,-102.1,,,,,,,,0.65,,1.0,,2026-08-25,,,,,0.5,,,0.0
1325,WR677,1343,1325,1552,1552,1549,1553,1441,1553,5141559,Chris Lawson,WASH,WR,12.0,12.0,12.0,4.12,49.4,49.4,49.4,0.0,49.4,-108.3,-104.2,-102.1,-102.1,-102.1,-102.1,,,,,,,,0.78,,1.0,,2026-08-25,,,,,0.5,,,0.0
1326,WR678,1344,1326,1554,1554,1551,1555,1443,1555,4871027,Ryne Shackelford,BAY,WR,12.0,12.0,12.0,4.11,49.3,49.3,49.3,0.0,49.3,-108.4,-104.3,-102.2,-102.2,-102.2,-102.2,,,,,,,,0.6,,1.0,,2026-08-25,,,,,0.5,,,0.0
1327,TE75,1211,1327,1408,1408,1404,1409,1297,1409,4882061,Jacob Newell,TOL,TE,12.0,12.0,12.0,4.62,55.4,55.4,55.4,0.0,55.4,-102.3,-98.2,-102.3,-102.3,-102.3,-102.3,,,,,,,,0.85,,1.0,,2026-08-25,,,,,0.5,,,0.0
1328,RB425,1329,1328,1409,1409,1405,1410,1298,1410,5078223,Re'Shaun Sanford II,HOU,RB,12.0,12.0,12.0,4.62,55.4,55.4,55.4,0.0,55.4,-102.3,-103.8,-102.3,-102.3,-102.3,-102.3,,,,,,,,0.76,,1.0,,2026-08-25,,,,,0.5,,,0.0
1329,TE76,1212,1329,1410,1410,1406,1411,1299,1411,5141391,DaSaahn Brame,TENN,TE,12.0,12.0,12.0,4.62,55.4,55.4,55.4,0.0,55.4,-102.3,-98.2,-102.3,-102.3,-102.3,-102.3,,,,,,,,0.66,,1.0,,2026-08-25,,,,,0.5,,,0.0
1330,RB426,1330,1330,1411,1411,1407,1412,1300,1412,5293902,DeJuan Lacy,ECU,RB,12.0,12.0,12.0,4.62,55.4,55.4,55.4,0.0,55.4,-102.3,-103.8,-102.3,-102.3,-102.3,-102.3,,,,,,,,0.6,,1.0,,2026-08-25,,,,,0.5,,,0.0
1331,RB427,1333,1331,1413,1413,1409,1414,1302,1414,5079348,Jason Brown Jr.,ASU,RB,12.0,12.0,12.0,4.61,55.3,55.3,55.3,0.0,55.3,-102.4,-103.9,-102.4,-102.4,-102.4,-102.4,,,,,,,,0.61,,1.0,,2026-08-25,,,,,0.5,,,0.0
1332,TE77,1214,1332,1414,1414,1410,1415,1303,1415,5083652,Kai Rios,MSU,TE,12.0,12.0,12.0,4.61,55.3,55.3,55.3,0.0,55.3,-102.4,-98.3,-102.4,-102.4,-102.4,-102.4,,,,,,,,0.78,,1.0,,2026-08-25,,,,,0.5,,,0.0
1333,WR679,1347,1333,1557,1557,1554,1558,1446,1558,5092281,Evan Wysong,UNM,WR,12.0,12.0,12.0,4.09,49.1,49.1,49.1,0.0,49.1,-108.6,-104.5,-102.4,-102.4,-102.4,-102.4,,,,,,,,0.58,,1.0,,2026-08-25,,,,,0.5,,,0.0
1334,WR680,1349,1334,1560,1560,1557,1561,1449,1561,5215467,Branden Hoch,FAU,WR,12.0,12.0,12.0,4.08,49.0,49.0,49.0,0.0,49.0,-108.7,-104.6,-102.5,-102.5,-102.5,-102.5,,,,,,,,0.72,,1.0,,2026-08-25,,,,,0.5,,,0.0
1335,WR681,1350,1335,1561,1561,1558,1562,1450,1562,5295489,Collin Payne,CMU,WR,12.0,12.0,12.0,4.08,49.0,49.0,49.0,0.0,49.0,-108.7,-104.6,-102.5,-102.5,-102.5,-102.5,,,,,,,,0.76,,1.0,,2026-08-25,,,,,0.5,,,0.0
1336,RB428,1340,1336,1418,1418,1414,1419,1307,1419,5218655,Jamezell Lassiter,VAN,RB,12.0,12.0,12.0,4.59,55.1,55.1,55.1,0.0,55.1,-102.6,-104.1,-102.6,-102.6,-102.6,-102.6,,,,,,,,0.82,,1.0,,2026-08-25,,,,,0.5,,,0.0
1337,WR682,1353,1337,1567,1567,1564,1568,1456,1568,5084905,Jaylan Hornsby,PUR,WR,12.0,12.0,12.0,4.07,48.8,48.8,48.8,0.0,48.8,-108.9,-104.8,-102.7,-102.7,-102.7,-102.7,,,,,,,,0.68,,1.0,,2026-08-25,,,,,0.5,,,0.0
1338,WR683,1354,1338,1569,1569,1566,1570,1458,1570,5295983,Shandon King,UNT,WR,12.0,12.0,12.0,4.07,48.8,48.8,48.8,0.0,48.8,-108.9,-104.8,-102.7,-102.7,-102.7,-102.7,,,,,,,,0.58,,1.0,,2026-08-25,,,,,0.5,,,0.0
1339,WR684,1355,1339,1570,1571,1567,1571,1459,1571,5194658,Bobby Mays,BUF,WR,12.0,12.0,12.0,4.06,48.7,48.7,48.7,0.0,48.7,-109.0,-104.9,-102.8,-102.8,-102.8,-102.8,,,,,,,,0.58,,1.0,,2026-08-25,,,,,0.5,,,0.0
1340,RB429,1345,1340,1423,1423,1419,1424,1312,1424,5156056,Champ Hampton,STAN,RB,12.0,12.0,12.0,4.57,54.8,54.8,54.8,0.0,54.8,-102.9,-104.4,-102.9,-102.9,-102.9,-102.9,,,,,,,,0.76,,1.0,,2026-08-25,,,,,0.5,,,0.0
1341,TE78,1224,1341,1424,1424,1420,1425,1313,1425,4878788,AJ Johnson,FAU,TE,12.0,12.0,12.0,4.56,54.7,54.7,54.7,0.0,54.7,-103.0,-98.9,-103.0,-103.0,-103.0,-103.0,,,,,,,,0.8,,1.0,,2026-08-25,,,,,0.5,,,0.0
1342,TE79,1225,1342,1425,1425,1421,1426,1314,1426,4921305,Matthew Klopfenstein,BAY,TE,12.0,12.0,12.0,4.56,54.7,54.7,54.7,0.0,54.7,-103.0,-98.9,-103.0,-103.0,-103.0,-103.0,,,,,,,,0.84,,1.0,,2026-08-25,,,,,0.5,,,0.0
1343,TE80,1226,1343,1426,1426,1422,1427,1315,1427,5083135,Carson Kent,PITT,TE,12.0,12.0,12.0,4.56,54.7,54.7,54.7,0.0,54.7,-103.0,-98.9,-103.0,-103.0,-103.0,-103.0,,,,,,,,0.85,,1.0,,2026-08-25,,,,,0.5,,,0.0
1344,WR685,1357,1344,1573,1573,1569,1573,1461,1573,5149220,Baron Tipton,UNT,WR,12.0,12.0,12.0,4.04,48.5,48.5,48.5,0.0,48.5,-109.2,-105.1,-103.0,-103.0,-103.0,-103.0,,,,,,,,0.58,,1.0,,2026-08-25,,,,,0.5,,,0.0
1345,WR686,1358,1345,1574,1574,1570,1574,1462,1574,5193554,Eddie Freauff,ORST,WR,12.0,12.0,12.0,4.04,48.5,48.5,48.5,0.0,48.5,-109.2,-105.1,-103.0,-103.0,-103.0,-103.0,,,,,,,,0.72,,1.0,,2026-08-25,,,,,0.5,,,0.0
1346,WR687,1360,1346,1575,1575,1571,1575,1463,1575,4713358,Jayden Gibson,SC,WR,12.0,12.0,12.0,4.03,48.4,48.4,48.4,0.0,48.4,-109.3,-105.2,-103.1,-103.1,-103.1,-103.1,,,,,,,,0.65,,1.0,,2026-08-25,,,,,0.5,,,0.0
1347,WR688,1361,1347,1576,1576,1572,1576,1464,1576,5084904,Josh Jackson,LSU,WR,12.0,12.0,12.0,4.03,48.4,48.4,48.4,0.0,48.4,-109.3,-105.2,-103.1,-103.1,-103.1,-103.1,,,,,,,,0.62,,1.0,,2026-08-25,,,,,0.5,,,0.0
1348,WR689,1362,1348,1577,1577,1573,1577,1465,1577,5151526,MJ Johnson,USM,WR,12.0,12.0,12.0,4.03,48.4,48.4,48.4,0.0,48.4,-109.3,-105.2,-103.1,-103.1,-103.1,-103.1,,,,,,,,0.52,,1.0,,2026-08-25,,,,,0.5,,,0.0
1349,WR690,1363,1349,1578,1578,1574,1578,1466,1578,5295733,Taz Williams Jr.,BAY,WR,12.0,12.0,12.0,4.03,48.4,48.4,48.4,0.0,48.4,-109.3,-105.2,-103.1,-103.1,-103.1,-103.1,,,,,,,,0.63,,1.0,,2026-08-25,,,,,0.5,,,0.0
1350,RB430,1356,1350,1433,1433,1429,1434,1322,1434,5092200,Preston Rex,BYU,RB,12.0,12.0,12.0,4.52,54.2,54.2,54.2,0.0,54.2,-103.5,-105.0,-103.5,-103.5,-103.5,-103.5,,,,,,,,0.76,,1.0,,2026-08-25,,,,,0.5,,,0.0
1351,WR691,1370,1351,1586,1586,1582,1586,1474,1586,5252197,Jaylen Elder,UAB,WR,12.0,12.0,12.0,4.0,48.0,48.0,48.0,0.0,48.0,-109.7,-105.6,-103.5,-103.5,-103.5,-103.5,,,,,,,,0.67,,1.0,,2026-08-25,,,,,0.5,,,0.0
1352,QB151,1928,1352,373,373,367,378,266,378,5220473,Jackson Gutierrez,NAVY,QB,12.0,12.0,12.0,10.03,120.4,120.4,120.4,0.0,120.4,-124.7,-124.8,-107.9,-103.6,-103.6,-103.6,,,,,,,,0.91,,1.0,,2026-08-25,,,,,0.5,,,0.0
1353,WR692,1373,1353,1588,1588,1584,1588,1476,1588,5079056,Carmelo Taylor,UTEP,WR,12.0,12.0,12.0,3.99,47.9,47.9,47.9,0.0,47.9,-109.8,-105.7,-103.6,-103.6,-103.6,-103.6,,,,,,,,0.58,,1.0,,2026-08-25,,,,,0.5,,,0.0
1354,RB431,1359,1354,1435,1435,1431,1436,1324,1436,5152797,Curron Borders,SAC,RB,12.0,12.0,12.0,4.5,54.0,54.0,54.0,0.0,54.0,-103.7,-105.2,-103.7,-103.7,-103.7,-103.7,,,,,,,,0.71,,1.0,,2026-08-25,,,,,0.5,,,0.0
1355,TE81,1236,1355,1436,1436,1432,1437,1325,1437,5303826,Evan Chieca,FLA,TE,12.0,12.0,12.0,4.5,54.0,54.0,54.0,0.0,54.0,-103.7,-99.6,-103.7,-103.7,-103.7,-103.7,,,,,,,,0.68,,1.0,,2026-08-25,,,,,0.5,,,0.0
1356,WR693,1375,1356,1591,1591,1587,1591,1479,1591,5108225,Josiah Martin,UNT,WR,12.0,12.0,12.0,3.98,47.8,47.8,47.8,0.0,47.8,-109.9,-105.8,-103.7,-103.7,-103.7,-103.7,,,,,,,,0.45,,1.0,,2026-08-25,,,,,0.5,,,0.0
1357,RB432,1365,1357,1438,1438,1434,1439,1327,1439,4918432,Ethan Crisp,LIB,RB,12.0,12.0,12.0,4.49,53.9,53.9,53.9,0.0,53.9,-103.8,-105.3,-103.8,-103.8,-103.8,-103.8,,,,,,,,0.68,,1.0,,2026-08-25,,,,,0.5,,,0.0
1358,TE82,1238,1358,1439,1439,1435,1440,1328,1440,5225330,Cade Callahan,ULM,TE,12.0,12.0,12.0,4.49,53.9,53.9,53.9,0.0,53.9,-103.8,-99.7,-103.8,-103.8,-103.8,-103.8,,,,,,,,0.67,,1.0,,2026-08-25,,,,,0.5,,,0.0
1359,WR694,1377,1359,1593,1593,1589,1593,1481,1593,5084468,Hogan Wasson,MTSU,WR,12.0,12.0,12.0,3.98,47.7,47.7,47.7,0.0,47.7,-110.0,-105.9,-103.8,-103.8,-103.8,-103.8,,,,,,,,0.65,,1.0,,2026-08-25,,,,,0.5,,,0.0
1360,WR695,1378,1360,1595,1595,1591,1595,1483,1595,5220443,Darrick Bledsoe III,SHSU,WR,12.0,12.0,12.0,3.98,47.7,47.7,47.7,0.0,47.7,-110.0,-105.9,-103.8,-103.8,-103.8,-103.8,,,,,,,,0.75,,1.0,,2026-08-25,,,,,0.5,,,0.0
1361,QB152,1939,1361,377,377,371,382,270,382,5228804,James Laubstein,UNM,QB,12.0,12.0,12.0,10.01,120.1,120.1,120.1,0.0,120.1,-125.0,-125.1,-108.2,-103.9,-103.9,-103.9,,,,,,,,0.83,,1.0,,2026-08-25,,,,,0.5,,,0.0
1362,TE83,1240,1362,1440,1440,1436,1441,1329,1441,5095138,Trevor Wilson,BUF,TE,12.0,12.0,12.0,4.48,53.8,53.8,53.8,0.0,53.8,-103.9,-99.8,-103.9,-103.9,-103.9,-103.9,,,,,,,,0.83,,1.0,,2026-08-25,,,,,0.5,,,0.0
1363,QB153,1944,1363,378,378,372,383,271,383,4833597,Brayden Fowler-Nicolosi,MICH,QB,12.0,12.0,12.0,10.0,120.0,120.0,120.0,0.0,120.0,-125.1,-125.2,-108.3,-104.0,-104.0,-104.0,,,,,,,,0.78,,1.0,,2026-08-25,,,,,0.5,,,0.0
1364,WR696,1384,1364,1600,1600,1596,1600,1488,1600,4912186,Trey Johnson,BGSU,WR,12.0,12.0,12.0,3.96,47.5,47.5,47.5,0.0,47.5,-110.2,-106.1,-104.0,-104.0,-104.0,-104.0,,,,,,,,0.68,,1.0,,2026-08-25,,,,,0.5,,,0.0
1365,QB154,1948,1365,381,381,375,386,274,386,5079620,Michael Van Buren Jr.,USF,QB,12.0,12.0,12.0,9.99,119.9,119.9,119.9,0.0,119.9,-125.2,-125.3,-108.4,-104.1,-104.1,-104.1,,,,,,,,0.74,,1.0,,2026-08-25,,,,,0.5,,,0.0
1366,RB433,1368,1366,1447,1447,1443,1448,1336,1448,5125784,Tyler Jacklich,SJSU,RB,12.0,12.0,12.0,4.47,53.6,53.6,53.6,0.0,53.6,-104.1,-105.6,-104.1,-104.1,-104.1,-104.1,,,,,,,,0.67,,1.0,,2026-08-25,,,,,0.5,,,0.0
1367,RB434,1369,1367,1448,1448,1444,1449,1337,1449,5203476,Daniel Bray,UTAH,RB,12.0,12.0,12.0,4.47,53.6,53.6,53.6,0.0,53.6,-104.1,-105.6,-104.1,-104.1,-104.1,-104.1,,,,,,,,0.79,,1.0,,2026-08-25,,,,,0.5,,,0.0
1368,WR697,1386,1368,1602,1602,1598,1602,1490,1602,5150328,Brady Mott,ARMY,WR,12.0,12.0,12.0,3.95,47.4,47.4,47.4,0.0,47.4,-110.3,-106.2,-104.1,-104.1,-104.1,-104.1,,,,,,,,0.71,,1.0,,2026-08-25,,,,,0.5,,,0.0
1369,TE84,1249,1369,1450,1450,1446,1451,1339,1451,4683210,Brady Hunt,SC,TE,12.0,12.0,12.0,4.46,53.5,53.5,53.5,0.0,53.5,-104.2,-100.1,-104.2,-104.2,-104.2,-104.2,,,,,,,,0.91,,1.0,,2026-08-25,,,,,0.5,,,0.0
1370,RB435,1371,1370,1451,1451,1447,1452,1340,1452,5212700,Jariel Cobb,CLT,RB,12.0,12.0,12.0,4.46,53.5,53.5,53.5,0.0,53.5,-104.2,-105.7,-104.2,-104.2,-104.2,-104.2,,,,,,,,0.75,,1.0,,2026-08-25,,,,,0.5,,,0.0
1371,WR698,1387,1371,1604,1604,1600,1604,1492,1604,5156911,Landon Baptiste,UL,WR,12.0,12.0,12.0,3.94,47.3,47.3,47.3,0.0,47.3,-110.4,-106.3,-104.2,-104.2,-104.2,-104.2,,,,,,,,0.64,,1.0,,2026-08-25,,,,,0.5,,,0.0
1372,WR699,1388,1372,1605,1605,1601,1605,1493,1605,5191048,Bryce Dorsey,MEM,WR,12.0,12.0,12.0,3.94,47.3,47.3,47.3,0.0,47.3,-110.4,-106.3,-104.2,-104.2,-104.2,-104.2,,,,,,,,0.77,,1.0,,2026-08-25,,,,,0.5,,,0.0
1373,RB436,1374,1373,1453,1453,1449,1454,1342,1454,5219932,Elijah Porter,NIU,RB,12.0,12.0,12.0,4.45,53.4,53.4,53.4,0.0,53.4,-104.3,-105.8,-104.3,-104.3,-104.3,-104.3,,,,,,,,0.79,,1.0,,2026-08-25,,,,,0.5,,,0.0
1374,WR700,1392,1374,1610,1610,1606,1610,1498,1610,5157068,Kaleb Mathis,COLO,WR,12.0,12.0,12.0,3.93,47.2,47.2,47.2,0.0,47.2,-110.5,-106.4,-104.3,-104.3,-104.3,-104.3,,,,,,,,0.61,,1.0,,2026-08-25,,,,,0.5,,,0.0
1375,TE85,1253,1375,1455,1455,1451,1456,1344,1456,5153377,Brock Chappell,UL,TE,12.0,12.0,12.0,4.43,53.2,53.2,53.2,0.0,53.2,-104.5,-100.4,-104.5,-104.5,-104.5,-104.5,,,,,,,,0.91,,1.0,,2026-08-25,,,,,0.5,,,0.0
1376,TE86,1254,1376,1456,1456,1452,1457,1345,1457,5227784,Jeron Askren,MOST,TE,12.0,12.0,12.0,4.43,53.2,53.2,53.2,0.0,53.2,-104.5,-100.4,-104.5,-104.5,-104.5,-104.5,,,,,,,,0.82,,1.0,,2026-08-25,,,,,0.5,,,0.0
1377,RB437,1382,1377,1457,1457,1453,1458,1346,1458,5208592,Bo MacCormack III,BC,RB,12.0,12.0,12.0,4.42,53.1,53.1,53.1,0.0,53.1,-104.6,-106.1,-104.6,-104.6,-104.6,-104.6,,,,,,,,0.73,,1.0,,2026-08-25,,,,,0.5,,,0.0
1378,WR701,1399,1378,1618,1618,1614,1618,1506,1618,4870691,Santana Fleming,MTSU,WR,12.0,12.0,12.0,3.91,46.9,46.9,46.9,0.0,46.9,-110.8,-106.7,-104.6,-104.6,-104.6,-104.6,,,,,,,,0.61,,1.0,,2026-08-25,,,,,0.5,,,0.0
1379,WR702,1400,1379,1619,1619,1615,1619,1507,1619,4915376,Jackson McGohan,WIS,WR,12.0,12.0,12.0,3.91,46.9,46.9,46.9,0.0,46.9,-110.8,-106.7,-104.6,-104.6,-104.6,-104.6,,,,,,,,0.69,,1.0,,2026-08-25,,,,,0.5,,,0.0
1380,RB438,1385,1380,1458,1458,1454,1459,1347,1459,5083146,Paul Holyfield Jr.,DUKE,RB,12.0,12.0,12.0,4.42,53.0,53.0,53.0,0.0,53.0,-104.7,-106.2,-104.7,-104.7,-104.7,-104.7,,,,,,,,0.75,,1.0,,2026-08-25,,,,,0.5,,,0.0
1381,TE87,1256,1381,1459,1459,1455,1460,1348,1460,5122081,Tyler Little,ARST,TE,12.0,12.0,12.0,4.42,53.0,53.0,53.0,0.0,53.0,-104.7,-100.6,-104.7,-104.7,-104.7,-104.7,,,,,,,,0.75,,1.0,,2026-08-25,,,,,0.5,,,0.0
1382,WR703,1403,1382,1622,1622,1618,1622,1510,1622,5079759,Jelani Watkins,ARK,WR,12.0,12.0,12.0,3.9,46.8,46.8,46.8,0.0,46.8,-110.9,-106.8,-104.7,-104.7,-104.7,-104.7,,,,,,,,0.7,,1.0,,2026-08-25,,,,,0.5,,,0.0
1383,RB439,1389,1383,1467,1467,1463,1468,1356,1468,5161835,Jaylen McGill,UNC,RB,12.0,12.0,12.0,4.4,52.8,52.8,52.8,0.0,52.8,-104.9,-106.4,-104.9,-104.9,-104.9,-104.9,,,,,,,,0.77,,1.0,,2026-08-25,,,,,0.5,,,0.0
1384,WR704,1409,1384,1631,1631,1627,1631,1519,1631,5148624,Quinn Clark,NEB,WR,12.0,12.0,12.0,3.88,46.6,46.6,46.6,0.0,46.6,-111.1,-107.0,-104.9,-104.9,-104.9,-104.9,,,,,,,,0.73,,1.0,,2026-08-25,,,,,0.5,,,0.0
1385,TE88,1267,1385,1469,1469,1465,1470,1358,1470,5024359,Trey Leckner,WSU,TE,12.0,12.0,12.0,4.39,52.7,52.7,52.7,0.0,52.7,-105.0,-100.9,-105.0,-105.0,-105.0,-105.0,,,,,,,,0.83,,1.0,,2026-08-25,,,,,0.5,,,0.0
1386,RB440,1395,1386,1472,1472,1468,1473,1361,1473,5297931,Myles Mitchell,NDSU,RB,12.0,12.0,12.0,4.38,52.6,52.6,52.6,0.0,52.6,-105.1,-106.6,-105.1,-105.1,-105.1,-105.1,,,,,,,,0.78,,1.0,,2026-08-25,,,,,0.5,,,0.0
1387,QB155,2005,1387,387,387,381,393,281,393,4920158,Brock Glenn,WKU,QB,12.0,12.0,12.0,9.9,118.8,118.8,118.8,0.0,118.8,-126.3,-126.4,-109.5,-105.2,-105.2,-105.2,,,,,,,,0.79,,1.0,,2026-08-25,,,,,0.5,,,0.0
1388,TE89,1270,1388,1473,1473,1469,1474,1362,1474,4898892,Joey Schlaffer,TEM,TE,12.0,12.0,12.0,4.38,52.5,52.5,52.5,0.0,52.5,-105.2,-101.1,-105.2,-105.2,-105.2,-105.2,,,,,,,,0.69,,1.0,,2026-08-25,,,,,0.5,,,0.0
1389,TE90,1271,1389,1474,1474,1470,1475,1363,1475,5078160,Richie Anderson,TA&M,TE,12.0,12.0,12.0,4.38,52.5,52.5,52.5,0.0,52.5,-105.2,-101.1,-105.2,-105.2,-105.2,-105.2,,,,,,,,0.72,,1.0,,2026-08-25,,,,,0.5,,,0.0
1390,RB441,1397,1390,1475,1475,1471,1476,1364,1476,5079546,Micah Ka'apana,MICH,RB,12.0,12.0,12.0,4.38,52.5,52.5,52.5,0.0,52.5,-105.2,-106.7,-105.2,-105.2,-105.2,-105.2,,,,,,,,0.64,,1.0,,2026-08-25,,,,,0.5,,,0.0
1391,WR705,1412,1391,1636,1636,1632,1636,1524,1636,4870743,William Fowles,APP,WR,12.0,12.0,12.0,3.86,46.3,46.3,46.3,0.0,46.3,-111.4,-107.3,-105.2,-105.2,-105.2,-105.2,,,,,,,,0.63,,1.0,,2026-08-25,,,,,0.5,,,0.0
1392,WR706,1413,1392,1637,1637,1633,1637,1525,1637,5078549,Dedrick Latulas,LT,WR,12.0,12.0,12.0,3.86,46.3,46.3,46.3,0.0,46.3,-111.4,-107.3,-105.2,-105.2,-105.2,-105.2,,,,,,,,0.61,,1.0,,2026-08-25,,,,,0.5,,,0.0
1393,WR707,1416,1393,1638,1638,1634,1638,1526,1638,5120970,Ismael Cisse,ARK,WR,12.0,12.0,12.0,3.85,46.2,46.2,46.2,0.0,46.2,-111.5,-107.4,-105.3,-105.3,-105.3,-105.3,,,,,,,,0.56,,1.0,,2026-08-25,,,,,0.5,,,0.0
1394,WR708,1417,1394,1639,1639,1635,1639,1527,1639,5146687,Trey Horne,USM,WR,12.0,12.0,12.0,3.85,46.2,46.2,46.2,0.0,46.2,-111.5,-107.4,-105.3,-105.3,-105.3,-105.3,,,,,,,,0.56,,1.0,,2026-08-25,,,,,0.5,,,0.0
1395,RB442,1404,1395,1482,1482,1478,1483,1371,1483,5221272,Elijah McCoy,UTEP,RB,12.0,12.0,12.0,4.36,52.3,52.3,52.3,0.0,52.3,-105.4,-106.9,-105.4,-105.4,-105.4,-105.4,,,,,,,,0.75,,1.0,,2026-08-25,,,,,0.5,,,0.0
1396,TE91,1280,1396,1485,1485,1481,1486,1374,1486,4905248,Carson Tabaracci,USC,TE,12.0,12.0,12.0,4.34,52.1,52.1,52.1,0.0,52.1,-105.6,-101.5,-105.6,-105.6,-105.6,-105.6,,,,,,,,0.75,,1.0,,2026-08-25,,,,,0.5,,,0.0
1397,TE92,1282,1397,1487,1487,1483,1488,1376,1488,5086956,Elijah Sessoms,DEL,TE,12.0,12.0,12.0,4.34,52.1,52.1,52.1,0.0,52.1,-105.6,-101.5,-105.6,-105.6,-105.6,-105.6,,,,,,,,0.9,,1.0,,2026-08-25,,,,,0.5,,,0.0
1398,RB443,1410,1398,1488,1488,1484,1489,1377,1489,5151490,Germanuel Tanelus,FAU,RB,12.0,12.0,12.0,4.34,52.1,52.1,52.1,0.0,52.1,-105.6,-107.1,-105.6,-105.6,-105.6,-105.6,,,,,,,,0.69,,1.0,,2026-08-25,,,,,0.5,,,0.0
1399,TE93,1283,1399,1489,1489,1485,1490,1378,1490,5121998,Lacota Dippre,FLA,TE,12.0,12.0,12.0,4.33,52.0,52.0,52.0,0.0,52.0,-105.7,-101.6,-105.7,-105.7,-105.7,-105.7,,,,,,,,0.79,,1.0,,2026-08-25,,,,,0.5,,,0.0
1400,WR709,1425,1400,1650,1650,1646,1650,1538,1650,5079661,Chance Robinson,NCSU,WR,12.0,12.0,12.0,3.82,45.8,45.8,45.8,0.0,45.8,-111.9,-107.8,-105.7,-105.7,-105.7,-105.7,,,,,,,,0.54,,1.0,,2026-08-25,,,,,0.5,,,0.0
1401,WR710,1426,1401,1651,1651,1647,1651,1539,1651,5114313,Jordan Onovughe,STAN,WR,12.0,12.0,12.0,3.82,45.8,45.8,45.8,0.0,45.8,-111.9,-107.8,-105.7,-105.7,-105.7,-105.7,,,,,,,,0.65,,1.0,,2026-08-25,,,,,0.5,,,0.0
1402,TE94,1285,1402,1491,1491,1487,1492,1380,1492,4837392,Ty Washington,ND,TE,12.0,12.0,12.0,4.32,51.9,51.9,51.9,0.0,51.9,-105.8,-101.7,-105.8,-105.8,-105.8,-105.8,,,,,,,,0.83,,1.0,,2026-08-25,,,,,0.5,,,0.0
1403,WR711,1431,1403,1656,1656,1652,1656,1544,1656,5144853,Landon Wright,BC,WR,12.0,12.0,12.0,3.81,45.7,45.7,45.7,0.0,45.7,-112.0,-107.9,-105.8,-105.8,-105.8,-105.8,,,,,,,,0.75,,1.0,,2026-08-25,,,,,0.5,,,0.0
1404,WR712,1432,1404,1657,1657,1653,1657,1545,1657,5153065,Branden Ganashamoorthy,WSU,WR,12.0,12.0,12.0,3.81,45.7,45.7,45.7,0.0,45.7,-112.0,-107.9,-105.8,-105.8,-105.8,-105.8,,,,,,,,0.62,,1.0,,2026-08-25,,,,,0.5,,,0.0
1405,WR713,1433,1405,1659,1659,1655,1659,1547,1659,5199859,Dalen Penson,GT,WR,12.0,12.0,12.0,3.81,45.7,45.7,45.7,0.0,45.7,-112.0,-107.9,-105.8,-105.8,-105.8,-105.8,,,,,,,,0.69,,1.0,,2026-08-25,,,,,0.5,,,0.0
1406,RB444,1415,1406,1494,1494,1490,1495,1383,1495,5207925,Tyvonn Byars,RICE,RB,12.0,12.0,12.0,4.32,51.8,51.8,51.8,0.0,51.8,-105.9,-107.4,-105.9,-105.9,-105.9,-105.9,,,,,,,,0.79,,1.0,,2026-08-25,,,,,0.5,,,0.0
1407,WR714,1435,1407,1662,1662,1658,1662,1550,1662,5150635,Koa Eldredge,HAW,WR,12.0,12.0,12.0,3.8,45.6,45.6,45.6,0.0,45.6,-112.1,-108.0,-105.9,-105.9,-105.9,-105.9,,,,,,,,0.64,,1.0,,2026-08-25,,,,,0.5,,,0.0
1408,WR715,1437,1408,1666,1666,1662,1666,1554,1666,5141402,Royal Capell,UTEP,WR,12.0,12.0,12.0,3.79,45.5,45.5,45.5,0.0,45.5,-112.2,-108.1,-106.0,-106.0,-106.0,-106.0,,,,,,,,0.69,,1.0,,2026-08-25,,,,,0.5,,,0.0
1409,WR716,1438,1409,1667,1667,1663,1667,1555,1667,5209199,Ty Olsen,USU,WR,12.0,12.0,12.0,3.79,45.5,45.5,45.5,0.0,45.5,-112.2,-108.1,-106.0,-106.0,-106.0,-106.0,,,,,,,,0.72,,1.0,,2026-08-25,,,,,0.5,,,0.0
1410,RB445,1422,1410,1499,1499,1495,1500,1388,1500,5265178,Dominic Kelley,NEV,RB,12.0,12.0,12.0,4.3,51.6,51.6,51.6,0.0,51.6,-106.1,-107.6,-106.1,-106.1,-106.1,-106.1,,,,,,,,0.84,,1.0,,2026-08-25,,,,,0.5,,,0.0
1411,WR717,1441,1411,1669,1669,1665,1669,1557,1669,5236325,Payton Matthews,RICE,WR,12.0,12.0,12.0,3.78,45.4,45.4,45.4,0.0,45.4,-112.3,-108.2,-106.1,-106.1,-106.1,-106.1,,,,,,,,0.79,,1.0,,2026-08-25,,,,,0.5,,,0.0
1412,WR718,1443,1412,1671,1671,1667,1671,1559,1671,4605477,Alante Brown,MEM,WR,12.0,12.0,12.0,3.78,45.3,45.3,45.3,0.0,45.3,-112.4,-108.3,-106.2,-106.2,-106.2,-106.2,,,,,,,,0.58,,1.0,,2026-08-25,,,,,0.5,,,0.0
1413,WR719,1444,1413,1672,1672,1668,1672,1560,1672,5079643,Zion Ragins,MSST,WR,12.0,12.0,12.0,3.78,45.3,45.3,45.3,0.0,45.3,-112.4,-108.3,-106.2,-106.2,-106.2,-106.2,,,,,,,,0.55,,1.0,,2026-08-25,,,,,0.5,,,0.0
1414,WR720,1445,1414,1673,1673,1669,1673,1561,1673,5141525,Koby Howard,PSU,WR,12.0,12.0,12.0,3.78,45.3,45.3,45.3,0.0,45.3,-112.4,-108.3,-106.2,-106.2,-106.2,-106.2,,,,,,,,0.69,,1.0,,2026-08-25,,,,,0.5,,,0.0
1415,RB446,1424,1415,1502,1502,1498,1503,1391,1503,5079300,Frankie Arthur Jr.,UTSA,RB,12.0,12.0,12.0,4.28,51.4,51.4,51.4,0.0,51.4,-106.3,-107.8,-106.3,-106.3,-106.3,-106.3,,,,,,,,0.65,,1.0,,2026-08-25,,,,,0.5,,,0.0
1416,RB447,1428,1416,1505,1505,1501,1506,1394,1506,5227814,Maxwell Woods,WSU,RB,12.0,12.0,12.0,4.27,51.3,51.3,51.3,0.0,51.3,-106.4,-107.9,-106.4,-106.4,-106.4,-106.4,,,,,,,,0.83,,1.0,,2026-08-25,,,,,0.5,,,0.0
1417,TE95,1301,1417,1508,1508,1504,1509,1397,1509,5083041,Gerard Bullock Jr.,KENN,TE,12.0,12.0,12.0,4.27,51.2,51.2,51.2,0.0,51.2,-106.5,-102.4,-106.5,-106.5,-106.5,-106.5,,,,,,,,0.88,,1.0,,2026-08-25,,,,,0.5,,,0.0
1418,WR721,1447,1418,1681,1681,1677,1681,1569,1681,5149004,Kyle Washington,GAST,WR,12.0,12.0,12.0,3.75,45.0,45.0,45.0,0.0,45.0,-112.7,-108.6,-106.5,-106.5,-106.5,-106.5,,,,,,,,0.7,,1.0,,2026-08-25,,,,,0.5,,,0.0
1419,WR722,1451,1419,1685,1685,1681,1685,1573,1685,5145207,Bryce Cain,AUB,WR,12.0,12.0,12.0,3.74,44.9,44.9,44.9,0.0,44.9,-112.8,-108.7,-106.6,-106.6,-106.6,-106.6,,,,,,,,0.7,,1.0,,2026-08-25,,,,,0.5,,,0.0
1420,RB448,1439,1420,1509,1509,1505,1510,1398,1510,5157011,Brady Wavrunek,NDSU,RB,12.0,12.0,12.0,4.25,51.0,51.0,51.0,0.0,51.0,-106.7,-108.2,-106.7,-106.7,-106.7,-106.7,,,,,,,,0.65,,1.0,,2026-08-25,,,,,0.5,,,0.0
1421,RB449,1440,1421,1510,1510,1506,1511,1399,1511,5221576,Jonathan Mathis,KENN,RB,12.0,12.0,12.0,4.25,51.0,51.0,51.0,0.0,51.0,-106.7,-108.2,-106.7,-106.7,-106.7,-106.7,,,,,,,,0.56,,1.0,,2026-08-25,,,,,0.5,,,0.0
1422,WR723,1454,1422,1689,1689,1685,1689,1577,1689,5155193,Corey Thompson Jr.,BALL,WR,12.0,12.0,12.0,3.73,44.8,44.8,44.8,0.0,44.8,-112.9,-108.8,-106.7,-106.7,-106.7,-106.7,,,,,,,,0.62,,1.0,,2026-08-25,,,,,0.5,,,0.0
1423,RB450,1442,1423,1513,1513,1510,1514,1402,1514,5228646,Rod Gainey Jr.,LSU,RB,12.0,12.0,12.0,4.24,50.9,50.9,50.9,0.0,50.9,-106.8,-108.3,-106.8,-106.8,-106.8,-106.8,,,,,,,,0.75,,1.0,,2026-08-25,,,,,0.5,,,0.0
1424,TE96,1309,1424,1518,1518,1515,1519,1407,1519,5156928,Caden Jensen,UL,TE,12.0,12.0,12.0,4.23,50.8,50.8,50.8,0.0,50.8,-106.9,-102.8,-106.9,-106.9,-106.9,-106.9,,,,,,,,0.84,,1.0,,2026-08-25,,,,,0.5,,,0.0
1425,TE97,1310,1425,1519,1519,1516,1520,1408,1520,5301984,Josiah Thomas,NMSU,TE,12.0,12.0,12.0,4.23,50.8,50.8,50.8,0.0,50.8,-106.9,-102.8,-106.9,-106.9,-106.9,-106.9,,,,,,,,0.75,,1.0,,2026-08-25,,,,,0.5,,,0.0
1426,TE98,1315,1426,1522,1522,1519,1523,1411,1523,4911906,Kanen Hamlett,ECU,TE,12.0,12.0,12.0,4.22,50.6,50.6,50.6,0.0,50.6,-107.1,-103.0,-107.1,-107.1,-107.1,-107.1,,,,,,,,0.76,,1.0,,2026-08-25,,,,,0.5,,,0.0
1427,WR724,1459,1427,1698,1698,1693,1697,1585,1697,5126526,Malachi Durant,ORST,WR,12.0,12.0,12.0,3.7,44.4,44.4,44.4,0.0,44.4,-113.3,-109.2,-107.1,-107.1,-107.1,-107.1,,,,,,,,0.69,,1.0,,2026-08-25,,,,,0.5,,,0.0
1428,TE99,1319,1428,1525,1525,1522,1526,1414,1526,5086240,Donovan Green,OKST,TE,12.0,12.0,12.0,4.21,50.5,50.5,50.5,0.0,50.5,-107.2,-103.1,-107.2,-107.2,-107.2,-107.2,,,,,,,,0.75,,1.0,,2026-08-25,,,,,0.5,,,0.0
1429,RB451,1448,1429,1527,1527,1524,1528,1416,1528,5222594,Amareon Blue,EMU,RB,12.0,12.0,12.0,4.21,50.5,50.5,50.5,0.0,50.5,-107.2,-108.7,-107.2,-107.2,-107.2,-107.2,,,,,,,,0.72,,1.0,,2026-08-25,,,,,0.5,,,0.0
1430,RB452,1449,1430,1528,1528,1525,1529,1417,1529,5224766,Greg Spiller,DEL,RB,12.0,12.0,12.0,4.21,50.5,50.5,50.5,0.0,50.5,-107.2,-108.7,-107.2,-107.2,-107.2,-107.2,,,,,,,,0.69,,1.0,,2026-08-25,,,,,0.5,,,0.0
1431,TE100,1321,1431,1529,1529,1526,1530,1418,1530,5125726,CC Ezirim,WKU,TE,12.0,12.0,12.0,4.2,50.4,50.4,50.4,0.0,50.4,-107.3,-103.2,-107.3,-107.3,-107.3,-107.3,,,,,,,,0.79,,1.0,,2026-08-25,,,,,0.5,,,0.0
1432,RB453,1452,1432,1530,1530,1527,1531,1419,1531,5297079,Noah White,USU,RB,12.0,12.0,12.0,4.2,50.4,50.4,50.4,0.0,50.4,-107.3,-108.8,-107.3,-107.3,-107.3,-107.3,,,,,,,,0.86,,1.0,,2026-08-25,,,,,0.5,,,0.0
1433,WR725,1462,1433,1700,1700,1696,1699,1587,1699,5084698,Tashi Braceful,TOL,WR,12.0,12.0,12.0,3.68,44.2,44.2,44.2,0.0,44.2,-113.5,-109.4,-107.3,-107.3,-107.3,-107.3,,,,,,,,0.7,,1.0,,2026-08-25,,,,,0.5,,,0.0
1434,QB156,2089,1434,408,408,402,414,302,414,5153845,Zach Marker,FIU,QB,12.0,12.0,12.0,9.72,116.6,116.6,116.6,0.0,116.6,-128.5,-128.6,-111.7,-107.4,-107.4,-107.4,,,,,,,,0.82,,1.0,,2026-08-25,,,,,0.5,,,0.0
1435,RB454,1455,1435,1532,1532,1529,1533,1421,1533,5222269,Tomas O'Meara,MICH,RB,12.0,12.0,12.0,4.19,50.3,50.3,50.3,0.0,50.3,-107.4,-108.9,-107.4,-107.4,-107.4,-107.4,,,,,,,,0.63,,1.0,,2026-08-25,,,,,0.5,,,0.0
1436,TE101,1323,1436,1533,1533,1530,1534,1422,1534,4871003,Christian Ross,M-OH,TE,12.0,12.0,12.0,4.18,50.2,50.2,50.2,0.0,50.2,-107.5,-103.4,-107.5,-107.5,-107.5,-107.5,,,,,,,,0.8,,1.0,,2026-08-25,,,,,0.5,,,0.0
1437,TE102,1324,1437,1534,1534,1531,1535,1423,1535,5121893,Tony Livingston,BAY,TE,12.0,12.0,12.0,4.18,50.2,50.2,50.2,0.0,50.2,-107.5,-103.4,-107.5,-107.5,-107.5,-107.5,,,,,,,,0.87,,1.0,,2026-08-25,,,,,0.5,,,0.0
1438,WR726,1466,1438,1703,1703,1699,1702,1590,1702,5078003,Zion Agnew,ODU,WR,12.0,12.0,12.0,3.67,44.0,44.0,44.0,0.0,44.0,-113.7,-109.6,-107.5,-107.5,-107.5,-107.5,,,,,,,,0.52,,1.0,,2026-08-25,,,,,0.5,,,0.0
1439,WR727,1467,1439,1704,1704,1700,1703,1591,1703,5144084,Jahmari Powell-Wonson,FAU,WR,12.0,12.0,12.0,3.67,44.0,44.0,44.0,0.0,44.0,-113.7,-109.6,-107.5,-107.5,-107.5,-107.5,,,,,,,,0.6,,1.0,,2026-08-25,,,,,0.5,,,0.0
1440,WR728,1468,1440,1705,1705,1701,1704,1592,1704,5165174,Za'Ron Collins,JMU,WR,12.0,12.0,12.0,3.67,44.0,44.0,44.0,0.0,44.0,-113.7,-109.6,-107.5,-107.5,-107.5,-107.5,,,,,,,,0.64,,1.0,,2026-08-25,,,,,0.5,,,0.0
1441,QB157,2096,1441,410,410,404,416,304,416,4912119,Tucker Kilcrease,TROY,QB,12.0,12.0,12.0,9.7,116.4,116.4,116.4,0.0,116.4,-128.7,-128.8,-111.9,-107.6,-107.6,-107.6,,,,,,,,0.93,,1.0,,2026-08-25,,,,,0.5,,,0.0
1442,TE103,1325,1442,1535,1535,1532,1536,1424,1536,5077877,Justyn Reid,LOU,TE,12.0,12.0,12.0,4.18,50.1,50.1,50.1,0.0,50.1,-107.6,-103.5,-107.6,-107.6,-107.6,-107.6,,,,,,,,0.87,,1.0,,2026-08-25,,,,,0.5,,,0.0
1443,WR729,1470,1443,1707,1707,1703,1706,1594,1706,5079645,Cam Williams,ND,WR,12.0,12.0,12.0,3.66,43.9,43.9,43.9,0.0,43.9,-113.8,-109.7,-107.6,-107.6,-107.6,-107.6,,,,,,,,0.6,,1.0,,2026-08-25,,,,,0.5,,,0.0
1444,RB455,1458,1444,1536,1536,1533,1537,1425,1537,5222190,Joseph Hagman,TCU,RB,12.0,12.0,12.0,4.17,50.0,50.0,50.0,0.0,50.0,-107.7,-109.2,-107.7,-107.7,-107.7,-107.7,,,,,,,,0.66,,1.0,,2026-08-25,,,,,0.5,,,0.0
1445,WR730,1473,1445,1709,1709,1705,1708,1596,1708,4684638,Ali Fisher,KENT,WR,12.0,12.0,12.0,3.65,43.8,43.8,43.8,0.0,43.8,-113.9,-109.8,-107.7,-107.7,-107.7,-107.7,,,,,,,,0.65,,1.0,,2026-08-25,,,,,0.5,,,0.0
1446,WR731,1474,1446,1710,1710,1706,1709,1597,1709,5127805,JJ Harrell,ODU,WR,12.0,12.0,12.0,3.65,43.8,43.8,43.8,0.0,43.8,-113.9,-109.8,-107.7,-107.7,-107.7,-107.7,,,,,,,,0.65,,1.0,,2026-08-25,,,,,0.5,,,0.0
1447,WR732,1475,1447,1711,1711,1707,1710,1598,1710,5146736,Sanfrisco Magee,MSST,WR,12.0,12.0,12.0,3.65,43.8,43.8,43.8,0.0,43.8,-113.9,-109.8,-107.7,-107.7,-107.7,-107.7,,,,,,,,0.63,,1.0,,2026-08-25,,,,,0.5,,,0.0
1448,WR733,1476,1448,1712,1712,1708,1711,1599,1711,5164365,Daylyn Upshaw,MIA,WR,12.0,12.0,12.0,3.65,43.8,43.8,43.8,0.0,43.8,-113.9,-109.8,-107.7,-107.7,-107.7,-107.7,,,,,,,,0.67,,1.0,,2026-08-25,,,,,0.5,,,0.0
1449,TE104,1328,1449,1539,1539,1536,1540,1428,1540,5122106,Jackson Worley,TROY,TE,12.0,12.0,12.0,4.16,49.9,49.9,49.9,0.0,49.9,-107.8,-103.7,-107.8,-107.8,-107.8,-107.8,,,,,,,,0.8,,1.0,,2026-08-25,,,,,0.5,,,0.0
1450,RB456,1461,1450,1540,1540,1537,1541,1429,1541,5214410,Jasper Parker,ARK,RB,12.0,12.0,12.0,4.16,49.9,49.9,49.9,0.0,49.9,-107.8,-109.3,-107.8,-107.8,-107.8,-107.8,,,,,,,,0.71,,1.0,,2026-08-25,,,,,0.5,,,0.0
1451,WR734,1480,1451,1716,1716,1712,1715,1603,1715,5125595,Eric Nelson Jr.,FIU,WR,12.0,12.0,12.0,3.64,43.7,43.7,43.7,0.0,43.7,-114.0,-109.9,-107.8,-107.8,-107.8,-107.8,,,,,,,,0.67,,1.0,,2026-08-25,,,,,0.5,,,0.0
1452,RB457,1463,1452,1544,1544,1541,1545,1433,1545,5390418,Leonard Farrow,FAU,RB,12.0,12.0,12.0,4.14,49.7,49.7,49.7,0.0,49.7,-108.0,-109.5,-108.0,-108.0,-108.0,-108.0,,,,,,,,0.61,,1.0,,2026-08-25,,,,,0.5,,,0.0
1453,WR735,1482,1453,1723,1723,1719,1722,1610,1722,5140261,Kason Stokes,MTSU,WR,12.0,12.0,12.0,3.62,43.5,43.5,43.5,0.0,43.5,-114.2,-110.1,-108.0,-108.0,-108.0,-108.0,,,,,,,,0.72,,1.0,,2026-08-25,,,,,0.5,,,0.0
1454,TE105,1336,1454,1546,1546,1543,1547,1435,1547,4819259,Devon Tauaefa,HAW,TE,12.0,12.0,12.0,4.13,49.6,49.6,49.6,0.0,49.6,-108.1,-104.0,-108.1,-108.1,-108.1,-108.1,,,,,,,,0.78,,1.0,,2026-08-25,,,,,0.5,,,0.0
1455,TE106,1338,1455,1548,1548,1545,1549,1437,1549,5098591,Carter Moses,KU,TE,12.0,12.0,12.0,4.13,49.6,49.6,49.6,0.0,49.6,-108.1,-104.0,-108.1,-108.1,-108.1,-108.1,,,,,,,,0.79,,1.0,,2026-08-25,,,,,0.5,,,0.0
1456,WR736,1486,1456,1726,1726,1722,1725,1613,1725,5295549,Jordan Scott,MD,WR,12.0,12.0,12.0,3.62,43.4,43.4,43.4,0.0,43.4,-114.3,-110.2,-108.1,-108.1,-108.1,-108.1,,,,,,,,0.62,,1.0,,2026-08-25,,,,,0.5,,,0.0
1457,WR737,1489,1457,1729,1729,1725,1728,1616,1728,5079441,Debron Gatling,GT,WR,12.0,12.0,12.0,3.61,43.3,43.3,43.3,0.0,43.3,-114.4,-110.3,-108.2,-108.2,-108.2,-108.2,,,,,,,,0.61,,1.0,,2026-08-25,,,,,0.5,,,0.0
1458,WR738,1491,1458,1732,1732,1728,1731,1619,1731,5121936,Brandon Phelps,ARIZ,WR,12.0,12.0,12.0,3.61,43.3,43.3,43.3,0.0,43.3,-114.4,-110.3,-108.2,-108.2,-108.2,-108.2,,,,,,,,0.68,,1.0,,2026-08-25,,,,,0.5,,,0.0
1459,WR739,1493,1459,1734,1734,1730,1733,1621,1733,5147069,Kory Hall,CSU,WR,12.0,12.0,12.0,3.61,43.3,43.3,43.3,0.0,43.3,-114.4,-110.3,-108.2,-108.2,-108.2,-108.2,,,,,,,,0.67,,1.0,,2026-08-25,,,,,0.5,,,0.0
1460,RB458,1472,1460,1553,1553,1550,1554,1442,1554,5296321,Jared Porter,DEL,RB,12.0,12.0,12.0,4.12,49.4,49.4,49.4,0.0,49.4,-108.3,-109.8,-108.3,-108.3,-108.3,-108.3,,,,,,,,0.61,,1.0,,2026-08-25,,,,,0.5,,,0.0
1461,WR740,1497,1461,1737,1737,1733,1736,1624,1736,5142753,Jesse Watson,PUR,WR,12.0,12.0,12.0,3.6,43.2,43.2,43.2,0.0,43.2,-114.5,-110.4,-108.3,-108.3,-108.3,-108.3,,,,,,,,0.72,,1.0,,2026-08-25,,,,,0.5,,,0.0
1462,WR741,1501,1462,1740,1740,1736,1739,1627,1739,5224784,Declan O'Brien,DEL,WR,12.0,12.0,12.0,3.59,43.1,43.1,43.1,0.0,43.1,-114.6,-110.5,-108.4,-108.4,-108.4,-108.4,,,,,,,,0.63,,1.0,,2026-08-25,,,,,0.5,,,0.0
1463,QB158,2123,1463,418,418,412,424,312,424,5085788,Enzo Arjona,BC,QB,12.0,12.0,12.0,9.62,115.4,115.4,115.4,0.0,115.4,-129.7,-129.8,-112.9,-108.6,-108.6,-108.6,,,,,,,,0.75,,1.0,,2026-08-25,,,,,0.5,,,0.0
1464,TE107,1346,1464,1555,1555,1552,1556,1444,1556,4898018,Josh Sapp,WVU,TE,12.0,12.0,12.0,4.09,49.1,49.1,49.1,0.0,49.1,-108.6,-104.5,-108.6,-108.6,-108.6,-108.6,,,,,,,,0.86,,1.0,,2026-08-25,,,,,0.5,,,0.0
1465,TE108,1348,1465,1558,1558,1555,1559,1447,1559,4816323,Nate Kurisky,DUKE,TE,12.0,12.0,12.0,4.08,49.0,49.0,49.0,0.0,49.0,-108.7,-104.6,-108.7,-108.7,-108.7,-108.7,,,,,,,,0.87,,1.0,,2026-08-25,,,,,0.5,,,0.0
1466,RB459,1484,1466,1559,1559,1556,1560,1448,1560,5125730,Darrien Jones,UNLV,RB,12.0,12.0,12.0,4.08,49.0,49.0,49.0,0.0,49.0,-108.7,-110.2,-108.7,-108.7,-108.7,-108.7,,,,,,,,0.69,,1.0,,2026-08-25,,,,,0.5,,,0.0
1467,WR742,1504,1467,1747,1747,1743,1746,1634,1746,5219035,Cam King,GASO,WR,12.0,12.0,12.0,3.57,42.8,42.8,42.8,0.0,42.8,-114.9,-110.8,-108.7,-108.7,-108.7,-108.7,,,,,,,,0.61,,1.0,,2026-08-25,,,,,0.5,,,0.0
1468,TE109,1351,1468,1562,1562,1559,1563,1451,1563,4870797,Luke Hasz,MISS,TE,12.0,12.0,12.0,4.08,48.9,48.9,48.9,0.0,48.9,-108.8,-104.7,-108.8,-108.8,-108.8,-108.8,,,,,,,,0.78,,1.0,,2026-08-25,,,,,0.5,,,0.0
1469,TE110,1352,1469,1563,1563,1560,1564,1452,1564,5120142,Tracy Stephens,MRSH,TE,12.0,12.0,12.0,4.08,48.9,48.9,48.9,0.0,48.9,-108.8,-104.7,-108.8,-108.8,-108.8,-108.8,,,,,,,,0.66,,1.0,,2026-08-25,,,,,0.5,,,0.0
1470,RB460,1487,1470,1565,1565,1562,1566,1454,1566,5225836,Ajon Bryant,SAC,RB,12.0,12.0,12.0,4.08,48.9,48.9,48.9,0.0,48.9,-108.8,-110.3,-108.8,-108.8,-108.8,-108.8,,,,,,,,0.67,,1.0,,2026-08-25,,,,,0.5,,,0.0
1471,WR743,1506,1471,1748,1748,1744,1747,1635,1747,5143923,Derek Meadows,ALA,WR,12.0,12.0,12.0,3.56,42.7,42.7,42.7,0.0,42.7,-115.0,-110.9,-108.8,-108.8,-108.8,-108.8,,,,,,,,0.56,,1.0,,2026-08-25,,,,,0.5,,,0.0
1472,WR744,1507,1472,1750,1750,1746,1749,1637,1749,5219936,Rickey Taylor Jr.,NIU,WR,12.0,12.0,12.0,3.56,42.7,42.7,42.7,0.0,42.7,-115.0,-110.9,-108.8,-108.8,-108.8,-108.8,,,,,,,,0.68,,1.0,,2026-08-25,,,,,0.5,,,0.0
1473,RB461,1494,1473,1566,1566,1563,1567,1455,1567,5079371,Chris Davis Jr.,STAN,RB,12.0,12.0,12.0,4.07,48.8,48.8,48.8,0.0,48.8,-108.9,-110.4,-108.9,-108.9,-108.9,-108.9,,,,,,,,0.66,,1.0,,2026-08-25,,,,,0.5,,,0.0
1474,RB462,1495,1474,1568,1568,1565,1569,1457,1569,5146711,Da'Jaun Riggs,ORE,RB,12.0,12.0,12.0,4.07,48.8,48.8,48.8,0.0,48.8,-108.9,-110.4,-108.9,-108.9,-108.9,-108.9,,,,,,,,0.7,,1.0,,2026-08-25,,,,,0.5,,,0.0
1475,WR745,1509,1475,1752,1752,1748,1751,1639,1751,5146728,Koby Young,HOU,WR,12.0,12.0,12.0,3.55,42.6,42.6,42.6,0.0,42.6,-115.1,-111.0,-108.9,-108.9,-108.9,-108.9,,,,,,,,0.68,,1.0,,2026-08-25,,,,,0.5,,,0.0
1476,RB463,1499,1476,1571,1570,2718,99,49,99,5124975,Juelz Goff,BOIS,RB,12.0,12.0,12.0,4.06,48.7,48.7,48.7,0.0,48.7,-109.0,-110.5,-109.0,-109.0,-109.0,-109.0,19.347,19.347,24.556,24.556,197.619,0.15,0.16,0.91,0.5,1.0,0.15,2026-08-25,2026-08-15,,https://www.ourlads.com/ncaa-football-depth-charts/depth-chart/boise-state/90130/,2026-08-15,0.5,,,0.0
1477,WR746,1513,1477,1754,1754,1750,1753,1641,1753,4570035,Jaden Alexis,USF,WR,12.0,12.0,12.0,3.54,42.5,42.5,42.5,0.0,42.5,-115.2,-111.1,-109.0,-109.0,-109.0,-109.0,,,,,,,,0.6,,1.0,,2026-08-25,,,,,0.5,,,0.0
1478,WR747,1515,1478,1756,1756,1752,1755,1643,1755,5093137,Isaac Koch,KSU,WR,12.0,12.0,12.0,3.54,42.5,42.5,42.5,0.0,42.5,-115.2,-111.1,-109.0,-109.0,-109.0,-109.0,,,,,,,,0.59,,1.0,,2026-08-25,,,,,0.5,,,0.0
1479,WR748,1516,1479,1757,1757,1753,1756,1644,1756,5123193,DJ Jordan,ARIZ,WR,12.0,12.0,12.0,3.54,42.5,42.5,42.5,0.0,42.5,-115.2,-111.1,-109.0,-109.0,-109.0,-109.0,,,,,,,,0.62,,1.0,,2026-08-25,,,,,0.5,,,0.0
1480,WR749,1518,1480,1760,1760,1756,1759,1647,1759,5162395,Jailen Holmes,UAB,WR,12.0,12.0,12.0,3.53,42.4,42.4,42.4,0.0,42.4,-115.3,-111.2,-109.1,-109.1,-109.1,-109.1,,,,,,,,0.55,,1.0,,2026-08-25,,,,,0.5,,,0.0
1481,WR750,1519,1481,1761,1761,1757,1760,1648,1760,5219242,Marcus Brown,STAN,WR,12.0,12.0,12.0,3.53,42.4,42.4,42.4,0.0,42.4,-115.3,-111.2,-109.1,-109.1,-109.1,-109.1,,,,,,,,0.72,,1.0,,2026-08-25,,,,,0.5,,,0.0
1482,WR751,1522,1482,1765,1765,1761,1764,1652,1764,4689721,Ty Robinson,ILL,WR,12.0,12.0,12.0,3.52,42.2,42.2,42.2,0.0,42.2,-115.5,-111.4,-109.3,-109.3,-109.3,-109.3,,,,,,,,0.66,,1.0,,2026-08-25,,,,,0.5,,,0.0
1483,WR752,1523,1483,1767,1767,1763,1766,1654,1766,5264658,Jermane Hayes,MEM,WR,12.0,12.0,12.0,3.52,42.2,42.2,42.2,0.0,42.2,-115.5,-111.4,-109.3,-109.3,-109.3,-109.3,,,,,,,,0.71,,1.0,,2026-08-25,,,,,0.5,,,0.0
1484,RB464,1505,1484,1579,1579,1575,1579,1467,1579,5081710,Jaylin Belford,LIB,RB,12.0,12.0,12.0,4.02,48.3,48.3,48.3,0.0,48.3,-109.4,-110.9,-109.4,-109.4,-109.4,-109.4,,,,,,,,0.62,,1.0,,2026-08-25,,,,,0.5,,,0.0
1485,TE111,1366,1485,1580,1580,1576,1580,1468,1580,5084293,Ka'Morreun Pimpton,TCU,TE,12.0,12.0,12.0,4.02,48.3,48.3,48.3,0.0,48.3,-109.4,-105.3,-109.4,-109.4,-109.4,-109.4,,,,,,,,0.75,,1.0,,2026-08-25,,,,,0.5,,,0.0
1486,WR753,1525,1486,1770,1770,1766,1769,1657,1769,5147367,Joseph McVay,VAN,WR,12.0,12.0,12.0,3.51,42.1,42.1,42.1,0.0,42.1,-115.6,-111.5,-109.4,-109.4,-109.4,-109.4,,,,,,,,0.55,,1.0,,2026-08-25,,,,,0.5,,,0.0
1487,WR754,1526,1487,1771,1771,1767,1770,1658,1770,5150312,David Clerk,ARMY,WR,12.0,12.0,12.0,3.51,42.1,42.1,42.1,0.0,42.1,-115.6,-111.5,-109.4,-109.4,-109.4,-109.4,,,,,,,,0.67,,1.0,,2026-08-25,,,,,0.5,,,0.0
1488,TE112,1367,1488,1581,1581,1577,1581,1469,1581,5295366,Matt Adcock,ARK,TE,12.0,12.0,12.0,4.02,48.2,48.2,48.2,0.0,48.2,-109.5,-105.4,-109.5,-109.5,-109.5,-109.5,,,,,,,,0.89,,1.0,,2026-08-25,,,,,0.5,,,0.0
1489,QB159,2156,1489,425,425,418,430,318,430,4597499,Mikey Keene,ASU,QB,12.0,12.0,12.0,9.53,114.4,114.4,114.4,0.0,114.4,-130.7,-130.8,-113.9,-109.6,-109.6,-109.6,,,,,,,,0.71,,1.0,,2026-08-25,,,,,0.5,,,0.0
1490,RB465,1510,1490,1583,1583,1579,1583,1471,1583,5103639,Trelain Maddox,GT,RB,12.0,12.0,12.0,4.01,48.1,48.1,48.1,0.0,48.1,-109.6,-111.1,-109.6,-109.6,-109.6,-109.6,,,,,,,,0.71,,1.0,,2026-08-25,,,,,0.5,,,0.0
1491,RB466,1511,1491,1584,1584,1580,1584,1472,1584,5125171,Jaylen Foster,USM,RB,12.0,12.0,12.0,4.01,48.1,48.1,48.1,0.0,48.1,-109.6,-111.1,-109.6,-109.6,-109.6,-109.6,,,,,,,,0.62,,1.0,,2026-08-25,,,,,0.5,,,0.0
1492,RB467,1512,1492,1585,1585,1581,1585,1473,1585,5174993,Kenneth Williams,MSU,RB,12.0,12.0,12.0,4.01,48.1,48.1,48.1,0.0,48.1,-109.6,-111.1,-109.6,-109.6,-109.6,-109.6,,,,,,,,0.62,,1.0,,2026-08-25,,,,,0.5,,,0.0
1493,WR755,1528,1493,1776,1776,1772,1775,1663,1775,5193288,Nasir Williams,CMU,WR,12.0,12.0,12.0,3.49,41.9,41.9,41.9,0.0,41.9,-115.8,-111.7,-109.6,-109.6,-109.6,-109.6,,,,,,,,0.7,,1.0,,2026-08-25,,,,,0.5,,,0.0
1494,WR756,1530,1494,1777,1777,1773,1776,1664,1776,5212231,Dillon Newton-Short,UVA,WR,12.0,12.0,12.0,3.48,41.8,41.8,41.8,0.0,41.8,-115.9,-111.8,-109.7,-109.7,-109.7,-109.7,,,,,,,,0.66,,1.0,,2026-08-25,,,,,0.5,,,0.0
1495,QB160,2167,1495,427,427,420,432,320,432,5146670,Alessio Milivojevic,MSU,QB,12.0,12.0,12.0,9.52,114.2,114.2,114.2,0.0,114.2,-130.9,-131.0,-114.1,-109.8,-109.8,-109.8,,,,,,,,0.85,,1.0,,2026-08-25,,,,,0.5,,,0.0
1496,TE113,1372,1496,1587,1587,1583,1587,1475,1587,4869821,DeCorion Temple,ORST,TE,12.0,12.0,12.0,3.99,47.9,47.9,47.9,0.0,47.9,-109.8,-105.7,-109.8,-109.8,-109.8,-109.8,,,,,,,,0.77,,1.0,,2026-08-25,,,,,0.5,,,0.0
1497,RB468,1520,1497,1589,1589,1585,1589,1477,1589,5150132,Mar'Kel Porter,NU,RB,12.0,12.0,12.0,3.99,47.9,47.9,47.9,0.0,47.9,-109.8,-111.3,-109.8,-109.8,-109.8,-109.8,,,,,,,,0.71,,1.0,,2026-08-25,,,,,0.5,,,0.0
1498,RB469,1521,1498,1590,1590,1586,1590,1478,1590,5220125,Dane Nauman,TOL,RB,12.0,12.0,12.0,3.99,47.9,47.9,47.9,0.0,47.9,-109.8,-111.3,-109.8,-109.8,-109.8,-109.8,,,,,,,,0.72,,1.0,,2026-08-25,,,,,0.5,,,0.0
1499,TE114,1376,1499,1592,1592,1588,1592,1480,1592,5142591,Kaleb Edwards,ALA,TE,12.0,12.0,12.0,3.98,47.8,47.8,47.8,0.0,47.8,-109.9,-105.8,-109.9,-109.9,-109.9,-109.9,,,,,,,,0.84,,1.0,,2026-08-25,,,,,0.5,,,0.0
1500,WR757,1535,1500,1782,1782,1778,1781,1669,1781,5158917,Nick Delgadillo,HAW,WR,12.0,12.0,12.0,3.47,41.6,41.6,41.6,0.0,41.6,-116.1,-112.0,-109.9,-109.9,-109.9,-109.9,,,,,,,,0.63,,1.0,,2026-08-25,,,,,0.5,,,0.0
1501,WR758,1536,1501,1784,1784,1780,1783,1671,1783,5220041,Terrell Richards,BUF,WR,12.0,12.0,12.0,3.47,41.6,41.6,41.6,0.0,41.6,-116.1,-112.0,-109.9,-109.9,-109.9,-109.9,,,,,,,,0.57,,1.0,,2026-08-25,,,,,0.5,,,0.0
1502,RB470,1524,1502,1594,1594,1590,1594,1482,1594,5121793,Peyton Streko,CLEM,RB,12.0,12.0,12.0,3.98,47.7,47.7,47.7,0.0,47.7,-110.0,-111.5,-110.0,-110.0,-110.0,-110.0,,,,,,,,0.6,,1.0,,2026-08-25,,,,,0.5,,,0.0
1503,TE115,1379,1503,1596,1596,1592,1596,1484,1596,5296040,Elijah Lagg,PITT,TE,12.0,12.0,12.0,3.98,47.7,47.7,47.7,0.0,47.7,-110.0,-105.9,-110.0,-110.0,-110.0,-110.0,,,,,,,,0.81,,1.0,,2026-08-25,,,,,0.5,,,0.0
1504,WR759,1537,1504,1785,1785,1781,1784,1672,1784,5147346,Jywon Boyd,TROY,WR,12.0,12.0,12.0,3.46,41.5,41.5,41.5,0.0,41.5,-116.2,-112.1,-110.0,-110.0,-110.0,-110.0,,,,,,,,0.52,,1.0,,2026-08-25,,,,,0.5,,,0.0
1505,WR760,1538,1505,1786,1786,1782,1785,1673,1785,5150311,Lloyd Benson III,ARMY,WR,12.0,12.0,12.0,3.46,41.5,41.5,41.5,0.0,41.5,-116.2,-112.1,-110.0,-110.0,-110.0,-110.0,,,,,,,,0.63,,1.0,,2026-08-25,,,,,0.5,,,0.0
1506,WR761,1539,1506,1787,1787,1783,1786,1674,1786,5155776,Jerrian Graham,USA,WR,12.0,12.0,12.0,3.46,41.5,41.5,41.5,0.0,41.5,-116.2,-112.1,-110.0,-110.0,-110.0,-110.0,,,,,,,,0.55,,1.0,,2026-08-25,,,,,0.5,,,0.0
1507,TE116,1380,1507,1597,1597,1593,1597,1485,1597,4912040,Jordan Williams,SAC,TE,12.0,12.0,12.0,3.97,47.6,47.6,47.6,0.0,47.6,-110.1,-106.0,-110.1,-110.1,-110.1,-110.1,,,,,,,,0.79,,1.0,,2026-08-25,,,,,0.5,,,0.0
1508,TE117,1381,1508,1598,1598,1594,1598,1486,1598,5151193,Marcus Vinson,FAU,TE,12.0,12.0,12.0,3.97,47.6,47.6,47.6,0.0,47.6,-110.1,-106.0,-110.1,-110.1,-110.1,-110.1,,,,,,,,0.73,,1.0,,2026-08-25,,,,,0.5,,,0.0
1509,WR762,1543,1509,1794,1794,1790,1793,1681,1793,5239157,Quentin Gibson,COLO,WR,12.0,12.0,12.0,3.45,41.4,41.4,41.4,0.0,41.4,-116.3,-112.2,-110.1,-110.1,-110.1,-110.1,,,,,,,,0.69,,1.0,,2026-08-25,,,,,0.5,,,0.0
1510,TE118,1383,1510,1599,1599,1595,1599,1487,1599,4685594,Dakota Twitty,UVA,TE,12.0,12.0,12.0,3.96,47.5,47.5,47.5,0.0,47.5,-110.2,-106.1,-110.2,-110.2,-110.2,-110.2,,,,,,,,0.84,,1.0,,2026-08-25,,,,,0.5,,,0.0
1511,WR763,1545,1511,1796,1796,1792,1795,1683,1795,5079772,Damarion Witten,M-OH,WR,12.0,12.0,12.0,3.44,41.3,41.3,41.3,0.0,41.3,-116.4,-112.3,-110.2,-110.2,-110.2,-110.2,,,,,,,,0.53,,1.0,,2026-08-25,,,,,0.5,,,0.0
1512,RB471,1529,1512,1603,1603,1599,1603,1491,1603,5157005,Jonathan Harvey,NDSU,RB,12.0,12.0,12.0,3.95,47.4,47.4,47.4,0.0,47.4,-110.3,-111.8,-110.3,-110.3,-110.3,-110.3,,,,,,,,0.58,,1.0,,2026-08-25,,,,,0.5,,,0.0
1513,WR764,1547,1513,1800,1800,1796,1799,1687,1799,5141555,Cameron Miller,MISS,WR,12.0,12.0,12.0,3.43,41.2,41.2,41.2,0.0,41.2,-116.5,-112.4,-110.3,-110.3,-110.3,-110.3,,,,,,,,0.63,,1.0,,2026-08-25,,,,,0.5,,,0.0
1514,WR765,1548,1514,1801,1801,1797,1800,1688,1800,5223116,Grant Wayne,AF,WR,12.0,12.0,12.0,3.43,41.2,41.2,41.2,0.0,41.2,-116.5,-112.4,-110.3,-110.3,-110.3,-110.3,,,,,,,,0.55,,1.0,,2026-08-25,,,,,0.5,,,0.0
1515,RB472,1531,1515,1606,1606,1602,1606,1494,1606,5296077,Agyeman Addae,UCF,RB,12.0,12.0,12.0,3.94,47.3,47.3,47.3,0.0,47.3,-110.4,-111.9,-110.4,-110.4,-110.4,-110.4,,,,,,,,0.7,,1.0,,2026-08-25,,,,,0.5,,,0.0
1516,WR766,1550,1516,1802,1802,1799,1801,1689,1801,4917942,Frank Covey IV,NU,WR,12.0,12.0,12.0,3.42,41.1,41.1,41.1,0.0,41.1,-116.6,-112.5,-110.4,-110.4,-110.4,-110.4,,,,,,,,0.6,,1.0,,2026-08-25,,,,,0.5,,,0.0
1517,WR767,1551,1517,1803,1803,1800,1802,1690,1802,4921304,Chris Lawson Jr.,APP,WR,12.0,12.0,12.0,3.42,41.1,41.1,41.1,0.0,41.1,-116.6,-112.5,-110.4,-110.4,-110.4,-110.4,,,,,,,,0.66,,1.0,,2026-08-25,,,,,0.5,,,0.0
1518,WR768,1554,1518,1808,1808,1805,1807,1695,1807,5163636,TJ Chukwurah,UNT,WR,12.0,12.0,12.0,3.42,41.1,41.1,41.1,0.0,41.1,-116.6,-112.5,-110.4,-110.4,-110.4,-110.4,,,,,,,,0.54,,1.0,,2026-08-25,,,,,0.5,,,0.0
1519,WR769,1555,1519,1809,1809,1806,1808,1696,1808,5218754,Parker Fulghum,ULM,WR,12.0,12.0,12.0,3.42,41.1,41.1,41.1,0.0,41.1,-116.6,-112.5,-110.4,-110.4,-110.4,-110.4,,,,,,,,0.53,,1.0,,2026-08-25,,,,,0.5,,,0.0
1520,TE119,1390,1520,1607,1607,1603,1607,1495,1607,4431009,Hunter Welcing,OSU,TE,12.0,12.0,12.0,3.93,47.2,47.2,47.2,0.0,47.2,-110.5,-106.4,-110.5,-110.5,-110.5,-110.5,,,,,,,,0.79,,1.0,,2026-08-25,,,,,0.5,,,0.0
1521,TE120,1391,1521,1608,1608,1604,1608,1496,1608,4917370,Brooks Johnson,FAU,TE,12.0,12.0,12.0,3.93,47.2,47.2,47.2,0.0,47.2,-110.5,-106.4,-110.5,-110.5,-110.5,-110.5,,,,,,,,0.75,,1.0,,2026-08-25,,,,,0.5,,,0.0
1522,RB473,1532,1522,1611,1611,1607,1611,1499,1611,5265474,Darrion Bowers,UNM,RB,12.0,12.0,12.0,3.93,47.2,47.2,47.2,0.0,47.2,-110.5,-112.0,-110.5,-110.5,-110.5,-110.5,,,,,,,,0.73,,1.0,,2026-08-25,,,,,0.5,,,0.0
1523,RB474,1533,1523,1612,1612,1608,1612,1500,1612,5388744,Noah Bartley,HAW,RB,12.0,12.0,12.0,3.93,47.2,47.2,47.2,0.0,47.2,-110.5,-112.0,-110.5,-110.5,-110.5,-110.5,,,,,,,,0.59,,1.0,,2026-08-25,,,,,0.5,,,0.0
1524,WR770,1559,1524,1814,1814,1811,1813,1701,1813,5146758,Justice Williams,WASH,WR,12.0,12.0,12.0,3.42,41.0,41.0,41.0,0.0,41.0,-116.7,-112.6,-110.5,-110.5,-110.5,-110.5,,,,,,,,0.65,,1.0,,2026-08-25,,,,,0.5,,,0.0
1525,WR771,1560,1525,1815,1815,1812,1814,1702,1814,5193720,Javon Brown,CONN,WR,12.0,12.0,12.0,3.42,41.0,41.0,41.0,0.0,41.0,-116.7,-112.6,-110.5,-110.5,-110.5,-110.5,,,,,,,,0.7,,1.0,,2026-08-25,,,,,0.5,,,0.0
1526,TE121,1393,1526,1613,1613,1609,1613,1501,1613,4695711,Max Whisner,SHSU,TE,12.0,12.0,12.0,3.92,47.1,47.1,47.1,0.0,47.1,-110.6,-106.5,-110.6,-110.6,-110.6,-110.6,,,,,,,,0.77,,1.0,,2026-08-25,,,,,0.5,,,0.0
1527,TE122,1394,1527,1614,1614,1610,1614,1502,1614,4698120,Kevin Schaeffer,FIU,TE,12.0,12.0,12.0,3.92,47.1,47.1,47.1,0.0,47.1,-110.6,-106.5,-110.6,-110.6,-110.6,-110.6,,,,,,,,0.72,,1.0,,2026-08-25,,,,,0.5,,,0.0
1528,TE123,1396,1528,1616,1616,1612,1616,1504,1616,4873418,Kaden Helms,MINN,TE,12.0,12.0,12.0,3.92,47.0,47.0,47.0,0.0,47.0,-110.7,-106.6,-110.7,-110.7,-110.7,-110.7,,,,,,,,0.78,,1.0,,2026-08-25,,,,,0.5,,,0.0
1529,WR772,1561,1529,1816,1816,1813,1815,1703,1815,5079402,Tyseer Denmark,VT,WR,12.0,12.0,12.0,3.4,40.8,40.8,40.8,0.0,40.8,-116.9,-112.8,-110.7,-110.7,-110.7,-110.7,,,,,,,,0.7,,1.0,,2026-08-25,,,,,0.5,,,0.0
1530,TE124,1398,1530,1617,1617,1613,1617,1505,1617,4695195,Jett Carpenter,TTU,TE,12.0,12.0,12.0,3.91,46.9,46.9,46.9,0.0,46.9,-110.8,-106.7,-110.8,-110.8,-110.8,-110.8,,,,,,,,0.79,,1.0,,2026-08-25,,,,,0.5,,,0.0
1531,TE125,1401,1531,1620,1620,1616,1620,1508,1620,5150561,Olsen Patt-Henry,CLEM,TE,12.0,12.0,12.0,3.91,46.9,46.9,46.9,0.0,46.9,-110.8,-106.7,-110.8,-110.8,-110.8,-110.8,,,,,,,,0.89,,1.0,,2026-08-25,,,,,0.5,,,0.0
1532,WR773,1562,1532,1817,1817,1814,1816,1704,1816,5141524,Kaliq Lockett,TEX,WR,12.0,12.0,12.0,3.39,40.7,40.7,40.7,0.0,40.7,-117.0,-112.9,-110.8,-110.8,-110.8,-110.8,,,,,,,,0.65,,1.0,,2026-08-25,,,,,0.5,,,0.0
1533,TE126,1402,1533,1621,1621,1617,1621,1509,1621,4613199,Josh Sterzer,USU,TE,12.0,12.0,12.0,3.9,46.8,46.8,46.8,0.0,46.8,-110.9,-106.8,-110.9,-110.9,-110.9,-110.9,,,,,,,,0.87,,1.0,,2026-08-25,,,,,0.5,,,0.0
1534,WR774,1564,1534,1818,1818,1815,1817,1705,1817,4917422,Quinn Fracassi,EMU,WR,12.0,12.0,12.0,3.38,40.6,40.6,40.6,0.0,40.6,-117.1,-113.0,-110.9,-110.9,-110.9,-110.9,,,,,,,,0.62,,1.0,,2026-08-25,,,,,0.5,,,0.0
1535,WR775,1566,1535,1822,1822,1819,1821,1709,1821,5222221,Tank Hawkins,WSU,WR,12.0,12.0,12.0,3.38,40.6,40.6,40.6,0.0,40.6,-117.1,-113.0,-110.9,-110.9,-110.9,-110.9,,,,,,,,0.59,,1.0,,2026-08-25,,,,,0.5,,,0.0
1536,QB161,2213,1536,435,435,428,440,328,440,4685459,Nicco Marchiol,NU,QB,12.0,12.0,12.0,9.42,113.0,113.0,113.0,0.0,113.0,-132.1,-132.2,-115.3,-111.0,-111.0,-111.0,,,,,,,,0.73,,1.0,,2026-08-25,,,,,0.5,,,0.0
1537,TE127,1405,1537,1625,1625,1621,1625,1513,1625,4685414,Jake Johnson,AUB,TE,12.0,12.0,12.0,3.89,46.7,46.7,46.7,0.0,46.7,-111.0,-106.9,-111.0,-111.0,-111.0,-111.0,,,,,,,,0.77,,1.0,,2026-08-25,,,,,0.5,,,0.0
1538,TE128,1406,1538,1626,1626,1622,1626,1514,1626,5172608,Hunter Provience,NCSU,TE,12.0,12.0,12.0,3.89,46.7,46.7,46.7,0.0,46.7,-111.0,-106.9,-111.0,-111.0,-111.0,-111.0,,,,,,,,0.77,,1.0,,2026-08-25,,,,,0.5,,,0.0
1539,RB475,1549,1539,1627,1627,1623,1627,1515,1627,5210729,Xay Davis,UVA,RB,12.0,12.0,12.0,3.89,46.7,46.7,46.7,0.0,46.7,-111.0,-112.5,-111.0,-111.0,-111.0,-111.0,,,,,,,,0.64,,1.0,,2026-08-25,,,,,0.5,,,0.0
1540,WR776,1567,1540,1823,1823,1820,1822,1710,1822,5221103,Landon Strother,UL,WR,12.0,12.0,12.0,3.38,40.5,40.5,40.5,0.0,40.5,-117.2,-113.1,-111.0,-111.0,-111.0,-111.0,,,,,,,,0.72,,1.0,,2026-08-25,,,,,0.5,,,0.0
1541,WR777,1569,1541,1826,1826,1823,1825,1713,1825,5265463,Luke Watkins,LT,WR,12.0,12.0,12.0,3.38,40.5,40.5,40.5,0.0,40.5,-117.2,-113.1,-111.0,-111.0,-111.0,-111.0,,,,,,,,0.74,,1.0,,2026-08-25,,,,,0.5,,,0.0
1542,TE129,1407,1542,1628,1628,1624,1628,1516,1628,4708099,Gus McGee,CLT,TE,12.0,12.0,12.0,3.88,46.6,46.6,46.6,0.0,46.6,-111.1,-107.0,-111.1,-111.1,-111.1,-111.1,,,,,,,,0.8,,1.0,,2026-08-25,,,,,0.5,,,0.0
1543,TE130,1408,1543,1629,1629,1625,1629,1517,1629,5079462,Kylan Fox,PUR,TE,12.0,12.0,12.0,3.88,46.6,46.6,46.6,0.0,46.6,-111.1,-107.0,-111.1,-111.1,-111.1,-111.1,,,,,,,,0.79,,1.0,,2026-08-25,,,,,0.5,,,0.0
1544,RB476,1556,1544,1632,1632,1628,1632,1520,1632,5261613,Tylik Hill,SYR,RB,12.0,12.0,12.0,3.88,46.6,46.6,46.6,0.0,46.6,-111.1,-112.6,-111.1,-111.1,-111.1,-111.1,,,,,,,,0.71,,1.0,,2026-08-25,,,,,0.5,,,0.0
1545,WR778,1575,1545,1831,1831,1828,1830,1718,1830,5294438,Jemyri Davis,MEM,WR,12.0,12.0,12.0,3.37,40.4,40.4,40.4,0.0,40.4,-117.3,-113.2,-111.1,-111.1,-111.1,-111.1,,,,,,,,0.6,,1.0,,2026-08-25,,,,,0.5,,,0.0
1546,QB162,2223,1546,437,437,430,442,330,442,4685740,Max Johnson,GASO,QB,12.0,12.0,12.0,9.4,112.8,112.8,112.8,0.0,112.8,-132.3,-132.4,-115.5,-111.2,-111.2,-111.2,,,,,,,,0.83,,1.0,,2026-08-25,,,,,0.5,,,0.0
1547,QB163,2224,1547,438,438,431,443,331,443,4912238,Turner Helton,GASO,QB,12.0,12.0,12.0,9.4,112.8,112.8,112.8,0.0,112.8,-132.3,-132.4,-115.5,-111.2,-111.2,-111.2,,,,,,,,0.81,,1.0,,2026-08-25,,,,,0.5,,,0.0
1548,TE131,1411,1548,1635,1635,1631,1635,1523,1635,5086204,Matt Buron,GAST,TE,12.0,12.0,12.0,3.87,46.4,46.4,46.4,0.0,46.4,-111.3,-107.2,-111.3,-111.3,-111.3,-111.3,,,,,,,,0.74,,1.0,,2026-08-25,,,,,0.5,,,0.0
1549,QB164,2232,1549,441,441,1151,199,96,199,4870607,Jackson Arnold,UNLV,QB,12.0,12.0,12.0,9.38,112.6,112.6,112.6,0.0,112.6,-132.5,-132.6,-115.7,-111.4,-111.4,-111.4,67.53,67.53,67.53,157.57,157.57,0.5,0.5,0.7,0.8,1.0,0.0,2026-08-25,2026-08-24,,https://www.reviewjournal.com/sports/unlv/unlv-football/dan-mullen-not-naming-unlvs-starting-qb-i-dont-even-know-our-first-play-3868796/,2026-08-24,0.5,,,0.0
1550,WR779,1578,1550,1833,1833,1830,1832,1720,1832,5075319,Dylan Braithwaite,RUTG,WR,12.0,12.0,12.0,3.34,40.1,40.1,40.1,0.0,40.1,-117.6,-113.5,-111.4,-111.4,-111.4,-111.4,,,,,,,,0.59,,1.0,,2026-08-25,,,,,0.5,,,0.0
1551,WR780,1579,1551,1835,1835,1832,1834,1722,1834,5224178,Caleb Cunningham,MISS,WR,12.0,12.0,12.0,3.34,40.1,40.1,40.1,0.0,40.1,-117.6,-113.5,-111.4,-111.4,-111.4,-111.4,,,,,,,,0.6,,1.0,,2026-08-25,,,,,0.5,,,0.0
1552,TE132,1418,1552,1640,1640,1636,1640,1528,1640,5228015,Reis Kessel,NDSU,TE,12.0,12.0,12.0,3.85,46.2,46.2,46.2,0.0,46.2,-111.5,-107.4,-111.5,-111.5,-111.5,-111.5,,,,,,,,0.88,,1.0,,2026-08-25,,,,,0.5,,,0.0
1553,WR781,1581,1553,1836,1836,1833,1835,1723,1835,5153263,Jakob Dixon,LOU,WR,12.0,12.0,12.0,3.33,40.0,40.0,40.0,0.0,40.0,-117.7,-113.6,-111.5,-111.5,-111.5,-111.5,,,,,,,,0.61,,1.0,,2026-08-25,,,,,0.5,,,0.0
1554,WR782,1582,1554,1837,1837,1834,1836,1724,1836,5198318,Isaiah Mizell,ARIZ,WR,12.0,12.0,12.0,3.33,40.0,40.0,40.0,0.0,40.0,-117.7,-113.6,-111.5,-111.5,-111.5,-111.5,,,,,,,,0.62,,1.0,,2026-08-25,,,,,0.5,,,0.0
1555,TE133,1421,1555,1641,1641,1637,1641,1529,1641,4917338,Connor Vaughn,UNT,TE,12.0,12.0,12.0,3.84,46.1,46.1,46.1,0.0,46.1,-111.6,-107.5,-111.6,-111.6,-111.6,-111.6,,,,,,,,0.76,,1.0,,2026-08-25,,,,,0.5,,,0.0
1556,RB477,1570,1556,1642,1642,1638,1642,1530,1642,4871050,Marquese Williams,AKR,RB,12.0,12.0,12.0,3.83,46.0,46.0,46.0,0.0,46.0,-111.7,-113.2,-111.7,-111.7,-111.7,-111.7,,,,,,,,0.69,,1.0,,2026-08-25,,,,,0.5,,,0.0
1557,RB478,1571,1557,1645,1645,1641,1645,1533,1645,5159453,Darius Johnson,NCSU,RB,12.0,12.0,12.0,3.83,46.0,46.0,46.0,0.0,46.0,-111.7,-113.2,-111.7,-111.7,-111.7,-111.7,,,,,,,,0.61,,1.0,,2026-08-25,,,,,0.5,,,0.0
1558,RB479,1572,1558,1646,1646,1642,1646,1534,1646,5296232,Justin Cook,PITT,RB,12.0,12.0,12.0,3.83,46.0,46.0,46.0,0.0,46.0,-111.7,-113.2,-111.7,-111.7,-111.7,-111.7,,,,,,,,0.61,,1.0,,2026-08-25,,,,,0.5,,,0.0
1559,WR783,1586,1559,1841,1841,1838,1840,1728,1840,5220007,Tank Boston,CLT,WR,12.0,12.0,12.0,3.32,39.8,39.8,39.8,0.0,39.8,-117.9,-113.8,-111.7,-111.7,-111.7,-111.7,,,,,,,,0.68,,1.0,,2026-08-25,,,,,0.5,,,0.0
1560,RB480,1576,1560,1649,1649,1645,1649,1537,1649,5383050,Terrence Brown,MTSU,RB,12.0,12.0,12.0,3.82,45.9,45.9,45.9,0.0,45.9,-111.8,-113.3,-111.8,-111.8,-111.8,-111.8,,,,,,,,0.6,,1.0,,2026-08-25,,,,,0.5,,,0.0
1561,WR784,1588,1561,1845,1845,1842,1844,1732,1844,5149473,Thomas Blackshear,UGA,WR,12.0,12.0,12.0,3.31,39.7,39.7,39.7,0.0,39.7,-118.0,-113.9,-111.8,-111.8,-111.8,-111.8,,,,,,,,0.56,,1.0,,2026-08-25,,,,,0.5,,,0.0
1562,TE134,1427,1562,1652,1652,1648,1652,1540,1652,5146764,Benji Blackburn,STAN,TE,12.0,12.0,12.0,3.82,45.8,45.8,45.8,0.0,45.8,-111.9,-107.8,-111.9,-111.9,-111.9,-111.9,,,,,,,,0.83,,1.0,,2026-08-25,,,,,0.5,,,0.0
1563,WR785,1590,1563,1847,1847,1844,1846,1734,1846,5156879,Jaylen Hampton,CLT,WR,12.0,12.0,12.0,3.3,39.6,39.6,39.6,0.0,39.6,-118.1,-114.0,-111.9,-111.9,-111.9,-111.9,,,,,,,,0.65,,1.0,,2026-08-25,,,,,0.5,,,0.0
1564,WR786,1591,1564,1848,1848,1845,1847,1735,1847,5278798,Cam Abshire,CONN,WR,12.0,12.0,12.0,3.3,39.6,39.6,39.6,0.0,39.6,-118.1,-114.0,-111.9,-111.9,-111.9,-111.9,,,,,,,,0.62,,1.0,,2026-08-25,,,,,0.5,,,0.0
1565,QB165,2257,1565,447,447,439,451,339,451,5141535,Lloyd Jones III,TTU,QB,12.0,12.0,12.0,9.33,112.0,112.0,112.0,0.0,112.0,-133.1,-133.2,-116.3,-112.0,-112.0,-112.0,,,,,,,,0.64,,1.0,,2026-08-25,,,,,0.5,,,0.0
1566,TE135,1429,1566,1654,1654,1650,1654,1542,1654,4876695,Jaden Allen,CMU,TE,12.0,12.0,12.0,3.81,45.7,45.7,45.7,0.0,45.7,-112.0,-107.9,-112.0,-112.0,-112.0,-112.0,,,,,,,,0.83,,1.0,,2026-08-25,,,,,0.5,,,0.0
1567,TE136,1430,1567,1655,1655,1651,1655,1543,1655,4921111,TJ Johnson,MEM,TE,12.0,12.0,12.0,3.81,45.7,45.7,45.7,0.0,45.7,-112.0,-107.9,-112.0,-112.0,-112.0,-112.0,,,,,,,,0.69,,1.0,,2026-08-25,,,,,0.5,,,0.0
1568,RB481,1577,1568,1658,1658,1654,1658,1546,1658,5166083,Dennis Moody III,OKST,RB,12.0,12.0,12.0,3.81,45.7,45.7,45.7,0.0,45.7,-112.0,-113.5,-112.0,-112.0,-112.0,-112.0,,,,,,,,0.53,,1.0,,2026-08-25,,,,,0.5,,,0.0
1569,WR787,1595,1569,1850,1850,1847,1849,1737,1849,4870238,Zamondre Merriweather,SYR,WR,12.0,12.0,12.0,3.29,39.5,39.5,39.5,0.0,39.5,-118.2,-114.1,-112.0,-112.0,-112.0,-112.0,,,,,,,,0.52,,1.0,,2026-08-25,,,,,0.5,,,0.0
1570,TE137,1434,1570,1660,1660,1656,1660,1548,1660,5141756,Elyiss Williams,UGA,TE,12.0,12.0,12.0,3.8,45.6,45.6,45.6,0.0,45.6,-112.1,-108.0,-112.1,-112.1,-112.1,-112.1,,,,,,,,0.8,,1.0,,2026-08-25,,,,,0.5,,,0.0
1571,RB482,1580,1571,1661,1661,1657,1661,1549,1661,5147510,Isiah Jones,NCSU,RB,12.0,12.0,12.0,3.8,45.6,45.6,45.6,0.0,45.6,-112.1,-113.6,-112.1,-112.1,-112.1,-112.1,,,,,,,,0.61,,1.0,,2026-08-25,,,,,0.5,,,0.0
1572,TE138,1436,1572,1665,1665,1661,1665,1553,1665,5078812,Antonio Ferguson,UAB,TE,12.0,12.0,12.0,3.79,45.5,45.5,45.5,0.0,45.5,-112.2,-108.1,-112.2,-112.2,-112.2,-112.2,,,,,,,,0.76,,1.0,,2026-08-25,,,,,0.5,,,0.0
1573,RB483,1584,1573,1668,1668,1664,1668,1556,1668,4912281,Taven Curry,AKR,RB,12.0,12.0,12.0,3.78,45.4,45.4,45.4,0.0,45.4,-112.3,-113.8,-112.3,-112.3,-112.3,-112.3,,,,,,,,0.59,,1.0,,2026-08-25,,,,,0.5,,,0.0
1574,RB484,1585,1574,1670,1670,1666,1670,1558,1670,5295756,Breyahn Townsend,CCU,RB,12.0,12.0,12.0,3.78,45.4,45.4,45.4,0.0,45.4,-112.3,-113.8,-112.3,-112.3,-112.3,-112.3,,,,,,,,0.6,,1.0,,2026-08-25,,,,,0.5,,,0.0
1575,WR788,1600,1575,1854,1854,1851,1853,1741,1853,5146723,Isaiah McMorris,MOST,WR,12.0,12.0,12.0,3.27,39.2,39.2,39.2,0.0,39.2,-118.5,-114.4,-112.3,-112.3,-112.3,-112.3,,,,,,,,0.61,,1.0,,2026-08-25,,,,,0.5,,,0.0
1576,WR789,1601,1576,1856,1856,1853,1855,1743,1855,5216510,Kory Pettigrew,AUB,WR,12.0,12.0,12.0,3.27,39.2,39.2,39.2,0.0,39.2,-118.5,-114.4,-112.3,-112.3,-112.3,-112.3,,,,,,,,0.68,,1.0,,2026-08-25,,,,,0.5,,,0.0
1577,WR790,1604,1577,1862,1862,1859,1861,1749,1861,5161740,Kevin Douglas,GASO,WR,12.0,12.0,12.0,3.25,39.0,39.0,39.0,0.0,39.0,-118.7,-114.6,-112.5,-112.5,-112.5,-112.5,,,,,,,,0.51,,1.0,,2026-08-25,,,,,0.5,,,0.0
1578,WR791,1605,1578,1863,1863,1860,1862,1750,1862,5194309,Mekhi Anderson,UTSA,WR,12.0,12.0,12.0,3.25,39.0,39.0,39.0,0.0,39.0,-118.7,-114.6,-112.5,-112.5,-112.5,-112.5,,,,,,,,0.67,,1.0,,2026-08-25,,,,,0.5,,,0.0
1579,WR792,1606,1579,1864,1864,1861,1863,1751,1863,5296066,Ethan Dowdy,NCSU,WR,12.0,12.0,12.0,3.25,39.0,39.0,39.0,0.0,39.0,-118.7,-114.6,-112.5,-112.5,-112.5,-112.5,,,,,,,,0.58,,1.0,,2026-08-25,,,,,0.5,,,0.0
1580,RB485,1592,1580,1676,1676,1672,1676,1564,1676,5219931,Romelo Ware,NIU,RB,12.0,12.0,12.0,3.76,45.1,45.1,45.1,0.0,45.1,-112.6,-114.1,-112.6,-112.6,-112.6,-112.6,,,,,,,,0.73,,1.0,,2026-08-25,,,,,0.5,,,0.0
1581,RB486,1593,1581,1677,1677,1673,1677,1565,1677,5254150,Javion Kinnard,SDSU,RB,12.0,12.0,12.0,3.76,45.1,45.1,45.1,0.0,45.1,-112.6,-114.1,-112.6,-112.6,-112.6,-112.6,,,,,,,,0.72,,1.0,,2026-08-25,,,,,0.5,,,0.0
1582,RB487,1596,1582,1678,1678,1674,1678,1566,1678,5078917,Khalifa Keith,ALA,RB,12.0,12.0,12.0,3.75,45.0,45.0,45.0,0.0,45.0,-112.7,-114.2,-112.7,-112.7,-112.7,-112.7,,,,,,,,0.62,,1.0,,2026-08-25,,,,,0.5,,,0.0
1583,TE139,1446,1583,1679,1679,1675,1679,1567,1679,5083966,Morgan McPhaul,OKST,TE,12.0,12.0,12.0,3.75,45.0,45.0,45.0,0.0,45.0,-112.7,-108.6,-112.7,-112.7,-112.7,-112.7,,,,,,,,0.81,,1.0,,2026-08-25,,,,,0.5,,,0.0
1584,RB488,1597,1584,1680,1680,1676,1680,1568,1680,5141516,Alvin Henderson,AUB,RB,12.0,12.0,12.0,3.75,45.0,45.0,45.0,0.0,45.0,-112.7,-114.2,-112.7,-112.7,-112.7,-112.7,,,,,,,,0.67,,1.0,,2026-08-25,,,,,0.5,,,0.0
1585,TE140,1450,1585,1684,1684,1680,1684,1572,1684,4685157,Blake Smith,TXST,TE,12.0,12.0,12.0,3.74,44.9,44.9,44.9,0.0,44.9,-112.8,-108.7,-112.8,-112.8,-112.8,-112.8,,,,,,,,0.84,,1.0,,2026-08-25,,,,,0.5,,,0.0
1586,RB489,1598,1586,1686,1686,1682,1686,1574,1686,5219854,Almari Brown,FAU,RB,12.0,12.0,12.0,3.74,44.9,44.9,44.9,0.0,44.9,-112.8,-114.3,-112.8,-112.8,-112.8,-112.8,,,,,,,,0.55,,1.0,,2026-08-25,,,,,0.5,,,0.0
1587,WR793,1610,1587,1868,1868,1865,1867,1755,1867,5207604,TK Keys,TENN,WR,12.0,12.0,12.0,3.22,38.7,38.7,38.7,0.0,38.7,-119.0,-114.9,-112.8,-112.8,-112.8,-112.8,,,,,,,,0.67,,1.0,,2026-08-25,,,,,0.5,,,0.0
1588,TE141,1453,1588,1688,1688,1684,1688,1576,1688,5079429,Gavin Grover,CIN,TE,12.0,12.0,12.0,3.73,44.8,44.8,44.8,0.0,44.8,-112.9,-108.8,-112.9,-112.9,-112.9,-112.9,,,,,,,,0.8,,1.0,,2026-08-25,,,,,0.5,,,0.0
1589,RB490,1599,1589,1690,1690,1686,1690,1578,1690,5159087,Jonaz Walton,ND,RB,12.0,12.0,12.0,3.73,44.8,44.8,44.8,0.0,44.8,-112.9,-114.4,-112.9,-112.9,-112.9,-112.9,,,,,,,,0.63,,1.0,,2026-08-25,,,,,0.5,,,0.0
1590,WR794,1614,1590,1873,1873,1870,1872,1760,1872,5393159,Fisher Ingersoll,BYU,WR,12.0,12.0,12.0,3.22,38.6,38.6,38.6,0.0,38.6,-119.1,-115.0,-112.9,-112.9,-112.9,-112.9,,,,,,,,0.47,,1.0,,2026-08-25,,,,,0.5,,,0.0
1591,QB166,2299,1591,457,457,449,461,349,461,4685252,Henry Belin IV,MOST,QB,12.0,12.0,12.0,9.25,111.0,111.0,111.0,0.0,111.0,-134.1,-134.2,-117.3,-113.0,-113.0,-113.0,,,,,,,,0.81,,1.0,,2026-08-25,,,,,0.5,,,0.0
1592,TE142,1456,1592,1692,1692,1688,1692,1580,1692,4869294,Jake Appleget,FRES,TE,12.0,12.0,12.0,3.72,44.7,44.7,44.7,0.0,44.7,-113.0,-108.9,-113.0,-113.0,-113.0,-113.0,,,,,,,,0.76,,1.0,,2026-08-25,,,,,0.5,,,0.0
1593,QB167,2307,1593,458,458,450,462,350,462,4819250,AJ Bianco,NEV,QB,12.0,12.0,12.0,9.24,110.9,110.9,110.9,0.0,110.9,-134.2,-134.3,-117.4,-113.1,-113.1,-113.1,,,,,,,,0.86,,1.0,,2026-08-25,,,,,0.5,,,0.0
1594,WR795,1617,1594,1877,1877,1874,1876,1764,1876,5381371,Chase Allen-Jackman,GAST,WR,12.0,12.0,12.0,3.2,38.4,38.4,38.4,0.0,38.4,-119.3,-115.2,-113.1,-113.1,-113.1,-113.1,,,,,,,,0.52,,1.0,,2026-08-25,,,,,0.5,,,0.0
1595,RB491,1608,1595,1695,1695,1691,1695,1583,1695,5220490,Jai Hundley,NAVY,RB,12.0,12.0,12.0,3.71,44.5,44.5,44.5,0.0,44.5,-113.2,-114.7,-113.2,-113.2,-113.2,-113.2,,,,,,,,0.54,,1.0,,2026-08-25,,,,,0.5,,,0.0
1596,TE143,1457,1596,1696,1696,1692,1696,1584,1696,5259971,Zach Atkins,COLO,TE,12.0,12.0,12.0,3.71,44.5,44.5,44.5,0.0,44.5,-113.2,-109.1,-113.2,-113.2,-113.2,-113.2,,,,,,,,0.86,,1.0,,2026-08-25,,,,,0.5,,,0.0
1597,RB492,1609,1597,1697,1697,2802,2276,2164,2276,5144164,Riley Wormley,USC,RB,12.0,12.0,12.0,3.71,44.5,44.5,44.5,0.0,44.5,-113.2,-114.7,-113.2,-113.2,-113.2,-113.2,18.015,18.015,28.07,28.07,28.07,0.1,0.129,0.62,0.5,1.0,0.1,2026-08-25,2026-08-01,,https://www.si.com/college/usc/football/usc-trojans-running-back-depth-competition-heating-up-fall-camp,2026-08-01,0.5,,,0.0
1598,WR796,1618,1598,1878,1878,1875,1877,1765,1877,5093215,Tylen Campbell,USA,WR,12.0,12.0,12.0,3.19,38.3,38.3,38.3,0.0,38.3,-119.4,-115.3,-113.2,-113.2,-113.2,-113.2,,,,,,,,0.52,,1.0,,2026-08-25,,,,,0.5,,,0.0
1599,QB168,2317,1599,462,462,454,466,354,466,4915837,Grayson Loftis,CLT,QB,12.0,12.0,12.0,9.22,110.7,110.7,110.7,0.0,110.7,-134.4,-134.5,-117.6,-113.3,-113.3,-113.3,,,,,,,,0.89,,1.0,,2026-08-25,,,,,0.5,,,0.0
1600,QB169,2318,1600,463,463,455,467,355,467,5089540,Cole Gonzales,CLT,QB,12.0,12.0,12.0,9.22,110.7,110.7,110.7,0.0,110.7,-134.4,-134.5,-117.6,-113.3,-113.3,-113.3,,,,,,,,0.99,,1.0,,2026-08-25,,,,,0.5,,,0.0
1601,WR797,1621,1601,1883,1883,1880,1882,1770,1882,5079474,Elijah Jones,CIN,WR,12.0,12.0,12.0,3.18,38.1,38.1,38.1,0.0,38.1,-119.6,-115.5,-113.4,-113.4,-113.4,-113.4,,,,,,,,0.61,,1.0,,2026-08-25,,,,,0.5,,,0.0
1602,TE144,1464,1602,1701,1701,1697,1700,1588,1700,4685289,Keyan Burnett,UNLV,TE,12.0,12.0,12.0,3.68,44.1,44.1,44.1,0.0,44.1,-113.6,-109.5,-113.6,-113.6,-113.6,-113.6,,,,,,,,0.79,,1.0,,2026-08-25,,,,,0.5,,,0.0
1603,WR798,1628,1603,1890,1890,1887,1889,1777,1889,5150277,Jace Petty,TROY,WR,12.0,12.0,12.0,3.16,37.9,37.9,37.9,0.0,37.9,-119.8,-115.7,-113.6,-113.6,-113.6,-113.6,,,,,,,,0.54,,1.0,,2026-08-25,,,,,0.5,,,0.0
1604,TE145,1465,1604,1702,1702,1698,1701,1589,1701,4871039,Jelani Thurman,UNC,TE,12.0,12.0,12.0,3.67,44.0,44.0,44.0,0.0,44.0,-113.7,-109.6,-113.7,-113.7,-113.7,-113.7,,,,,,,,0.8,,1.0,,2026-08-25,,,,,0.5,,,0.0
1605,WR799,1631,1605,1895,1895,1892,1894,1782,1894,5222643,Peyton Plott,GASO,WR,12.0,12.0,12.0,3.15,37.8,37.8,37.8,0.0,37.8,-119.9,-115.8,-113.7,-113.7,-113.7,-113.7,,,,,,,,0.65,,1.0,,2026-08-25,,,,,0.5,,,0.0
1606,WR800,1632,1606,1896,1896,1893,1895,1783,1895,5223117,Owen Chambers,AF,WR,12.0,12.0,12.0,3.15,37.8,37.8,37.8,0.0,37.8,-119.9,-115.8,-113.7,-113.7,-113.7,-113.7,,,,,,,,0.52,,1.0,,2026-08-25,,,,,0.5,,,0.0
1607,TE146,1469,1607,1706,1706,1702,1705,1593,1705,4918419,Lafayette Kaiuway,TCU,TE,12.0,12.0,12.0,3.66,43.9,43.9,43.9,0.0,43.9,-113.8,-109.7,-113.8,-113.8,-113.8,-113.8,,,,,,,,0.8,,1.0,,2026-08-25,,,,,0.5,,,0.0
1608,TE147,1471,1608,1708,1708,1704,1707,1595,1707,5296599,Simon Mapa,UNM,TE,12.0,12.0,12.0,3.66,43.9,43.9,43.9,0.0,43.9,-113.8,-109.7,-113.8,-113.8,-113.8,-113.8,,,,,,,,0.75,,1.0,,2026-08-25,,,,,0.5,,,0.0
1609,WR801,1640,1609,1904,1904,1901,1903,1791,1903,4893007,Thomas Amankwaa,DEL,WR,12.0,12.0,12.0,3.13,37.6,37.6,37.6,0.0,37.6,-120.1,-116.0,-113.9,-113.9,-113.9,-113.9,,,,,,,,0.55,,1.0,,2026-08-25,,,,,0.5,,,0.0
1610,TE148,1478,1610,1714,1714,1710,1713,1601,1713,4832875,Leon Haughton Jr.,ODU,TE,12.0,12.0,12.0,3.64,43.7,43.7,43.7,0.0,43.7,-114.0,-109.9,-114.0,-114.0,-114.0,-114.0,,,,,,,,0.77,,1.0,,2026-08-25,,,,,0.5,,,0.0
1611,TE149,1479,1611,1715,1715,1711,1714,1602,1714,4879572,Gabe Milbourn,ORST,TE,12.0,12.0,12.0,3.64,43.7,43.7,43.7,0.0,43.7,-114.0,-109.9,-114.0,-114.0,-114.0,-114.0,,,,,,,,0.73,,1.0,,2026-08-25,,,,,0.5,,,0.0
1612,RB493,1620,1612,1719,1719,1715,1718,1606,1718,5226551,Jalen Likely,JXST,RB,12.0,12.0,12.0,3.64,43.7,43.7,43.7,0.0,43.7,-114.0,-115.5,-114.0,-114.0,-114.0,-114.0,,,,,,,,0.69,,1.0,,2026-08-25,,,,,0.5,,,0.0
1613,WR802,1641,1613,1905,1905,1902,1904,1792,1904,5103514,Daidren Zipperer,UTAH,WR,12.0,12.0,12.0,3.12,37.5,37.5,37.5,0.0,37.5,-120.2,-116.1,-114.0,-114.0,-114.0,-114.0,,,,,,,,0.49,,1.0,,2026-08-25,,,,,0.5,,,0.0
1614,WR803,1642,1614,1908,1908,1905,1907,1795,1907,5193215,Franklin Baret Jr.,JXST,WR,12.0,12.0,12.0,3.12,37.5,37.5,37.5,0.0,37.5,-120.2,-116.1,-114.0,-114.0,-114.0,-114.0,,,,,,,,0.6,,1.0,,2026-08-25,,,,,0.5,,,0.0
1615,WR804,1643,1615,1909,1909,1906,1908,1796,1908,5228760,Derrick Eley,CLT,WR,12.0,12.0,12.0,3.12,37.5,37.5,37.5,0.0,37.5,-120.2,-116.1,-114.0,-114.0,-114.0,-114.0,,,,,,,,0.65,,1.0,,2026-08-25,,,,,0.5,,,0.0
1616,WR805,1644,1616,1911,1911,1908,1910,1798,1910,5388332,Jabari Lewis,MASS,WR,12.0,12.0,12.0,3.12,37.5,37.5,37.5,0.0,37.5,-120.2,-116.1,-114.0,-114.0,-114.0,-114.0,,,,,,,,0.54,,1.0,,2026-08-25,,,,,0.5,,,0.0
1617,TE150,1481,1617,1720,1720,1716,1719,1607,1719,5079382,Jonathan Echols,AUB,TE,12.0,12.0,12.0,3.63,43.6,43.6,43.6,0.0,43.6,-114.1,-110.0,-114.1,-114.1,-114.1,-114.1,,,,,,,,0.8,,1.0,,2026-08-25,,,,,0.5,,,0.0
1618,RB494,1623,1618,1721,1721,1717,1720,1608,1720,5146972,Ayden Harris,KENT,RB,12.0,12.0,12.0,3.63,43.6,43.6,43.6,0.0,43.6,-114.1,-115.6,-114.1,-114.1,-114.1,-114.1,,,,,,,,0.74,,1.0,,2026-08-25,,,,,0.5,,,0.0
1619,RB495,1624,1619,1722,1722,1718,1721,1609,1721,5193388,Jaden Allen-Hendrix,CCU,RB,12.0,12.0,12.0,3.63,43.6,43.6,43.6,0.0,43.6,-114.1,-115.6,-114.1,-114.1,-114.1,-114.1,,,,,,,,0.7,,1.0,,2026-08-25,,,,,0.5,,,0.0
1620,WR806,1647,1620,1913,1913,1910,1912,1800,1912,5077206,Donielle Hayes,MINN,WR,12.0,12.0,12.0,3.12,37.4,37.4,37.4,0.0,37.4,-120.3,-116.2,-114.1,-114.1,-114.1,-114.1,,,,,,,,0.52,,1.0,,2026-08-25,,,,,0.5,,,0.0
1621,WR807,1648,1621,1914,1914,1911,1913,1801,1913,5122390,KJ Daniels,UAB,WR,12.0,12.0,12.0,3.12,37.4,37.4,37.4,0.0,37.4,-120.3,-116.2,-114.1,-114.1,-114.1,-114.1,,,,,,,,0.56,,1.0,,2026-08-25,,,,,0.5,,,0.0
1622,WR808,1649,1622,1915,1915,1912,1914,1802,1914,5148784,TK Keyes,TROY,WR,12.0,12.0,12.0,3.12,37.4,37.4,37.4,0.0,37.4,-120.3,-116.2,-114.1,-114.1,-114.1,-114.1,,,,,,,,0.53,,1.0,,2026-08-25,,,,,0.5,,,0.0
1623,WR809,1650,1623,1916,1916,1913,1915,1803,1915,5186738,Leyton Stone,TTU,WR,12.0,12.0,12.0,3.12,37.4,37.4,37.4,0.0,37.4,-120.3,-116.2,-114.1,-114.1,-114.1,-114.1,,,,,,,,0.51,,1.0,,2026-08-25,,,,,0.5,,,0.0
1624,WR810,1651,1624,1917,1917,1914,1916,1804,1916,5193351,Krosse Johnson,CCU,WR,12.0,12.0,12.0,3.12,37.4,37.4,37.4,0.0,37.4,-120.3,-116.2,-114.1,-114.1,-114.1,-114.1,,,,,,,,0.72,,1.0,,2026-08-25,,,,,0.5,,,0.0
1625,QB170,2368,1625,472,472,463,475,363,475,4920193,Ethan Crawford,ARST,QB,12.0,12.0,12.0,9.15,109.8,109.8,109.8,0.0,109.8,-135.3,-135.4,-118.5,-114.2,-114.2,-114.2,,,,,,,,0.81,,1.0,,2026-08-25,,,,,0.5,,,0.0
1626,QB171,2369,1626,473,473,464,476,364,476,5075392,Keldric Luster,BALL,QB,12.0,12.0,12.0,9.15,109.8,109.8,109.8,0.0,109.8,-135.3,-135.4,-118.5,-114.2,-114.2,-114.2,,,,,,,,0.75,,1.0,,2026-08-25,,,,,0.5,,,0.0
1627,TE151,1483,1627,1724,1724,1720,1723,1611,1723,5219835,Oscar Hammond,OKST,TE,12.0,12.0,12.0,3.62,43.5,43.5,43.5,0.0,43.5,-114.2,-110.1,-114.2,-114.2,-114.2,-114.2,,,,,,,,0.78,,1.0,,2026-08-25,,,,,0.5,,,0.0
1628,WR811,1654,1628,1923,1923,1920,1922,1810,1922,5132652,Ricky Johnson,UTAH,WR,12.0,12.0,12.0,3.11,37.3,37.3,37.3,0.0,37.3,-120.4,-116.3,-114.2,-114.2,-114.2,-114.2,,,,,,,,0.62,,1.0,,2026-08-25,,,,,0.5,,,0.0
1629,TE152,1485,1629,1725,1725,1721,1724,1612,1724,5151966,Jailen Butler,KU,TE,12.0,12.0,12.0,3.62,43.4,43.4,43.4,0.0,43.4,-114.3,-110.2,-114.3,-114.3,-114.3,-114.3,,,,,,,,0.82,,1.0,,2026-08-25,,,,,0.5,,,0.0
1630,RB496,1629,1630,1727,1727,1723,1726,1614,1726,5296823,Ah'Marion Gaines-Smith,SHSU,RB,12.0,12.0,12.0,3.62,43.4,43.4,43.4,0.0,43.4,-114.3,-115.8,-114.3,-114.3,-114.3,-114.3,,,,,,,,0.62,,1.0,,2026-08-25,,,,,0.5,,,0.0
1631,WR812,1655,1631,1924,1924,1921,1923,1811,1923,5079571,James Madison II,UTSA,WR,12.0,12.0,12.0,3.1,37.2,37.2,37.2,0.0,37.2,-120.5,-116.4,-114.3,-114.3,-114.3,-114.3,,,,,,,,0.57,,1.0,,2026-08-25,,,,,0.5,,,0.0
1632,WR813,1657,1632,1926,1926,1923,1925,1813,1925,5141505,Eugene Hilton Jr.,WIS,WR,12.0,12.0,12.0,3.1,37.2,37.2,37.2,0.0,37.2,-120.5,-116.4,-114.3,-114.3,-114.3,-114.3,,,,,,,,0.67,,1.0,,2026-08-25,,,,,0.5,,,0.0
1633,WR814,1658,1633,1929,1929,1926,1928,1816,1928,5301045,Jaxon Fresques,SAC,WR,12.0,12.0,12.0,3.1,37.2,37.2,37.2,0.0,37.2,-120.5,-116.4,-114.3,-114.3,-114.3,-114.3,,,,,,,,0.7,,1.0,,2026-08-25,,,,,0.5,,,0.0
1634,QB172,2376,1634,474,474,465,477,365,477,5121030,Jeremy Hecklinski,IOWA,QB,12.0,12.0,12.0,9.13,109.6,109.6,109.6,0.0,109.6,-135.5,-135.6,-118.7,-114.4,-114.4,-114.4,,,,,,,,0.82,,1.0,,2026-08-25,,,,,0.5,,,0.0
1635,TE153,1488,1635,1728,1728,1724,1727,1615,1727,4702556,Arlis Boardingham,AUB,TE,12.0,12.0,12.0,3.61,43.3,43.3,43.3,0.0,43.3,-114.4,-110.3,-114.4,-114.4,-114.4,-114.4,,,,,,,,0.76,,1.0,,2026-08-25,,,,,0.5,,,0.0
1636,RB497,1633,1636,1730,1730,1726,1729,1617,1729,5084906,Jaden Hart,CONN,RB,12.0,12.0,12.0,3.61,43.3,43.3,43.3,0.0,43.3,-114.4,-115.9,-114.4,-114.4,-114.4,-114.4,,,,,,,,0.74,,1.0,,2026-08-25,,,,,0.5,,,0.0
1637,TE154,1490,1637,1731,1731,1727,1730,1618,1730,5110168,Carter Nelson,NEB,TE,12.0,12.0,12.0,3.61,43.3,43.3,43.3,0.0,43.3,-114.4,-110.3,-114.4,-114.4,-114.4,-114.4,,,,,,,,0.74,,1.0,,2026-08-25,,,,,0.5,,,0.0
1638,TE155,1492,1638,1733,1733,1729,1732,1620,1732,5125734,Luke McGary,HOU,TE,12.0,12.0,12.0,3.61,43.3,43.3,43.3,0.0,43.3,-114.4,-110.3,-114.4,-114.4,-114.4,-114.4,,,,,,,,0.76,,1.0,,2026-08-25,,,,,0.5,,,0.0
1639,RB498,1634,1639,1735,1735,1731,1734,1622,1734,5164341,AC Walters,TROY,RB,12.0,12.0,12.0,3.61,43.3,43.3,43.3,0.0,43.3,-114.4,-115.9,-114.4,-114.4,-114.4,-114.4,,,,,,,,0.68,,1.0,,2026-08-25,,,,,0.5,,,0.0
1640,WR815,1660,1640,1931,1931,1928,1930,1818,1930,5104817,Jackson Wasserstrom,IU,WR,12.0,12.0,12.0,3.09,37.1,37.1,37.1,0.0,37.1,-120.6,-116.5,-114.4,-114.4,-114.4,-114.4,,,,,,,,0.55,,1.0,,2026-08-25,,,,,0.5,,,0.0
1641,WR816,1662,1641,1933,1933,1930,1932,1820,1932,5154220,Josh Williamson,KENN,WR,12.0,12.0,12.0,3.09,37.1,37.1,37.1,0.0,37.1,-120.6,-116.5,-114.4,-114.4,-114.4,-114.4,,,,,,,,0.47,,1.0,,2026-08-25,,,,,0.5,,,0.0
1642,TE156,1496,1642,1736,1736,1732,1735,1623,1735,4702826,LaKelsey Johnson Jr.,LIB,TE,12.0,12.0,12.0,3.6,43.2,43.2,43.2,0.0,43.2,-114.5,-110.4,-114.5,-114.5,-114.5,-114.5,,,,,,,,0.78,,1.0,,2026-08-25,,,,,0.5,,,0.0
1643,TE157,1498,1643,1738,1738,1734,1737,1625,1737,5197034,Malachi Thomas,LSU,TE,12.0,12.0,12.0,3.6,43.2,43.2,43.2,0.0,43.2,-114.5,-110.4,-114.5,-114.5,-114.5,-114.5,,,,,,,,0.78,,1.0,,2026-08-25,,,,,0.5,,,0.0
1644,WR817,1664,1644,1936,1936,1933,1935,1823,1935,5296269,Reggie Frischknecht,BYU,WR,12.0,12.0,12.0,3.08,37.0,37.0,37.0,0.0,37.0,-120.7,-116.6,-114.5,-114.5,-114.5,-114.5,,,,,,,,0.59,,1.0,,2026-08-25,,,,,0.5,,,0.0
1645,TE158,1500,1645,1739,1739,1735,1738,1626,1738,4685366,Benji Gosnell,VT,TE,12.0,12.0,12.0,3.59,43.1,43.1,43.1,0.0,43.1,-114.6,-110.5,-114.6,-114.6,-114.6,-114.6,,,,,,,,0.8,,1.0,,2026-08-25,,,,,0.5,,,0.0
1646,WR818,1667,1646,1938,1938,1935,1937,1825,1937,5168613,Miguel Camboia,USA,WR,12.0,12.0,12.0,3.08,36.9,36.9,36.9,0.0,36.9,-120.8,-116.7,-114.6,-114.6,-114.6,-114.6,,,,,,,,0.52,,1.0,,2026-08-25,,,,,0.5,,,0.0
1647,WR819,1668,1647,1939,1939,1936,1938,1826,1938,5390036,Justin Popovich,WYO,WR,12.0,12.0,12.0,3.08,36.9,36.9,36.9,0.0,36.9,-120.8,-116.7,-114.6,-114.6,-114.6,-114.6,,,,,,,,0.54,,1.0,,2026-08-25,,,,,0.5,,,0.0
1648,RB499,1645,1648,1742,1742,1738,1741,1629,1741,5153855,Saeed St. Fleur,DEL,RB,12.0,12.0,12.0,3.58,43.0,43.0,43.0,0.0,43.0,-114.7,-116.2,-114.7,-114.7,-114.7,-114.7,,,,,,,,0.57,,1.0,,2026-08-25,,,,,0.5,,,0.0
1649,WR820,1671,1649,1941,1941,1938,1940,1828,1940,4921518,Famah Toure,RUTG,WR,12.0,12.0,12.0,3.07,36.8,36.8,36.8,0.0,36.8,-120.9,-116.8,-114.7,-114.7,-114.7,-114.7,,,,,,,,0.52,,1.0,,2026-08-25,,,,,0.5,,,0.0
1650,QB173,2388,1650,475,475,466,478,366,478,5222591,Jason Wright,BUF,QB,12.0,12.0,12.0,9.1,109.2,109.2,109.2,0.0,109.2,-135.9,-136.0,-119.1,-114.8,-114.8,-114.8,,,,,,,,0.78,,1.0,,2026-08-25,,,,,0.5,,,0.0
1651,WR821,1675,1651,1947,1947,1944,1946,1834,1946,5214955,Michael Scott,JMU,WR,12.0,12.0,12.0,3.06,36.7,36.7,36.7,0.0,36.7,-121.0,-116.9,-114.8,-114.8,-114.8,-114.8,,,,,,,,0.65,,1.0,,2026-08-25,,,,,0.5,,,0.0
1652,TE159,1502,1652,1745,1745,1741,1744,1632,1744,4685393,Preston Howard,MD,TE,12.0,12.0,12.0,3.57,42.8,42.8,42.8,0.0,42.8,-114.9,-110.8,-114.9,-114.9,-114.9,-114.9,,,,,,,,0.81,,1.0,,2026-08-25,,,,,0.5,,,0.0
1653,TE160,1503,1653,1746,1746,1742,1745,1633,1745,5195299,Nick Townsend,TEX,TE,12.0,12.0,12.0,3.57,42.8,42.8,42.8,0.0,42.8,-114.9,-110.8,-114.9,-114.9,-114.9,-114.9,,,,,,,,0.79,,1.0,,2026-08-25,,,,,0.5,,,0.0
1654,WR822,1678,1654,1950,1950,1947,1949,1837,1949,5157003,Kelly Watson,NDSU,WR,12.0,12.0,12.0,3.05,36.6,36.6,36.6,0.0,36.6,-121.1,-117.0,-114.9,-114.9,-114.9,-114.9,,,,,,,,0.5,,1.0,,2026-08-25,,,,,0.5,,,0.0
1655,RB500,1659,1655,1749,1749,1745,1748,1636,1748,5219417,Tim Kloska,ARMY,RB,12.0,12.0,12.0,3.56,42.7,42.7,42.7,0.0,42.7,-115.0,-116.5,-115.0,-115.0,-115.0,-115.0,,,,,,,,0.5,,1.0,,2026-08-25,,,,,0.5,,,0.0
1656,TE161,1508,1656,1751,1751,1747,1750,1638,1750,5295371,Bryce Anderson,ULM,TE,12.0,12.0,12.0,3.56,42.7,42.7,42.7,0.0,42.7,-115.0,-110.9,-115.0,-115.0,-115.0,-115.0,,,,,,,,0.76,,1.0,,2026-08-25,,,,,0.5,,,0.0
1657,QB174,2401,1657,483,483,474,486,374,486,4920153,William Watson III,MASS,QB,12.0,12.0,12.0,9.08,108.9,108.9,108.9,0.0,108.9,-136.2,-136.3,-119.4,-115.1,-115.1,-115.1,,,,,,,,0.78,,1.0,,2026-08-25,,,,,0.5,,,0.0
1658,RB501,1663,1658,1753,1753,1749,1752,1640,1752,5213127,Grant Washington,MINN,RB,12.0,12.0,12.0,3.55,42.6,42.6,42.6,0.0,42.6,-115.1,-116.6,-115.1,-115.1,-115.1,-115.1,,,,,,,,0.65,,1.0,,2026-08-25,,,,,0.5,,,0.0
1659,WR823,1684,1659,1956,1956,1953,1955,1843,1955,5144160,Keelan Smith,NEB,WR,12.0,12.0,12.0,3.03,36.4,36.4,36.4,0.0,36.4,-121.3,-117.2,-115.1,-115.1,-115.1,-115.1,,,,,,,,0.6,,1.0,,2026-08-25,,,,,0.5,,,0.0
1660,WR824,1685,1660,1957,1957,1954,1956,1844,1956,5147337,Witt Edwards,MOST,WR,12.0,12.0,12.0,3.03,36.4,36.4,36.4,0.0,36.4,-121.3,-117.2,-115.1,-115.1,-115.1,-115.1,,,,,,,,0.57,,1.0,,2026-08-25,,,,,0.5,,,0.0
1661,TE162,1514,1661,1755,1755,1751,1754,1642,1754,5086448,Kamrean Johnson,WAKE,TE,12.0,12.0,12.0,3.54,42.5,42.5,42.5,0.0,42.5,-115.2,-111.1,-115.2,-115.2,-115.2,-115.2,,,,,,,,0.77,,1.0,,2026-08-25,,,,,0.5,,,0.0
1662,TE163,1517,1662,1758,1758,1754,1757,1645,1757,5222551,Ryder Kusch,TEM,TE,12.0,12.0,12.0,3.54,42.5,42.5,42.5,0.0,42.5,-115.2,-111.1,-115.2,-115.2,-115.2,-115.2,,,,,,,,0.75,,1.0,,2026-08-25,,,,,0.5,,,0.0
1663,RB502,1665,1663,1759,1759,1755,1758,1646,1758,5294446,Trey Hall,ODU,RB,12.0,12.0,12.0,3.54,42.5,42.5,42.5,0.0,42.5,-115.2,-116.7,-115.2,-115.2,-115.2,-115.2,,,,,,,,0.52,,1.0,,2026-08-25,,,,,0.5,,,0.0
1664,WR825,1688,1664,1962,1962,1959,1961,1849,1961,5079686,Bredell Richardson,TULN,WR,12.0,12.0,12.0,3.02,36.3,36.3,36.3,0.0,36.3,-121.4,-117.3,-115.2,-115.2,-115.2,-115.2,,,,,,,,0.62,,1.0,,2026-08-25,,,,,0.5,,,0.0
1665,WR826,1689,1665,1963,1963,1960,1962,1850,1962,5148710,Mason Ferguson,UTEP,WR,12.0,12.0,12.0,3.02,36.3,36.3,36.3,0.0,36.3,-121.4,-117.3,-115.2,-115.2,-115.2,-115.2,,,,,,,,0.61,,1.0,,2026-08-25,,,,,0.5,,,0.0
1666,WR827,1693,1666,1967,1967,1964,1966,1854,1966,5196568,Rafeald Campbell,UTEP,WR,12.0,12.0,12.0,3.02,36.3,36.3,36.3,0.0,36.3,-121.4,-117.3,-115.2,-115.2,-115.2,-115.2,,,,,,,,0.64,,1.0,,2026-08-25,,,,,0.5,,,0.0
1667,RB503,1669,1667,1762,1762,1758,1761,1649,1761,5225213,Malae Fonoti,MIZ,RB,12.0,12.0,12.0,3.53,42.4,42.4,42.4,0.0,42.4,-115.3,-116.8,-115.3,-115.3,-115.3,-115.3,,,,,,,,0.58,,1.0,,2026-08-25,,,,,0.5,,,0.0
1668,WR828,1695,1668,1970,1970,1968,1969,1857,1969,5219255,Carson Robbins,ISU,WR,12.0,12.0,12.0,3.02,36.2,36.2,36.2,0.0,36.2,-121.5,-117.4,-115.3,-115.3,-115.3,-115.3,,,,,,,,0.63,,1.0,,2026-08-25,,,,,0.5,,,0.0
1669,WR829,1696,1669,1971,1971,1969,1970,1858,1970,5296587,Zhaiel Smith,UNM,WR,12.0,12.0,12.0,3.02,36.2,36.2,36.2,0.0,36.2,-121.5,-117.4,-115.3,-115.3,-115.3,-115.3,,,,,,,,0.73,,1.0,,2026-08-25,,,,,0.5,,,0.0
1670,RB504,1673,1670,1764,1764,1760,1763,1651,1763,5234086,Triston Morgan,KENN,RB,12.0,12.0,12.0,3.52,42.3,42.3,42.3,0.0,42.3,-115.4,-116.9,-115.4,-115.4,-115.4,-115.4,,,,,,,,0.51,,1.0,,2026-08-25,,,,,0.5,,,0.0
1671,WR830,1703,1671,1976,1976,1974,1975,1863,1975,5172263,Tristian Gentry,TTU,WR,12.0,12.0,12.0,3.0,36.0,36.0,36.0,0.0,36.0,-121.7,-117.6,-115.5,-115.5,-115.5,-115.5,,,,,,,,0.56,,1.0,,2026-08-25,,,,,0.5,,,0.0
1672,RB505,1679,1672,1768,1768,1764,1767,1655,1767,5126524,Jakorion Caffey,KENT,RB,12.0,12.0,12.0,3.51,42.1,42.1,42.1,0.0,42.1,-115.6,-117.1,-115.6,-115.6,-115.6,-115.6,,,,,,,,0.8,,1.0,,2026-08-25,,,,,0.5,,,0.0
1673,RB506,1680,1673,1769,1769,1765,1768,1656,1768,5141746,Jacorey Watson,BAY,RB,12.0,12.0,12.0,3.51,42.1,42.1,42.1,0.0,42.1,-115.6,-117.1,-115.6,-115.6,-115.6,-115.6,,,,,,,,0.62,,1.0,,2026-08-25,,,,,0.5,,,0.0
1674,WR831,1707,1674,1979,1979,1977,1978,1866,1978,5218767,Jacob Jordan,OU,WR,12.0,12.0,12.0,2.99,35.9,35.9,35.9,0.0,35.9,-121.8,-117.7,-115.6,-115.6,-115.6,-115.6,,,,,,,,0.45,,1.0,,2026-08-25,,,,,0.5,,,0.0
1675,WR832,1708,1675,1980,1980,1978,1979,1867,1979,5294259,Mana Carvalho,UTAH,WR,12.0,12.0,12.0,2.99,35.9,35.9,35.9,0.0,35.9,-121.8,-117.7,-115.6,-115.6,-115.6,-115.6,,,,,,,,0.61,,1.0,,2026-08-25,,,,,0.5,,,0.0
1676,TE164,1527,1676,1772,1772,1768,1771,1659,1771,4568237,Matt Smith,SHSU,TE,12.0,12.0,12.0,3.5,42.0,42.0,42.0,0.0,42.0,-115.7,-111.6,-115.7,-115.7,-115.7,-115.7,,,,,,,,0.69,,1.0,,2026-08-25,,,,,0.5,,,0.0
1677,RB507,1683,1677,1773,1773,1769,1772,1660,1772,5141361,Justin Baker,TENN,RB,12.0,12.0,12.0,3.5,42.0,42.0,42.0,0.0,42.0,-115.7,-117.2,-115.7,-115.7,-115.7,-115.7,,,,,,,,0.62,,1.0,,2026-08-25,,,,,0.5,,,0.0
1678,WR833,1709,1678,1981,1981,1979,1980,1868,1980,5079484,Dillon Gresham,ORE,WR,12.0,12.0,12.0,2.98,35.8,35.8,35.8,0.0,35.8,-121.9,-117.8,-115.7,-115.7,-115.7,-115.7,,,,,,,,0.55,,1.0,,2026-08-25,,,,,0.5,,,0.0
1679,WR834,1710,1679,1982,1982,1980,1981,1869,1981,5082118,Zach Mundell,ARMY,WR,12.0,12.0,12.0,2.98,35.8,35.8,35.8,0.0,35.8,-121.9,-117.8,-115.7,-115.7,-115.7,-115.7,,,,,,,,0.57,,1.0,,2026-08-25,,,,,0.5,,,0.0
1680,WR835,1711,1680,1984,1984,1982,1983,1871,1983,5220194,Noah Toster,USA,WR,12.0,12.0,12.0,2.98,35.8,35.8,35.8,0.0,35.8,-121.9,-117.8,-115.7,-115.7,-115.7,-115.7,,,,,,,,0.51,,1.0,,2026-08-25,,,,,0.5,,,0.0
1681,RB508,1686,1681,1775,1775,1771,1774,1662,1774,5141729,Michael Terry III,TEX,RB,12.0,12.0,12.0,3.49,41.9,41.9,41.9,0.0,41.9,-115.8,-117.3,-115.8,-115.8,-115.8,-115.8,,,,,,,,0.58,,1.0,,2026-08-25,,,,,0.5,,,0.0
1682,WR836,1713,1682,1987,1987,1985,1986,1874,1986,5161612,Reed Linder,ARST,WR,12.0,12.0,12.0,2.98,35.7,35.7,35.7,0.0,35.7,-122.0,-117.9,-115.8,-115.8,-115.8,-115.8,,,,,,,,0.52,,1.0,,2026-08-25,,,,,0.5,,,0.0
1683,WR837,1715,1683,1991,1991,1989,1990,1878,1990,5077816,TeKai Kirby,UVA,WR,12.0,12.0,12.0,2.97,35.6,35.6,35.6,0.0,35.6,-122.1,-118.0,-115.9,-115.9,-115.9,-115.9,,,,,,,,0.5,,1.0,,2026-08-25,,,,,0.5,,,0.0
1684,WR838,1717,1684,1993,1993,1991,1992,1880,1992,5104821,Brady Simmons,M-OH,WR,12.0,12.0,12.0,2.97,35.6,35.6,35.6,0.0,35.6,-122.1,-118.0,-115.9,-115.9,-115.9,-115.9,,,,,,,,0.56,,1.0,,2026-08-25,,,,,0.5,,,0.0
1685,WR839,1719,1685,1996,1996,1994,1995,1883,1995,5164357,Carl Jenkins,M-OH,WR,12.0,12.0,12.0,2.97,35.6,35.6,35.6,0.0,35.6,-122.1,-118.0,-115.9,-115.9,-115.9,-115.9,,,,,,,,0.69,,1.0,,2026-08-25,,,,,0.5,,,0.0
1686,TE165,1534,1686,1779,1779,1775,1778,1666,1778,4869442,Brayden Loftin,UCLA,TE,12.0,12.0,12.0,3.47,41.6,41.6,41.6,0.0,41.6,-116.1,-112.0,-116.1,-116.1,-116.1,-116.1,,,,,,,,0.75,,1.0,,2026-08-25,,,,,0.5,,,0.0
1687,RB509,1698,1687,1780,1780,1776,1779,1667,1779,5141409,Deandre Desinor,NCSU,RB,12.0,12.0,12.0,3.47,41.6,41.6,41.6,0.0,41.6,-116.1,-117.6,-116.1,-116.1,-116.1,-116.1,,,,,,,,0.63,,1.0,,2026-08-25,,,,,0.5,,,0.0
1688,RB510,1699,1688,1781,1781,1777,1780,1668,1780,5141530,Donovan Johnson,MICH,RB,12.0,12.0,12.0,3.47,41.6,41.6,41.6,0.0,41.6,-116.1,-117.6,-116.1,-116.1,-116.1,-116.1,,,,,,,,0.63,,1.0,,2026-08-25,,,,,0.5,,,0.0
1689,RB511,1700,1689,1783,1783,1779,1782,1670,1782,5219017,Nakai Amachree,BGSU,RB,12.0,12.0,12.0,3.47,41.6,41.6,41.6,0.0,41.6,-116.1,-117.6,-116.1,-116.1,-116.1,-116.1,,,,,,,,0.78,,1.0,,2026-08-25,,,,,0.5,,,0.0
1690,TE166,1540,1690,1788,1788,1784,1787,1675,1787,5301871,Cole Keller,JMU,TE,12.0,12.0,12.0,3.46,41.5,41.5,41.5,0.0,41.5,-116.2,-112.1,-116.2,-116.2,-116.2,-116.2,,,,,,,,0.67,,1.0,,2026-08-25,,,,,0.5,,,0.0
1691,RB512,1705,1691,1789,1789,1785,1788,1676,1788,5388331,Curtis Kimmons IV,MASS,RB,12.0,12.0,12.0,3.46,41.5,41.5,41.5,0.0,41.5,-116.2,-117.7,-116.2,-116.2,-116.2,-116.2,,,,,,,,0.56,,1.0,,2026-08-25,,,,,0.5,,,0.0
1692,WR840,1724,1692,2001,2001,1999,2000,1888,2000,5075705,Demitrius Bell,NEB,WR,12.0,12.0,12.0,2.94,35.3,35.3,35.3,0.0,35.3,-122.4,-118.3,-116.2,-116.2,-116.2,-116.2,,,,,,,,0.5,,1.0,,2026-08-25,,,,,0.5,,,0.0
1693,TE167,1541,1693,1790,1790,1786,1789,1677,1789,4688904,Reece Adkins,MASS,TE,12.0,12.0,12.0,3.45,41.4,41.4,41.4,0.0,41.4,-116.3,-112.2,-116.3,-116.3,-116.3,-116.3,,,,,,,,0.78,,1.0,,2026-08-25,,,,,0.5,,,0.0
1694,TE168,1542,1694,1791,1791,1787,1790,1678,1790,5095242,Cyrus Ellison,CCU,TE,12.0,12.0,12.0,3.45,41.4,41.4,41.4,0.0,41.4,-116.3,-112.2,-116.3,-116.3,-116.3,-116.3,,,,,,,,0.69,,1.0,,2026-08-25,,,,,0.5,,,0.0
1695,WR841,1727,1695,2005,2005,2003,2004,1892,2004,5141584,Naeshaun Montgomery,MIZ,WR,12.0,12.0,12.0,2.93,35.2,35.2,35.2,0.0,35.2,-122.5,-118.4,-116.3,-116.3,-116.3,-116.3,,,,,,,,0.6,,1.0,,2026-08-25,,,,,0.5,,,0.0
1696,WR842,1729,1696,2007,2007,2005,2006,1894,2006,5215501,Oliver Mitchell Jr.,TULN,WR,12.0,12.0,12.0,2.93,35.2,35.2,35.2,0.0,35.2,-122.5,-118.4,-116.3,-116.3,-116.3,-116.3,,,,,,,,0.62,,1.0,,2026-08-25,,,,,0.5,,,0.0
1697,WR843,1730,1697,2010,2010,2008,2009,1897,2009,5301043,Trey Bass,SAC,WR,12.0,12.0,12.0,2.93,35.2,35.2,35.2,0.0,35.2,-122.5,-118.4,-116.3,-116.3,-116.3,-116.3,,,,,,,,0.64,,1.0,,2026-08-25,,,,,0.5,,,0.0
1698,TE169,1544,1698,1795,1795,1791,1794,1682,1794,4827049,Max Reese,UNT,TE,12.0,12.0,12.0,3.44,41.3,41.3,41.3,0.0,41.3,-116.4,-112.3,-116.4,-116.4,-116.4,-116.4,,,,,,,,0.75,,1.0,,2026-08-25,,,,,0.5,,,0.0
1699,TE170,1546,1699,1797,1797,1793,1796,1684,1796,5148821,Hunter Andrews,UTAH,TE,12.0,12.0,12.0,3.44,41.3,41.3,41.3,0.0,41.3,-116.4,-112.3,-116.4,-116.4,-116.4,-116.4,,,,,,,,0.77,,1.0,,2026-08-25,,,,,0.5,,,0.0
1700,WR844,1732,1700,2012,2012,2010,2011,1899,2011,5141580,Adonis Moise,KSU,WR,12.0,12.0,12.0,2.92,35.1,35.1,35.1,0.0,35.1,-122.6,-118.5,-116.4,-116.4,-116.4,-116.4,,,,,,,,0.63,,1.0,,2026-08-25,,,,,0.5,,,0.0
1701,WR845,1733,1701,2013,2013,2011,2012,1900,2012,5151689,Julian Allen,CONN,WR,12.0,12.0,12.0,2.92,35.1,35.1,35.1,0.0,35.1,-122.6,-118.5,-116.4,-116.4,-116.4,-116.4,,,,,,,,0.67,,1.0,,2026-08-25,,,,,0.5,,,0.0
1702,WR846,1736,1702,2016,2016,2014,2015,1903,2015,5084893,Dozie Ezukanma,TCU,WR,12.0,12.0,12.0,2.92,35.0,35.0,35.0,0.0,35.0,-122.7,-118.6,-116.5,-116.5,-116.5,-116.5,,,,,,,,0.6,,1.0,,2026-08-25,,,,,0.5,,,0.0
1703,WR847,1737,1703,2017,2017,2015,2016,1904,2016,5148852,Antonio Floyd,EMU,WR,12.0,12.0,12.0,2.92,35.0,35.0,35.0,0.0,35.0,-122.7,-118.6,-116.5,-116.5,-116.5,-116.5,,,,,,,,0.54,,1.0,,2026-08-25,,,,,0.5,,,0.0
1704,WR848,1738,1704,2018,2018,2016,2017,1905,2017,5218663,Boski Barrett,ARST,WR,12.0,12.0,12.0,2.92,35.0,35.0,35.0,0.0,35.0,-122.7,-118.6,-116.5,-116.5,-116.5,-116.5,,,,,,,,0.5,,1.0,,2026-08-25,,,,,0.5,,,0.0
1705,WR849,1740,1705,2020,2020,2018,2019,1907,2019,5223149,Adam Hrynciw,AF,WR,12.0,12.0,12.0,2.92,35.0,35.0,35.0,0.0,35.0,-122.7,-118.6,-116.5,-116.5,-116.5,-116.5,,,,,,,,0.52,,1.0,,2026-08-25,,,,,0.5,,,0.0
1706,WR850,1741,1706,2021,2021,2019,2020,1908,2020,5223768,Harold Duvall,FRES,WR,12.0,12.0,12.0,2.92,35.0,35.0,35.0,0.0,35.0,-122.7,-118.6,-116.5,-116.5,-116.5,-116.5,,,,,,,,0.64,,1.0,,2026-08-25,,,,,0.5,,,0.0
1707,TE171,1552,1707,1804,1804,1801,1803,1691,1803,4923057,Connor Cox,UVA,TE,12.0,12.0,12.0,3.42,41.1,41.1,41.1,0.0,41.1,-116.6,-112.5,-116.6,-116.6,-116.6,-116.6,,,,,,,,0.71,,1.0,,2026-08-25,,,,,0.5,,,0.0
1708,RB513,1720,1708,1805,1805,1802,1804,1692,1804,5125580,Chad Alexander,GT,RB,12.0,12.0,12.0,3.42,41.1,41.1,41.1,0.0,41.1,-116.6,-118.1,-116.6,-116.6,-116.6,-116.6,,,,,,,,0.51,,1.0,,2026-08-25,,,,,0.5,,,0.0
1709,TE172,1553,1709,1807,1807,1804,1806,1694,1806,5146987,Brandon Young Jr.,UTSA,TE,12.0,12.0,12.0,3.42,41.1,41.1,41.1,0.0,41.1,-116.6,-112.5,-116.6,-116.6,-116.6,-116.6,,,,,,,,0.7,,1.0,,2026-08-25,,,,,0.5,,,0.0
1710,RB514,1721,1710,1810,1810,1807,1809,1697,1809,5295902,Josiah Basten,USM,RB,12.0,12.0,12.0,3.42,41.1,41.1,41.1,0.0,41.1,-116.6,-118.1,-116.6,-116.6,-116.6,-116.6,,,,,,,,0.56,,1.0,,2026-08-25,,,,,0.5,,,0.0
1711,WR851,1744,1711,2022,2022,2020,2021,1909,2021,4683297,Gerick Robinson,NEV,WR,12.0,12.0,12.0,2.91,34.9,34.9,34.9,0.0,34.9,-122.8,-118.7,-116.6,-116.6,-116.6,-116.6,,,,,,,,0.53,,1.0,,2026-08-25,,,,,0.5,,,0.0
1712,WR852,1745,1712,2025,2025,2023,2024,1912,2024,5296400,Dane Benedix,LT,WR,12.0,12.0,12.0,2.91,34.9,34.9,34.9,0.0,34.9,-122.8,-118.7,-116.6,-116.6,-116.6,-116.6,,,,,,,,0.56,,1.0,,2026-08-25,,,,,0.5,,,0.0
1713,TE173,1557,1713,1811,1811,1808,1810,1698,1810,4920187,Will Anciaux,KSU,TE,12.0,12.0,12.0,3.42,41.0,41.0,41.0,0.0,41.0,-116.7,-112.6,-116.7,-116.7,-116.7,-116.7,,,,,,,,0.78,,1.0,,2026-08-25,,,,,0.5,,,0.0
1714,TE174,1558,1714,1813,1813,1810,1812,1700,1812,5143920,John Rogers,UVA,TE,12.0,12.0,12.0,3.42,41.0,41.0,41.0,0.0,41.0,-116.7,-112.6,-116.7,-116.7,-116.7,-116.7,,,,,,,,0.72,,1.0,,2026-08-25,,,,,0.5,,,0.0
1715,WR853,1747,1715,2027,2027,2025,2026,1914,2026,4697132,Abraham Williams,UNM,WR,12.0,12.0,12.0,2.9,34.8,34.8,34.8,0.0,34.8,-122.9,-118.8,-116.7,-116.7,-116.7,-116.7,,,,,,,,0.49,,1.0,,2026-08-25,,,,,0.5,,,0.0
1716,WR854,1748,1716,2028,2028,2026,2027,1915,2027,5075920,Jarriett Buie,IOWA,WR,12.0,12.0,12.0,2.9,34.8,34.8,34.8,0.0,34.8,-122.9,-118.8,-116.7,-116.7,-116.7,-116.7,,,,,,,,0.51,,1.0,,2026-08-25,,,,,0.5,,,0.0
1717,WR855,1750,1717,2031,2031,2029,2030,1918,2030,5122047,Jared Kelley,KENT,WR,12.0,12.0,12.0,2.9,34.8,34.8,34.8,0.0,34.8,-122.9,-118.8,-116.7,-116.7,-116.7,-116.7,,,,,,,,0.5,,1.0,,2026-08-25,,,,,0.5,,,0.0
1718,WR856,1751,1718,2035,2035,2033,2034,1922,2034,5079389,Chase Farrell,NU,WR,12.0,12.0,12.0,2.89,34.7,34.7,34.7,0.0,34.7,-123.0,-118.9,-116.8,-116.8,-116.8,-116.8,,,,,,,,0.62,,1.0,,2026-08-25,,,,,0.5,,,0.0
1719,WR857,1752,1719,2036,2036,2034,2035,1923,2035,5146163,Rahji Dennis,UL,WR,12.0,12.0,12.0,2.89,34.7,34.7,34.7,0.0,34.7,-123.0,-118.9,-116.8,-116.8,-116.8,-116.8,,,,,,,,0.67,,1.0,,2026-08-25,,,,,0.5,,,0.0
1720,TE175,1565,1720,1819,1819,1816,1818,1706,1818,4917619,Khamari Anderson,ASU,TE,12.0,12.0,12.0,3.38,40.6,40.6,40.6,0.0,40.6,-117.1,-113.0,-117.1,-117.1,-117.1,-117.1,,,,,,,,0.7,,1.0,,2026-08-25,,,,,0.5,,,0.0
1721,RB515,1735,1721,1820,1820,1817,1819,1707,1819,5153614,Troy Leigber,UCLA,RB,12.0,12.0,12.0,3.38,40.6,40.6,40.6,0.0,40.6,-117.1,-118.6,-117.1,-117.1,-117.1,-117.1,,,,,,,,0.61,,1.0,,2026-08-25,,,,,0.5,,,0.0
1722,QB175,2514,1722,505,505,496,508,396,508,4755664,Nick Evers,MIZ,QB,12.0,12.0,12.0,8.9,106.8,106.8,106.8,0.0,106.8,-138.3,-138.4,-121.5,-117.2,-117.2,-117.2,,,,,,,,0.85,,1.0,,2026-08-25,,,,,0.5,,,0.0
1723,QB176,2515,1723,506,506,497,509,397,509,5195300,Matt Zollers,MIZ,QB,12.0,12.0,12.0,8.9,106.8,106.8,106.8,0.0,106.8,-138.3,-138.4,-121.5,-117.2,-117.2,-117.2,,,,,,,,0.79,,1.0,,2026-08-25,,,,,0.5,,,0.0
1724,TE176,1568,1724,1824,1824,1821,1823,1711,1823,5225868,Gavin Nelson,SAC,TE,12.0,12.0,12.0,3.38,40.5,40.5,40.5,0.0,40.5,-117.2,-113.1,-117.2,-117.2,-117.2,-117.2,,,,,,,,0.66,,1.0,,2026-08-25,,,,,0.5,,,0.0
1725,RB516,1742,1725,1825,1825,1822,1824,1712,1824,5230764,Riley Small,LT,RB,12.0,12.0,12.0,3.38,40.5,40.5,40.5,0.0,40.5,-117.2,-118.7,-117.2,-117.2,-117.2,-117.2,,,,,,,,0.59,,1.0,,2026-08-25,,,,,0.5,,,0.0
1726,RB517,1743,1726,1827,1827,1824,1826,1714,1826,5382987,Jaden Miller,LT,RB,12.0,12.0,12.0,3.38,40.5,40.5,40.5,0.0,40.5,-117.2,-118.7,-117.2,-117.2,-117.2,-117.2,,,,,,,,0.52,,1.0,,2026-08-25,,,,,0.5,,,0.0
1727,TE177,1573,1727,1828,1828,1825,1827,1715,1827,5117848,Evan Dangler,USF,TE,12.0,12.0,12.0,3.37,40.4,40.4,40.4,0.0,40.4,-117.3,-113.2,-117.3,-117.3,-117.3,-117.3,,,,,,,,0.66,,1.0,,2026-08-25,,,,,0.5,,,0.0
1728,TE178,1574,1728,1829,1829,1826,1828,1716,1828,5151791,Jayden O'Rourke,NEV,TE,12.0,12.0,12.0,3.37,40.4,40.4,40.4,0.0,40.4,-117.3,-113.2,-117.3,-117.3,-117.3,-117.3,,,,,,,,0.7,,1.0,,2026-08-25,,,,,0.5,,,0.0
1729,RB518,1746,1729,1830,1830,1827,1829,1717,1829,5209762,Shane Marshall,GT,RB,12.0,12.0,12.0,3.37,40.4,40.4,40.4,0.0,40.4,-117.3,-118.8,-117.3,-117.3,-117.3,-117.3,,,,,,,,0.64,,1.0,,2026-08-25,,,,,0.5,,,0.0
1730,WR858,1761,1730,2046,2046,2044,2045,1933,2045,5158374,Isaiah Bryant,NAVY,WR,12.0,12.0,12.0,2.84,34.1,34.1,34.1,0.0,34.1,-123.6,-119.5,-117.4,-117.4,-117.4,-117.4,,,,,,,,0.61,,1.0,,2026-08-25,,,,,0.5,,,0.0
1731,WR859,1762,1731,2048,2048,2046,2047,1935,2047,5222534,Tyson Carter,FIU,WR,12.0,12.0,12.0,2.84,34.1,34.1,34.1,0.0,34.1,-123.6,-119.5,-117.4,-117.4,-117.4,-117.4,,,,,,,,0.54,,1.0,,2026-08-25,,,,,0.5,,,0.0
1732,WR860,1764,1732,2051,2051,2049,2050,1938,2050,5086095,Terence Marshall,WMU,WR,12.0,12.0,12.0,2.83,34.0,34.0,34.0,0.0,34.0,-123.7,-119.6,-117.5,-117.5,-117.5,-117.5,,,,,,,,0.68,,1.0,,2026-08-25,,,,,0.5,,,0.0
1733,WR861,1765,1733,2052,2052,2050,2051,1939,2051,5212611,Tony Kinsler,PITT,WR,12.0,12.0,12.0,2.83,34.0,34.0,34.0,0.0,34.0,-123.7,-119.6,-117.5,-117.5,-117.5,-117.5,,,,,,,,0.56,,1.0,,2026-08-25,,,,,0.5,,,0.0
1734,QB177,2538,1734,511,511,502,514,402,514,5151339,Anthony Garcia,USU,QB,12.0,12.0,12.0,8.87,106.4,106.4,106.4,0.0,106.4,-138.7,-138.8,-121.9,-117.6,-117.6,-117.6,,,,,,,,0.92,,1.0,,2026-08-25,,,,,0.5,,,0.0
1735,RB519,1754,1735,1834,1834,1831,1833,1721,1833,5146274,Dashun Reeder,CONN,RB,12.0,12.0,12.0,3.34,40.1,40.1,40.1,0.0,40.1,-117.6,-119.1,-117.6,-117.6,-117.6,-117.6,,,,,,,,0.67,,1.0,,2026-08-25,,,,,0.5,,,0.0
1736,WR862,1767,1736,2056,2056,2054,2055,1943,2055,5081820,David Adolph,OSU,WR,12.0,12.0,12.0,2.82,33.9,33.9,33.9,0.0,33.9,-123.8,-119.7,-117.6,-117.6,-117.6,-117.6,,,,,,,,0.56,,1.0,,2026-08-25,,,,,0.5,,,0.0
1737,WR863,1768,1737,2058,2058,2056,2057,1945,2057,5212732,Liam Thorpe,STAN,WR,12.0,12.0,12.0,2.82,33.9,33.9,33.9,0.0,33.9,-123.8,-119.7,-117.6,-117.6,-117.6,-117.6,,,,,,,,0.61,,1.0,,2026-08-25,,,,,0.5,,,0.0
1738,WR864,1769,1738,2059,2059,2057,2058,1946,2058,5268018,Ethan Feaster,USC,WR,12.0,12.0,12.0,2.82,33.9,33.9,33.9,0.0,33.9,-123.8,-119.7,-117.6,-117.6,-117.6,-117.6,,,,,,,,0.61,,1.0,,2026-08-25,,,,,0.5,,,0.0
1739,RB520,1756,1739,1838,1838,1835,1837,1725,1837,5207893,Wesley Yarbrough,ARIZ,RB,12.0,12.0,12.0,3.33,40.0,40.0,40.0,0.0,40.0,-117.7,-119.2,-117.7,-117.7,-117.7,-117.7,,,,,,,,0.62,,1.0,,2026-08-25,,,,,0.5,,,0.0
1740,TE179,1583,1740,1840,1840,1837,1839,1727,1839,5219497,Leyton Cure,KU,TE,12.0,12.0,12.0,3.32,39.9,39.9,39.9,0.0,39.9,-117.8,-113.7,-117.8,-117.8,-117.8,-117.8,,,,,,,,0.7,,1.0,,2026-08-25,,,,,0.5,,,0.0
1741,RB521,1758,1741,1842,1842,1839,1841,1729,1841,5310992,Barry Kpeenu,NDSU,RB,12.0,12.0,12.0,3.32,39.8,39.8,39.8,0.0,39.8,-117.9,-119.4,-117.9,-117.9,-117.9,-117.9,,,,,,,,0.63,,1.0,,2026-08-25,,,,,0.5,,,0.0
1742,WR865,1775,1742,2066,2066,2064,2065,1953,2065,5294510,Demarcco Blanton,ULM,WR,12.0,12.0,12.0,2.8,33.6,33.6,33.6,0.0,33.6,-124.1,-120.0,-117.9,-117.9,-117.9,-117.9,,,,,,,,0.5,,1.0,,2026-08-25,,,,,0.5,,,0.0
1743,WR866,1776,1743,2067,2067,2065,2066,1954,2066,5382869,Marcellus Jackson,ULM,WR,12.0,12.0,12.0,2.8,33.6,33.6,33.6,0.0,33.6,-124.1,-120.0,-117.9,-117.9,-117.9,-117.9,,,,,,,,0.5,,1.0,,2026-08-25,,,,,0.5,,,0.0
1744,TE180,1587,1744,1843,1843,1840,1842,1730,1842,4900351,Noah Bennee,UTAH,TE,12.0,12.0,12.0,3.31,39.7,39.7,39.7,0.0,39.7,-118.0,-113.9,-118.0,-118.0,-118.0,-118.0,,,,,,,,0.79,,1.0,,2026-08-25,,,,,0.5,,,0.0
1745,WR867,1778,1745,2072,2072,2070,2071,1959,2071,5388759,Hayden Jackson,TROY,WR,12.0,12.0,12.0,2.79,33.5,33.5,33.5,0.0,33.5,-124.2,-120.1,-118.0,-118.0,-118.0,-118.0,,,,,,,,0.52,,1.0,,2026-08-25,,,,,0.5,,,0.0
1746,TE181,1589,1746,1846,1846,1843,1845,1733,1845,5150333,Parker Poloskey,ARMY,TE,12.0,12.0,12.0,3.3,39.6,39.6,39.6,0.0,39.6,-118.1,-114.0,-118.1,-118.1,-118.1,-118.1,,,,,,,,0.69,,1.0,,2026-08-25,,,,,0.5,,,0.0
1747,WR868,1781,1747,2074,2074,2072,2073,1961,2073,4954512,Sean Williams,MD,WR,12.0,12.0,12.0,2.78,33.4,33.4,33.4,0.0,33.4,-124.3,-120.2,-118.1,-118.1,-118.1,-118.1,,,,,,,,0.51,,1.0,,2026-08-25,,,,,0.5,,,0.0
1748,WR869,1782,1748,2076,2076,2074,2075,1963,2075,5221335,Cace Reed,USM,WR,12.0,12.0,12.0,2.78,33.4,33.4,33.4,0.0,33.4,-124.3,-120.2,-118.1,-118.1,-118.1,-118.1,,,,,,,,0.52,,1.0,,2026-08-25,,,,,0.5,,,0.0
1749,QB178,2568,1749,519,519,510,522,410,522,4870928,Malachi Nelson,SYR,QB,12.0,12.0,12.0,8.82,105.8,105.8,105.8,0.0,105.8,-139.3,-139.4,-122.5,-118.2,-118.2,-118.2,,,,,,,,0.84,,1.0,,2026-08-25,,,,,0.5,,,0.0
1750,TE182,1594,1750,1849,1849,1846,1848,1736,1848,4833356,Zach Courtney,CCU,TE,12.0,12.0,12.0,3.29,39.5,39.5,39.5,0.0,39.5,-118.2,-114.1,-118.2,-118.2,-118.2,-118.2,,,,,,,,0.68,,1.0,,2026-08-25,,,,,0.5,,,0.0
1751,WR870,1783,1751,2078,2078,2076,2077,1965,2077,5193324,Dalin Wilkins,EMU,WR,12.0,12.0,12.0,2.78,33.3,33.3,33.3,0.0,33.3,-124.4,-120.3,-118.2,-118.2,-118.2,-118.2,,,,,,,,0.49,,1.0,,2026-08-25,,,,,0.5,,,0.0
1752,RB522,1770,1752,1851,1851,1848,1850,1738,1850,5219694,Amari Brundidge,UAB,RB,12.0,12.0,12.0,3.28,39.4,39.4,39.4,0.0,39.4,-118.3,-119.8,-118.3,-118.3,-118.3,-118.3,,,,,,,,0.59,,1.0,,2026-08-25,,,,,0.5,,,0.0
1753,WR871,1784,1753,2080,2080,2078,2079,1967,2079,5084705,Trenton Cloud,ECU,WR,12.0,12.0,12.0,2.77,33.2,33.2,33.2,0.0,33.2,-124.5,-120.4,-118.3,-118.3,-118.3,-118.3,,,,,,,,0.46,,1.0,,2026-08-25,,,,,0.5,,,0.0
1754,WR872,1785,1754,2081,2081,2079,2080,1968,2080,5086100,Tei Nacua,BYU,WR,12.0,12.0,12.0,2.77,33.2,33.2,33.2,0.0,33.2,-124.5,-120.4,-118.3,-118.3,-118.3,-118.3,,,,,,,,0.5,,1.0,,2026-08-25,,,,,0.5,,,0.0
1755,QB179,2579,1755,523,523,514,526,414,526,4872721,Cardell Williams,MD,QB,12.0,12.0,12.0,8.8,105.6,105.6,105.6,0.0,105.6,-139.5,-139.6,-122.7,-118.4,-118.4,-118.4,,,,,,,,0.85,,1.0,,2026-08-25,,,,,0.5,,,0.0
1756,RB523,1771,1756,1852,1852,1849,1851,1739,1851,5384804,Nick Norman,SHSU,RB,12.0,12.0,12.0,3.28,39.3,39.3,39.3,0.0,39.3,-118.4,-119.9,-118.4,-118.4,-118.4,-118.4,,,,,,,,0.57,,1.0,,2026-08-25,,,,,0.5,,,0.0
1757,RB524,1772,1757,1853,1853,1850,1852,1740,1852,5079405,Stacy Gage,LSU,RB,12.0,12.0,12.0,3.27,39.2,39.2,39.2,0.0,39.2,-118.5,-120.0,-118.5,-118.5,-118.5,-118.5,,,,,,,,0.7,,1.0,,2026-08-25,,,,,0.5,,,0.0
1758,RB525,1773,1758,1855,1855,1852,1854,1742,1854,5158975,KJ Edwards,TA&M,RB,12.0,12.0,12.0,3.27,39.2,39.2,39.2,0.0,39.2,-118.5,-120.0,-118.5,-118.5,-118.5,-118.5,,,,,,,,0.61,,1.0,,2026-08-25,,,,,0.5,,,0.0
1759,RB526,1774,1759,1857,1857,1854,1856,1744,1856,5218242,Zay Parks,FSU,RB,12.0,12.0,12.0,3.27,39.2,39.2,39.2,0.0,39.2,-118.5,-120.0,-118.5,-118.5,-118.5,-118.5,,,,,,,,0.54,,1.0,,2026-08-25,,,,,0.5,,,0.0
1760,WR873,1787,1760,2084,2084,2082,2083,1971,2083,4869700,Antonio Robinson,MOST,WR,12.0,12.0,12.0,2.75,33.0,33.0,33.0,0.0,33.0,-124.7,-120.6,-118.5,-118.5,-118.5,-118.5,,,,,,,,0.49,,1.0,,2026-08-25,,,,,0.5,,,0.0
1761,TE183,1602,1761,1858,1858,1855,1857,1745,1857,5086150,Ryan Schwendeman,WIS,TE,12.0,12.0,12.0,3.26,39.1,39.1,39.1,0.0,39.1,-118.6,-114.5,-118.6,-118.6,-118.6,-118.6,,,,,,,,0.69,,1.0,,2026-08-25,,,,,0.5,,,0.0
1762,WR874,1789,1762,2086,2086,2084,2085,1973,2085,5141657,Isaiah Robinson,UVA,WR,12.0,12.0,12.0,2.74,32.9,32.9,32.9,0.0,32.9,-124.8,-120.7,-118.6,-118.6,-118.6,-118.6,,,,,,,,0.59,,1.0,,2026-08-25,,,,,0.5,,,0.0
1763,TE184,1603,1763,1860,1860,1857,1859,1747,1859,5110569,Anthony Miller,ASU,TE,12.0,12.0,12.0,3.25,39.0,39.0,39.0,0.0,39.0,-118.7,-114.6,-118.7,-118.7,-118.7,-118.7,,,,,,,,0.71,,1.0,,2026-08-25,,,,,0.5,,,0.0
1764,RB527,1779,1764,1861,1861,1858,1860,1748,1860,5151893,Anthony Rubio,FLA,RB,12.0,12.0,12.0,3.25,39.0,39.0,39.0,0.0,39.0,-118.7,-120.2,-118.7,-118.7,-118.7,-118.7,,,,,,,,0.5,,1.0,,2026-08-25,,,,,0.5,,,0.0
1765,WR875,1792,1765,2090,2090,2088,2089,1977,2089,5153613,Carter Shaw,STAN,WR,12.0,12.0,12.0,2.73,32.8,32.8,32.8,0.0,32.8,-124.9,-120.8,-118.7,-118.7,-118.7,-118.7,,,,,,,,0.54,,1.0,,2026-08-25,,,,,0.5,,,0.0
1766,WR876,1793,1766,2091,2091,2089,2090,1978,2090,5228799,Kader Diop,UNM,WR,12.0,12.0,12.0,2.73,32.8,32.8,32.8,0.0,32.8,-124.9,-120.8,-118.7,-118.7,-118.7,-118.7,,,,,,,,0.48,,1.0,,2026-08-25,,,,,0.5,,,0.0
1767,QB180,2609,1767,528,528,519,531,419,531,5077806,Tucker McDonald,CONN,QB,12.0,12.0,12.0,8.77,105.2,105.2,105.2,0.0,105.2,-139.9,-140.0,-123.1,-118.8,-118.8,-118.8,,,,,,,,0.7,,1.0,,2026-08-25,,,,,0.5,,,0.0
1768,WR877,1797,1768,2096,2096,2094,2095,1983,2095,5141449,Ja'Kayden Ferguson,UK,WR,12.0,12.0,12.0,2.72,32.7,32.7,32.7,0.0,32.7,-125.0,-120.9,-118.8,-118.8,-118.8,-118.8,,,,,,,,0.59,,1.0,,2026-08-25,,,,,0.5,,,0.0
1769,WR878,1798,1769,2097,2097,2095,2096,1984,2096,5219703,Lamar White,UAB,WR,12.0,12.0,12.0,2.72,32.7,32.7,32.7,0.0,32.7,-125.0,-120.9,-118.8,-118.8,-118.8,-118.8,,,,,,,,0.52,,1.0,,2026-08-25,,,,,0.5,,,0.0
1770,WR879,1800,1770,2098,2098,2096,2097,1985,2097,5033014,Tyree Patterson,MTSU,WR,12.0,12.0,12.0,2.72,32.6,32.6,32.6,0.0,32.6,-125.1,-121.0,-118.9,-118.9,-118.9,-118.9,,,,,,,,0.5,,1.0,,2026-08-25,,,,,0.5,,,0.0
1771,RB528,1786,1771,1869,1869,1866,1868,1756,1868,5222564,Cam Settles,ARK,RB,12.0,12.0,12.0,3.22,38.7,38.7,38.7,0.0,38.7,-119.0,-120.5,-119.0,-119.0,-119.0,-119.0,,,,,,,,0.65,,1.0,,2026-08-25,,,,,0.5,,,0.0
1772,WR880,1805,1772,2106,2106,2104,2105,1993,2105,5388313,Javier Wills,KENT,WR,12.0,12.0,12.0,2.71,32.5,32.5,32.5,0.0,32.5,-125.2,-121.1,-119.0,-119.0,-119.0,-119.0,,,,,,,,0.51,,1.0,,2026-08-25,,,,,0.5,,,0.0
1773,QB181,2626,1773,531,531,522,534,422,534,5152503,Adam Damante,NMSU,QB,12.0,12.0,12.0,8.74,104.9,104.9,104.9,0.0,104.9,-140.2,-140.3,-123.4,-119.1,-119.1,-119.1,,,,,,,,0.82,,1.0,,2026-08-25,,,,,0.5,,,0.0
1774,TE185,1611,1774,1870,1870,1867,1869,1757,1869,4920164,Sam West,MSST,TE,12.0,12.0,12.0,3.22,38.6,38.6,38.6,0.0,38.6,-119.1,-115.0,-119.1,-119.1,-119.1,-119.1,,,,,,,,0.73,,1.0,,2026-08-25,,,,,0.5,,,0.0
1775,TE186,1612,1775,1871,1871,1868,1870,1758,1870,5077668,Kade Eldridge,WASH,TE,12.0,12.0,12.0,3.22,38.6,38.6,38.6,0.0,38.6,-119.1,-115.0,-119.1,-119.1,-119.1,-119.1,,,,,,,,0.7,,1.0,,2026-08-25,,,,,0.5,,,0.0
1776,TE187,1613,1776,1872,1872,1869,1871,1759,1871,5119658,JP Mikhael,GASO,TE,12.0,12.0,12.0,3.22,38.6,38.6,38.6,0.0,38.6,-119.1,-115.0,-119.1,-119.1,-119.1,-119.1,,,,,,,,0.7,,1.0,,2026-08-25,,,,,0.5,,,0.0
1777,WR881,1810,1777,2109,2109,2107,2108,1996,2108,5100402,Sean Reese,MOST,WR,12.0,12.0,12.0,2.69,32.3,32.3,32.3,0.0,32.3,-125.4,-121.3,-119.2,-119.2,-119.2,-119.2,,,,,,,,0.48,,1.0,,2026-08-25,,,,,0.5,,,0.0
1778,WR882,1811,1778,2110,2110,2108,2109,1997,2109,5197115,Marcus Torres,UTEP,WR,12.0,12.0,12.0,2.69,32.3,32.3,32.3,0.0,32.3,-125.4,-121.3,-119.2,-119.2,-119.2,-119.2,,,,,,,,0.6,,1.0,,2026-08-25,,,,,0.5,,,0.0
1779,TE188,1615,1779,1874,1874,1871,1873,1761,1873,5085505,Sean Ward,BALL,TE,12.0,12.0,12.0,3.2,38.4,38.4,38.4,0.0,38.4,-119.3,-115.2,-119.3,-119.3,-119.3,-119.3,,,,,,,,0.64,,1.0,,2026-08-25,,,,,0.5,,,0.0
1780,RB529,1790,1780,1875,1875,1872,1874,1762,1874,5141668,Taevion Swint,UCF,RB,12.0,12.0,12.0,3.2,38.4,38.4,38.4,0.0,38.4,-119.3,-120.8,-119.3,-119.3,-119.3,-119.3,,,,,,,,0.58,,1.0,,2026-08-25,,,,,0.5,,,0.0
1781,TE189,1616,1781,1876,1876,1873,1875,1763,1875,5143596,Jackson Ford,SDSU,TE,12.0,12.0,12.0,3.2,38.4,38.4,38.4,0.0,38.4,-119.3,-115.2,-119.3,-119.3,-119.3,-119.3,,,,,,,,0.69,,1.0,,2026-08-25,,,,,0.5,,,0.0
1782,WR883,1815,1782,2114,2114,2112,2113,2001,2113,5162399,Darius Copeland,LIB,WR,12.0,12.0,12.0,2.68,32.2,32.2,32.2,0.0,32.2,-125.5,-121.4,-119.3,-119.3,-119.3,-119.3,,,,,,,,0.48,,1.0,,2026-08-25,,,,,0.5,,,0.0
1783,WR884,1816,1783,2115,2115,2113,2114,2002,2114,5164648,Kelshaun Johnson,TA&M,WR,12.0,12.0,12.0,2.68,32.2,32.2,32.2,0.0,32.2,-125.5,-121.4,-119.3,-119.3,-119.3,-119.3,,,,,,,,0.62,,1.0,,2026-08-25,,,,,0.5,,,0.0
1784,RB530,1794,1784,1879,1879,1876,1878,1766,1878,5163093,Conor Booth,NEB,RB,12.0,12.0,12.0,3.19,38.3,38.3,38.3,0.0,38.3,-119.4,-120.9,-119.4,-119.4,-119.4,-119.4,,,,,,,,0.69,,1.0,,2026-08-25,,,,,0.5,,,0.0
1785,WR885,1818,1785,2117,2117,2115,2116,2004,2116,5141351,Josiah Abdullah,UVA,WR,12.0,12.0,12.0,2.68,32.1,32.1,32.1,0.0,32.1,-125.6,-121.5,-119.4,-119.4,-119.4,-119.4,,,,,,,,0.59,,1.0,,2026-08-25,,,,,0.5,,,0.0
1786,WR886,1819,1786,2120,2120,2118,2119,2007,2119,5207806,Jacob Washington,MICH,WR,12.0,12.0,12.0,2.68,32.1,32.1,32.1,0.0,32.1,-125.6,-121.5,-119.4,-119.4,-119.4,-119.4,,,,,,,,0.47,,1.0,,2026-08-25,,,,,0.5,,,0.0
1787,WR887,1820,1787,2121,2121,2119,2120,2008,2120,5219405,Aden Self,ARMY,WR,12.0,12.0,12.0,2.68,32.1,32.1,32.1,0.0,32.1,-125.6,-121.5,-119.4,-119.4,-119.4,-119.4,,,,,,,,0.46,,1.0,,2026-08-25,,,,,0.5,,,0.0
1788,TE190,1619,1788,1881,1881,1878,1880,1768,1880,4899352,Deakon Tonielli,MICH,TE,12.0,12.0,12.0,3.18,38.2,38.2,38.2,0.0,38.2,-119.5,-115.4,-119.5,-119.5,-119.5,-119.5,,,,,,,,0.73,,1.0,,2026-08-25,,,,,0.5,,,0.0
1789,RB531,1799,1789,1882,1882,1879,1881,1769,1881,5220491,Aydin Woolfolk,NAVY,RB,12.0,12.0,12.0,3.18,38.2,38.2,38.2,0.0,38.2,-119.5,-121.0,-119.5,-119.5,-119.5,-119.5,,,,,,,,0.47,,1.0,,2026-08-25,,,,,0.5,,,0.0
1790,WR888,1822,1790,2124,2124,2122,2123,2011,2123,5141719,Elijah Thomas,OU,WR,12.0,12.0,12.0,2.67,32.0,32.0,32.0,0.0,32.0,-125.7,-121.6,-119.5,-119.5,-119.5,-119.5,,,,,,,,0.55,,1.0,,2026-08-25,,,,,0.5,,,0.0
1791,TE191,1622,1791,1884,1884,1881,1883,1771,1883,5139093,Amir Jackson,FLA,TE,12.0,12.0,12.0,3.18,38.1,38.1,38.1,0.0,38.1,-119.6,-115.5,-119.6,-119.6,-119.6,-119.6,,,,,,,,0.82,,1.0,,2026-08-25,,,,,0.5,,,0.0
1792,RB532,1802,1792,1885,1885,1882,1884,1772,1884,5383063,Breezy Dubar,MOST,RB,12.0,12.0,12.0,3.18,38.1,38.1,38.1,0.0,38.1,-119.6,-121.1,-119.6,-119.6,-119.6,-119.6,,,,,,,,0.54,,1.0,,2026-08-25,,,,,0.5,,,0.0
1793,WR889,1826,1793,2127,2127,2125,2126,2014,2126,5081882,Ty Claiborne,ISU,WR,12.0,12.0,12.0,2.66,31.9,31.9,31.9,0.0,31.9,-125.8,-121.7,-119.6,-119.6,-119.6,-119.6,,,,,,,,0.45,,1.0,,2026-08-25,,,,,0.5,,,0.0
1794,TE192,1625,1794,1886,1886,1883,1885,1773,1885,5084910,Josh Phifer,UCLA,TE,12.0,12.0,12.0,3.17,38.0,38.0,38.0,0.0,38.0,-119.7,-115.6,-119.7,-119.7,-119.7,-119.7,,,,,,,,0.7,,1.0,,2026-08-25,,,,,0.5,,,0.0
1795,TE193,1626,1795,1887,1887,1884,1886,1774,1886,5161652,Ja'Ricous Hairston,VT,TE,12.0,12.0,12.0,3.17,38.0,38.0,38.0,0.0,38.0,-119.7,-115.6,-119.7,-119.7,-119.7,-119.7,,,,,,,,0.74,,1.0,,2026-08-25,,,,,0.5,,,0.0
1796,TE194,1627,1796,1888,1888,1885,1887,1775,1887,4430954,Lukas Ungar,UVA,TE,12.0,12.0,12.0,3.16,37.9,37.9,37.9,0.0,37.9,-119.8,-115.7,-119.8,-119.8,-119.8,-119.8,,,,,,,,0.66,,1.0,,2026-08-25,,,,,0.5,,,0.0
1797,RB533,1807,1797,1889,1889,1886,1888,1776,1888,5141742,Jabree Coleman,SC,RB,12.0,12.0,12.0,3.16,37.9,37.9,37.9,0.0,37.9,-119.8,-121.3,-119.8,-119.8,-119.8,-119.8,,,,,,,,0.51,,1.0,,2026-08-25,,,,,0.5,,,0.0
1798,RB534,1808,1798,1891,1891,1888,1890,1778,1890,5295815,Duke Clark,FLA,RB,12.0,12.0,12.0,3.16,37.9,37.9,37.9,0.0,37.9,-119.8,-121.3,-119.8,-119.8,-119.8,-119.8,,,,,,,,0.68,,1.0,,2026-08-25,,,,,0.5,,,0.0
1799,RB535,1809,1799,1892,1892,1889,1891,1779,1891,5382857,Trevon Kinchen,ULM,RB,12.0,12.0,12.0,3.16,37.9,37.9,37.9,0.0,37.9,-119.8,-121.3,-119.8,-119.8,-119.8,-119.8,,,,,,,,0.49,,1.0,,2026-08-25,,,,,0.5,,,0.0
1800,WR890,1829,1800,2131,2131,2129,2130,2018,2130,4940231,Camp Magee,NU,WR,12.0,12.0,12.0,2.64,31.7,31.7,31.7,0.0,31.7,-126.0,-121.9,-119.8,-119.8,-119.8,-119.8,,,,,,,,0.48,,1.0,,2026-08-25,,,,,0.5,,,0.0
1801,WR891,1830,1801,2132,2132,2130,2131,2019,2131,5120669,Akeem Wright,BOIS,WR,12.0,12.0,12.0,2.64,31.7,31.7,31.7,0.0,31.7,-126.0,-121.9,-119.8,-119.8,-119.8,-119.8,,,,,,,,0.42,,1.0,,2026-08-25,,,,,0.5,,,0.0
1802,QB182,2698,1802,542,542,533,545,433,545,4685497,Maalik Murphy,ORST,QB,12.0,12.0,12.0,8.67,104.1,104.1,104.1,0.0,104.1,-141.0,-141.1,-124.2,-119.9,-119.9,-119.9,,,,,,,,0.78,,1.0,,2026-08-25,,,,,0.5,,,0.0
1803,TE195,1630,1803,1893,1893,1890,1892,1780,1892,4870709,Shamar Easter,UNC,TE,12.0,12.0,12.0,3.15,37.8,37.8,37.8,0.0,37.8,-119.9,-115.8,-119.9,-119.9,-119.9,-119.9,,,,,,,,0.68,,1.0,,2026-08-25,,,,,0.5,,,0.0
1804,RB536,1813,1804,1894,1894,1891,1893,1781,1893,5076101,Brenton Williams,LIB,RB,12.0,12.0,12.0,3.15,37.8,37.8,37.8,0.0,37.8,-119.9,-121.4,-119.9,-119.9,-119.9,-119.9,,,,,,,,0.51,,1.0,,2026-08-25,,,,,0.5,,,0.0
1805,WR892,1834,1805,2137,2137,2135,2136,2024,2136,5223788,Donnell Gee Jr.,TLSA,WR,12.0,12.0,12.0,2.63,31.6,31.6,31.6,0.0,31.6,-126.1,-122.0,-119.9,-119.9,-119.9,-119.9,,,,,,,,0.62,,1.0,,2026-08-25,,,,,0.5,,,0.0
1806,WR893,1835,1806,2138,2138,2136,2137,2025,2137,5388762,Howard Kinchen,TROY,WR,12.0,12.0,12.0,2.63,31.6,31.6,31.6,0.0,31.6,-126.1,-122.0,-119.9,-119.9,-119.9,-119.9,,,,,,,,0.49,,1.0,,2026-08-25,,,,,0.5,,,0.0
1807,QB183,2707,1807,544,544,535,547,435,547,5122401,Darius Curry,CSU,QB,12.0,12.0,12.0,8.67,104.0,104.0,104.0,0.0,104.0,-141.1,-141.2,-124.3,-120.0,-120.0,-120.0,,,,,,,,0.78,,1.0,,2026-08-25,,,,,0.5,,,0.0
1808,TE196,1635,1808,1897,1897,1894,1896,1784,1896,4879925,Blane Cleaver,BGSU,TE,12.0,12.0,12.0,3.14,37.7,37.7,37.7,0.0,37.7,-120.0,-115.9,-120.0,-120.0,-120.0,-120.0,,,,,,,,0.75,,1.0,,2026-08-25,,,,,0.5,,,0.0
1809,TE197,1636,1809,1898,1898,1895,1897,1785,1897,5075912,George Burhenn,PUR,TE,12.0,12.0,12.0,3.14,37.7,37.7,37.7,0.0,37.7,-120.0,-115.9,-120.0,-120.0,-120.0,-120.0,,,,,,,,0.61,,1.0,,2026-08-25,,,,,0.5,,,0.0
1810,TE198,1637,1810,1899,1899,1896,1898,1786,1898,5077304,Zeke Moore,BC,TE,12.0,12.0,12.0,3.14,37.7,37.7,37.7,0.0,37.7,-120.0,-115.9,-120.0,-120.0,-120.0,-120.0,,,,,,,,0.69,,1.0,,2026-08-25,,,,,0.5,,,0.0
1811,RB537,1817,1811,1900,1900,1897,1899,1787,1899,5142321,Chris Wheatley-Humphrey,MIA,RB,12.0,12.0,12.0,3.14,37.7,37.7,37.7,0.0,37.7,-120.0,-121.5,-120.0,-120.0,-120.0,-120.0,,,,,,,,0.67,,1.0,,2026-08-25,,,,,0.5,,,0.0
1812,TE199,1638,1812,1902,1902,1899,1901,1789,1901,5162406,Caleb Ryan,LIB,TE,12.0,12.0,12.0,3.14,37.7,37.7,37.7,0.0,37.7,-120.0,-115.9,-120.0,-120.0,-120.0,-120.0,,,,,,,,0.71,,1.0,,2026-08-25,,,,,0.5,,,0.0
1813,TE200,1639,1813,1903,1903,1900,1902,1790,1902,5220133,Sam Lee,TOL,TE,12.0,12.0,12.0,3.14,37.7,37.7,37.7,0.0,37.7,-120.0,-115.9,-120.0,-120.0,-120.0,-120.0,,,,,,,,0.69,,1.0,,2026-08-25,,,,,0.5,,,0.0
1814,WR894,1841,1814,2141,2141,2139,2140,2028,2140,5156379,DaMarion Fowlkes,MIZ,WR,12.0,12.0,12.0,2.62,31.4,31.4,31.4,0.0,31.4,-126.3,-122.2,-120.1,-120.1,-120.1,-120.1,,,,,,,,0.58,,1.0,,2026-08-25,,,,,0.5,,,0.0
1815,WR895,1842,1815,2143,2143,2141,2142,2030,2142,5228768,Blake Guffey,OHIO,WR,12.0,12.0,12.0,2.62,31.4,31.4,31.4,0.0,31.4,-126.3,-122.2,-120.1,-120.1,-120.1,-120.1,,,,,,,,0.5,,1.0,,2026-08-25,,,,,0.5,,,0.0
1816,RB538,1824,1816,1906,1906,1903,1905,1793,1905,5122883,Dylan Lee,UCLA,RB,12.0,12.0,12.0,3.12,37.5,37.5,37.5,0.0,37.5,-120.2,-121.7,-120.2,-120.2,-120.2,-120.2,,,,,,,,0.66,,1.0,,2026-08-25,,,,,0.5,,,0.0
1817,RB539,1825,1817,1910,1910,1907,1909,1797,1909,5245415,Davion Kerr,SYR,RB,12.0,12.0,12.0,3.12,37.5,37.5,37.5,0.0,37.5,-120.2,-121.7,-120.2,-120.2,-120.2,-120.2,,,,,,,,0.62,,1.0,,2026-08-25,,,,,0.5,,,0.0
1818,QB184,2730,1818,547,547,538,550,438,550,5151218,Lucian Anderson III,SC,QB,12.0,12.0,12.0,8.64,103.7,103.7,103.7,0.0,103.7,-141.4,-141.5,-124.6,-120.3,-120.3,-120.3,,,,,,,,0.64,,1.0,,2026-08-25,,,,,0.5,,,0.0
1819,TE201,1646,1819,1912,1912,1909,1911,1799,1911,4950379,Zach Ortwerth,IOWA,TE,12.0,12.0,12.0,3.12,37.4,37.4,37.4,0.0,37.4,-120.3,-116.2,-120.3,-120.3,-120.3,-120.3,,,,,,,,0.76,,1.0,,2026-08-25,,,,,0.5,,,0.0
1820,TE202,1652,1820,1920,1920,1917,1919,1807,1919,5236210,Jackson Verdugo,FIU,TE,12.0,12.0,12.0,3.12,37.4,37.4,37.4,0.0,37.4,-120.3,-116.2,-120.3,-120.3,-120.3,-120.3,,,,,,,,0.73,,1.0,,2026-08-25,,,,,0.5,,,0.0
1821,RB540,1828,1821,1921,1921,1918,1920,1808,1920,5388363,Jalen Rashad Turner,AF,RB,12.0,12.0,12.0,3.12,37.4,37.4,37.4,0.0,37.4,-120.3,-121.8,-120.3,-120.3,-120.3,-120.3,,,,,,,,0.51,,1.0,,2026-08-25,,,,,0.5,,,0.0
1822,WR896,1848,1822,2147,2147,2145,2146,2034,2146,5160193,Spencer Leadbetter,UK,WR,12.0,12.0,12.0,2.6,31.2,31.2,31.2,0.0,31.2,-126.5,-122.4,-120.3,-120.3,-120.3,-120.3,,,,,,,,0.48,,1.0,,2026-08-25,,,,,0.5,,,0.0
1823,WR897,1849,1823,2148,2148,2146,2147,2035,2147,5161013,Kayden Dixon-Wyatt,USC,WR,12.0,12.0,12.0,2.6,31.2,31.2,31.2,0.0,31.2,-126.5,-122.4,-120.3,-120.3,-120.3,-120.3,,,,,,,,0.58,,1.0,,2026-08-25,,,,,0.5,,,0.0
1824,TE203,1653,1824,1922,1922,1919,1921,1809,1921,5087167,Kaden Zenzen,NDSU,TE,12.0,12.0,12.0,3.11,37.3,37.3,37.3,0.0,37.3,-120.4,-116.3,-120.4,-120.4,-120.4,-120.4,,,,,,,,0.68,,1.0,,2026-08-25,,,,,0.5,,,0.0
1825,WR898,1851,1825,2150,2150,2148,2149,2037,2149,5151897,Jackson Wade,BC,WR,12.0,12.0,12.0,2.59,31.1,31.1,31.1,0.0,31.1,-126.6,-122.5,-120.4,-120.4,-120.4,-120.4,,,,,,,,0.5,,1.0,,2026-08-25,,,,,0.5,,,0.0
1826,WR899,1852,1826,2151,2151,2149,2150,2038,2150,5199951,Alex Sanchez,APP,WR,12.0,12.0,12.0,2.59,31.1,31.1,31.1,0.0,31.1,-126.6,-122.5,-120.4,-120.4,-120.4,-120.4,,,,,,,,0.71,,1.0,,2026-08-25,,,,,0.5,,,0.0
1827,QB185,2741,1827,550,550,541,553,441,553,5141531,Jamar Malone,SAC,QB,12.0,12.0,12.0,8.62,103.5,103.5,103.5,0.0,103.5,-141.6,-141.7,-124.8,-120.5,-120.5,-120.5,,,,,,,,0.8,,1.0,,2026-08-25,,,,,0.5,,,0.0
1828,TE204,1656,1828,1925,1925,1922,1924,1812,1924,5087060,Ethan Malafa,TOL,TE,12.0,12.0,12.0,3.1,37.2,37.2,37.2,0.0,37.2,-120.5,-116.4,-120.5,-120.5,-120.5,-120.5,,,,,,,,0.69,,1.0,,2026-08-25,,,,,0.5,,,0.0
1829,RB541,1836,1829,1930,1930,1927,1929,1817,1929,5084290,Josh Joyner,MOST,RB,12.0,12.0,12.0,3.09,37.1,37.1,37.1,0.0,37.1,-120.6,-122.1,-120.6,-120.6,-120.6,-120.6,,,,,,,,0.6,,1.0,,2026-08-25,,,,,0.5,,,0.0
1830,TE205,1661,1830,1932,1932,1929,1931,1819,1931,5150915,Shane Payton Hodges,JXST,TE,12.0,12.0,12.0,3.09,37.1,37.1,37.1,0.0,37.1,-120.6,-116.5,-120.6,-120.6,-120.6,-120.6,,,,,,,,0.51,,1.0,,2026-08-25,,,,,0.5,,,0.0
1831,RB542,1837,1831,1934,1934,1931,1933,1821,1933,5157055,Edd Guerrier,RUTG,RB,12.0,12.0,12.0,3.09,37.1,37.1,37.1,0.0,37.1,-120.6,-122.1,-120.6,-120.6,-120.6,-120.6,,,,,,,,0.53,,1.0,,2026-08-25,,,,,0.5,,,0.0
1832,TE206,1666,1832,1937,1937,1934,1936,1824,1936,4685492,Jack Pedersen,WSU,TE,12.0,12.0,12.0,3.08,36.9,36.9,36.9,0.0,36.9,-120.8,-116.7,-120.8,-120.8,-120.8,-120.8,,,,,,,,0.74,,1.0,,2026-08-25,,,,,0.5,,,0.0
1833,WR900,1861,1833,2162,2162,2160,2161,2049,2161,5142319,Kyan Berry-Johnson,SHSU,WR,12.0,12.0,12.0,2.56,30.7,30.7,30.7,0.0,30.7,-127.0,-122.9,-120.8,-120.8,-120.8,-120.8,,,,,,,,0.44,,1.0,,2026-08-25,,,,,0.5,,,0.0
1834,TE207,1670,1834,1940,1940,1937,1939,1827,1939,4826574,Owen Anderson,MASS,TE,12.0,12.0,12.0,3.07,36.8,36.8,36.8,0.0,36.8,-120.9,-116.8,-120.9,-120.9,-120.9,-120.9,,,,,,,,0.7,,1.0,,2026-08-25,,,,,0.5,,,0.0
1835,RB543,1845,1835,1942,1942,1939,1941,1829,1941,5159046,Savion Hiter,MICH,RB,12.0,12.0,12.0,3.07,36.8,36.8,36.8,0.0,36.8,-120.9,-122.4,-120.9,-120.9,-120.9,-120.9,,,,,,,,0.62,,1.0,,2026-08-25,,,,,0.5,,,0.0
1836,RB544,1846,1836,1943,1943,1940,1942,1830,1942,5161137,Dean-Taylor Chapman,CAL,RB,12.0,12.0,12.0,3.07,36.8,36.8,36.8,0.0,36.8,-120.9,-122.4,-120.9,-120.9,-120.9,-120.9,,,,,,,,0.47,,1.0,,2026-08-25,,,,,0.5,,,0.0
1837,WR901,1864,1837,2166,2166,2164,2165,2053,2165,5173598,Jaden Edgecombe,FLA,WR,12.0,12.0,12.0,2.55,30.6,30.6,30.6,0.0,30.6,-127.1,-123.0,-120.9,-120.9,-120.9,-120.9,,,,,,,,0.46,,1.0,,2026-08-25,,,,,0.5,,,0.0
1838,QB186,2774,1838,554,554,545,557,445,557,4618083,Ethan Hampton,USM,QB,12.0,12.0,12.0,8.58,103.0,103.0,103.0,0.0,103.0,-142.1,-142.2,-125.3,-121.0,-121.0,-121.0,,,,,,,,0.88,,1.0,,2026-08-25,,,,,0.5,,,0.0
1839,TE208,1674,1839,1944,1944,1941,1943,1831,1943,4683137,Drake Martinez,TENN,TE,12.0,12.0,12.0,3.06,36.7,36.7,36.7,0.0,36.7,-121.0,-116.9,-121.0,-121.0,-121.0,-121.0,,,,,,,,0.74,,1.0,,2026-08-25,,,,,0.5,,,0.0
1840,RB545,1850,1840,1946,1946,1943,1945,1833,1945,5214639,Lazaro Rogers,M-OH,RB,12.0,12.0,12.0,3.06,36.7,36.7,36.7,0.0,36.7,-121.0,-122.5,-121.0,-121.0,-121.0,-121.0,,,,,,,,0.63,,1.0,,2026-08-25,,,,,0.5,,,0.0
1841,TE209,1676,1841,1948,1948,1945,1947,1835,1947,4826637,Henry Boyer,UK,TE,12.0,12.0,12.0,3.05,36.6,36.6,36.6,0.0,36.6,-121.1,-117.0,-121.1,-121.1,-121.1,-121.1,,,,,,,,0.71,,1.0,,2026-08-25,,,,,0.5,,,0.0
1842,TE210,1677,1842,1949,1949,1946,1948,1836,1948,5152783,Kristian Ingman,ASU,TE,12.0,12.0,12.0,3.05,36.6,36.6,36.6,0.0,36.6,-121.1,-117.0,-121.1,-121.1,-121.1,-121.1,,,,,,,,0.72,,1.0,,2026-08-25,,,,,0.5,,,0.0
1843,RB546,1853,1843,1951,1951,1948,1950,1838,1950,5217041,Omar Mabson II,AUB,RB,12.0,12.0,12.0,3.05,36.6,36.6,36.6,0.0,36.6,-121.1,-122.6,-121.1,-121.1,-121.1,-121.1,,,,,,0.2,,0.67,0.5,1.0,,2026-08-25,2026-08-15,,https://www.al.com/auburnfootball/2026/08/which-running-backs-stood-out-during-auburns-first-preseason-scrimmage.html,2026-08-15,0.5,,,0.0
1844,WR902,1870,1844,2173,2173,2171,2172,2060,2172,5170238,Jayden Davis,USF,WR,12.0,12.0,12.0,2.53,30.4,30.4,30.4,0.0,30.4,-127.3,-123.2,-121.1,-121.1,-121.1,-121.1,,,,,,,,0.44,,1.0,,2026-08-25,,,,,0.5,,,0.0
1845,WR903,1871,1845,2174,2174,2172,2173,2061,2173,5195617,Shaun Terry II,MIZ,WR,12.0,12.0,12.0,2.53,30.4,30.4,30.4,0.0,30.4,-127.3,-123.2,-121.1,-121.1,-121.1,-121.1,,,,,,,,0.57,,1.0,,2026-08-25,,,,,0.5,,,0.0
1846,WR904,1872,1846,2175,2175,2173,2174,2062,2174,5295009,Keegan Bass,AF,WR,12.0,12.0,12.0,2.53,30.4,30.4,30.4,0.0,30.4,-127.3,-123.2,-121.1,-121.1,-121.1,-121.1,,,,,,,,0.45,,1.0,,2026-08-25,,,,,0.5,,,0.0
1847,TE211,1681,1847,1954,1954,1951,1953,1841,1953,5157315,Conner Cravaack,AKR,TE,12.0,12.0,12.0,3.04,36.5,36.5,36.5,0.0,36.5,-121.2,-117.1,-121.2,-121.2,-121.2,-121.2,,,,,,,,0.75,,1.0,,2026-08-25,,,,,0.5,,,0.0
1848,TE212,1682,1848,1955,1955,1952,1954,1842,1954,5216569,Robby Preckel,NU,TE,12.0,12.0,12.0,3.04,36.5,36.5,36.5,0.0,36.5,-121.2,-117.1,-121.2,-121.2,-121.2,-121.2,,,,,,,,0.7,,1.0,,2026-08-25,,,,,0.5,,,0.0
1849,WR905,1874,1849,2178,2178,2176,2177,2065,2177,5146739,Tra'Mar Harris,PUR,WR,12.0,12.0,12.0,2.52,30.3,30.3,30.3,0.0,30.3,-127.4,-123.3,-121.2,-121.2,-121.2,-121.2,,,,,,,,0.62,,1.0,,2026-08-25,,,,,0.5,,,0.0
1850,WR906,1875,1850,2179,2179,2177,2178,2066,2178,5150332,Kurt Thompson,ARMY,WR,12.0,12.0,12.0,2.52,30.3,30.3,30.3,0.0,30.3,-127.4,-123.3,-121.2,-121.2,-121.2,-121.2,,,,,,,,0.51,,1.0,,2026-08-25,,,,,0.5,,,0.0
1851,WR907,1876,1851,2181,2181,2179,2180,2068,2180,5209924,Cederian Morgan,ALA,WR,12.0,12.0,12.0,2.52,30.3,30.3,30.3,0.0,30.3,-127.4,-123.3,-121.2,-121.2,-121.2,-121.2,,,,,,,,0.59,,1.0,,2026-08-25,,,,,0.5,,,0.0
1852,RB547,1857,1852,1958,1958,1955,1957,1845,1957,5220428,Trey Taylor,SHSU,RB,12.0,12.0,12.0,3.03,36.4,36.4,36.4,0.0,36.4,-121.3,-122.8,-121.3,-121.3,-121.3,-121.3,,,,,,,,0.51,,1.0,,2026-08-25,,,,,0.5,,,0.0
1853,RB548,1858,1853,1960,1960,1957,1959,1847,1959,5296362,De'Carlos Young,TEM,RB,12.0,12.0,12.0,3.03,36.4,36.4,36.4,0.0,36.4,-121.3,-122.8,-121.3,-121.3,-121.3,-121.3,,,,,,,,0.62,,1.0,,2026-08-25,,,,,0.5,,,0.0
1854,WR908,1879,1854,2184,2184,2182,2183,2071,2183,5159009,Chris Henry Jr.,OSU,WR,12.0,12.0,12.0,2.52,30.2,30.2,30.2,0.0,30.2,-127.5,-123.4,-121.3,-121.3,-121.3,-121.3,,,,,,,,0.69,,1.0,,2026-08-25,,,,,0.5,,,0.0
1855,WR909,1882,1855,2187,2187,2185,2186,2074,2186,5309213,Tamarion LaFortune,CCU,WR,12.0,12.0,12.0,2.52,30.2,30.2,30.2,0.0,30.2,-127.5,-123.4,-121.3,-121.3,-121.3,-121.3,,,,,,,,0.56,,1.0,,2026-08-25,,,,,0.5,,,0.0
1856,TE213,1687,1856,1961,1961,1958,1960,1848,1960,5077804,Chico Holt,STAN,TE,12.0,12.0,12.0,3.02,36.3,36.3,36.3,0.0,36.3,-121.4,-117.3,-121.4,-121.4,-121.4,-121.4,,,,,,,,0.67,,1.0,,2026-08-25,,,,,0.5,,,0.0
1857,TE214,1690,1857,1964,1964,1961,1963,1851,1963,5151181,Judah Ezinwa,UTEP,TE,12.0,12.0,12.0,3.02,36.3,36.3,36.3,0.0,36.3,-121.4,-117.3,-121.4,-121.4,-121.4,-121.4,,,,,,,,0.68,,1.0,,2026-08-25,,,,,0.5,,,0.0
1858,TE215,1691,1858,1965,1965,1962,1964,1852,1964,5158838,Marquis Harris,TROY,TE,12.0,12.0,12.0,3.02,36.3,36.3,36.3,0.0,36.3,-121.4,-117.3,-121.4,-121.4,-121.4,-121.4,,,,,,,,0.71,,1.0,,2026-08-25,,,,,0.5,,,0.0
1859,TE216,1692,1859,1966,1966,1963,1965,1853,1965,5161233,Preston Kilgore,USM,TE,12.0,12.0,12.0,3.02,36.3,36.3,36.3,0.0,36.3,-121.4,-117.3,-121.4,-121.4,-121.4,-121.4,,,,,,,,0.65,,1.0,,2026-08-25,,,,,0.5,,,0.0
1860,RB549,1859,1860,1968,1968,1965,1967,1855,1967,5231044,Troy Marquez,ODU,RB,12.0,12.0,12.0,3.02,36.3,36.3,36.3,0.0,36.3,-121.4,-122.9,-121.4,-121.4,-121.4,-121.4,,,,,,,,0.65,,1.0,,2026-08-25,,,,,0.5,,,0.0
1861,WR910,1885,1861,2188,2188,2186,2187,2075,2187,5155867,Carson Grove,NU,WR,12.0,12.0,12.0,2.51,30.1,30.1,30.1,0.0,30.1,-127.6,-123.5,-121.4,-121.4,-121.4,-121.4,,,,,,,,0.54,,1.0,,2026-08-25,,,,,0.5,,,0.0
1862,WR911,1886,1862,2189,2189,2187,2188,2076,2188,5209424,Lebron Bond,IU,WR,12.0,12.0,12.0,2.51,30.1,30.1,30.1,0.0,30.1,-127.6,-123.5,-121.4,-121.4,-121.4,-121.4,,,,,,,,0.68,,1.0,,2026-08-25,,,,,0.5,,,0.0
1863,WR912,1887,1863,2190,2190,2188,2189,2077,2189,5295457,Terrione Graves,NMSU,WR,12.0,12.0,12.0,2.51,30.1,30.1,30.1,0.0,30.1,-127.6,-123.5,-121.4,-121.4,-121.4,-121.4,,,,,,,,0.49,,1.0,,2026-08-25,,,,,0.5,,,0.0
1864,TE217,1694,1864,1969,1969,1967,1968,1856,1968,4685706,Bennett Christian,OSU,TE,12.0,12.0,12.0,3.02,36.2,36.2,36.2,0.0,36.2,-121.5,-117.4,-121.5,-121.5,-121.5,-121.5,,,,,,,,0.71,,1.0,,2026-08-25,,,,,0.5,,,0.0
1865,WR913,1889,1865,2191,2191,2189,2190,2078,2190,5086450,Brandon Rehmann,DEL,WR,12.0,12.0,12.0,2.5,30.0,30.0,30.0,0.0,30.0,-127.7,-123.6,-121.5,-121.5,-121.5,-121.5,,,,,,,,0.51,,1.0,,2026-08-25,,,,,0.5,,,0.0
1866,TE218,1697,1866,1972,1972,1970,1971,1859,1971,4872961,Matt Byrnes,UNLV,TE,12.0,12.0,12.0,3.01,36.1,36.1,36.1,0.0,36.1,-121.6,-117.5,-121.6,-121.6,-121.6,-121.6,,,,,,,,0.72,,1.0,,2026-08-25,,,,,0.5,,,0.0
1867,WR914,1891,1867,2195,2195,2193,2194,2082,2194,5146748,Tre' Griffiths,HAW,WR,12.0,12.0,12.0,2.49,29.9,29.9,29.9,0.0,29.9,-127.8,-123.7,-121.6,-121.6,-121.6,-121.6,,,,,,,,0.45,,1.0,,2026-08-25,,,,,0.5,,,0.0
1868,WR915,1892,1868,2196,2196,2194,2195,2083,2195,5150368,Kavon Pointer,ARMY,WR,12.0,12.0,12.0,2.49,29.9,29.9,29.9,0.0,29.9,-127.8,-123.7,-121.6,-121.6,-121.6,-121.6,,,,,,,,0.51,,1.0,,2026-08-25,,,,,0.5,,,0.0
1869,WR916,1893,1869,2198,2198,2196,2197,2085,2197,5263766,Craig Dandridge,UGA,WR,12.0,12.0,12.0,2.49,29.9,29.9,29.9,0.0,29.9,-127.8,-123.7,-121.6,-121.6,-121.6,-121.6,,,,,,,,0.51,,1.0,,2026-08-25,,,,,0.5,,,0.0
1870,TE219,1701,1870,1974,1974,1972,1973,1861,1973,4683912,Hunter Herring,AUB,TE,12.0,12.0,12.0,3.0,36.0,36.0,36.0,0.0,36.0,-121.7,-117.6,-121.7,-121.7,-121.7,-121.7,,,,,,,,0.7,,1.0,,2026-08-25,,,,,0.5,,,0.0
1871,TE220,1702,1871,1975,1975,1973,1974,1862,1974,5130407,Roger Saleapaga II,BYU,TE,12.0,12.0,12.0,3.0,36.0,36.0,36.0,0.0,36.0,-121.7,-117.6,-121.7,-121.7,-121.7,-121.7,,,,,,,,0.66,,1.0,,2026-08-25,,,,,0.5,,,0.0
1872,RB550,1868,1872,1977,1977,1975,1976,1864,1976,5237159,Charlie Miska,BYU,RB,12.0,12.0,12.0,3.0,36.0,36.0,36.0,0.0,36.0,-121.7,-123.2,-121.7,-121.7,-121.7,-121.7,,,,,,,,0.52,,1.0,,2026-08-25,,,,,0.5,,,0.0
1873,WR917,1895,1873,2199,2199,2197,2198,2086,2198,5148651,Vernon Allen III,RUTG,WR,12.0,12.0,12.0,2.48,29.8,29.8,29.8,0.0,29.8,-127.9,-123.8,-121.7,-121.7,-121.7,-121.7,,,,,,,,0.5,,1.0,,2026-08-25,,,,,0.5,,,0.0
1874,QB187,2834,1874,564,564,555,567,455,567,5197123,Nate Rogers,UAB,QB,12.0,12.0,12.0,8.52,102.2,102.2,102.2,0.0,102.2,-142.9,-143.0,-126.1,-121.8,-121.8,-121.8,,,,,,,,0.75,,1.0,,2026-08-25,,,,,0.5,,,0.0
1875,TE221,1706,1875,1978,1978,1976,1977,1865,1977,4918453,Tanner Lemaster,EMU,TE,12.0,12.0,12.0,2.99,35.9,35.9,35.9,0.0,35.9,-121.8,-117.7,-121.8,-121.8,-121.8,-121.8,,,,,,,,0.68,,1.0,,2026-08-25,,,,,0.5,,,0.0
1876,WR918,1900,1876,2203,2203,2201,2202,2090,2202,5148626,Triston Ward,UVA,WR,12.0,12.0,12.0,2.48,29.7,29.7,29.7,0.0,29.7,-128.0,-123.9,-121.8,-121.8,-121.8,-121.8,,,,,,,,0.41,,1.0,,2026-08-25,,,,,0.5,,,0.0
1877,WR919,1901,1877,2204,2204,2202,2203,2091,2203,5154244,Bryce Dopson,BC,WR,12.0,12.0,12.0,2.48,29.7,29.7,29.7,0.0,29.7,-128.0,-123.9,-121.8,-121.8,-121.8,-121.8,,,,,,,,0.45,,1.0,,2026-08-25,,,,,0.5,,,0.0
1878,WR920,1902,1878,2206,2206,2204,2205,2093,2205,5295064,Jeremiah Jones-Thomas,USA,WR,12.0,12.0,12.0,2.48,29.7,29.7,29.7,0.0,29.7,-128.0,-123.9,-121.8,-121.8,-121.8,-121.8,,,,,,,,0.53,,1.0,,2026-08-25,,,,,0.5,,,0.0
1879,WR921,1903,1879,2207,2207,2205,2206,2094,2206,5296370,Rameir Hardy,TEM,WR,12.0,12.0,12.0,2.48,29.7,29.7,29.7,0.0,29.7,-128.0,-123.9,-121.8,-121.8,-121.8,-121.8,,,,,,,,0.56,,1.0,,2026-08-25,,,,,0.5,,,0.0
1880,RB551,1877,1880,1983,1983,1981,1982,1870,1982,5158414,Nate Henry,FIU,RB,12.0,12.0,12.0,2.98,35.8,35.8,35.8,0.0,35.8,-121.9,-123.4,-121.9,-121.9,-121.9,-121.9,,,,,,,,0.44,,1.0,,2026-08-25,,,,,0.5,,,0.0
1881,WR922,1906,1881,2209,2209,2207,2208,2096,2208,5141434,Elisha Durham,BALL,WR,12.0,12.0,12.0,2.47,29.6,29.6,29.6,0.0,29.6,-128.1,-124.0,-121.9,-121.9,-121.9,-121.9,,,,,,,,0.67,,1.0,,2026-08-25,,,,,0.5,,,0.0
1882,QB188,2849,1882,569,569,560,572,460,572,4602923,Jaylen Henderson,LIB,QB,12.0,12.0,12.0,8.5,102.0,102.0,102.0,0.0,102.0,-143.1,-143.2,-126.3,-122.0,-122.0,-122.0,,,,,,,,0.79,,1.0,,2026-08-25,,,,,0.5,,,0.0
1883,TE222,1712,1883,1986,1986,1984,1985,1873,1985,5142265,Ryan Ward,WVU,TE,12.0,12.0,12.0,2.98,35.7,35.7,35.7,0.0,35.7,-122.0,-117.9,-122.0,-122.0,-122.0,-122.0,,,,,,,,0.72,,1.0,,2026-08-25,,,,,0.5,,,0.0
1884,RB552,1883,1884,1988,1988,1986,1987,1875,1987,5163382,Nikos Varelas,WYO,RB,12.0,12.0,12.0,2.98,35.7,35.7,35.7,0.0,35.7,-122.0,-123.5,-122.0,-122.0,-122.0,-122.0,,,,,,,,0.49,,1.0,,2026-08-25,,,,,0.5,,,0.0
1885,TE223,1714,1885,1989,1989,1987,1988,1876,1988,5219129,Jaxxon Warren,UNC,TE,12.0,12.0,12.0,2.98,35.7,35.7,35.7,0.0,35.7,-122.0,-117.9,-122.0,-122.0,-122.0,-122.0,,,,,,,,0.69,,1.0,,2026-08-25,,,,,0.5,,,0.0
1886,RB553,1884,1886,1990,1990,1988,1989,1877,1989,5295664,Adrion Boyd,WKU,RB,12.0,12.0,12.0,2.98,35.7,35.7,35.7,0.0,35.7,-122.0,-123.5,-122.0,-122.0,-122.0,-122.0,,,,,,,,0.44,,1.0,,2026-08-25,,,,,0.5,,,0.0
1887,WR923,1909,1887,2213,2213,2211,2212,2100,2212,5148650,Jerome Myles,TA&M,WR,12.0,12.0,12.0,2.46,29.5,29.5,29.5,0.0,29.5,-128.2,-124.1,-122.0,-122.0,-122.0,-122.0,,,,,,,,0.61,,1.0,,2026-08-25,,,,,0.5,,,0.0
1888,TE224,1716,1888,1992,1992,1990,1991,1879,1991,5079494,Hogan Hansen,MICH,TE,12.0,12.0,12.0,2.97,35.6,35.6,35.6,0.0,35.6,-122.1,-118.0,-122.1,-122.1,-122.1,-122.1,,,,,,,,0.61,,1.0,,2026-08-25,,,,,0.5,,,0.0
1889,RB554,1888,1889,1994,1994,1992,1993,1881,1993,5120735,Landon Walker,TCU,RB,12.0,12.0,12.0,2.97,35.6,35.6,35.6,0.0,35.6,-122.1,-123.6,-122.1,-122.1,-122.1,-122.1,,,,,,,,0.5,,1.0,,2026-08-25,,,,,0.5,,,0.0
1890,TE225,1718,1890,1995,1995,1993,1994,1882,1994,5158245,Jude James,MIZ,TE,12.0,12.0,12.0,2.97,35.6,35.6,35.6,0.0,35.6,-122.1,-118.0,-122.1,-122.1,-122.1,-122.1,,,,,,,,0.66,,1.0,,2026-08-25,,,,,0.5,,,0.0
1891,WR924,1911,1891,2217,2217,2215,2216,2104,2216,5143919,Jordan Malau'ulu,FRES,WR,12.0,12.0,12.0,2.45,29.4,29.4,29.4,0.0,29.4,-128.3,-124.2,-122.1,-122.1,-122.1,-122.1,,,,,,,,0.67,,1.0,,2026-08-25,,,,,0.5,,,0.0
1892,TE226,1722,1892,1997,1997,1995,1996,1884,1996,4871019,Rico Walker,CAL,TE,12.0,12.0,12.0,2.96,35.5,35.5,35.5,0.0,35.5,-122.2,-118.1,-122.2,-122.2,-122.2,-122.2,,,,,,,,0.74,,1.0,,2026-08-25,,,,,0.5,,,0.0
1893,RB555,1890,1893,1999,1999,1997,1998,1886,1998,5295363,Cameron Mathews,UNM,RB,12.0,12.0,12.0,2.96,35.5,35.5,35.5,0.0,35.5,-122.2,-123.7,-122.2,-122.2,-122.2,-122.2,,,,,,,,0.6,,1.0,,2026-08-25,,,,,0.5,,,0.0
1894,QB189,2865,1894,572,572,563,575,463,575,5081434,Trent Pearman,CLEM,QB,12.0,12.0,12.0,8.48,101.7,101.7,101.7,0.0,101.7,-143.4,-143.5,-126.6,-122.3,-122.3,-122.3,,,,,,,,0.7,,1.0,,2026-08-25,,,,,0.5,,,0.0
1895,RB556,1894,1895,2000,2000,1998,1999,1887,1999,5233868,Lanear McCrary Jr.,GAST,RB,12.0,12.0,12.0,2.95,35.4,35.4,35.4,0.0,35.4,-122.3,-123.8,-122.3,-122.3,-122.3,-122.3,,,,,,,,0.5,,1.0,,2026-08-25,,,,,0.5,,,0.0
1896,WR925,1918,1896,2224,2224,2222,2223,2111,2223,4871059,Jonah Wilson,TA&M,WR,12.0,12.0,12.0,2.43,29.2,29.2,29.2,0.0,29.2,-128.5,-124.4,-122.3,-122.3,-122.3,-122.3,,,,,,,,0.37,,1.0,,2026-08-25,,,,,0.5,,,0.0
1897,WR926,1920,1897,2226,2226,2224,2225,2113,2225,5218756,Clark Sanderson,CLEM,WR,12.0,12.0,12.0,2.43,29.2,29.2,29.2,0.0,29.2,-128.5,-124.4,-122.3,-122.3,-122.3,-122.3,,,,,,,,0.5,,1.0,,2026-08-25,,,,,0.5,,,0.0
1898,WR927,1921,1898,2227,2227,2225,2226,2114,2226,5218757,Chase Byrd,CLEM,WR,12.0,12.0,12.0,2.43,29.2,29.2,29.2,0.0,29.2,-128.5,-124.4,-122.3,-122.3,-122.3,-122.3,,,,,,,,0.49,,1.0,,2026-08-25,,,,,0.5,,,0.0
1899,TE227,1725,1899,2002,2002,2000,2001,1889,2001,5158398,Jake Norris,NAVY,TE,12.0,12.0,12.0,2.94,35.3,35.3,35.3,0.0,35.3,-122.4,-118.3,-122.4,-122.4,-122.4,-122.4,,,,,,,,0.7,,1.0,,2026-08-25,,,,,0.5,,,0.0
1900,TE228,1726,1900,2003,2003,2001,2002,1890,2002,5219112,Troy Grizzle,BOIS,TE,12.0,12.0,12.0,2.94,35.3,35.3,35.3,0.0,35.3,-122.4,-118.3,-122.4,-122.4,-122.4,-122.4,,,,,,,,0.52,,1.0,,2026-08-25,,,,,0.5,,,0.0
1901,RB557,1897,1901,2004,2004,2002,2003,1891,2003,5293685,Godspower Nwawuihe,ARMY,RB,12.0,12.0,12.0,2.94,35.3,35.3,35.3,0.0,35.3,-122.4,-123.9,-122.4,-122.4,-122.4,-122.4,,,,,,,,0.7,,1.0,,2026-08-25,,,,,0.5,,,0.0
1902,TE229,1728,1902,2006,2006,2004,2005,1893,2005,5155033,Spencer Mermans,GT,TE,12.0,12.0,12.0,2.93,35.2,35.2,35.2,0.0,35.2,-122.5,-118.4,-122.5,-122.5,-122.5,-122.5,,,,,,,,0.64,,1.0,,2026-08-25,,,,,0.5,,,0.0
1903,RB558,1904,1903,2008,2008,2006,2007,1895,2007,5224715,Bryce Hicks,COLO,RB,12.0,12.0,12.0,2.93,35.2,35.2,35.2,0.0,35.2,-122.5,-124.0,-122.5,-122.5,-122.5,-122.5,,,,,,,,0.58,,1.0,,2026-08-25,,,,,0.5,,,0.0
1904,QB190,2893,1904,576,576,567,579,467,579,4884086,Jalen Macon,NIU,QB,12.0,12.0,12.0,8.45,101.4,101.4,101.4,0.0,101.4,-143.7,-143.8,-126.9,-122.6,-122.6,-122.6,,,,,,,,0.79,,1.0,,2026-08-25,,,,,0.5,,,0.0
1905,TE230,1731,1905,2011,2011,2009,2010,1898,2010,4917270,Harry Lodge,UCLA,TE,12.0,12.0,12.0,2.92,35.1,35.1,35.1,0.0,35.1,-122.6,-118.5,-122.6,-122.6,-122.6,-122.6,,,,,,,,0.7,,1.0,,2026-08-25,,,,,0.5,,,0.0
1906,TE231,1734,1906,2014,2014,2012,2013,1901,2013,5222239,Dawson Johnson,TULN,TE,12.0,12.0,12.0,2.92,35.1,35.1,35.1,0.0,35.1,-122.6,-118.5,-122.6,-122.6,-122.6,-122.6,,,,,,,,0.74,,1.0,,2026-08-25,,,,,0.5,,,0.0
1907,RB559,1907,1907,2015,2015,2013,2014,1902,2014,5295750,D'Mariun Perteet,CLT,RB,12.0,12.0,12.0,2.92,35.1,35.1,35.1,0.0,35.1,-122.6,-124.1,-122.6,-122.6,-122.6,-122.6,,,,,,,,0.49,,1.0,,2026-08-25,,,,,0.5,,,0.0
1908,WR928,1926,1908,2232,2232,2230,2231,2119,2231,5083371,Davi Belfort,JMU,WR,12.0,12.0,12.0,2.41,28.9,28.9,28.9,0.0,28.9,-128.8,-124.7,-122.6,-122.6,-122.6,-122.6,,,,,,,,0.56,,1.0,,2026-08-25,,,,,0.5,,,0.0
1909,WR929,1927,1909,2234,2234,2232,2233,2121,2233,5220975,Jaquise Martin,HOU,WR,12.0,12.0,12.0,2.41,28.9,28.9,28.9,0.0,28.9,-128.8,-124.7,-122.6,-122.6,-122.6,-122.6,,,,,,,,0.58,,1.0,,2026-08-25,,,,,0.5,,,0.0
1910,TE232,1739,1910,2019,2019,2017,2018,1906,2018,5220195,Rod Gibbs,USA,TE,12.0,12.0,12.0,2.92,35.0,35.0,35.0,0.0,35.0,-122.7,-118.6,-122.7,-122.7,-122.7,-122.7,,,,,,,,0.68,,1.0,,2026-08-25,,,,,0.5,,,0.0
1911,WR930,1931,1911,2239,2239,2237,2238,2126,2238,5296099,Cianan Williams,JXST,WR,12.0,12.0,12.0,2.4,28.8,28.8,28.8,0.0,28.8,-128.9,-124.8,-122.7,-122.7,-122.7,-122.7,,,,,,,,0.42,,1.0,,2026-08-25,,,,,0.5,,,0.0
1912,RB560,1912,1912,2024,2024,2022,2023,1911,2023,5142238,Tyler Mason,VT,RB,12.0,12.0,12.0,2.91,34.9,34.9,34.9,0.0,34.9,-122.8,-124.3,-122.8,-122.8,-122.8,-122.8,,,,,,,,0.67,,1.0,,2026-08-25,,,,,0.5,,,0.0
1913,RB561,1913,1913,2026,2026,2024,2025,1913,2025,5301029,Elias Brown,SAC,RB,12.0,12.0,12.0,2.91,34.9,34.9,34.9,0.0,34.9,-122.8,-124.3,-122.8,-122.8,-122.8,-122.8,,,,,,,,0.45,,1.0,,2026-08-25,,,,,0.5,,,0.0
1914,WR931,1932,1914,2242,2242,2240,2241,2129,2241,5084659,Eric Smith,LIB,WR,12.0,12.0,12.0,2.39,28.7,28.7,28.7,0.0,28.7,-129.0,-124.9,-122.8,-122.8,-122.8,-122.8,,,,,,,,0.62,,1.0,,2026-08-25,,,,,0.5,,,0.0
1915,RB562,1915,1915,2029,2029,2027,2028,1916,2028,5081378,Hunter Barnes,TENN,RB,12.0,12.0,12.0,2.9,34.8,34.8,34.8,0.0,34.8,-122.9,-124.4,-122.9,-122.9,-122.9,-122.9,,,,,,,,0.49,,1.0,,2026-08-25,,,,,0.5,,,0.0
1916,TE233,1749,1916,2030,2030,2028,2029,1917,2029,5085497,Ty Stamey,TXST,TE,12.0,12.0,12.0,2.9,34.8,34.8,34.8,0.0,34.8,-122.9,-118.8,-122.9,-122.9,-122.9,-122.9,,,,,,,,0.67,,1.0,,2026-08-25,,,,,0.5,,,0.0
1917,RB563,1916,1917,2033,2033,2031,2032,1920,2032,5216690,Nino Hill,BUF,RB,12.0,12.0,12.0,2.9,34.8,34.8,34.8,0.0,34.8,-122.9,-124.4,-122.9,-122.9,-122.9,-122.9,,,,,,,,0.59,,1.0,,2026-08-25,,,,,0.5,,,0.0
1918,RB564,1917,1918,2034,2034,2032,2033,1921,2033,5228911,Sir Autry,SJSU,RB,12.0,12.0,12.0,2.9,34.8,34.8,34.8,0.0,34.8,-122.9,-124.4,-122.9,-122.9,-122.9,-122.9,,,,,,,,0.7,,1.0,,2026-08-25,,,,,0.5,,,0.0
1919,WR932,1937,1919,2249,2249,2247,2248,2136,2248,5295328,Chase Hanning,FAU,WR,12.0,12.0,12.0,2.38,28.6,28.6,28.6,0.0,28.6,-129.1,-125.0,-122.9,-122.9,-122.9,-122.9,,,,,,,,0.47,,1.0,,2026-08-25,,,,,0.5,,,0.0
1920,WR933,1938,1920,2250,2250,2248,2249,2137,2249,5390417,Antojuan Woody,FAU,WR,12.0,12.0,12.0,2.38,28.6,28.6,28.6,0.0,28.6,-129.1,-125.0,-122.9,-122.9,-122.9,-122.9,,,,,,,,0.47,,1.0,,2026-08-25,,,,,0.5,,,0.0
1921,RB565,1923,1921,2038,2038,2036,2037,1925,2037,5160640,Anthony Ferrucci,BC,RB,12.0,12.0,12.0,2.89,34.7,34.7,34.7,0.0,34.7,-123.0,-124.5,-123.0,-123.0,-123.0,-123.0,,,,,,,,0.47,,1.0,,2026-08-25,,,,,0.5,,,0.0
1922,WR934,1941,1922,2251,2251,2249,2250,2138,2250,5078049,Terrence McWilliams Jr.,LOU,WR,12.0,12.0,12.0,2.38,28.5,28.5,28.5,0.0,28.5,-129.2,-125.1,-123.0,-123.0,-123.0,-123.0,,,,,,,,0.4,,1.0,,2026-08-25,,,,,0.5,,,0.0
1923,WR935,1942,1923,2253,2253,2251,2252,2140,2252,5265479,Gabe Glover,JXST,WR,12.0,12.0,12.0,2.38,28.5,28.5,28.5,0.0,28.5,-129.2,-125.1,-123.0,-123.0,-123.0,-123.0,,,,,,,,0.56,,1.0,,2026-08-25,,,,,0.5,,,0.0
1924,WR936,1943,1924,2256,2256,2254,2255,2143,2255,5295012,Mason Lowe,AF,WR,12.0,12.0,12.0,2.38,28.5,28.5,28.5,0.0,28.5,-129.2,-125.1,-123.0,-123.0,-123.0,-123.0,,,,,,,,0.44,,1.0,,2026-08-25,,,,,0.5,,,0.0
1925,TE234,1753,1925,2040,2040,2038,2039,1927,2039,5146756,Jordan Washington,UNC,TE,12.0,12.0,12.0,2.88,34.6,34.6,34.6,0.0,34.6,-123.1,-119.0,-123.1,-123.1,-123.1,-123.1,,,,,,,,0.75,,1.0,,2026-08-25,,,,,0.5,,,0.0
1926,RB566,1924,1926,2041,2041,2039,2040,1928,2040,5209382,Cardae Mack,ASU,RB,12.0,12.0,12.0,2.88,34.6,34.6,34.6,0.0,34.6,-123.1,-124.6,-123.1,-123.1,-123.1,-123.1,,,,,,,,0.52,,1.0,,2026-08-25,,,,,0.5,,,0.0
1927,RB567,1925,1927,2042,2042,2040,2041,1929,2041,5220790,Roscoe Burton,NMSU,RB,12.0,12.0,12.0,2.88,34.6,34.6,34.6,0.0,34.6,-123.1,-124.6,-123.1,-123.1,-123.1,-123.1,,,,,,,,0.5,,1.0,,2026-08-25,,,,,0.5,,,0.0
1928,WR937,1946,1928,2258,2258,2256,2257,2145,2257,5141445,Quanell Farrakhan Jr.,COLO,WR,12.0,12.0,12.0,2.37,28.4,28.4,28.4,0.0,28.4,-129.3,-125.2,-123.1,-123.1,-123.1,-123.1,,,,,,,,0.58,,1.0,,2026-08-25,,,,,0.5,,,0.0
1929,WR938,1950,1929,2265,2265,2263,2264,2152,2264,5383007,Braden Goellner,ISU,WR,12.0,12.0,12.0,2.36,28.3,28.3,28.3,0.0,28.3,-129.4,-125.3,-123.2,-123.2,-123.2,-123.2,,,,,,,,0.42,,1.0,,2026-08-25,,,,,0.5,,,0.0
1930,WR939,1951,1930,2266,2266,2264,2265,2153,2265,5383013,Ray Coffey,ISU,WR,12.0,12.0,12.0,2.36,28.3,28.3,28.3,0.0,28.3,-129.4,-125.3,-123.2,-123.2,-123.2,-123.2,,,,,,,,0.42,,1.0,,2026-08-25,,,,,0.5,,,0.0
1931,WR940,1957,1931,2268,2268,2266,2267,2155,2267,5157324,Jean Louis III,AKR,WR,12.0,12.0,12.0,2.35,28.2,28.2,28.2,0.0,28.2,-129.5,-125.4,-123.3,-123.3,-123.3,-123.3,,,,,,,,0.58,,1.0,,2026-08-25,,,,,0.5,,,0.0
1932,WR941,1958,1932,2269,2269,2267,2268,2156,2268,5230932,Daryl Barnett Jr.,TOL,WR,12.0,12.0,12.0,2.35,28.2,28.2,28.2,0.0,28.2,-129.5,-125.4,-123.3,-123.3,-123.3,-123.3,,,,,,,,0.55,,1.0,,2026-08-25,,,,,0.5,,,0.0
1933,WR942,1960,1933,2271,2271,2269,2270,2158,2270,5388963,Tochi Okoro,NDSU,WR,12.0,12.0,12.0,2.35,28.2,28.2,28.2,0.0,28.2,-129.5,-125.4,-123.3,-123.3,-123.3,-123.3,,,,,,,,0.42,,1.0,,2026-08-25,,,,,0.5,,,0.0
1934,WR943,1963,1934,2275,2275,2273,2274,2162,2274,5221293,Tagert Bardin,COLO,WR,12.0,12.0,12.0,2.34,28.1,28.1,28.1,0.0,28.1,-129.6,-125.5,-123.4,-123.4,-123.4,-123.4,,,,,,,,0.41,,1.0,,2026-08-25,,,,,0.5,,,0.0
1935,WR944,1964,1935,2276,2276,2274,2275,2163,2275,5224783,Matthew McKinley-Daniels,DEL,WR,12.0,12.0,12.0,2.34,28.1,28.1,28.1,0.0,28.1,-129.6,-125.5,-123.4,-123.4,-123.4,-123.4,,,,,,,,0.52,,1.0,,2026-08-25,,,,,0.5,,,0.0
1936,TE235,1759,1936,2043,2043,2041,2042,1930,2042,5220893,Elijah Washington-Baker,SYR,TE,12.0,12.0,12.0,2.85,34.2,34.2,34.2,0.0,34.2,-123.5,-119.4,-123.5,-123.5,-123.5,-123.5,,,,,,,,0.59,,1.0,,2026-08-25,,,,,0.5,,,0.0
1937,RB568,1934,1937,2044,2044,2042,2043,1931,2043,5394596,Steven Robinson,USM,RB,12.0,12.0,12.0,2.85,34.2,34.2,34.2,0.0,34.2,-123.5,-125.0,-123.5,-123.5,-123.5,-123.5,,,,,,,,0.48,,1.0,,2026-08-25,,,,,0.5,,,0.0
1938,WR945,1965,1938,2277,2277,2275,2277,2165,2277,5084703,Daijon Calimon,NEV,WR,12.0,12.0,12.0,2.33,28.0,28.0,28.0,0.0,28.0,-129.7,-125.6,-123.5,-123.5,-123.5,-123.5,,,,,,,,0.62,,1.0,,2026-08-25,,,,,0.5,,,0.0
1939,WR946,1966,1939,2278,2278,2276,2278,2166,2278,5203590,Madrid Tucker,UNC,WR,12.0,12.0,12.0,2.33,28.0,28.0,28.0,0.0,28.0,-129.7,-125.6,-123.5,-123.5,-123.5,-123.5,,,,,,,,0.6,,1.0,,2026-08-25,,,,,0.5,,,0.0
1940,WR947,1967,1940,2279,2279,2277,2279,2167,2279,5216559,Tate Nagy,KU,WR,12.0,12.0,12.0,2.33,28.0,28.0,28.0,0.0,28.0,-129.7,-125.6,-123.5,-123.5,-123.5,-123.5,,,,,,,,0.55,,1.0,,2026-08-25,,,,,0.5,,,0.0
1941,WR948,1970,1941,2282,2282,2280,2282,2170,2282,5239858,Jayden Bolton,MIZ,WR,12.0,12.0,12.0,2.33,28.0,28.0,28.0,0.0,28.0,-129.7,-125.6,-123.5,-123.5,-123.5,-123.5,,,,,,,,0.39,,1.0,,2026-08-25,,,,,0.5,,,0.0
1942,TE236,1760,1942,2045,2045,2043,2044,1932,2044,5120905,Brock Lium,FRES,TE,12.0,12.0,12.0,2.84,34.1,34.1,34.1,0.0,34.1,-123.6,-119.5,-123.6,-123.6,-123.6,-123.6,,,,,,,,0.63,,1.0,,2026-08-25,,,,,0.5,,,0.0
1943,RB569,1940,1943,2049,2049,2047,2048,1936,2048,5390453,William Mason,OKST,RB,12.0,12.0,12.0,2.84,34.1,34.1,34.1,0.0,34.1,-123.6,-125.1,-123.6,-123.6,-123.6,-123.6,,,,,,,,0.48,,1.0,,2026-08-25,,,,,0.5,,,0.0
1944,WR949,1973,1944,2284,2284,2282,2284,2172,2284,5077115,Jackson Olsen,USU,WR,12.0,12.0,12.0,2.32,27.9,27.9,27.9,0.0,27.9,-129.8,-125.7,-123.6,-123.6,-123.6,-123.6,,,,,,,,0.44,,1.0,,2026-08-25,,,,,0.5,,,0.0
1945,QB191,2996,1945,584,584,575,587,475,587,5151692,Jake DeHaan,TOL,QB,12.0,12.0,12.0,8.36,100.3,100.3,100.3,0.0,100.3,-144.8,-144.9,-128.0,-123.7,-123.7,-123.7,,,,,,,,0.72,,1.0,,2026-08-25,,,,,0.5,,,0.0
1946,TE237,1763,1946,2050,2050,2048,2049,1937,2049,5004520,David Clement,SYR,TE,12.0,12.0,12.0,2.83,34.0,34.0,34.0,0.0,34.0,-123.7,-119.6,-123.7,-123.7,-123.7,-123.7,,,,,,,,0.7,,1.0,,2026-08-25,,,,,0.5,,,0.0
1947,RB570,1945,1947,2054,2054,2052,2053,1941,2053,5296136,Braxton Jennings,LOU,RB,12.0,12.0,12.0,2.83,34.0,34.0,34.0,0.0,34.0,-123.7,-125.2,-123.7,-123.7,-123.7,-123.7,,,,,,,,0.61,,1.0,,2026-08-25,,,,,0.5,,,0.0
1948,WR950,1975,1948,2286,2286,2284,2286,2174,2286,5081452,Clay Swinney,CLEM,WR,12.0,12.0,12.0,2.32,27.8,27.8,27.8,0.0,27.8,-129.9,-125.8,-123.7,-123.7,-123.7,-123.7,,,,,,,,0.48,,1.0,,2026-08-25,,,,,0.5,,,0.0
1949,WR951,1977,1949,2288,2288,2286,2288,2176,2288,5147373,Kylan Billiot,JMU,WR,12.0,12.0,12.0,2.32,27.8,27.8,27.8,0.0,27.8,-129.9,-125.8,-123.7,-123.7,-123.7,-123.7,,,,,,,,0.55,,1.0,,2026-08-25,,,,,0.5,,,0.0
1950,WR952,1978,1950,2289,2289,2287,2289,2177,2289,5159888,Chris Elko,GT,WR,12.0,12.0,12.0,2.32,27.8,27.8,27.8,0.0,27.8,-129.9,-125.8,-123.7,-123.7,-123.7,-123.7,,,,,,,,0.43,,1.0,,2026-08-25,,,,,0.5,,,0.0
1951,WR953,1979,1951,2291,2291,2289,2291,2179,2291,5220427,Matthew Tatum,SHSU,WR,12.0,12.0,12.0,2.32,27.8,27.8,27.8,0.0,27.8,-129.9,-125.8,-123.7,-123.7,-123.7,-123.7,,,,,,,,0.47,,1.0,,2026-08-25,,,,,0.5,,,0.0
1952,WR954,1980,1952,2292,2292,2290,2292,2180,2292,5220472,Tre Jones III,NAVY,WR,12.0,12.0,12.0,2.32,27.8,27.8,27.8,0.0,27.8,-129.9,-125.8,-123.7,-123.7,-123.7,-123.7,,,,,,,,0.43,,1.0,,2026-08-25,,,,,0.5,,,0.0
1953,TE238,1766,1953,2055,2055,2053,2054,1942,2054,4686771,Caleb Fauria,DEL,TE,12.0,12.0,12.0,2.82,33.9,33.9,33.9,0.0,33.9,-123.8,-119.7,-123.8,-123.8,-123.8,-123.8,,,,,,,,0.69,,1.0,,2026-08-25,,,,,0.5,,,0.0
1954,RB571,1949,1954,2057,2057,2055,2056,1944,2056,5150628,Lucky Finau,BYU,RB,12.0,12.0,12.0,2.82,33.9,33.9,33.9,0.0,33.9,-123.8,-125.3,-123.8,-123.8,-123.8,-123.8,,,,,,,,0.49,,1.0,,2026-08-25,,,,,0.5,,,0.0
1955,WR955,1983,1955,2295,2295,2293,2295,2183,2295,5159036,Calvin Russell III,SYR,WR,12.0,12.0,12.0,2.31,27.7,27.7,27.7,0.0,27.7,-130.0,-125.9,-123.8,-123.8,-123.8,-123.8,,,,,,,,0.58,,1.0,,2026-08-25,,,,,0.5,,,0.0
1956,WR956,1984,1956,2296,2296,2294,2296,2184,2296,5220411,Parker Threatt,SDSU,WR,12.0,12.0,12.0,2.31,27.7,27.7,27.7,0.0,27.7,-130.0,-125.9,-123.8,-123.8,-123.8,-123.8,,,,,,,,0.52,,1.0,,2026-08-25,,,,,0.5,,,0.0
1957,RB572,1952,1957,2061,2061,2059,2060,1948,2060,5219426,Brennan Fisher,ARMY,RB,12.0,12.0,12.0,2.82,33.8,33.8,33.8,0.0,33.8,-123.9,-125.4,-123.9,-123.9,-123.9,-123.9,,,,,,,,0.42,,1.0,,2026-08-25,,,,,0.5,,,0.0
1958,RB573,1953,1958,2062,2062,2060,2061,1949,2061,5226082,DaMari Gantt,ECU,RB,12.0,12.0,12.0,2.82,33.8,33.8,33.8,0.0,33.8,-123.9,-125.4,-123.9,-123.9,-123.9,-123.9,,,,,,,,0.35,,1.0,,2026-08-25,,,,,0.5,,,0.0
1959,RB574,1954,1959,2063,2063,2061,2062,1950,2062,5261753,Michael Beatty,ECU,RB,12.0,12.0,12.0,2.82,33.8,33.8,33.8,0.0,33.8,-123.9,-125.4,-123.9,-123.9,-123.9,-123.9,,,,,,,,0.35,,1.0,,2026-08-25,,,,,0.5,,,0.0
1960,RB575,1955,1960,2064,2064,2062,2063,1951,2063,5295198,Amare Gomez,CSU,RB,12.0,12.0,12.0,2.82,33.8,33.8,33.8,0.0,33.8,-123.9,-125.4,-123.9,-123.9,-123.9,-123.9,,,,,,,,0.58,,1.0,,2026-08-25,,,,,0.5,,,0.0
1961,WR957,1990,1961,2301,2301,2299,2301,2189,2301,5081096,Roman Mangini,NEB,WR,12.0,12.0,12.0,2.3,27.6,27.6,27.6,0.0,27.6,-130.1,-126.0,-123.9,-123.9,-123.9,-123.9,,,,,,,,0.48,,1.0,,2026-08-25,,,,,0.5,,,0.0
1962,WR958,1992,1962,2304,2304,2302,2304,2192,2304,5193059,Jeremiah Watkins,BUF,WR,12.0,12.0,12.0,2.3,27.6,27.6,27.6,0.0,27.6,-130.1,-126.0,-123.9,-123.9,-123.9,-123.9,,,,,,,,0.43,,1.0,,2026-08-25,,,,,0.5,,,0.0
1963,RB576,1961,1963,2065,2065,2063,2064,1952,2064,5218443,Chase Garnett,USF,RB,12.0,12.0,12.0,2.81,33.7,33.7,33.7,0.0,33.7,-124.0,-125.5,-124.0,-124.0,-124.0,-124.0,,,,,,,,0.63,,1.0,,2026-08-25,,,,,0.5,,,0.0
1964,WR959,1993,1964,2306,2306,2304,2306,2194,2306,5150773,Rett Andersen,TEX,WR,12.0,12.0,12.0,2.29,27.5,27.5,27.5,0.0,27.5,-130.2,-126.1,-124.0,-124.0,-124.0,-124.0,,,,,,,,0.47,,1.0,,2026-08-25,,,,,0.5,,,0.0
1965,WR960,1996,1965,2312,2312,2310,2312,2200,2312,5081845,Ashton Locklear,NCSU,WR,12.0,12.0,12.0,2.28,27.4,27.4,27.4,0.0,27.4,-130.3,-126.2,-124.1,-124.1,-124.1,-124.1,,,,,,,,0.47,,1.0,,2026-08-25,,,,,0.5,,,0.0
1966,WR961,1997,1966,2313,2313,2311,2313,2201,2313,5141653,Daylon Singleton,SMU,WR,12.0,12.0,12.0,2.28,27.4,27.4,27.4,0.0,27.4,-130.3,-126.2,-124.1,-124.1,-124.1,-124.1,,,,,,,,0.54,,1.0,,2026-08-25,,,,,0.5,,,0.0
1967,WR962,1998,1967,2314,2314,2312,2314,2202,2314,5215017,Landon Roldan,UGA,WR,12.0,12.0,12.0,2.28,27.4,27.4,27.4,0.0,27.4,-130.3,-126.2,-124.1,-124.1,-124.1,-124.1,,,,,,,,0.6,,1.0,,2026-08-25,,,,,0.5,,,0.0
1968,WR963,2000,1968,2316,2316,2314,2316,2204,2316,5266919,Corey Barber Jr.,LSU,WR,12.0,12.0,12.0,2.28,27.4,27.4,27.4,0.0,27.4,-130.3,-126.2,-124.1,-124.1,-124.1,-124.1,,,,,,,,0.62,,1.0,,2026-08-25,,,,,0.5,,,0.0
1969,RB577,1971,1969,2068,2068,2066,2067,1955,2067,5134270,Trashon Dye,JMU,RB,12.0,12.0,12.0,2.79,33.5,33.5,33.5,0.0,33.5,-124.2,-125.7,-124.2,-124.2,-124.2,-124.2,,,,,,,,0.61,,1.0,,2026-08-25,,,,,0.5,,,0.0
1970,RB578,1972,1970,2069,2069,2067,2068,1956,2068,5141663,Anthony Rogers,OSU,RB,12.0,12.0,12.0,2.79,33.5,33.5,33.5,0.0,33.5,-124.2,-125.7,-124.2,-124.2,-124.2,-124.2,,,,,,,,0.58,,1.0,,2026-08-25,,,,,0.5,,,0.0
1971,TE239,1777,1971,2071,2071,2069,2070,1958,2070,5218514,Jack Larsen,ND,TE,12.0,12.0,12.0,2.79,33.5,33.5,33.5,0.0,33.5,-124.2,-120.1,-124.2,-124.2,-124.2,-124.2,,,,,,,,0.67,,1.0,,2026-08-25,,,,,0.5,,,0.0
1972,WR964,2001,1972,2317,2317,2315,2317,2205,2317,5079386,Ric'Darious Farmer,UCF,WR,12.0,12.0,12.0,2.28,27.3,27.3,27.3,0.0,27.3,-130.4,-126.3,-124.2,-124.2,-124.2,-124.2,,,,,,,,0.53,,1.0,,2026-08-25,,,,,0.5,,,0.0
1973,WR965,2002,1973,2318,2318,2316,2318,2206,2318,5079522,Plas Johnson,ASU,WR,12.0,12.0,12.0,2.28,27.3,27.3,27.3,0.0,27.3,-130.4,-126.3,-124.2,-124.2,-124.2,-124.2,,,,,,,,0.47,,1.0,,2026-08-25,,,,,0.5,,,0.0
1974,WR966,2003,1974,2320,2320,2318,2320,2208,2320,5200381,Somourian Wingo,MIA,WR,12.0,12.0,12.0,2.28,27.3,27.3,27.3,0.0,27.3,-130.4,-126.3,-124.2,-124.2,-124.2,-124.2,,,,,,,,0.6,,1.0,,2026-08-25,,,,,0.5,,,0.0
1975,WR967,2004,1975,2322,2322,2320,2322,2210,2322,5306736,Jackson Meehan,UCLA,WR,12.0,12.0,12.0,2.28,27.3,27.3,27.3,0.0,27.3,-130.4,-126.3,-124.2,-124.2,-124.2,-124.2,,,,,,,,0.45,,1.0,,2026-08-25,,,,,0.5,,,0.0
1976,TE240,1780,1976,2073,2073,2071,2072,1960,2072,4698471,Matt Ragan,CONN,TE,12.0,12.0,12.0,2.78,33.4,33.4,33.4,0.0,33.4,-124.3,-120.2,-124.3,-124.3,-124.3,-124.3,,,,,,,,0.65,,1.0,,2026-08-25,,,,,0.5,,,0.0
1977,RB579,1974,1977,2077,2077,2075,2076,1964,2076,5304196,Jacob Cornejo,JXST,RB,12.0,12.0,12.0,2.78,33.4,33.4,33.4,0.0,33.4,-124.3,-125.8,-124.3,-124.3,-124.3,-124.3,,,,,,,,0.39,,1.0,,2026-08-25,,,,,0.5,,,0.0
1978,RB580,1981,1978,2079,2079,2077,2078,1966,2078,5388370,Oswaldo Morales,AF,RB,12.0,12.0,12.0,2.78,33.3,33.3,33.3,0.0,33.3,-124.4,-125.9,-124.4,-124.4,-124.4,-124.4,,,,,,,,0.57,,1.0,,2026-08-25,,,,,0.5,,,0.0
1979,RB581,1985,1979,2082,2082,2080,2081,1969,2081,5214409,Jeffrey Overton Jr.,VT,RB,12.0,12.0,12.0,2.77,33.2,33.2,33.2,0.0,33.2,-124.5,-126.0,-124.5,-124.5,-124.5,-124.5,,,,,,,,0.72,,1.0,,2026-08-25,,,,,0.5,,,0.0
1980,WR968,2012,1980,2331,2331,2329,2331,2219,2331,5102582,Landon Bell,CSU,WR,12.0,12.0,12.0,2.25,27.0,27.0,27.0,0.0,27.0,-130.7,-126.6,-124.5,-124.5,-124.5,-124.5,,,,,,,,0.61,,1.0,,2026-08-25,,,,,0.5,,,0.0
1981,WR969,2013,1981,2333,2333,2331,2333,2221,2333,5161011,Jermaine Bishop Jr.,TEX,WR,12.0,12.0,12.0,2.25,27.0,27.0,27.0,0.0,27.0,-130.7,-126.6,-124.5,-124.5,-124.5,-124.5,,,,,,,,0.6,,1.0,,2026-08-25,,,,,0.5,,,0.0
1982,QB192,3096,1982,596,596,587,599,487,599,5079604,Isaiah Marshall,KU,QB,12.0,12.0,12.0,8.28,99.4,99.4,99.4,0.0,99.4,-145.7,-145.8,-128.9,-124.6,-124.6,-124.6,,,,,,,,0.81,,1.0,,2026-08-25,,,,,0.5,,,0.0
1983,WR970,2016,1983,2336,2336,2334,2336,2224,2336,5081345,Alex Eichmann,IOWA,WR,12.0,12.0,12.0,2.24,26.9,26.9,26.9,0.0,26.9,-130.8,-126.7,-124.6,-124.6,-124.6,-124.6,,,,,,,,0.46,,1.0,,2026-08-25,,,,,0.5,,,0.0
1984,WR971,2017,1984,2337,2337,2335,2337,2225,2337,5141403,Kaegan Chambers,TEM,WR,12.0,12.0,12.0,2.24,26.9,26.9,26.9,0.0,26.9,-130.8,-126.7,-124.6,-124.6,-124.6,-124.6,,,,,,,,0.46,,1.0,,2026-08-25,,,,,0.5,,,0.0
1985,WR972,2018,1985,2339,2339,2337,2339,2227,2339,5295013,Mason Hayes,AF,WR,12.0,12.0,12.0,2.24,26.9,26.9,26.9,0.0,26.9,-130.8,-126.7,-124.6,-124.6,-124.6,-124.6,,,,,,,,0.42,,1.0,,2026-08-25,,,,,0.5,,,0.0
1986,TE241,1788,1986,2085,2085,2083,2084,1972,2084,4888163,Avion McBride,GAST,TE,12.0,12.0,12.0,2.75,33.0,33.0,33.0,0.0,33.0,-124.7,-120.6,-124.7,-124.7,-124.7,-124.7,,,,,,,,0.65,,1.0,,2026-08-25,,,,,0.5,,,0.0
1987,WR973,2021,1987,2342,2342,2340,2342,2230,2342,5221393,Caleb Rollerson,UCF,WR,12.0,12.0,12.0,2.23,26.8,26.8,26.8,0.0,26.8,-130.9,-126.8,-124.7,-124.7,-124.7,-124.7,,,,,,,,0.52,,1.0,,2026-08-25,,,,,0.5,,,0.0
1988,WR974,2022,1988,2345,2345,2343,2345,2233,2345,5147344,Tyson Turner,HOU,WR,12.0,12.0,12.0,2.22,26.7,26.7,26.7,0.0,26.7,-131.0,-126.9,-124.8,-124.8,-124.8,-124.8,,,,,,,,0.58,,1.0,,2026-08-25,,,,,0.5,,,0.0
1989,WR975,2023,1989,2346,2346,2344,2346,2234,2346,5156079,Khamani Debrow,OHIO,WR,12.0,12.0,12.0,2.22,26.7,26.7,26.7,0.0,26.7,-131.0,-126.9,-124.8,-124.8,-124.8,-124.8,,,,,,,,0.4,,1.0,,2026-08-25,,,,,0.5,,,0.0
1990,WR976,2024,1990,2347,2347,2345,2347,2235,2347,5161780,Jordyn Bridgewater,UCF,WR,12.0,12.0,12.0,2.22,26.7,26.7,26.7,0.0,26.7,-131.0,-126.9,-124.8,-124.8,-124.8,-124.8,,,,,,,,0.5,,1.0,,2026-08-25,,,,,0.5,,,0.0
1991,WR977,2025,1991,2349,2349,2347,2349,2237,2349,5226090,Ty Johnson,ECU,WR,12.0,12.0,12.0,2.22,26.7,26.7,26.7,0.0,26.7,-131.0,-126.9,-124.8,-124.8,-124.8,-124.8,,,,,,,,0.37,,1.0,,2026-08-25,,,,,0.5,,,0.0
1992,QB193,3134,1992,598,598,589,601,489,601,5078166,Ajani Sheppard,TEM,QB,12.0,12.0,12.0,8.26,99.1,99.1,99.1,0.0,99.1,-146.0,-146.1,-129.2,-124.9,-124.9,-124.9,,,,,,,,0.75,,1.0,,2026-08-25,,,,,0.5,,,0.0
1993,RB582,2006,1993,2088,2088,2086,2087,1975,2087,5147405,Andy Bass,OU,RB,12.0,12.0,12.0,2.73,32.8,32.8,32.8,0.0,32.8,-124.9,-126.4,-124.9,-124.9,-124.9,-124.9,,,,,,,,0.58,,1.0,,2026-08-25,,,,,0.5,,,0.0
1994,TE242,1791,1994,2089,2089,2087,2088,1976,2088,5148628,Logan Brooking,CLEM,TE,12.0,12.0,12.0,2.73,32.8,32.8,32.8,0.0,32.8,-124.9,-120.8,-124.9,-124.9,-124.9,-124.9,,,,,,,,0.59,,1.0,,2026-08-25,,,,,0.5,,,0.0
1995,RB583,2007,1995,2092,2092,2090,2091,1979,2091,5246591,Nasir Allen,ARST,RB,12.0,12.0,12.0,2.73,32.8,32.8,32.8,0.0,32.8,-124.9,-126.4,-124.9,-124.9,-124.9,-124.9,,,,,,,,0.52,,1.0,,2026-08-25,,,,,0.5,,,0.0
1996,WR978,2027,1996,2351,2351,2349,2351,2239,2351,3116099,Monte Harrison,ARK,WR,12.0,12.0,12.0,2.22,26.6,26.6,26.6,0.0,26.6,-131.1,-127.0,-124.9,-124.9,-124.9,-124.9,,,,,,,,0.52,,1.0,,2026-08-25,,,,,0.5,,,0.0
1997,WR979,2029,1997,2354,2354,2352,2354,2242,2354,5158339,Arnel Heathington,NAVY,WR,12.0,12.0,12.0,2.22,26.6,26.6,26.6,0.0,26.6,-131.1,-127.0,-124.9,-124.9,-124.9,-124.9,,,,,,,,0.44,,1.0,,2026-08-25,,,,,0.5,,,0.0
1998,WR980,2030,1998,2355,2355,2353,2355,2243,2355,5158348,Casey Smith,NAVY,WR,12.0,12.0,12.0,2.22,26.6,26.6,26.6,0.0,26.6,-131.1,-127.0,-124.9,-124.9,-124.9,-124.9,,,,,,,,0.44,,1.0,,2026-08-25,,,,,0.5,,,0.0
1999,TE243,1795,1999,2094,2094,2092,2093,1981,2093,5044424,Pierce Walsh,MINN,TE,12.0,12.0,12.0,2.72,32.7,32.7,32.7,0.0,32.7,-125.0,-120.9,-125.0,-125.0,-125.0,-125.0,,,,,,,,0.64,,1.0,,2026-08-25,,,,,0.5,,,0.0
2000,TE244,1796,2000,2095,2095,2093,2094,1982,2094,5138656,Lane Wadle,CLT,TE,12.0,12.0,12.0,2.72,32.7,32.7,32.7,0.0,32.7,-125.0,-120.9,-125.0,-125.0,-125.0,-125.0,,,,,,,,0.64,,1.0,,2026-08-25,,,,,0.5,,,0.0
2001,WR981,2033,2001,2357,2357,2355,2357,2245,2357,5148629,Drey Garner,SAC,WR,12.0,12.0,12.0,2.21,26.5,26.5,26.5,0.0,26.5,-131.2,-127.1,-125.0,-125.0,-125.0,-125.0,,,,,,,,0.51,,1.0,,2026-08-25,,,,,0.5,,,0.0
2002,WR982,2034,2002,2359,2359,2357,2359,2247,2359,5388300,Demonte Greene,TEM,WR,12.0,12.0,12.0,2.21,26.5,26.5,26.5,0.0,26.5,-131.2,-127.1,-125.0,-125.0,-125.0,-125.0,,,,,,,,0.45,,1.0,,2026-08-25,,,,,0.5,,,0.0
2003,TE245,1801,2003,2099,2099,2097,2098,1986,2098,5081054,Micah Riley,TA&M,TE,12.0,12.0,12.0,2.72,32.6,32.6,32.6,0.0,32.6,-125.1,-121.0,-125.1,-125.1,-125.1,-125.1,,,,,,,,0.59,,1.0,,2026-08-25,,,,,0.5,,,0.0
2004,RB584,2009,2004,2101,2101,2099,2100,1988,2100,5230274,Titus Bautista,COLO,RB,12.0,12.0,12.0,2.72,32.6,32.6,32.6,0.0,32.6,-125.1,-126.6,-125.1,-125.1,-125.1,-125.1,,,,,,,,0.48,,1.0,,2026-08-25,,,,,0.5,,,0.0
2005,WR983,2036,2005,2361,2361,2359,2361,2249,2361,5194667,Tyrell Simmons Jr.,BUF,WR,12.0,12.0,12.0,2.2,26.4,26.4,26.4,0.0,26.4,-131.3,-127.2,-125.1,-125.1,-125.1,-125.1,,,,,,,,0.43,,1.0,,2026-08-25,,,,,0.5,,,0.0
2006,QB194,3168,2006,602,602,593,605,493,605,5079771,Isaac Wilson,COLO,QB,12.0,12.0,12.0,8.23,98.8,98.8,98.8,0.0,98.8,-146.3,-146.4,-129.5,-125.2,-125.2,-125.2,,,,,,,,0.89,,1.0,,2026-08-25,,,,,0.5,,,0.0
2007,TE246,1803,2007,2103,2103,2101,2102,1990,2102,4890881,Cam Ball,WVU,TE,12.0,12.0,12.0,2.71,32.5,32.5,32.5,0.0,32.5,-125.2,-121.1,-125.2,-125.2,-125.2,-125.2,,,,,,,,0.69,,1.0,,2026-08-25,,,,,0.5,,,0.0
2008,TE247,1804,2008,2104,2104,2102,2103,1991,2103,4894451,Brennan Parachek,MSU,TE,12.0,12.0,12.0,2.71,32.5,32.5,32.5,0.0,32.5,-125.2,-121.1,-125.2,-125.2,-125.2,-125.2,,,,,,,,0.61,,1.0,,2026-08-25,,,,,0.5,,,0.0
2009,RB585,2014,2009,2105,2105,2103,2104,1992,2104,5151063,Carson Morgan,RICE,RB,12.0,12.0,12.0,2.71,32.5,32.5,32.5,0.0,32.5,-125.2,-126.7,-125.2,-125.2,-125.2,-125.2,,,,,,,,0.52,,1.0,,2026-08-25,,,,,0.5,,,0.0
2010,TE248,1806,2010,2107,2107,2105,2106,1994,2106,5141656,Nate Roberts,OSU,TE,12.0,12.0,12.0,2.7,32.4,32.4,32.4,0.0,32.4,-125.3,-121.2,-125.3,-125.3,-125.3,-125.3,,,,,,,,0.7,,1.0,,2026-08-25,,,,,0.5,,,0.0
2011,RB586,2019,2011,2108,2108,2106,2107,1995,2107,5216505,Jamar Searcy,WAKE,RB,12.0,12.0,12.0,2.7,32.4,32.4,32.4,0.0,32.4,-125.3,-126.8,-125.3,-125.3,-125.3,-125.3,,,,,,,,0.6,,1.0,,2026-08-25,,,,,0.5,,,0.0
2012,WR984,2041,2012,2370,2370,2368,2370,2258,2370,5079290,Keylen Adams,VT,WR,12.0,12.0,12.0,2.18,26.2,26.2,26.2,0.0,26.2,-131.5,-127.4,-125.3,-125.3,-125.3,-125.3,,,,,,,,0.55,,1.0,,2026-08-25,,,,,0.5,,,0.0
2013,WR985,2043,2013,2373,2373,2371,2373,2261,2373,5151494,Tayte Vanderleest,CMU,WR,12.0,12.0,12.0,2.18,26.2,26.2,26.2,0.0,26.2,-131.5,-127.4,-125.3,-125.3,-125.3,-125.3,,,,,,,,0.46,,1.0,,2026-08-25,,,,,0.5,,,0.0
2014,WR986,2046,2014,2381,2381,2379,2381,2269,2381,5147685,Josiah McLaurin,MRSH,WR,12.0,12.0,12.0,2.18,26.1,26.1,26.1,0.0,26.1,-131.6,-127.5,-125.4,-125.4,-125.4,-125.4,,,,,,,,0.48,,1.0,,2026-08-25,,,,,0.5,,,0.0
2015,TE249,1814,2015,2112,2112,2110,2111,1999,2111,4826579,Tyler Siddons,WYO,TE,12.0,12.0,12.0,2.68,32.2,32.2,32.2,0.0,32.2,-125.5,-121.4,-125.5,-125.5,-125.5,-125.5,,,,,,,,0.65,,1.0,,2026-08-25,,,,,0.5,,,0.0
2016,RB587,2026,2016,2113,2113,2111,2112,2000,2112,5161734,Wyatt Archer,ISU,RB,12.0,12.0,12.0,2.68,32.2,32.2,32.2,0.0,32.2,-125.5,-127.0,-125.5,-125.5,-125.5,-125.5,,,,,,,,0.41,,1.0,,2026-08-25,,,,,0.5,,,0.0
2017,WR987,2051,2017,2389,2389,2387,2389,2277,2389,5219297,Trevor Ladd,UVA,WR,12.0,12.0,12.0,2.17,26.0,26.0,26.0,0.0,26.0,-131.7,-127.6,-125.5,-125.5,-125.5,-125.5,,,,,,,,0.36,,1.0,,2026-08-25,,,,,0.5,,,0.0
2018,RB588,2031,2018,2118,2118,2116,2117,2005,2117,5156440,Jamarice Wilder,USM,RB,12.0,12.0,12.0,2.68,32.1,32.1,32.1,0.0,32.1,-125.6,-127.1,-125.6,-125.6,-125.6,-125.6,,,,,,,,0.62,,1.0,,2026-08-25,,,,,0.5,,,0.0
2019,RB589,2032,2019,2119,2119,2117,2118,2006,2118,5160472,Javian Osborne,ND,RB,12.0,12.0,12.0,2.68,32.1,32.1,32.1,0.0,32.1,-125.6,-127.1,-125.6,-125.6,-125.6,-125.6,,,,,,,,0.51,,1.0,,2026-08-25,,,,,0.5,,,0.0
2020,WR988,2054,2020,2395,2395,2393,2395,2283,2395,5158365,Gage Leonard,NAVY,WR,12.0,12.0,12.0,2.16,25.9,25.9,25.9,0.0,25.9,-131.8,-127.7,-125.6,-125.6,-125.6,-125.6,,,,,,,,0.45,,1.0,,2026-08-25,,,,,0.5,,,0.0
2021,WR989,2055,2021,2396,2396,2394,2396,2284,2396,5158940,Naeem Burroughs,CLEM,WR,12.0,12.0,12.0,2.16,25.9,25.9,25.9,0.0,25.9,-131.8,-127.7,-125.6,-125.6,-125.6,-125.6,,,,,,,,0.57,,1.0,,2026-08-25,,,,,0.5,,,0.0
2022,WR990,2056,2022,2398,2398,2396,2398,2286,2398,5228005,Jacob Kilzer,NDSU,WR,12.0,12.0,12.0,2.16,25.9,25.9,25.9,0.0,25.9,-131.8,-127.7,-125.6,-125.6,-125.6,-125.6,,,,,,,,0.45,,1.0,,2026-08-25,,,,,0.5,,,0.0
2023,TE250,1821,2023,2123,2123,2121,2122,2010,2122,4715474,Elijah Brown,UK,TE,12.0,12.0,12.0,2.67,32.0,32.0,32.0,0.0,32.0,-125.7,-121.6,-125.7,-125.7,-125.7,-125.7,,,,,,,,0.68,,1.0,,2026-08-25,,,,,0.5,,,0.0
2024,TE251,1823,2024,2125,2125,2123,2124,2012,2124,5164346,Linkon Cure,KSU,TE,12.0,12.0,12.0,2.67,32.0,32.0,32.0,0.0,32.0,-125.7,-121.6,-125.7,-125.7,-125.7,-125.7,,,,,,,,0.64,,1.0,,2026-08-25,,,,,0.5,,,0.0
2025,RB590,2035,2025,2126,2126,2124,2125,2013,2125,5215189,Anthony Jeffery,USA,RB,12.0,12.0,12.0,2.67,32.0,32.0,32.0,0.0,32.0,-125.7,-127.2,-125.7,-125.7,-125.7,-125.7,,,,,,,,0.54,,1.0,,2026-08-25,,,,,0.5,,,0.0
2026,WR991,2057,2026,2400,2400,2398,2400,2288,2400,5146673,Christian Zachary,SHSU,WR,12.0,12.0,12.0,2.15,25.8,25.8,25.8,0.0,25.8,-131.9,-127.8,-125.7,-125.7,-125.7,-125.7,,,,,,,,0.41,,1.0,,2026-08-25,,,,,0.5,,,0.0
2027,WR992,2059,2027,2403,2403,2401,2403,2291,2403,5193284,Winn Sharp,BGSU,WR,12.0,12.0,12.0,2.15,25.8,25.8,25.8,0.0,25.8,-131.9,-127.8,-125.7,-125.7,-125.7,-125.7,,,,,,,,0.62,,1.0,,2026-08-25,,,,,0.5,,,0.0
2028,WR993,2060,2028,2406,2406,2404,2406,2294,2406,5228149,Mackenzie Alleyne,OU,WR,12.0,12.0,12.0,2.15,25.8,25.8,25.8,0.0,25.8,-131.9,-127.8,-125.7,-125.7,-125.7,-125.7,,,,,,,,0.51,,1.0,,2026-08-25,,,,,0.5,,,0.0
2029,QB195,3253,2029,613,613,604,616,504,616,5138131,Deshawn Purdie,LIB,QB,12.0,12.0,12.0,8.18,98.2,98.2,98.2,0.0,98.2,-146.9,-147.0,-130.1,-125.8,-125.8,-125.8,,,,,,,,0.78,,1.0,,2026-08-25,,,,,0.5,,,0.0
2030,RB591,2038,2030,2129,2129,2127,2128,2016,2128,5296363,Jordan Miller,TEM,RB,12.0,12.0,12.0,2.66,31.9,31.9,31.9,0.0,31.9,-125.8,-127.3,-125.8,-125.8,-125.8,-125.8,,,,,,,,0.45,,1.0,,2026-08-25,,,,,0.5,,,0.0
2031,WR994,2061,2031,2407,2407,2405,2407,2295,2407,5156236,Jackson Muckelroy,UNT,WR,12.0,12.0,12.0,2.14,25.7,25.7,25.7,0.0,25.7,-132.0,-127.9,-125.8,-125.8,-125.8,-125.8,,,,,,,,0.35,,1.0,,2026-08-25,,,,,0.5,,,0.0
2032,QB196,3267,2032,614,614,605,617,505,617,5054036,Jackson Brousseau,CAL,QB,12.0,12.0,12.0,8.17,98.1,98.1,98.1,0.0,98.1,-147.0,-147.1,-130.2,-125.9,-125.9,-125.9,,,,,,,,0.7,,1.0,,2026-08-25,,,,,0.5,,,0.0
2033,WR995,2063,2033,2409,2409,2407,2409,2297,2409,5222689,Johnathan Montague Jr.,BC,WR,12.0,12.0,12.0,2.13,25.6,25.6,25.6,0.0,25.6,-132.1,-128.0,-125.9,-125.9,-125.9,-125.9,,,,,,,,0.41,,1.0,,2026-08-25,,,,,0.5,,,0.0
2034,WR996,2064,2034,2410,2410,2408,2410,2298,2410,5295014,Astin Hange,AF,WR,12.0,12.0,12.0,2.13,25.6,25.6,25.6,0.0,25.6,-132.1,-128.0,-125.9,-125.9,-125.9,-125.9,,,,,,,,0.41,,1.0,,2026-08-25,,,,,0.5,,,0.0
2035,WR997,2066,2035,2411,2411,2409,2411,2299,2411,5160469,Trent Mosley,USC,WR,12.0,12.0,12.0,2.12,25.5,25.5,25.5,0.0,25.5,-132.2,-128.1,-126.0,-126.0,-126.0,-126.0,,,,,,,,0.48,,1.0,,2026-08-25,,,,,0.5,,,0.0
2036,WR998,2068,2036,2413,2413,2411,2413,2301,2413,5293820,Drew Kron,CONN,WR,12.0,12.0,12.0,2.12,25.5,25.5,25.5,0.0,25.5,-132.2,-128.1,-126.0,-126.0,-126.0,-126.0,,,,,,,,0.4,,1.0,,2026-08-25,,,,,0.5,,,0.0
2037,TE252,1831,2037,2133,2133,2131,2132,2020,2132,5078052,AJ Szymanski,MD,TE,12.0,12.0,12.0,2.63,31.6,31.6,31.6,0.0,31.6,-126.1,-122.0,-126.1,-126.1,-126.1,-126.1,,,,,,,,0.71,,1.0,,2026-08-25,,,,,0.5,,,0.0
2038,TE253,1832,2038,2134,2134,2132,2133,2021,2133,5146761,Jewlyen Roberts,TLSA,TE,12.0,12.0,12.0,2.63,31.6,31.6,31.6,0.0,31.6,-126.1,-122.0,-126.1,-126.1,-126.1,-126.1,,,,,,,,0.69,,1.0,,2026-08-25,,,,,0.5,,,0.0
2039,RB592,2049,2039,2135,2135,2133,2134,2022,2134,5196928,Nico Hamilton,WYO,RB,12.0,12.0,12.0,2.63,31.6,31.6,31.6,0.0,31.6,-126.1,-127.6,-126.1,-126.1,-126.1,-126.1,,,,,,,,0.51,,1.0,,2026-08-25,,,,,0.5,,,0.0
2040,TE254,1833,2040,2136,2136,2134,2135,2023,2135,5220219,Wesley Campbell VI,GAST,TE,12.0,12.0,12.0,2.63,31.6,31.6,31.6,0.0,31.6,-126.1,-122.0,-126.1,-126.1,-126.1,-126.1,,,,,,,,0.63,,1.0,,2026-08-25,,,,,0.5,,,0.0
2041,WR999,2071,2041,2415,2415,2413,2415,2303,2415,5158368,Noah Bull,NAVY,WR,12.0,12.0,12.0,2.12,25.4,25.4,25.4,0.0,25.4,-132.3,-128.2,-126.1,-126.1,-126.1,-126.1,,,,,,,,0.44,,1.0,,2026-08-25,,,,,0.5,,,0.0
2042,WR1000,2072,2042,2416,2416,2414,2416,2304,2416,5224772,Nick Tyree,DEL,WR,12.0,12.0,12.0,2.12,25.4,25.4,25.4,0.0,25.4,-132.3,-128.2,-126.1,-126.1,-126.1,-126.1,,,,,,,,0.56,,1.0,,2026-08-25,,,,,0.5,,,0.0
2043,WR1001,2073,2043,2417,2417,2415,2417,2305,2417,5297105,Caleb Garcia,UTSA,WR,12.0,12.0,12.0,2.12,25.4,25.4,25.4,0.0,25.4,-132.3,-128.2,-126.1,-126.1,-126.1,-126.1,,,,,,,,0.41,,1.0,,2026-08-25,,,,,0.5,,,0.0
2044,TE255,1838,2044,2139,2139,2137,2138,2026,2138,5085618,Keayen Nead,BYU,TE,12.0,12.0,12.0,2.62,31.5,31.5,31.5,0.0,31.5,-126.2,-122.1,-126.2,-126.2,-126.2,-126.2,,,,,,,,0.55,,1.0,,2026-08-25,,,,,0.5,,,0.0
2045,WR1002,2076,2045,2419,2419,2417,2419,2307,2419,5084291,Damien McDaniel,SAC,WR,12.0,12.0,12.0,2.11,25.3,25.3,25.3,0.0,25.3,-132.4,-128.3,-126.2,-126.2,-126.2,-126.2,,,,,,,,0.49,,1.0,,2026-08-25,,,,,0.5,,,0.0
2046,WR1003,2078,2046,2422,2422,2420,2422,2310,2422,5153869,Dan Parisi,DEL,WR,12.0,12.0,12.0,2.11,25.3,25.3,25.3,0.0,25.3,-132.4,-128.3,-126.2,-126.2,-126.2,-126.2,,,,,,,,0.41,,1.0,,2026-08-25,,,,,0.5,,,0.0
2047,WR1004,2079,2047,2423,2423,2421,2423,2311,2423,5193292,La'Don Bryant,NIU,WR,12.0,12.0,12.0,2.11,25.3,25.3,25.3,0.0,25.3,-132.4,-128.3,-126.2,-126.2,-126.2,-126.2,,,,,,,,0.64,,1.0,,2026-08-25,,,,,0.5,,,0.0
2048,WR1005,2080,2048,2424,2424,2422,2424,2312,2424,5212698,Je'rel Bolder,NCSU,WR,12.0,12.0,12.0,2.11,25.3,25.3,25.3,0.0,25.3,-132.4,-128.3,-126.2,-126.2,-126.2,-126.2,,,,,,,,0.49,,1.0,,2026-08-25,,,,,0.5,,,0.0
2049,QB197,3315,2049,619,619,610,622,510,622,5228762,Nick Poulos,OHIO,QB,12.0,12.0,12.0,8.14,97.7,97.7,97.7,0.0,97.7,-147.4,-147.5,-130.6,-126.3,-126.3,-126.3,,,,,,,,0.76,,1.0,,2026-08-25,,,,,0.5,,,0.0
2050,TE256,1840,2050,2140,2140,2138,2139,2027,2139,5079510,Walter Matthews,USC,TE,12.0,12.0,12.0,2.62,31.4,31.4,31.4,0.0,31.4,-126.3,-122.2,-126.3,-126.3,-126.3,-126.3,,,,,,,,0.5,,1.0,,2026-08-25,,,,,0.5,,,0.0
2051,WR1006,2082,2051,2425,2425,2423,2425,2313,2425,5138042,Zechariah Sample,TXST,WR,12.0,12.0,12.0,2.1,25.2,25.2,25.2,0.0,25.2,-132.5,-128.4,-126.3,-126.3,-126.3,-126.3,,,,,,,,0.48,,1.0,,2026-08-25,,,,,0.5,,,0.0
2052,WR1007,2083,2052,2426,2426,2424,2426,2314,2426,5150925,Colton Pitchford,JXST,WR,12.0,12.0,12.0,2.1,25.2,25.2,25.2,0.0,25.2,-132.5,-128.4,-126.3,-126.3,-126.3,-126.3,,,,,,,,0.39,,1.0,,2026-08-25,,,,,0.5,,,0.0
2053,WR1008,2084,2053,2427,2427,2425,2427,2315,2427,5164039,Jeremiah Carroll,WKU,WR,12.0,12.0,12.0,2.1,25.2,25.2,25.2,0.0,25.2,-132.5,-128.4,-126.3,-126.3,-126.3,-126.3,,,,,,,,0.41,,1.0,,2026-08-25,,,,,0.5,,,0.0
2054,TE257,1843,2054,2144,2144,2142,2143,2031,2143,4816108,Tyler Powell,ARIZ,TE,12.0,12.0,12.0,2.61,31.3,31.3,31.3,0.0,31.3,-126.4,-122.3,-126.4,-126.4,-126.4,-126.4,,,,,,,,0.57,,1.0,,2026-08-25,,,,,0.5,,,0.0
2055,TE258,1844,2055,2145,2145,2143,2144,2032,2144,5295326,Noah Fox-Flores,UCLA,TE,12.0,12.0,12.0,2.61,31.3,31.3,31.3,0.0,31.3,-126.4,-122.3,-126.4,-126.4,-126.4,-126.4,,,,,,,,0.67,,1.0,,2026-08-25,,,,,0.5,,,0.0
2056,WR1009,2086,2056,2432,2432,2430,2432,2320,2432,4837174,Darrian Anderson,FRES,WR,12.0,12.0,12.0,2.09,25.1,25.1,25.1,0.0,25.1,-132.6,-128.5,-126.4,-126.4,-126.4,-126.4,,,,,,,,0.4,,1.0,,2026-08-25,,,,,0.5,,,0.0
2057,WR1010,2088,2057,2434,2434,2432,2434,2322,2434,5193104,Austin Clay,BGSU,WR,12.0,12.0,12.0,2.09,25.1,25.1,25.1,0.0,25.1,-132.6,-128.5,-126.4,-126.4,-126.4,-126.4,,,,,,,,0.57,,1.0,,2026-08-25,,,,,0.5,,,0.0
2058,TE259,1847,2058,2146,2146,2144,2145,2033,2145,3949586,Jake Taylor,DUKE,TE,12.0,12.0,12.0,2.6,31.2,31.2,31.2,0.0,31.2,-126.5,-122.4,-126.5,-126.5,-126.5,-126.5,,,,,,,,0.63,,1.0,,2026-08-25,,,,,0.5,,,0.0
2059,WR1011,2093,2059,2438,2438,2436,2438,2326,2438,5164359,Ashton Jones,BAY,WR,12.0,12.0,12.0,2.08,25.0,25.0,25.0,0.0,25.0,-132.7,-128.6,-126.5,-126.5,-126.5,-126.5,,,,,,,,0.4,,1.0,,2026-08-25,,,,,0.5,,,0.0
2060,QB198,3357,2060,625,625,616,628,516,628,5078278,Lincoln Kienholz,LOU,QB,12.0,12.0,12.0,8.12,97.4,97.4,97.4,0.0,97.4,-147.7,-147.8,-130.9,-126.6,-126.6,-126.6,,,,,,,,0.78,,1.0,,2026-08-25,,,,,0.5,,,0.0
2061,RB593,2065,2061,2149,2149,2147,2148,2036,2148,5120866,Jalen Brown,NMSU,RB,12.0,12.0,12.0,2.59,31.1,31.1,31.1,0.0,31.1,-126.6,-128.1,-126.6,-126.6,-126.6,-126.6,,,,,,,,0.5,,1.0,,2026-08-25,,,,,0.5,,,0.0
2062,RB594,2069,2062,2154,2154,2152,2153,2041,2153,5295302,Mohammad Maali,UNLV,RB,12.0,12.0,12.0,2.58,31.0,31.0,31.0,0.0,31.0,-126.7,-128.2,-126.7,-126.7,-126.7,-126.7,,,,,,,,0.49,,1.0,,2026-08-25,,,,,0.5,,,0.0
2063,WR1012,2099,2063,2447,2447,2445,2447,2335,2447,5216639,Jaylon Hawkins,SDSU,WR,12.0,12.0,12.0,2.07,24.8,24.8,24.8,0.0,24.8,-132.9,-128.8,-126.7,-126.7,-126.7,-126.7,,,,,,,,0.55,,1.0,,2026-08-25,,,,,0.5,,,0.0
2064,WR1013,2101,2064,2449,2449,2447,2449,2337,2449,5394628,Mekhi Rice,UTSA,WR,12.0,12.0,12.0,2.07,24.8,24.8,24.8,0.0,24.8,-132.9,-128.8,-126.7,-126.7,-126.7,-126.7,,,,,,,,0.4,,1.0,,2026-08-25,,,,,0.5,,,0.0
2065,TE260,1854,2065,2155,2155,2153,2154,2042,2154,4869316,Oakie Salave'a,HAW,TE,12.0,12.0,12.0,2.58,30.9,30.9,30.9,0.0,30.9,-126.8,-122.7,-126.8,-126.8,-126.8,-126.8,,,,,,,,0.56,,1.0,,2026-08-25,,,,,0.5,,,0.0
2066,TE261,1855,2066,2156,2156,2154,2155,2043,2155,4870870,Ty Lockwood,ARK,TE,12.0,12.0,12.0,2.58,30.9,30.9,30.9,0.0,30.9,-126.8,-122.7,-126.8,-126.8,-126.8,-126.8,,,,,,,,0.59,,1.0,,2026-08-25,,,,,0.5,,,0.0
2067,TE262,1856,2067,2157,2157,2155,2156,2044,2156,5201877,Vander Ploog,NCSU,TE,12.0,12.0,12.0,2.58,30.9,30.9,30.9,0.0,30.9,-126.8,-122.7,-126.8,-126.8,-126.8,-126.8,,,,,,,,0.49,,1.0,,2026-08-25,,,,,0.5,,,0.0
2068,RB595,2074,2068,2158,2158,2156,2157,2045,2157,5296023,Tray Kinkle,USF,RB,12.0,12.0,12.0,2.58,30.9,30.9,30.9,0.0,30.9,-126.8,-128.3,-126.8,-126.8,-126.8,-126.8,,,,,,,,0.58,,1.0,,2026-08-25,,,,,0.5,,,0.0
2069,WR1014,2104,2069,2450,2450,2448,2450,2338,2450,5079486,Zy'marion Lang,CONN,WR,12.0,12.0,12.0,2.06,24.7,24.7,24.7,0.0,24.7,-133.0,-128.9,-126.8,-126.8,-126.8,-126.8,,,,,,,,0.39,,1.0,,2026-08-25,,,,,0.5,,,0.0
2070,WR1015,2106,2070,2452,2452,2450,2452,2340,2452,5207661,Romel Stevens,ARST,WR,12.0,12.0,12.0,2.06,24.7,24.7,24.7,0.0,24.7,-133.0,-128.9,-126.8,-126.8,-126.8,-126.8,,,,,,,,0.46,,1.0,,2026-08-25,,,,,0.5,,,0.0
2071,RB596,2081,2071,2160,2160,2158,2159,2047,2159,5297102,JC Solitaire,UTSA,RB,12.0,12.0,12.0,2.57,30.8,30.8,30.8,0.0,30.8,-126.9,-128.4,-126.9,-126.9,-126.9,-126.9,,,,,,,,0.42,,1.0,,2026-08-25,,,,,0.5,,,0.0
2072,WR1016,2107,2072,2454,2454,2452,2454,2342,2454,5096845,Eli Potts,WAKE,WR,12.0,12.0,12.0,2.05,24.6,24.6,24.6,0.0,24.6,-133.1,-129.0,-126.9,-126.9,-126.9,-126.9,,,,,,,,0.36,,1.0,,2026-08-25,,,,,0.5,,,0.0
2073,TE263,1860,2073,2161,2161,2159,2160,2048,2160,4613214,Connor Witthoft,DEL,TE,12.0,12.0,12.0,2.56,30.7,30.7,30.7,0.0,30.7,-127.0,-122.9,-127.0,-127.0,-127.0,-127.0,,,,,,,,0.7,,1.0,,2026-08-25,,,,,0.5,,,0.0
2074,TE264,1862,2074,2163,2163,2161,2162,2050,2162,5227231,KD Mosley,JMU,TE,12.0,12.0,12.0,2.56,30.7,30.7,30.7,0.0,30.7,-127.0,-122.9,-127.0,-127.0,-127.0,-127.0,,,,,,,,0.59,,1.0,,2026-08-25,,,,,0.5,,,0.0
2075,TE265,1863,2075,2164,2164,2162,2163,2051,2163,5079435,Tayvion Galloway,MTSU,TE,12.0,12.0,12.0,2.55,30.6,30.6,30.6,0.0,30.6,-127.1,-123.0,-127.1,-127.1,-127.1,-127.1,,,,,,,,0.65,,1.0,,2026-08-25,,,,,0.5,,,0.0
2076,RB597,2090,2076,2165,2165,2163,2164,2052,2164,5161776,Judah Price,MRSH,RB,12.0,12.0,12.0,2.55,30.6,30.6,30.6,0.0,30.6,-127.1,-128.6,-127.1,-127.1,-127.1,-127.1,,,,,,,,0.54,,1.0,,2026-08-25,,,,,0.5,,,0.0
2077,TE266,1866,2077,2167,2167,2165,2166,2054,2166,4879876,Isaac Schoenfeld,WYO,TE,12.0,12.0,12.0,2.54,30.5,30.5,30.5,0.0,30.5,-127.2,-123.1,-127.2,-127.2,-127.2,-127.2,,,,,,,,0.66,,1.0,,2026-08-25,,,,,0.5,,,0.0
2078,TE267,1867,2078,2168,2168,2166,2167,2055,2167,5193264,Kameron Anthony,RUTG,TE,12.0,12.0,12.0,2.54,30.5,30.5,30.5,0.0,30.5,-127.2,-123.1,-127.2,-127.2,-127.2,-127.2,,,,,,,,0.61,,1.0,,2026-08-25,,,,,0.5,,,0.0
2079,RB598,2094,2079,2170,2170,2168,2169,2057,2169,5394557,Ja'Varien Salter,ODU,RB,12.0,12.0,12.0,2.54,30.5,30.5,30.5,0.0,30.5,-127.2,-128.7,-127.2,-127.2,-127.2,-127.2,,,,,,,,0.41,,1.0,,2026-08-25,,,,,0.5,,,0.0
2080,WR1017,2112,2080,2461,2461,2459,2461,2349,2461,5115243,Trevor Rogers,CAL,WR,12.0,12.0,12.0,2.02,24.3,24.3,24.3,0.0,24.3,-133.4,-129.3,-127.2,-127.2,-127.2,-127.2,,,,,,,,0.45,,1.0,,2026-08-25,,,,,0.5,,,0.0
2081,WR1018,2113,2081,2463,2463,2461,2463,2351,2463,5198561,Sam Turner,AUB,WR,12.0,12.0,12.0,2.02,24.3,24.3,24.3,0.0,24.3,-133.4,-129.3,-127.2,-127.2,-127.2,-127.2,,,,,,,,0.5,,1.0,,2026-08-25,,,,,0.5,,,0.0
2082,TE268,1869,2082,2171,2171,2169,2170,2058,2170,4832824,Austin Terry,BOIS,TE,12.0,12.0,12.0,2.53,30.4,30.4,30.4,0.0,30.4,-127.3,-123.2,-127.3,-127.3,-127.3,-127.3,,,,,,,,0.6,,1.0,,2026-08-25,,,,,0.5,,,0.0
2083,WR1019,2114,2083,2465,2465,2463,2465,2353,2465,5120771,Flynn Schiele,CIN,WR,12.0,12.0,12.0,2.02,24.2,24.2,24.2,0.0,24.2,-133.5,-129.4,-127.3,-127.3,-127.3,-127.3,,,,,,,,0.34,,1.0,,2026-08-25,,,,,0.5,,,0.0
2084,WR1020,2115,2084,2467,2467,2465,2467,2355,2467,5209946,Jerquaden Guilford,OSU,WR,12.0,12.0,12.0,2.02,24.2,24.2,24.2,0.0,24.2,-133.5,-129.4,-127.3,-127.3,-127.3,-127.3,,,,,,,,0.61,,1.0,,2026-08-25,,,,,0.5,,,0.0
2085,TE269,1873,2085,2176,2176,2174,2175,2063,2175,5083249,Fisher Clements,COLO,TE,12.0,12.0,12.0,2.52,30.3,30.3,30.3,0.0,30.3,-127.4,-123.3,-127.4,-127.4,-127.4,-127.4,,,,,,,,0.68,,1.0,,2026-08-25,,,,,0.5,,,0.0
2086,RB599,2102,2086,2180,2180,2178,2179,2067,2179,5160121,William Fierro,SMU,RB,12.0,12.0,12.0,2.52,30.3,30.3,30.3,0.0,30.3,-127.4,-128.9,-127.4,-127.4,-127.4,-127.4,,,,,,,,0.41,,1.0,,2026-08-25,,,,,0.5,,,0.0
2087,RB600,2103,2087,2182,2182,2180,2181,2069,2181,5219644,Jovesa Damuni,BYU,RB,12.0,12.0,12.0,2.52,30.3,30.3,30.3,0.0,30.3,-127.4,-128.9,-127.4,-127.4,-127.4,-127.4,,,,,,,,0.62,,1.0,,2026-08-25,,,,,0.5,,,0.0
2088,TE270,1878,2088,2183,2183,2181,2182,2070,2182,4684551,Jake Renda,RICE,TE,12.0,12.0,12.0,2.52,30.2,30.2,30.2,0.0,30.2,-127.5,-123.4,-127.5,-127.5,-127.5,-127.5,,,,,,,,0.53,,1.0,,2026-08-25,,,,,0.5,,,0.0
2089,TE271,1880,2089,2185,2185,2183,2184,2072,2184,5218907,Luke Harpring,FLA,TE,12.0,12.0,12.0,2.52,30.2,30.2,30.2,0.0,30.2,-127.5,-123.4,-127.5,-127.5,-127.5,-127.5,,,,,,,,0.73,,1.0,,2026-08-25,,,,,0.5,,,0.0
2090,TE272,1881,2090,2186,2186,2184,2185,2073,2185,5264686,Mark Bowman,USC,TE,12.0,12.0,12.0,2.52,30.2,30.2,30.2,0.0,30.2,-127.5,-123.4,-127.5,-127.5,-127.5,-127.5,,,,,,,,0.55,,1.0,,2026-08-25,,,,,0.5,,,0.0
2091,WR1021,2118,2091,2472,2472,2470,2472,2360,2472,5057358,Tony Martin,MRSH,WR,12.0,12.0,12.0,2.0,24.0,24.0,24.0,0.0,24.0,-133.7,-129.6,-127.5,-127.5,-127.5,-127.5,,,,,,,,0.35,,1.0,,2026-08-25,,,,,0.5,,,0.0
2092,WR1022,2119,2092,2473,2473,2471,2473,2361,2473,5076653,Brandon Hills,AKR,WR,12.0,12.0,12.0,2.0,24.0,24.0,24.0,0.0,24.0,-133.7,-129.6,-127.5,-127.5,-127.5,-127.5,,,,,,,,0.5,,1.0,,2026-08-25,,,,,0.5,,,0.0
2093,WR1023,2121,2093,2478,2478,2476,2478,2366,2478,5207662,Muizz Tounkara,HOU,WR,12.0,12.0,12.0,1.99,23.9,23.9,23.9,0.0,23.9,-133.8,-129.7,-127.6,-127.6,-127.6,-127.6,,,,,,,,0.48,,1.0,,2026-08-25,,,,,0.5,,,0.0
2094,WR1024,2122,2094,2479,2479,2477,2479,2367,2479,5223093,Jeremiah Ware,GASO,WR,12.0,12.0,12.0,1.99,23.9,23.9,23.9,0.0,23.9,-133.8,-129.7,-127.6,-127.6,-127.6,-127.6,,,,,,,,0.41,,1.0,,2026-08-25,,,,,0.5,,,0.0
2095,RB601,2108,2095,2193,2193,2191,2192,2080,2192,5382852,Julian Walker,ULM,RB,12.0,12.0,12.0,2.5,30.0,30.0,30.0,0.0,30.0,-127.7,-129.2,-127.7,-127.7,-127.7,-127.7,,,,,,,,0.38,,1.0,,2026-08-25,,,,,0.5,,,0.0
2096,RB602,2110,2096,2197,2197,2195,2196,2084,2196,5220588,Julyon Jordan,USA,RB,12.0,12.0,12.0,2.49,29.9,29.9,29.9,0.0,29.9,-127.8,-129.3,-127.8,-127.8,-127.8,-127.8,,,,,,,,0.55,,1.0,,2026-08-25,,,,,0.5,,,0.0
2097,TE273,1896,2097,2200,2200,2198,2199,2087,2199,5221048,Jabari Bush,ARST,TE,12.0,12.0,12.0,2.48,29.8,29.8,29.8,0.0,29.8,-127.9,-123.8,-127.9,-127.9,-127.9,-127.9,,,,,,,,0.67,,1.0,,2026-08-25,,,,,0.5,,,0.0
2098,WR1025,2133,2098,2489,2489,2487,2489,2377,2489,5081408,Grady Sherrill,CLEM,WR,12.0,12.0,12.0,1.97,23.6,23.6,23.6,0.0,23.6,-134.1,-130.0,-127.9,-127.9,-127.9,-127.9,,,,,,,,0.43,,1.0,,2026-08-25,,,,,0.5,,,0.0
2099,WR1026,2135,2099,2491,2491,2489,2491,2379,2491,5232359,Keon Davis,KENN,WR,12.0,12.0,12.0,1.97,23.6,23.6,23.6,0.0,23.6,-134.1,-130.0,-127.9,-127.9,-127.9,-127.9,,,,,,,,0.34,,1.0,,2026-08-25,,,,,0.5,,,0.0
2100,WR1027,2136,2100,2492,2492,2490,2492,2380,2492,5372137,Blake Rohrer,DUKE,WR,12.0,12.0,12.0,1.97,23.6,23.6,23.6,0.0,23.6,-134.1,-130.0,-127.9,-127.9,-127.9,-127.9,,,,,,,,0.34,,1.0,,2026-08-25,,,,,0.5,,,0.0
2101,TE274,1898,2101,2201,2201,2199,2200,2088,2200,4683279,Jared Gibble,APP,TE,12.0,12.0,12.0,2.48,29.7,29.7,29.7,0.0,29.7,-128.0,-123.9,-128.0,-128.0,-128.0,-128.0,,,,,,,,0.59,,1.0,,2026-08-25,,,,,0.5,,,0.0
2102,TE275,1899,2102,2202,2202,2200,2201,2089,2201,5124338,Josh Ford,ALA,TE,12.0,12.0,12.0,2.48,29.7,29.7,29.7,0.0,29.7,-128.0,-123.9,-128.0,-128.0,-128.0,-128.0,,,,,,,,0.6,,1.0,,2026-08-25,,,,,0.5,,,0.0
2103,RB603,2117,2103,2205,2205,2203,2204,2092,2204,5164327,Anthony League,CAL,RB,12.0,12.0,12.0,2.48,29.7,29.7,29.7,0.0,29.7,-128.0,-129.5,-128.0,-128.0,-128.0,-128.0,,,,,,,,0.58,,1.0,,2026-08-25,,,,,0.5,,,0.0
2104,WR1028,2138,2104,2495,2495,2493,2495,2383,2495,5295482,Kendall Jones,CMU,WR,12.0,12.0,12.0,1.96,23.5,23.5,23.5,0.0,23.5,-134.2,-130.1,-128.0,-128.0,-128.0,-128.0,,,,,,,,0.42,,1.0,,2026-08-25,,,,,0.5,,,0.0
2105,TE276,1905,2105,2208,2208,2206,2207,2095,2207,5121468,Jordon Harris,MIZ,TE,12.0,12.0,12.0,2.47,29.6,29.6,29.6,0.0,29.6,-128.1,-124.0,-128.1,-128.1,-128.1,-128.1,,,,,,,,0.63,,1.0,,2026-08-25,,,,,0.5,,,0.0
2106,TE277,1908,2106,2212,2212,2210,2211,2099,2211,5141757,Emaree Winston,TEX,TE,12.0,12.0,12.0,2.46,29.5,29.5,29.5,0.0,29.5,-128.2,-124.1,-128.2,-128.2,-128.2,-128.2,,,,,,,,0.7,,1.0,,2026-08-25,,,,,0.5,,,0.0
2107,TE278,1910,2107,2214,2214,2212,2213,2101,2213,5154341,Maurice Brown II,SC,TE,12.0,12.0,12.0,2.46,29.5,29.5,29.5,0.0,29.5,-128.2,-124.1,-128.2,-128.2,-128.2,-128.2,,,,,,,,0.62,,1.0,,2026-08-25,,,,,0.5,,,0.0
2108,WR1029,2142,2108,2502,2502,2500,2502,2390,2502,5219011,EJ Reid,UAB,WR,12.0,12.0,12.0,1.94,23.3,23.3,23.3,0.0,23.3,-134.4,-130.3,-128.2,-128.2,-128.2,-128.2,,,,,,,,0.41,,1.0,,2026-08-25,,,,,0.5,,,0.0
2109,WR1030,2143,2109,2503,2503,2501,2503,2391,2503,5219077,Logan Cunningham,PSU,WR,12.0,12.0,12.0,1.94,23.3,23.3,23.3,0.0,23.3,-134.4,-130.3,-128.2,-128.2,-128.2,-128.2,,,,,,,,0.37,,1.0,,2026-08-25,,,,,0.5,,,0.0
2110,RB604,2124,2110,2219,2219,2217,2218,2106,2218,5388754,Gavin Griffin,TROY,RB,12.0,12.0,12.0,2.45,29.4,29.4,29.4,0.0,29.4,-128.3,-129.8,-128.3,-128.3,-128.3,-128.3,,,,,,,,0.4,,1.0,,2026-08-25,,,,,0.5,,,0.0
2111,WR1031,2144,2111,2506,2506,2504,2506,2394,2506,5149484,Phillip Wright III,LSU,WR,12.0,12.0,12.0,1.93,23.2,23.2,23.2,0.0,23.2,-134.5,-130.4,-128.3,-128.3,-128.3,-128.3,,,,,,,,0.49,,1.0,,2026-08-25,,,,,0.5,,,0.0
2112,TE279,1914,2112,2220,2220,2218,2219,2107,2219,5091828,Lofton Howard,WKU,TE,12.0,12.0,12.0,2.44,29.3,29.3,29.3,0.0,29.3,-128.4,-124.3,-128.4,-128.4,-128.4,-128.4,,,,,,,,0.57,,1.0,,2026-08-25,,,,,0.5,,,0.0
2113,RB605,2125,2113,2221,2221,2219,2220,2108,2220,5218869,Sitani Mikaele,HAW,RB,12.0,12.0,12.0,2.44,29.3,29.3,29.3,0.0,29.3,-128.4,-129.9,-128.4,-128.4,-128.4,-128.4,,,,,,,,0.38,,1.0,,2026-08-25,,,,,0.5,,,0.0
2114,RB606,2126,2114,2222,2222,2220,2221,2109,2221,5264688,EJ Crowell,ALA,RB,12.0,12.0,12.0,2.44,29.3,29.3,29.3,0.0,29.3,-128.4,-129.9,-128.4,-128.4,-128.4,-128.4,,,,,,,,0.63,,1.0,,2026-08-25,,,,,0.5,,,0.0
2115,RB607,2127,2115,2223,2223,2221,2222,2110,2222,5265470,TJ Andrews,UTSA,RB,12.0,12.0,12.0,2.44,29.3,29.3,29.3,0.0,29.3,-128.4,-129.9,-128.4,-128.4,-128.4,-128.4,,,,,,,,0.49,,1.0,,2026-08-25,,,,,0.5,,,0.0
2116,TE280,1919,2116,2225,2225,2223,2224,2112,2224,5091753,Fabian Rogosch,TROY,TE,12.0,12.0,12.0,2.43,29.2,29.2,29.2,0.0,29.2,-128.5,-124.4,-128.5,-128.5,-128.5,-128.5,,,,,,,,0.56,,1.0,,2026-08-25,,,,,0.5,,,0.0
2117,TE281,1922,2117,2228,2228,2226,2227,2115,2227,5295066,Brec Long,UNT,TE,12.0,12.0,12.0,2.43,29.2,29.2,29.2,0.0,29.2,-128.5,-124.4,-128.5,-128.5,-128.5,-128.5,,,,,,,,0.59,,1.0,,2026-08-25,,,,,0.5,,,0.0
2118,RB608,2132,2118,2229,2229,2227,2228,2116,2228,5382854,CJ Phillip,ULM,RB,12.0,12.0,12.0,2.43,29.2,29.2,29.2,0.0,29.2,-128.5,-130.0,-128.5,-128.5,-128.5,-128.5,,,,,,,,0.37,,1.0,,2026-08-25,,,,,0.5,,,0.0
2119,WR1032,2147,2119,2511,2511,2509,2511,2399,2511,5194811,Ky McNulty,TROY,WR,12.0,12.0,12.0,1.92,23.0,23.0,23.0,0.0,23.0,-134.7,-130.6,-128.5,-128.5,-128.5,-128.5,,,,,,,,0.35,,1.0,,2026-08-25,,,,,0.5,,,0.0
2120,WR1033,2149,2120,2516,2516,2514,2516,2404,2516,5295511,Erik Ronning,KENN,WR,12.0,12.0,12.0,1.92,23.0,23.0,23.0,0.0,23.0,-134.7,-130.6,-128.5,-128.5,-128.5,-128.5,,,,,,,,0.55,,1.0,,2026-08-25,,,,,0.5,,,0.0
2121,RB609,2137,2121,2230,2230,2228,2229,2117,2229,5148777,Titan Lacaden,HAW,RB,12.0,12.0,12.0,2.43,29.1,29.1,29.1,0.0,29.1,-128.6,-130.1,-128.6,-128.6,-128.6,-128.6,,,,,,,,0.42,,1.0,,2026-08-25,,,,,0.5,,,0.0
2122,WR1034,2158,2122,2526,2526,2524,2526,2414,2526,5145653,Austin McGee,GAST,WR,12.0,12.0,12.0,1.9,22.8,22.8,22.8,0.0,22.8,-134.9,-130.8,-128.7,-128.7,-128.7,-128.7,,,,,,,,0.44,,1.0,,2026-08-25,,,,,0.5,,,0.0
2123,WR1035,2162,2123,2530,2530,2528,2530,2418,2530,5126532,Arkese Parks,USF,WR,12.0,12.0,12.0,1.89,22.7,22.7,22.7,0.0,22.7,-135.0,-130.9,-128.8,-128.8,-128.8,-128.8,,,,,,,,0.48,,1.0,,2026-08-25,,,,,0.5,,,0.0
2124,WR1036,2163,2124,2531,2531,2529,2531,2419,2531,5156116,Juju Preston,CLEM,WR,12.0,12.0,12.0,1.89,22.7,22.7,22.7,0.0,22.7,-135.0,-130.9,-128.8,-128.8,-128.8,-128.8,,,,,,,,0.48,,1.0,,2026-08-25,,,,,0.5,,,0.0
2125,WR1037,2164,2125,2532,2532,2530,2532,2420,2532,5221235,Kenedy Uzoma,TEM,WR,12.0,12.0,12.0,1.89,22.7,22.7,22.7,0.0,22.7,-135.0,-130.9,-128.8,-128.8,-128.8,-128.8,,,,,,,,0.43,,1.0,,2026-08-25,,,,,0.5,,,0.0
2126,WR1038,2166,2126,2534,2534,2532,2534,2422,2534,5293827,Manny Choice,OU,WR,12.0,12.0,12.0,1.89,22.7,22.7,22.7,0.0,22.7,-135.0,-130.9,-128.8,-128.8,-128.8,-128.8,,,,,,,,0.48,,1.0,,2026-08-25,,,,,0.5,,,0.0
2127,QB199,3695,2127,650,650,641,653,541,653,5165807,Marcus Stokes,MEM,QB,12.0,12.0,12.0,7.92,95.1,95.1,95.1,0.0,95.1,-150.0,-150.1,-133.2,-128.9,-128.9,-128.9,,,,,,,,0.51,,1.0,,2026-08-25,,,,,0.5,,,0.0
2128,TE282,1929,2128,2237,2237,2235,2236,2124,2236,4873456,Addison Ostrenga,IOWA,TE,12.0,12.0,12.0,2.4,28.8,28.8,28.8,0.0,28.8,-128.9,-124.8,-128.9,-128.9,-128.9,-128.9,,,,,,,,0.65,,1.0,,2026-08-25,,,,,0.5,,,0.0
2129,TE283,1930,2129,2238,2238,2236,2237,2125,2237,5081426,Deems May,UNC,TE,12.0,12.0,12.0,2.4,28.8,28.8,28.8,0.0,28.8,-128.9,-124.8,-128.9,-128.9,-128.9,-128.9,,,,,,,,0.54,,1.0,,2026-08-25,,,,,0.5,,,0.0
2130,WR1039,2169,2130,2536,2536,2534,2536,2424,2536,5219505,Ayo Shotomide-King,SDSU,WR,12.0,12.0,12.0,1.88,22.6,22.6,22.6,0.0,22.6,-135.1,-131.0,-128.9,-128.9,-128.9,-128.9,,,,,,,,0.32,,1.0,,2026-08-25,,,,,0.5,,,0.0
2131,RB610,2145,2131,2241,2241,2239,2240,2128,2240,5079673,Gabe Sawchuk,OU,RB,12.0,12.0,12.0,2.39,28.7,28.7,28.7,0.0,28.7,-129.0,-130.5,-129.0,-129.0,-129.0,-129.0,,,,,,,,0.51,,1.0,,2026-08-25,,,,,0.5,,,0.0
2132,TE284,1933,2132,2243,2243,2241,2242,2130,2242,5151385,Ryan McConnell,CSU,TE,12.0,12.0,12.0,2.39,28.7,28.7,28.7,0.0,28.7,-129.0,-124.9,-129.0,-129.0,-129.0,-129.0,,,,,,,,0.61,,1.0,,2026-08-25,,,,,0.5,,,0.0
2133,RB611,2146,2133,2245,2245,2243,2244,2132,2244,5270858,Liam Willson,MD,RB,12.0,12.0,12.0,2.39,28.7,28.7,28.7,0.0,28.7,-129.0,-130.5,-129.0,-129.0,-129.0,-129.0,,,,,,,,0.44,,1.0,,2026-08-25,,,,,0.5,,,0.0
2134,WR1040,2174,2134,2542,2542,2540,2542,2430,2542,5160400,Ross Nickson,ORST,WR,12.0,12.0,12.0,1.88,22.5,22.5,22.5,0.0,22.5,-135.2,-131.1,-129.0,-129.0,-129.0,-129.0,,,,,,,,0.36,,1.0,,2026-08-25,,,,,0.5,,,0.0
2135,WR1041,2175,2135,2543,2543,2541,2543,2431,2543,5215245,Chase Collier,BAY,WR,12.0,12.0,12.0,1.88,22.5,22.5,22.5,0.0,22.5,-135.2,-131.1,-129.0,-129.0,-129.0,-129.0,,,,,,,,0.41,,1.0,,2026-08-25,,,,,0.5,,,0.0
2136,WR1042,2176,2136,2546,2546,2544,2546,2434,2546,5294144,Jack Purkerson,CLEM,WR,12.0,12.0,12.0,1.88,22.5,22.5,22.5,0.0,22.5,-135.2,-131.1,-129.0,-129.0,-129.0,-129.0,,,,,,,,0.42,,1.0,,2026-08-25,,,,,0.5,,,0.0
2137,TE285,1935,2137,2246,2246,2244,2245,2133,2245,4910222,Hawkins Polley,BAY,TE,12.0,12.0,12.0,2.38,28.6,28.6,28.6,0.0,28.6,-129.1,-125.0,-129.1,-129.1,-129.1,-129.1,,,,,,,,0.53,,1.0,,2026-08-25,,,,,0.5,,,0.0
2138,TE286,1936,2138,2247,2247,2245,2246,2134,2246,5076651,Christian Abney,ILL,TE,12.0,12.0,12.0,2.38,28.6,28.6,28.6,0.0,28.6,-129.1,-125.0,-129.1,-129.1,-129.1,-129.1,,,,,,,,0.6,,1.0,,2026-08-25,,,,,0.5,,,0.0
2139,WR1043,2178,2139,2548,2548,2546,2548,2436,2548,5164360,TK Norman,TA&M,WR,12.0,12.0,12.0,1.87,22.4,22.4,22.4,0.0,22.4,-135.3,-131.2,-129.1,-129.1,-129.1,-129.1,,,,,,,,0.62,,1.0,,2026-08-25,,,,,0.5,,,0.0
2140,RB612,2150,2140,2254,2254,2252,2253,2141,2253,5265504,Nehemiah Washington,USU,RB,12.0,12.0,12.0,2.38,28.5,28.5,28.5,0.0,28.5,-129.2,-130.7,-129.2,-129.2,-129.2,-129.2,,,,,,,,0.62,,1.0,,2026-08-25,,,,,0.5,,,0.0
2141,RB613,2151,2141,2255,2255,2253,2254,2142,2254,5294145,Max Wilson,CLEM,RB,12.0,12.0,12.0,2.38,28.5,28.5,28.5,0.0,28.5,-129.2,-130.7,-129.2,-129.2,-129.2,-129.2,,,,,,,,0.41,,1.0,,2026-08-25,,,,,0.5,,,0.0
2142,RB614,2152,2142,2257,2257,2255,2256,2144,2256,5388360,Chase Ferrell,AF,RB,12.0,12.0,12.0,2.38,28.5,28.5,28.5,0.0,28.5,-129.2,-130.7,-129.2,-129.2,-129.2,-129.2,,,,,,,,0.57,,1.0,,2026-08-25,,,,,0.5,,,0.0
2143,WR1044,2180,2143,2550,2550,2548,2550,2438,2550,5077670,Jackson Grier,APP,WR,12.0,12.0,12.0,1.86,22.3,22.3,22.3,0.0,22.3,-135.4,-131.3,-129.2,-129.2,-129.2,-129.2,,,,,,,,0.49,,1.0,,2026-08-25,,,,,0.5,,,0.0
2144,WR1045,2182,2144,2553,2553,2551,2553,2441,2553,5219226,Lance Beeghley,IOWA,WR,12.0,12.0,12.0,1.86,22.3,22.3,22.3,0.0,22.3,-135.4,-131.3,-129.2,-129.2,-129.2,-129.2,,,,,,,,0.35,,1.0,,2026-08-25,,,,,0.5,,,0.0
2145,WR1046,2183,2145,2554,2554,2552,2554,2442,2554,5236366,Phillip Folmar,BUF,WR,12.0,12.0,12.0,1.86,22.3,22.3,22.3,0.0,22.3,-135.4,-131.3,-129.2,-129.2,-129.2,-129.2,,,,,,,,0.45,,1.0,,2026-08-25,,,,,0.5,,,0.0
2146,TE287,1947,2146,2259,2259,2257,2258,2146,2258,5164343,Marshall Pritchett,ALA,TE,12.0,12.0,12.0,2.37,28.4,28.4,28.4,0.0,28.4,-129.3,-125.2,-129.3,-129.3,-129.3,-129.3,,,,,,,,0.68,,1.0,,2026-08-25,,,,,0.5,,,0.0
2147,RB615,2157,2147,2260,2260,2258,2259,2147,2259,5244759,Christian Rhodes,SMU,RB,12.0,12.0,12.0,2.37,28.4,28.4,28.4,0.0,28.4,-129.3,-130.8,-129.3,-129.3,-129.3,-129.3,,,,,,,,0.51,,1.0,,2026-08-25,,,,,0.5,,,0.0
2148,RB616,2160,2148,2263,2263,2261,2262,2150,2262,5197058,Andre Devine,WVU,RB,12.0,12.0,12.0,2.36,28.3,28.3,28.3,0.0,28.3,-129.4,-130.9,-129.4,-129.4,-129.4,-129.4,,,,,,,,0.52,,1.0,,2026-08-25,,,,,0.5,,,0.0
2149,RB617,2161,2149,2264,2264,2262,2263,2151,2263,5218741,Jayden Parker,CAL,RB,12.0,12.0,12.0,2.36,28.3,28.3,28.3,0.0,28.3,-129.4,-130.9,-129.4,-129.4,-129.4,-129.4,,,,,,,,0.44,,1.0,,2026-08-25,,,,,0.5,,,0.0
2150,WR1047,2189,2150,2567,2567,2565,2567,2455,2567,5394591,Eelijah Singleton,USM,WR,12.0,12.0,12.0,1.84,22.1,22.1,22.1,0.0,22.1,-135.6,-131.5,-129.4,-129.4,-129.4,-129.4,,,,,,,,0.33,,1.0,,2026-08-25,,,,,0.5,,,0.0
2151,QB200,3780,2151,664,664,655,667,555,667,5092275,Ty Dieffenbach,UCLA,QB,12.0,12.0,12.0,7.88,94.5,94.5,94.5,0.0,94.5,-150.6,-150.7,-133.8,-129.5,-129.5,-129.5,,,,,,,,0.67,,1.0,,2026-08-25,,,,,0.5,,,0.0
2152,TE288,1956,2152,2267,2267,2265,2266,2154,2266,5141480,AJ Ia,ASU,TE,12.0,12.0,12.0,2.35,28.2,28.2,28.2,0.0,28.2,-129.5,-125.4,-129.5,-129.5,-129.5,-129.5,,,,,,,,0.58,,1.0,,2026-08-25,,,,,0.5,,,0.0
2153,TE289,1959,2153,2270,2270,2268,2269,2157,2269,5300511,Luke Clyburn,USF,TE,12.0,12.0,12.0,2.35,28.2,28.2,28.2,0.0,28.2,-129.5,-125.4,-129.5,-129.5,-129.5,-129.5,,,,,,,,0.57,,1.0,,2026-08-25,,,,,0.5,,,0.0
2154,WR1048,2192,2154,2568,2568,2566,2568,2456,2568,5223892,Jaylen Garrison,FRES,WR,12.0,12.0,12.0,1.83,22.0,22.0,22.0,0.0,22.0,-135.7,-131.6,-129.5,-129.5,-129.5,-129.5,,,,,,,,0.38,,1.0,,2026-08-25,,,,,0.5,,,0.0
2155,WR1049,2193,2155,2570,2570,2568,2570,2458,2570,5296212,Zay Robinson,PSU,WR,12.0,12.0,12.0,1.83,22.0,22.0,22.0,0.0,22.0,-135.7,-131.6,-129.5,-129.5,-129.5,-129.5,,,,,,,,0.56,,1.0,,2026-08-25,,,,,0.5,,,0.0
2156,WR1050,2194,2156,2572,2572,2570,2572,2460,2572,5300305,Trenton Jones,TOL,WR,12.0,12.0,12.0,1.83,22.0,22.0,22.0,0.0,22.0,-135.7,-131.6,-129.5,-129.5,-129.5,-129.5,,,,,,,,0.6,,1.0,,2026-08-25,,,,,0.5,,,0.0
2157,QB201,3793,2157,665,665,656,668,556,668,4688540,Treyson Bourguet,BYU,QB,12.0,12.0,12.0,7.87,94.4,94.4,94.4,0.0,94.4,-150.7,-150.8,-133.9,-129.6,-129.6,-129.6,,,,,,,,0.79,,1.0,,2026-08-25,,,,,0.5,,,0.0
2158,RB618,2170,2158,2272,2272,2270,2271,2159,2271,5081163,Anthony Favrow,MIZ,RB,12.0,12.0,12.0,2.34,28.1,28.1,28.1,0.0,28.1,-129.6,-131.1,-129.6,-129.6,-129.6,-129.6,,,,,,,,0.45,,1.0,,2026-08-25,,,,,0.5,,,0.0
2159,TE290,1962,2159,2273,2273,2271,2272,2160,2272,5121636,Adam Parks,WMU,TE,12.0,12.0,12.0,2.34,28.1,28.1,28.1,0.0,28.1,-129.6,-125.5,-129.6,-129.6,-129.6,-129.6,,,,,,,,0.53,,1.0,,2026-08-25,,,,,0.5,,,0.0
2160,RB619,2171,2160,2274,2274,2272,2273,2161,2273,5164337,King Davis,MOST,RB,12.0,12.0,12.0,2.34,28.1,28.1,28.1,0.0,28.1,-129.6,-131.1,-129.6,-129.6,-129.6,-129.6,,,,,,,,0.57,,1.0,,2026-08-25,,,,,0.5,,,0.0
2161,WR1051,2198,2161,2574,2574,2572,2574,2462,2574,5084897,Peter Gonzalez,PSU,WR,12.0,12.0,12.0,1.82,21.9,21.9,21.9,0.0,21.9,-135.8,-131.7,-129.6,-129.6,-129.6,-129.6,,,,,,,,0.44,,1.0,,2026-08-25,,,,,0.5,,,0.0
2162,WR1052,2200,2162,2580,2580,2578,2580,2468,2580,5301055,Guy Fernandez III,SAC,WR,12.0,12.0,12.0,1.82,21.9,21.9,21.9,0.0,21.9,-135.8,-131.7,-129.6,-129.6,-129.6,-129.6,,,,,,,,0.43,,1.0,,2026-08-25,,,,,0.5,,,0.0
2163,TE291,1968,2163,2280,2280,2278,2280,2168,2280,5219659,Noah Moeaki,BYU,TE,12.0,12.0,12.0,2.33,28.0,28.0,28.0,0.0,28.0,-129.7,-125.6,-129.7,-129.7,-129.7,-129.7,,,,,,,,0.65,,1.0,,2026-08-25,,,,,0.5,,,0.0
2164,TE292,1969,2164,2281,2281,2279,2281,2169,2281,5219878,Daniel Evert,TEM,TE,12.0,12.0,12.0,2.33,28.0,28.0,28.0,0.0,28.0,-129.7,-125.6,-129.7,-129.7,-129.7,-129.7,,,,,,,,0.54,,1.0,,2026-08-25,,,,,0.5,,,0.0
2165,WR1053,2202,2165,2585,2585,2583,2585,2473,2585,5295436,Dwayne Early Jr.,BUF,WR,12.0,12.0,12.0,1.82,21.8,21.8,21.8,0.0,21.8,-135.9,-131.8,-129.7,-129.7,-129.7,-129.7,,,,,,,,0.44,,1.0,,2026-08-25,,,,,0.5,,,0.0
2166,RB620,2179,2166,2285,2285,2283,2285,2173,2285,5387658,XaVior Tyus,EMU,RB,12.0,12.0,12.0,2.32,27.9,27.9,27.9,0.0,27.9,-129.8,-131.3,-129.8,-129.8,-129.8,-129.8,,,,,,,,0.39,,1.0,,2026-08-25,,,,,0.5,,,0.0
2167,WR1054,2204,2167,2587,2587,2585,2587,2475,2587,5177423,Zeek Jackson,WAKE,WR,12.0,12.0,12.0,1.81,21.7,21.7,21.7,0.0,21.7,-136.0,-131.9,-129.8,-129.8,-129.8,-129.8,,,,,,,,0.33,,1.0,,2026-08-25,,,,,0.5,,,0.0
2168,WR1055,2205,2168,2588,2588,2586,2588,2476,2588,5196024,Tyreek Robinson,PITT,WR,12.0,12.0,12.0,1.81,21.7,21.7,21.7,0.0,21.7,-136.0,-131.9,-129.8,-129.8,-129.8,-129.8,,,,,,,,0.41,,1.0,,2026-08-25,,,,,0.5,,,0.0
2169,WR1056,2206,2169,2590,2590,2588,2590,2478,2590,5265184,Dwayne White,CCU,WR,12.0,12.0,12.0,1.81,21.7,21.7,21.7,0.0,21.7,-136.0,-131.9,-129.8,-129.8,-129.8,-129.8,,,,,,,,0.46,,1.0,,2026-08-25,,,,,0.5,,,0.0
2170,WR1057,2207,2170,2591,2591,2589,2591,2479,2591,5296367,Zander Baptiste,TEM,WR,12.0,12.0,12.0,1.81,21.7,21.7,21.7,0.0,21.7,-136.0,-131.9,-129.8,-129.8,-129.8,-129.8,,,,,,,,0.37,,1.0,,2026-08-25,,,,,0.5,,,0.0
2171,TE293,1976,2171,2287,2287,2285,2287,2175,2287,5141744,Jack Van Dorselaer,OU,TE,12.0,12.0,12.0,2.32,27.8,27.8,27.8,0.0,27.8,-129.9,-125.8,-129.9,-129.9,-129.9,-129.9,,,,,,,,0.68,,1.0,,2026-08-25,,,,,0.5,,,0.0
2172,RB621,2184,2172,2290,2290,2288,2290,2178,2290,5182122,Legend Bey,OSU,RB,12.0,12.0,12.0,2.32,27.8,27.8,27.8,0.0,27.8,-129.9,-131.4,-129.9,-129.9,-129.9,-129.9,,,,,,,,0.49,,1.0,,2026-08-25,,,,,0.5,,,0.0
2173,TE294,1982,2173,2293,2293,2291,2293,2181,2293,4911888,Mike Higgins,RUTG,TE,12.0,12.0,12.0,2.31,27.7,27.7,27.7,0.0,27.7,-130.0,-125.9,-130.0,-130.0,-130.0,-130.0,,,,,,,,0.5,,1.0,,2026-08-25,,,,,0.5,,,0.0
2174,WR1058,2210,2174,2595,2595,2593,2595,2483,2595,5200108,Jaivon Solomon,DUKE,WR,12.0,12.0,12.0,1.79,21.5,21.5,21.5,0.0,21.5,-136.2,-132.1,-130.0,-130.0,-130.0,-130.0,,,,,,,,0.41,,1.0,,2026-08-25,,,,,0.5,,,0.0
2175,WR1059,2211,2175,2596,2596,2594,2596,2484,2596,5304424,Luke Stubbs,CLEM,WR,12.0,12.0,12.0,1.79,21.5,21.5,21.5,0.0,21.5,-136.2,-132.1,-130.0,-130.0,-130.0,-130.0,,,,,,,,0.4,,1.0,,2026-08-25,,,,,0.5,,,0.0
2176,WR1060,2212,2176,2597,2597,2595,2597,2485,2597,5351309,Jaylen Brown-Wallace,CLEM,WR,12.0,12.0,12.0,1.79,21.5,21.5,21.5,0.0,21.5,-136.2,-132.1,-130.0,-130.0,-130.0,-130.0,,,,,,,,0.4,,1.0,,2026-08-25,,,,,0.5,,,0.0
2177,TE295,1986,2177,2297,2297,2295,2297,2185,2297,4832802,Hudson Cedarland,WSU,TE,12.0,12.0,12.0,2.3,27.6,27.6,27.6,0.0,27.6,-130.1,-126.0,-130.1,-130.1,-130.1,-130.1,,,,,,,,0.56,,1.0,,2026-08-25,,,,,0.5,,,0.0
2178,TE296,1987,2178,2298,2298,2296,2298,2186,2298,4871054,Riley Williams,MSST,TE,12.0,12.0,12.0,2.3,27.6,27.6,27.6,0.0,27.6,-130.1,-126.0,-130.1,-130.1,-130.1,-130.1,,,,,,,,0.56,,1.0,,2026-08-25,,,,,0.5,,,0.0
2179,TE297,1988,2179,2299,2299,2297,2299,2187,2299,4888707,Danny Lewis Jr.,ALA,TE,12.0,12.0,12.0,2.3,27.6,27.6,27.6,0.0,27.6,-130.1,-126.0,-130.1,-130.1,-130.1,-130.1,,,,,,,,0.63,,1.0,,2026-08-25,,,,,0.5,,,0.0
2180,TE298,1989,2180,2300,2300,2298,2300,2188,2300,5079630,Brady Prieskorn,MISS,TE,12.0,12.0,12.0,2.3,27.6,27.6,27.6,0.0,27.6,-130.1,-126.0,-130.1,-130.1,-130.1,-130.1,,,,,,,,0.45,,1.0,,2026-08-25,,,,,0.5,,,0.0
2181,TE299,1991,2181,2302,2302,2300,2302,2190,2302,5104052,David Alpers III,JXST,TE,12.0,12.0,12.0,2.3,27.6,27.6,27.6,0.0,27.6,-130.1,-126.0,-130.1,-130.1,-130.1,-130.1,,,,,,,,0.55,,1.0,,2026-08-25,,,,,0.5,,,0.0
2182,RB622,2190,2182,2303,2303,2301,2303,2191,2303,5155355,Jamal Bing Jr.,GAST,RB,12.0,12.0,12.0,2.3,27.6,27.6,27.6,0.0,27.6,-130.1,-131.6,-130.1,-130.1,-130.1,-130.1,,,,,,,,0.37,,1.0,,2026-08-25,,,,,0.5,,,0.0
2183,RB623,2191,2183,2305,2305,2303,2305,2193,2305,5257214,Lucas Farrington,JXST,RB,12.0,12.0,12.0,2.3,27.6,27.6,27.6,0.0,27.6,-130.1,-131.6,-130.1,-130.1,-130.1,-130.1,,,,,,,,0.58,,1.0,,2026-08-25,,,,,0.5,,,0.0
2184,WR1061,2216,2184,2601,2601,2599,2601,2489,2601,5150291,Will Upton,AUB,WR,12.0,12.0,12.0,1.78,21.4,21.4,21.4,0.0,21.4,-136.3,-132.2,-130.1,-130.1,-130.1,-130.1,,,,,,,,0.32,,1.0,,2026-08-25,,,,,0.5,,,0.0
2185,WR1062,2217,2185,2602,2602,2600,2602,2490,2602,5220230,Bret Vincent,ULM,WR,12.0,12.0,12.0,1.78,21.4,21.4,21.4,0.0,21.4,-136.3,-132.2,-130.1,-130.1,-130.1,-130.1,,,,,,,,0.32,,1.0,,2026-08-25,,,,,0.5,,,0.0
2186,RB624,2195,2186,2307,2307,2305,2307,2195,2307,5211163,Mekhi Dodd,BC,RB,12.0,12.0,12.0,2.29,27.5,27.5,27.5,0.0,27.5,-130.2,-131.7,-130.2,-130.2,-130.2,-130.2,,,,,,,,0.61,,1.0,,2026-08-25,,,,,0.5,,,0.0
2187,TE300,1994,2187,2308,2308,2306,2308,2196,2308,5218582,Jaden Reddell,UGA,TE,12.0,12.0,12.0,2.29,27.5,27.5,27.5,0.0,27.5,-130.2,-126.1,-130.2,-130.2,-130.2,-130.2,,,,,,,,0.54,,1.0,,2026-08-25,,,,,0.5,,,0.0
2188,RB625,2196,2188,2309,2309,2307,2309,2197,2309,5274373,Eric Perry,MEM,RB,12.0,12.0,12.0,2.29,27.5,27.5,27.5,0.0,27.5,-130.2,-131.7,-130.2,-130.2,-130.2,-130.2,,,,,,,,0.52,,1.0,,2026-08-25,,,,,0.5,,,0.0
2189,RB626,2197,2189,2310,2310,2308,2310,2198,2310,5388765,Bryce Burgess,TROY,RB,12.0,12.0,12.0,2.29,27.5,27.5,27.5,0.0,27.5,-130.2,-131.7,-130.2,-130.2,-130.2,-130.2,,,,,,,,0.39,,1.0,,2026-08-25,,,,,0.5,,,0.0
2190,WR1063,2219,2190,2606,2606,2604,2606,2494,2606,5215396,Andrew Leslie,TROY,WR,12.0,12.0,12.0,1.78,21.3,21.3,21.3,0.0,21.3,-136.4,-132.3,-130.2,-130.2,-130.2,-130.2,,,,,,,,0.43,,1.0,,2026-08-25,,,,,0.5,,,0.0
2191,WR1064,2220,2191,2608,2608,2606,2608,2496,2608,5295437,Alvin Jones III,BUF,WR,12.0,12.0,12.0,1.78,21.3,21.3,21.3,0.0,21.3,-136.4,-132.3,-130.2,-130.2,-130.2,-130.2,,,,,,,,0.43,,1.0,,2026-08-25,,,,,0.5,,,0.0
2192,WR1065,2221,2192,2609,2609,2607,2609,2497,2609,5390043,King Phillips,GASO,WR,12.0,12.0,12.0,1.78,21.3,21.3,21.3,0.0,21.3,-136.4,-132.3,-130.2,-130.2,-130.2,-130.2,,,,,,,,0.31,,1.0,,2026-08-25,,,,,0.5,,,0.0
2193,TE301,1995,2193,2311,2311,2309,2311,2199,2311,4870733,Cooper Flanagan,ND,TE,12.0,12.0,12.0,2.28,27.4,27.4,27.4,0.0,27.4,-130.3,-126.2,-130.3,-130.3,-130.3,-130.3,,,,,,,,0.57,,1.0,,2026-08-25,,,,,0.5,,,0.0
2194,TE302,1999,2194,2315,2315,2313,2315,2203,2315,5220390,Evan Poticher,MTSU,TE,12.0,12.0,12.0,2.28,27.4,27.4,27.4,0.0,27.4,-130.3,-126.2,-130.3,-130.3,-130.3,-130.3,,,,,,,,0.62,,1.0,,2026-08-25,,,,,0.5,,,0.0
2195,WR1066,2227,2195,2612,2612,2610,2612,2500,2612,5150895,Claiborne Richards,VAN,WR,12.0,12.0,12.0,1.77,21.2,21.2,21.2,0.0,21.2,-136.5,-132.4,-130.3,-130.3,-130.3,-130.3,,,,,,,,0.35,,1.0,,2026-08-25,,,,,0.5,,,0.0
2196,WR1067,2228,2196,2614,2614,2612,2614,2502,2614,5297929,Chris Kiel,NDSU,WR,12.0,12.0,12.0,1.77,21.2,21.2,21.2,0.0,21.2,-136.5,-132.4,-130.3,-130.3,-130.3,-130.3,,,,,,,,0.39,,1.0,,2026-08-25,,,,,0.5,,,0.0
2197,WR1068,2231,2197,2615,2615,2613,2615,2503,2615,5219036,Dylan Gentry,JXST,WR,12.0,12.0,12.0,1.76,21.1,21.1,21.1,0.0,21.1,-136.6,-132.5,-130.4,-130.4,-130.4,-130.4,,,,,,,,0.45,,1.0,,2026-08-25,,,,,0.5,,,0.0
2198,QB202,3907,2198,679,679,670,682,570,682,5148611,Will Wilson,NCSU,QB,12.0,12.0,12.0,7.79,93.5,93.5,93.5,0.0,93.5,-151.6,-151.7,-134.8,-130.5,-130.5,-130.5,,,,,,,,0.88,,1.0,,2026-08-25,,,,,0.5,,,0.0
2199,TE303,2008,2199,2323,2323,2321,2323,2211,2323,5086166,Mike Burton,CONN,TE,12.0,12.0,12.0,2.27,27.2,27.2,27.2,0.0,27.2,-130.5,-126.4,-130.5,-130.5,-130.5,-130.5,,,,,,,,0.46,,1.0,,2026-08-25,,,,,0.5,,,0.0
2200,WR1069,2238,2200,2621,2621,2619,2621,2509,2621,5302269,De'yhare Overstreet-Glover,SDSU,WR,12.0,12.0,12.0,1.75,21.0,21.0,21.0,0.0,21.0,-136.7,-132.6,-130.5,-130.5,-130.5,-130.5,,,,,,,,0.38,,1.0,,2026-08-25,,,,,0.5,,,0.0
2201,RB627,2208,2201,2325,2325,2323,2325,2213,2325,5219169,Charleston French,UNC,RB,12.0,12.0,12.0,2.26,27.1,27.1,27.1,0.0,27.1,-130.6,-132.1,-130.6,-130.6,-130.6,-130.6,,,,,,,,0.43,,1.0,,2026-08-25,,,,,0.5,,,0.0
2202,WR1070,2240,2202,2622,2622,2620,2622,2510,2622,5141705,CJ Spence,UVA,WR,12.0,12.0,12.0,1.74,20.9,20.9,20.9,0.0,20.9,-136.8,-132.7,-130.6,-130.6,-130.6,-130.6,,,,,,,,0.4,,1.0,,2026-08-25,,,,,0.5,,,0.0
2203,WR1071,2241,2203,2623,2623,2621,2623,2511,2623,5157059,Kellen Tasby,TULN,WR,12.0,12.0,12.0,1.74,20.9,20.9,20.9,0.0,20.9,-136.8,-132.7,-130.6,-130.6,-130.6,-130.6,,,,,,,,0.42,,1.0,,2026-08-25,,,,,0.5,,,0.0
2204,WR1072,2242,2204,2624,2624,2622,2624,2512,2624,5157282,Nathan Schuessler,CCU,WR,12.0,12.0,12.0,1.74,20.9,20.9,20.9,0.0,20.9,-136.8,-132.7,-130.6,-130.6,-130.6,-130.6,,,,,,,,0.34,,1.0,,2026-08-25,,,,,0.5,,,0.0
2205,QB203,3930,2205,682,682,673,685,573,685,5223112,Kemper Hodges,AF,QB,12.0,12.0,12.0,7.78,93.3,93.3,93.3,0.0,93.3,-151.8,-151.9,-135.0,-130.7,-130.7,-130.7,,,,,,,,0.88,,1.0,,2026-08-25,,,,,0.5,,,0.0
2206,TE304,2010,2206,2329,2329,2327,2329,2217,2329,5082283,Alex Scherle,BALL,TE,12.0,12.0,12.0,2.25,27.0,27.0,27.0,0.0,27.0,-130.7,-126.6,-130.7,-130.7,-130.7,-130.7,,,,,,,,0.52,,1.0,,2026-08-25,,,,,0.5,,,0.0
2207,TE305,2011,2207,2330,2330,2328,2330,2218,2330,5091778,Jackson Long,GASO,TE,12.0,12.0,12.0,2.25,27.0,27.0,27.0,0.0,27.0,-130.7,-126.6,-130.7,-130.7,-130.7,-130.7,,,,,,,,0.54,,1.0,,2026-08-25,,,,,0.5,,,0.0
2208,WR1073,2244,2208,2630,2630,2628,2630,2518,2630,5258360,Jah'Marren Jackson,TROY,WR,12.0,12.0,12.0,1.73,20.8,20.8,20.8,0.0,20.8,-136.9,-132.8,-130.7,-130.7,-130.7,-130.7,,,,,,,,0.43,,1.0,,2026-08-25,,,,,0.5,,,0.0
2209,TE306,2015,2209,2335,2335,2333,2335,2223,2335,5074243,Logan Blake,RUTG,TE,12.0,12.0,12.0,2.24,26.9,26.9,26.9,0.0,26.9,-130.8,-126.7,-130.8,-130.8,-130.8,-130.8,,,,,,,,0.53,,1.0,,2026-08-25,,,,,0.5,,,0.0
2210,WR1074,2246,2210,2634,2634,2632,2634,2522,2634,5119743,Keynan Higgins,CSU,WR,12.0,12.0,12.0,1.72,20.7,20.7,20.7,0.0,20.7,-137.0,-132.9,-130.8,-130.8,-130.8,-130.8,,,,,,,,0.55,,1.0,,2026-08-25,,,,,0.5,,,0.0
2211,WR1075,2247,2211,2635,2635,2633,2635,2523,2635,5209709,Teriq Mallory,FSU,WR,12.0,12.0,12.0,1.72,20.7,20.7,20.7,0.0,20.7,-137.0,-132.9,-130.8,-130.8,-130.8,-130.8,,,,,,,,0.53,,1.0,,2026-08-25,,,,,0.5,,,0.0
2212,TE307,2020,2212,2340,2340,2338,2340,2228,2340,4870742,Jaden Hamm,ARST,TE,12.0,12.0,12.0,2.23,26.8,26.8,26.8,0.0,26.8,-130.9,-126.8,-130.9,-130.9,-130.9,-130.9,,,,,,,,0.5,,1.0,,2026-08-25,,,,,0.5,,,0.0
2213,RB628,2225,2213,2341,2341,2339,2341,2229,2341,5214395,Shekai Mills-Knight,MISS,RB,12.0,12.0,12.0,2.23,26.8,26.8,26.8,0.0,26.8,-130.9,-132.4,-130.9,-130.9,-130.9,-130.9,,,,,,,,0.46,,1.0,,2026-08-25,,,,,0.5,,,0.0
2214,RB629,2226,2214,2343,2343,2341,2343,2231,2343,5290565,Jamal Rule,NEB,RB,12.0,12.0,12.0,2.23,26.8,26.8,26.8,0.0,26.8,-130.9,-132.4,-130.9,-130.9,-130.9,-130.9,,,,,,,,0.46,,1.0,,2026-08-25,,,,,0.5,,,0.0
2215,WR1076,2251,2215,2642,2642,2640,2642,2530,2642,5218507,Matt Jeffery,ND,WR,12.0,12.0,12.0,1.72,20.6,20.6,20.6,0.0,20.6,-137.1,-133.0,-130.9,-130.9,-130.9,-130.9,,,,,,,,0.49,,1.0,,2026-08-25,,,,,0.5,,,0.0
2216,RB630,2229,2216,2348,2348,2346,2348,2236,2348,5196378,Raycine Guillory Jr.,LSU,RB,12.0,12.0,12.0,2.22,26.7,26.7,26.7,0.0,26.7,-131.0,-132.5,-131.0,-131.0,-131.0,-131.0,,,,,,,,0.56,,1.0,,2026-08-25,,,,,0.5,,,0.0
2217,RB631,2230,2217,2350,2350,2348,2350,2238,2350,5305463,Nick Woodford,CMU,RB,12.0,12.0,12.0,2.22,26.7,26.7,26.7,0.0,26.7,-131.0,-132.5,-131.0,-131.0,-131.0,-131.0,,,,,,,,0.5,,1.0,,2026-08-25,,,,,0.5,,,0.0
2218,WR1077,2255,2218,2647,2647,2645,2647,2535,2647,5194308,Kyle Koch,UNT,WR,12.0,12.0,12.0,1.71,20.5,20.5,20.5,0.0,20.5,-137.2,-133.1,-131.0,-131.0,-131.0,-131.0,,,,,,,,0.29,,1.0,,2026-08-25,,,,,0.5,,,0.0
2219,WR1078,2256,2219,2650,2650,2648,2650,2538,2650,5227770,Brendon McQueen,MOST,WR,12.0,12.0,12.0,1.71,20.5,20.5,20.5,0.0,20.5,-137.2,-133.1,-131.0,-131.0,-131.0,-131.0,,,,,,,,0.46,,1.0,,2026-08-25,,,,,0.5,,,0.0
2220,TE308,2028,2220,2352,2352,2350,2352,2240,2352,5079592,Michael Smith,MISS,TE,12.0,12.0,12.0,2.22,26.6,26.6,26.6,0.0,26.6,-131.1,-127.0,-131.1,-131.1,-131.1,-131.1,,,,,,,,0.53,,1.0,,2026-08-25,,,,,0.5,,,0.0
2221,RB632,2233,2221,2353,2353,2351,2353,2241,2353,5121697,Jaylon Calhoun,APP,RB,12.0,12.0,12.0,2.22,26.6,26.6,26.6,0.0,26.6,-131.1,-132.6,-131.1,-131.1,-131.1,-131.1,,,,,,,,0.49,,1.0,,2026-08-25,,,,,0.5,,,0.0
2222,RB633,2234,2222,2356,2356,2354,2356,2244,2356,5220492,Jadyn Jones,NAVY,RB,12.0,12.0,12.0,2.22,26.6,26.6,26.6,0.0,26.6,-131.1,-132.6,-131.1,-131.1,-131.1,-131.1,,,,,,,,0.37,,1.0,,2026-08-25,,,,,0.5,,,0.0
2223,WR1079,2259,2223,2651,2651,2649,2651,2539,2651,5141456,TaRon Francis,WVU,WR,12.0,12.0,12.0,1.7,20.4,20.4,20.4,0.0,20.4,-137.3,-133.2,-131.1,-131.1,-131.1,-131.1,,,,,,,,0.51,,1.0,,2026-08-25,,,,,0.5,,,0.0
2224,WR1080,2261,2224,2653,2653,2651,2653,2541,2653,5220027,Shey Williams,BUF,WR,12.0,12.0,12.0,1.7,20.4,20.4,20.4,0.0,20.4,-137.3,-133.2,-131.1,-131.1,-131.1,-131.1,,,,,,,,0.34,,1.0,,2026-08-25,,,,,0.5,,,0.0
2225,RB634,2239,2225,2358,2358,2356,2358,2246,2358,5209011,Terrell Mitchell,RUTG,RB,12.0,12.0,12.0,2.21,26.5,26.5,26.5,0.0,26.5,-131.2,-132.7,-131.2,-131.2,-131.2,-131.2,,,,,,,,0.52,,1.0,,2026-08-25,,,,,0.5,,,0.0
2226,TE309,2037,2226,2364,2364,2362,2364,2252,2364,5221410,Jackson Gister,RUTG,TE,12.0,12.0,12.0,2.2,26.4,26.4,26.4,0.0,26.4,-131.3,-127.2,-131.3,-131.3,-131.3,-131.3,,,,,,,,0.48,,1.0,,2026-08-25,,,,,0.5,,,0.0
2227,WR1081,2269,2227,2663,2663,2661,2663,2551,2663,5207889,Andre Feast,ARST,WR,12.0,12.0,12.0,1.68,20.2,20.2,20.2,0.0,20.2,-137.5,-133.4,-131.3,-131.3,-131.3,-131.3,,,,,,,,0.42,,1.0,,2026-08-25,,,,,0.5,,,0.0
2228,WR1082,2270,2228,2664,2664,2662,2664,2552,2664,5218653,Ty Burd,VAN,WR,12.0,12.0,12.0,1.68,20.2,20.2,20.2,0.0,20.2,-137.5,-133.4,-131.3,-131.3,-131.3,-131.3,,,,,,,,0.35,,1.0,,2026-08-25,,,,,0.5,,,0.0
2229,RB635,2245,2229,2365,2365,2363,2365,2253,2365,5199850,Carsyn Baker,TA&M,RB,12.0,12.0,12.0,2.19,26.3,26.3,26.3,0.0,26.3,-131.4,-132.9,-131.4,-131.4,-131.4,-131.4,,,,,,,,0.48,,1.0,,2026-08-25,,,,,0.5,,,0.0
2230,TE310,2039,2230,2366,2366,2364,2366,2254,2366,5210543,Ian Premer,ND,TE,12.0,12.0,12.0,2.19,26.3,26.3,26.3,0.0,26.3,-131.4,-127.3,-131.4,-131.4,-131.4,-131.4,,,,,,,,0.59,,1.0,,2026-08-25,,,,,0.5,,,0.0
2231,WR1083,2271,2231,2667,2667,2665,2667,2555,2667,5086017,Logan Forbes,MICH,WR,12.0,12.0,12.0,1.68,20.1,20.1,20.1,0.0,20.1,-137.6,-133.5,-131.4,-131.4,-131.4,-131.4,,,,,,,,0.3,,1.0,,2026-08-25,,,,,0.5,,,0.0
2232,WR1084,2272,2232,2668,2668,2666,2668,2556,2668,5125157,Owen Carter,RICE,WR,12.0,12.0,12.0,1.68,20.1,20.1,20.1,0.0,20.1,-137.6,-133.5,-131.4,-131.4,-131.4,-131.4,,,,,,,,0.46,,1.0,,2026-08-25,,,,,0.5,,,0.0
2233,WR1085,2273,2233,2669,2669,2667,2669,2557,2669,5146751,Jose Leon,APP,WR,12.0,12.0,12.0,1.68,20.1,20.1,20.1,0.0,20.1,-137.6,-133.5,-131.4,-131.4,-131.4,-131.4,,,,,,,,0.52,,1.0,,2026-08-25,,,,,0.5,,,0.0
2234,WR1086,2274,2234,2670,2670,2668,2670,2558,2670,5193309,Tyler Nystrom,WYO,WR,12.0,12.0,12.0,1.68,20.1,20.1,20.1,0.0,20.1,-137.6,-133.5,-131.4,-131.4,-131.4,-131.4,,,,,,,,0.37,,1.0,,2026-08-25,,,,,0.5,,,0.0
2235,WR1087,2275,2235,2671,2671,2669,2671,2559,2671,5195545,Zymear Smith,MD,WR,12.0,12.0,12.0,1.68,20.1,20.1,20.1,0.0,20.1,-137.6,-133.5,-131.4,-131.4,-131.4,-131.4,,,,,,,,0.59,,1.0,,2026-08-25,,,,,0.5,,,0.0
2236,WR1088,2276,2236,2673,2673,2671,2673,2561,2673,5220697,Keron Milton,GAST,WR,12.0,12.0,12.0,1.68,20.1,20.1,20.1,0.0,20.1,-137.6,-133.5,-131.4,-131.4,-131.4,-131.4,,,,,,,,0.48,,1.0,,2026-08-25,,,,,0.5,,,0.0
2237,QB204,4017,2237,694,694,685,697,585,697,5153978,Camden Coleman,JMU,QB,12.0,12.0,12.0,7.71,92.5,92.5,92.5,0.0,92.5,-152.6,-152.7,-135.8,-131.5,-131.5,-131.5,,,,,,,,0.72,,1.0,,2026-08-25,,,,,0.5,,,0.0
2238,QB205,4018,2238,695,695,686,698,586,698,5172036,JC Evans,JMU,QB,12.0,12.0,12.0,7.71,92.5,92.5,92.5,0.0,92.5,-152.6,-152.7,-135.8,-131.5,-131.5,-131.5,,,,,,,,0.64,,1.0,,2026-08-25,,,,,0.5,,,0.0
2239,TE311,2040,2239,2369,2369,2367,2369,2257,2369,5077874,Max Drag,SC,TE,12.0,12.0,12.0,2.18,26.2,26.2,26.2,0.0,26.2,-131.5,-127.4,-131.5,-131.5,-131.5,-131.5,,,,,,,,0.59,,1.0,,2026-08-25,,,,,0.5,,,0.0
2240,TE312,2042,2240,2371,2371,2369,2371,2259,2371,5079705,Grant Stec,WIS,TE,12.0,12.0,12.0,2.18,26.2,26.2,26.2,0.0,26.2,-131.5,-127.4,-131.5,-131.5,-131.5,-131.5,,,,,,,,0.66,,1.0,,2026-08-25,,,,,0.5,,,0.0
2241,RB636,2248,2241,2376,2376,2374,2376,2264,2376,5215150,Gabe Fields,VAN,RB,12.0,12.0,12.0,2.18,26.2,26.2,26.2,0.0,26.2,-131.5,-133.0,-131.5,-131.5,-131.5,-131.5,,,,,,,,0.56,,1.0,,2026-08-25,,,,,0.5,,,0.0
2242,RB637,2249,2242,2377,2377,2375,2377,2265,2377,5229124,Ravian Larry,USU,RB,12.0,12.0,12.0,2.18,26.2,26.2,26.2,0.0,26.2,-131.5,-133.0,-131.5,-131.5,-131.5,-131.5,,,,,,,,0.58,,1.0,,2026-08-25,,,,,0.5,,,0.0
2243,WR1089,2277,2243,2674,2674,2672,2674,2562,2674,5086101,Cameron Monteiro,AKR,WR,12.0,12.0,12.0,1.67,20.0,20.0,20.0,0.0,20.0,-137.7,-133.6,-131.5,-131.5,-131.5,-131.5,,,,,,,,0.62,,1.0,,2026-08-25,,,,,0.5,,,0.0
2244,WR1090,2279,2244,2678,2678,2676,2678,2566,2678,5154315,Benny Haselrig,PITT,WR,12.0,12.0,12.0,1.67,20.0,20.0,20.0,0.0,20.0,-137.7,-133.6,-131.5,-131.5,-131.5,-131.5,,,,,,,,0.32,,1.0,,2026-08-25,,,,,0.5,,,0.0
2245,TE313,2044,2245,2378,2378,2376,2378,2266,2378,4726129,Harrison Saint Germain,VT,TE,12.0,12.0,12.0,2.18,26.1,26.1,26.1,0.0,26.1,-131.6,-127.5,-131.6,-131.6,-131.6,-131.6,,,,,,,,0.62,,1.0,,2026-08-25,,,,,0.5,,,0.0
2246,TE314,2045,2246,2379,2379,2377,2379,2267,2379,5081640,Scott Isacks,UAB,TE,12.0,12.0,12.0,2.18,26.1,26.1,26.1,0.0,26.1,-131.6,-127.5,-131.6,-131.6,-131.6,-131.6,,,,,,,,0.49,,1.0,,2026-08-25,,,,,0.5,,,0.0
2247,RB638,2253,2247,2380,2380,2378,2380,2268,2380,5141714,Kamran Williams,UNLV,RB,12.0,12.0,12.0,2.18,26.1,26.1,26.1,0.0,26.1,-131.6,-133.1,-131.6,-131.6,-131.6,-131.6,,,,,,,,0.58,,1.0,,2026-08-25,,,,,0.5,,,0.0
2248,TE315,2047,2248,2382,2382,2380,2382,2270,2382,5155426,Christian Greenlaw,ISU,TE,12.0,12.0,12.0,2.18,26.1,26.1,26.1,0.0,26.1,-131.6,-127.5,-131.6,-131.6,-131.6,-131.6,,,,,,,,0.54,,1.0,,2026-08-25,,,,,0.5,,,0.0
2249,TE316,2048,2249,2383,2383,2381,2383,2271,2383,5223147,Simon Kibbee,AF,TE,12.0,12.0,12.0,2.18,26.1,26.1,26.1,0.0,26.1,-131.6,-127.5,-131.6,-131.6,-131.6,-131.6,,,,,,,,0.49,,1.0,,2026-08-25,,,,,0.5,,,0.0
2250,WR1091,2281,2250,2681,2681,2679,2681,2569,2681,5085413,Keagan Cunningham,TCU,WR,12.0,12.0,12.0,1.66,19.9,19.9,19.9,0.0,19.9,-137.8,-133.7,-131.6,-131.6,-131.6,-131.6,,,,,,,,0.32,,1.0,,2026-08-25,,,,,0.5,,,0.0
2251,QB206,4048,2251,700,700,691,703,591,703,5146667,Khristian Martin,FRES,QB,12.0,12.0,12.0,7.69,92.3,92.3,92.3,0.0,92.3,-152.8,-152.9,-136.0,-131.7,-131.7,-131.7,,,,,,,,0.77,,1.0,,2026-08-25,,,,,0.5,,,0.0
2252,TE317,2050,2252,2388,2388,2386,2388,2276,2388,5215395,Kyle Frendt,WYO,TE,12.0,12.0,12.0,2.17,26.0,26.0,26.0,0.0,26.0,-131.7,-127.6,-131.7,-131.7,-131.7,-131.7,,,,,,,,0.61,,1.0,,2026-08-25,,,,,0.5,,,0.0
2253,RB639,2258,2253,2392,2391,2390,2392,2279,2391,5297930,Charles Ross III,NDSU,RB,12.0,12.0,12.0,2.17,26.0,26.0,26.0,0.0,26.0,-131.7,-133.2,-131.7,-131.7,-131.7,-131.7,,,,,,,,0.62,,1.0,,2026-08-25,,,,,0.5,,,0.0
2254,WR1092,2283,2254,2687,2687,2685,2687,2575,2687,5212652,Ryan Mosley,UGA,WR,12.0,12.0,12.0,1.65,19.8,19.8,19.8,0.0,19.8,-137.9,-133.8,-131.7,-131.7,-131.7,-131.7,,,,,,,,0.35,,1.0,,2026-08-25,,,,,0.5,,,0.0
2255,TE318,2052,2255,2393,2393,2391,2393,2281,2393,4812341,Chris Petrucci,NU,TE,12.0,12.0,12.0,2.16,25.9,25.9,25.9,0.0,25.9,-131.8,-127.7,-131.8,-131.8,-131.8,-131.8,,,,,,,,0.54,,1.0,,2026-08-25,,,,,0.5,,,0.0
2256,TE319,2053,2256,2394,2394,2392,2394,2282,2394,5102980,Jacorey Whitted,TROY,TE,12.0,12.0,12.0,2.16,25.9,25.9,25.9,0.0,25.9,-131.8,-127.7,-131.8,-131.8,-131.8,-131.8,,,,,,,,0.5,,1.0,,2026-08-25,,,,,0.5,,,0.0
2257,RB640,2263,2257,2397,2397,2395,2397,2285,2397,5220495,Quinton Ezzard,NAVY,RB,12.0,12.0,12.0,2.16,25.9,25.9,25.9,0.0,25.9,-131.8,-133.3,-131.8,-131.8,-131.8,-131.8,,,,,,,,0.36,,1.0,,2026-08-25,,,,,0.5,,,0.0
2258,WR1093,2286,2258,2691,2691,2689,2691,2579,2691,5211482,Bryson Williams,MSU,WR,12.0,12.0,12.0,1.64,19.7,19.7,19.7,0.0,19.7,-138.0,-133.9,-131.8,-131.8,-131.8,-131.8,,,,,,,,0.54,,1.0,,2026-08-25,,,,,0.5,,,0.0
2259,WR1094,2287,2259,2693,2693,2691,2693,2581,2693,5252200,Qumonte Williams Jr.,BOIS,WR,12.0,12.0,12.0,1.64,19.7,19.7,19.7,0.0,19.7,-138.0,-133.9,-131.8,-131.8,-131.8,-131.8,,,,,,,,0.34,,1.0,,2026-08-25,,,,,0.5,,,0.0
2260,WR1095,2288,2260,2694,2694,2692,2694,2582,2694,5301026,Tye Nickens,SAC,WR,12.0,12.0,12.0,1.64,19.7,19.7,19.7,0.0,19.7,-138.0,-133.9,-131.8,-131.8,-131.8,-131.8,,,,,,,,0.43,,1.0,,2026-08-25,,,,,0.5,,,0.0
2261,TE320,2058,2261,2401,2401,2399,2401,2289,2401,5154729,Davin Stoffel,ILL,TE,12.0,12.0,12.0,2.15,25.8,25.8,25.8,0.0,25.8,-131.9,-127.8,-131.9,-131.9,-131.9,-131.9,,,,,,,,0.57,,1.0,,2026-08-25,,,,,0.5,,,0.0
2262,RB641,2267,2262,2402,2402,2400,2402,2290,2402,5159029,Jonathan Hatton Jr.,OU,RB,12.0,12.0,12.0,2.15,25.8,25.8,25.8,0.0,25.8,-131.9,-133.4,-131.9,-131.9,-131.9,-131.9,,,,,,,,0.5,,1.0,,2026-08-25,,,,,0.5,,,0.0
2263,RB642,2268,2263,2405,2405,2403,2405,2293,2405,5218718,Joseph Ebun,LSU,RB,12.0,12.0,12.0,2.15,25.8,25.8,25.8,0.0,25.8,-131.9,-133.4,-131.9,-131.9,-131.9,-131.9,,,,,,,,0.39,,1.0,,2026-08-25,,,,,0.5,,,0.0
2264,WR1096,2293,2264,2698,2698,2696,2698,2586,2698,5161722,Samuel Padgitt,HOU,WR,12.0,12.0,12.0,1.63,19.6,19.6,19.6,0.0,19.6,-138.1,-134.0,-131.9,-131.9,-131.9,-131.9,,,,,,,,0.33,,1.0,,2026-08-25,,,,,0.5,,,0.0
2265,WR1097,2296,2265,2709,2709,2707,2709,2597,2709,5223789,Nik Henry,UTEP,WR,12.0,12.0,12.0,1.62,19.5,19.5,19.5,0.0,19.5,-138.2,-134.1,-132.0,-132.0,-132.0,-132.0,,,,,,,,0.38,,1.0,,2026-08-25,,,,,0.5,,,0.0
2266,WR1098,2297,2266,2711,2711,2709,2711,2599,2711,5296271,Trey Roberts,BYU,WR,12.0,12.0,12.0,1.62,19.5,19.5,19.5,0.0,19.5,-138.2,-134.1,-132.0,-132.0,-132.0,-132.0,,,,,,,,0.5,,1.0,,2026-08-25,,,,,0.5,,,0.0
2267,WR1099,2298,2267,2712,2712,2710,2712,2600,2712,5301027,Hayden Anderson,SAC,WR,12.0,12.0,12.0,1.62,19.5,19.5,19.5,0.0,19.5,-138.2,-134.1,-132.0,-132.0,-132.0,-132.0,,,,,,,,0.43,,1.0,,2026-08-25,,,,,0.5,,,0.0
2268,TE321,2062,2268,2408,2408,2406,2408,2296,2408,5147382,Reed Jesiolowski,KENN,TE,12.0,12.0,12.0,2.13,25.6,25.6,25.6,0.0,25.6,-132.1,-128.0,-132.1,-132.1,-132.1,-132.1,,,,,,,,0.48,,1.0,,2026-08-25,,,,,0.5,,,0.0
2269,WR1100,2304,2269,2714,2714,2712,2714,2602,2714,5079766,Chanz Wiggins,VT,WR,12.0,12.0,12.0,1.62,19.4,19.4,19.4,0.0,19.4,-138.3,-134.2,-132.1,-132.1,-132.1,-132.1,,,,,,,,0.45,,1.0,,2026-08-25,,,,,0.5,,,0.0
2270,WR1101,2305,2270,2715,2715,2713,2715,2603,2715,5096110,Jaden Morehead,TCU,WR,12.0,12.0,12.0,1.62,19.4,19.4,19.4,0.0,19.4,-138.3,-134.2,-132.1,-132.1,-132.1,-132.1,,,,,,,,0.32,,1.0,,2026-08-25,,,,,0.5,,,0.0
2271,WR1102,2306,2271,2716,2716,2714,2716,2604,2716,5156088,Noah Flaskamp,MIZ,WR,12.0,12.0,12.0,1.62,19.4,19.4,19.4,0.0,19.4,-138.3,-134.2,-132.1,-132.1,-132.1,-132.1,,,,,,,,0.25,,1.0,,2026-08-25,,,,,0.5,,,0.0
2272,TE322,2067,2272,2412,2412,2410,2412,2300,2412,5215337,Preston Douglas,NCSU,TE,12.0,12.0,12.0,2.12,25.5,25.5,25.5,0.0,25.5,-132.2,-128.1,-132.2,-132.2,-132.2,-132.2,,,,,,,,0.59,,1.0,,2026-08-25,,,,,0.5,,,0.0
2273,WR1103,2308,2273,2720,2720,2719,2720,2608,2720,5086018,Bryce Wilcox,MICH,WR,12.0,12.0,12.0,1.61,19.3,19.3,19.3,0.0,19.3,-138.4,-134.3,-132.2,-132.2,-132.2,-132.2,,,,,,,,0.3,,1.0,,2026-08-25,,,,,0.5,,,0.0
2274,WR1104,2309,2274,2722,2722,2721,2722,2610,2722,5230757,Andre Brown,FIU,WR,12.0,12.0,12.0,1.61,19.3,19.3,19.3,0.0,19.3,-138.4,-134.3,-132.2,-132.2,-132.2,-132.2,,,,,,,,0.42,,1.0,,2026-08-25,,,,,0.5,,,0.0
2275,TE323,2070,2275,2414,2414,2412,2414,2302,2414,5087169,Luke Kokat,NDSU,TE,12.0,12.0,12.0,2.12,25.4,25.4,25.4,0.0,25.4,-132.3,-128.2,-132.3,-132.3,-132.3,-132.3,,,,,,,,0.49,,1.0,,2026-08-25,,,,,0.5,,,0.0
2276,WR1105,2314,2276,2727,2727,2726,2727,2615,2727,5146720,Will Cianfrini,SDSU,WR,12.0,12.0,12.0,1.6,19.2,19.2,19.2,0.0,19.2,-138.5,-134.4,-132.3,-132.3,-132.3,-132.3,,,,,,,,0.56,,1.0,,2026-08-25,,,,,0.5,,,0.0
2277,WR1106,2316,2277,2731,2731,2730,2731,2619,2731,5394436,Kordell Gouldsby,WMU,WR,12.0,12.0,12.0,1.6,19.2,19.2,19.2,0.0,19.2,-138.5,-134.4,-132.3,-132.3,-132.3,-132.3,,,,,,,,0.32,,1.0,,2026-08-25,,,,,0.5,,,0.0
2278,TE324,2075,2278,2418,2418,2416,2418,2306,2418,5079655,Joey Olsen,UNM,TE,12.0,12.0,12.0,2.11,25.3,25.3,25.3,0.0,25.3,-132.4,-128.3,-132.4,-132.4,-132.4,-132.4,,,,,,,,0.47,,1.0,,2026-08-25,,,,,0.5,,,0.0
2279,TE325,2077,2279,2421,2421,2419,2421,2309,2421,5152214,Ray Lotten,NMSU,TE,12.0,12.0,12.0,2.11,25.3,25.3,25.3,0.0,25.3,-132.4,-128.3,-132.4,-132.4,-132.4,-132.4,,,,,,,,0.53,,1.0,,2026-08-25,,,,,0.5,,,0.0
2280,WR1107,2321,2280,2734,2734,2733,2734,2622,2734,5155161,Jack Yanachik,MSU,WR,12.0,12.0,12.0,1.59,19.1,19.1,19.1,0.0,19.1,-138.6,-134.5,-132.4,-132.4,-132.4,-132.4,,,,,,,,0.33,,1.0,,2026-08-25,,,,,0.5,,,0.0
2281,WR1108,2322,2281,2735,2735,2734,2735,2623,2735,5158960,Jordan Clay,WASH,WR,12.0,12.0,12.0,1.59,19.1,19.1,19.1,0.0,19.1,-138.6,-134.5,-132.4,-132.4,-132.4,-132.4,,,,,,,,0.43,,1.0,,2026-08-25,,,,,0.5,,,0.0
2282,WR1109,2324,2282,2738,2738,2737,2738,2626,2738,5164352,Carterrious Brown,SMU,WR,12.0,12.0,12.0,1.59,19.1,19.1,19.1,0.0,19.1,-138.6,-134.5,-132.4,-132.4,-132.4,-132.4,,,,,,,,0.49,,1.0,,2026-08-25,,,,,0.5,,,0.0
2283,RB643,2289,2283,2428,2428,2426,2428,2316,2428,5203606,Derrek Cooper,TEX,RB,12.0,12.0,12.0,2.1,25.2,25.2,25.2,0.0,25.2,-132.5,-134.0,-132.5,-132.5,-132.5,-132.5,,,,,,,,0.49,,1.0,,2026-08-25,,,,,0.5,,,0.0
2284,TE326,2085,2284,2430,2430,2428,2430,2318,2430,5295205,Tate Hoover,BALL,TE,12.0,12.0,12.0,2.1,25.2,25.2,25.2,0.0,25.2,-132.5,-128.4,-132.5,-132.5,-132.5,-132.5,,,,,,,,0.53,,1.0,,2026-08-25,,,,,0.5,,,0.0
2285,RB644,2290,2285,2431,2431,2429,2431,2319,2431,5296866,Soren Rief,CONN,RB,12.0,12.0,12.0,2.1,25.2,25.2,25.2,0.0,25.2,-132.5,-134.0,-132.5,-132.5,-132.5,-132.5,,,,,,,,0.48,,1.0,,2026-08-25,,,,,0.5,,,0.0
2286,WR1110,2328,2286,2742,2742,2741,2742,2630,2742,5218588,Danny Curran,UGA,WR,12.0,12.0,12.0,1.58,19.0,19.0,19.0,0.0,19.0,-138.7,-134.6,-132.5,-132.5,-132.5,-132.5,,,,,,,,0.29,,1.0,,2026-08-25,,,,,0.5,,,0.0
2287,WR1111,2329,2287,2743,2743,2742,2743,2631,2743,5219573,Sutton Lee,TCU,WR,12.0,12.0,12.0,1.58,19.0,19.0,19.0,0.0,19.0,-138.7,-134.6,-132.5,-132.5,-132.5,-132.5,,,,,,,,0.32,,1.0,,2026-08-25,,,,,0.5,,,0.0
2288,TE327,2087,2288,2433,2433,2431,2433,2321,2433,5077637,James Falk,RICE,TE,12.0,12.0,12.0,2.09,25.1,25.1,25.1,0.0,25.1,-132.6,-128.5,-132.6,-132.6,-132.6,-132.6,,,,,,,,0.6,,1.0,,2026-08-25,,,,,0.5,,,0.0
2289,WR1112,2333,2289,2746,2746,2745,2746,2634,2746,5151635,Cole Greene,TLSA,WR,12.0,12.0,12.0,1.58,18.9,18.9,18.9,0.0,18.9,-138.8,-134.7,-132.6,-132.6,-132.6,-132.6,,,,,,,,0.32,,1.0,,2026-08-25,,,,,0.5,,,0.0
2290,WR1113,2334,2290,2748,2748,2747,2748,2636,2748,5217186,Chase Campbell,TTU,WR,12.0,12.0,12.0,1.58,18.9,18.9,18.9,0.0,18.9,-138.8,-134.7,-132.6,-132.6,-132.6,-132.6,,,,,,,,0.39,,1.0,,2026-08-25,,,,,0.5,,,0.0
2291,TE328,2091,2291,2435,2435,2433,2435,2323,2435,5032961,Tucker Ashcraft,USC,TE,12.0,12.0,12.0,2.08,25.0,25.0,25.0,0.0,25.0,-132.7,-128.6,-132.7,-132.7,-132.7,-132.7,,,,,,,,0.54,,1.0,,2026-08-25,,,,,0.5,,,0.0
2292,RB645,2300,2292,2436,2436,2434,2436,2324,2436,5141565,Byron Louis,FLA,RB,12.0,12.0,12.0,2.08,25.0,25.0,25.0,0.0,25.0,-132.7,-134.2,-132.7,-132.7,-132.7,-132.7,,,,,,,,0.56,,1.0,,2026-08-25,,,,,0.5,,,0.0
2293,TE329,2092,2293,2437,2437,2435,2437,2325,2437,5151350,Kamaehu Kopa-Kaawalauole,SJSU,TE,12.0,12.0,12.0,2.08,25.0,25.0,25.0,0.0,25.0,-132.7,-128.6,-132.7,-132.7,-132.7,-132.7,,,,,,,,0.49,,1.0,,2026-08-25,,,,,0.5,,,0.0
2294,RB646,2301,2294,2439,2439,2437,2439,2327,2439,5220641,Boogie Woods III,KENN,RB,12.0,12.0,12.0,2.08,25.0,25.0,25.0,0.0,25.0,-132.7,-134.2,-132.7,-132.7,-132.7,-132.7,,,,,,,,0.44,,1.0,,2026-08-25,,,,,0.5,,,0.0
2295,RB647,2302,2295,2440,2440,2438,2440,2328,2440,5389038,Jordan West,TULN,RB,12.0,12.0,12.0,2.08,25.0,25.0,25.0,0.0,25.0,-132.7,-134.2,-132.7,-132.7,-132.7,-132.7,,,,,,,,0.35,,1.0,,2026-08-25,,,,,0.5,,,0.0
2296,TE330,2095,2296,2441,2441,2439,2441,2329,2441,5093733,Joshua Acord,APP,TE,12.0,12.0,12.0,2.07,24.9,24.9,24.9,0.0,24.9,-132.8,-128.7,-132.8,-132.8,-132.8,-132.8,,,,,,,,0.51,,1.0,,2026-08-25,,,,,0.5,,,0.0
2297,WR1114,2342,2297,2760,2760,2759,2760,2648,2760,5291186,Brandon Walton,NDSU,WR,12.0,12.0,12.0,1.56,18.7,18.7,18.7,0.0,18.7,-139.0,-134.9,-132.8,-132.8,-132.8,-132.8,,,,,,,,0.41,,1.0,,2026-08-25,,,,,0.5,,,0.0
2298,WR1115,2343,2298,2762,2762,2761,2762,2650,2762,5295488,Justin Ruffin Jr.,CMU,WR,12.0,12.0,12.0,1.56,18.7,18.7,18.7,0.0,18.7,-139.0,-134.9,-132.8,-132.8,-132.8,-132.8,,,,,,,,0.58,,1.0,,2026-08-25,,,,,0.5,,,0.0
2299,TE331,2097,2299,2444,2444,2442,2444,2332,2444,5150266,Maddox Lassiter,ARK,TE,12.0,12.0,12.0,2.07,24.8,24.8,24.8,0.0,24.8,-132.9,-128.8,-132.9,-132.9,-132.9,-132.9,,,,,,,,0.54,,1.0,,2026-08-25,,,,,0.5,,,0.0
2300,TE332,2098,2300,2445,2445,2443,2445,2333,2445,5172260,Cash Cheeks,UTEP,TE,12.0,12.0,12.0,2.07,24.8,24.8,24.8,0.0,24.8,-132.9,-128.8,-132.9,-132.9,-132.9,-132.9,,,,,,,,0.48,,1.0,,2026-08-25,,,,,0.5,,,0.0
2301,TE333,2100,2301,2448,2448,2446,2448,2336,2448,5223152,Mitchell Blakeslee,AF,TE,12.0,12.0,12.0,2.07,24.8,24.8,24.8,0.0,24.8,-132.9,-128.8,-132.9,-132.9,-132.9,-132.9,,,,,,,,0.48,,1.0,,2026-08-25,,,,,0.5,,,0.0
2302,WR1116,2346,2302,2766,2766,2765,2766,2654,2766,5150776,Ty Boatright,TEX,WR,12.0,12.0,12.0,1.55,18.6,18.6,18.6,0.0,18.6,-139.1,-135.0,-132.9,-132.9,-132.9,-132.9,,,,,,,,0.32,,1.0,,2026-08-25,,,,,0.5,,,0.0
2303,WR1117,2347,2303,2767,2767,2766,2767,2655,2767,5164355,Joakim Dodson,TENN,WR,12.0,12.0,12.0,1.55,18.6,18.6,18.6,0.0,18.6,-139.1,-135.0,-132.9,-132.9,-132.9,-132.9,,,,,,,,0.55,,1.0,,2026-08-25,,,,,0.5,,,0.0
2304,WR1118,2348,2304,2768,2768,2767,2768,2656,2768,5202117,Malik Clark,SC,WR,12.0,12.0,12.0,1.55,18.6,18.6,18.6,0.0,18.6,-139.1,-135.0,-132.9,-132.9,-132.9,-132.9,,,,,,,,0.54,,1.0,,2026-08-25,,,,,0.5,,,0.0
2305,QB207,4146,2305,721,721,712,724,612,724,4714300,Holden Geriner,PITT,QB,12.0,12.0,12.0,7.58,91.0,91.0,91.0,0.0,91.0,-154.1,-154.2,-137.3,-133.0,-133.0,-133.0,,,,,,,,0.69,,1.0,,2026-08-25,,,,,0.5,,,0.0
2306,TE334,2105,2306,2451,2451,2449,2451,2339,2451,5085404,Thomas Wadsworth,UCF,TE,12.0,12.0,12.0,2.06,24.7,24.7,24.7,0.0,24.7,-133.0,-128.9,-133.0,-133.0,-133.0,-133.0,,,,,,,,0.58,,1.0,,2026-08-25,,,,,0.5,,,0.0
2307,RB648,2319,2307,2453,2453,2451,2453,2341,2453,5224769,Daniel McConomy,DEL,RB,12.0,12.0,12.0,2.06,24.7,24.7,24.7,0.0,24.7,-133.0,-134.5,-133.0,-133.0,-133.0,-133.0,,,,,,,,0.37,,1.0,,2026-08-25,,,,,0.5,,,0.0
2308,WR1119,2354,2308,2775,2775,2774,2775,2663,2775,5216050,Terry Shelton,TCU,WR,12.0,12.0,12.0,1.54,18.5,18.5,18.5,0.0,18.5,-139.2,-135.1,-133.0,-133.0,-133.0,-133.0,,,,,,,,0.49,,1.0,,2026-08-25,,,,,0.5,,,0.0
2309,WR1120,2355,2309,2776,2776,2775,2776,2664,2776,5218897,Carlos Orr-Gillespie,USU,WR,12.0,12.0,12.0,1.54,18.5,18.5,18.5,0.0,18.5,-139.2,-135.1,-133.0,-133.0,-133.0,-133.0,,,,,,,,0.39,,1.0,,2026-08-25,,,,,0.5,,,0.0
2310,QB208,4148,2310,724,724,715,727,615,727,4870793,Tad Hudson,NCSU,QB,12.0,12.0,12.0,7.58,90.9,90.9,90.9,0.0,90.9,-154.2,-154.3,-137.4,-133.1,-133.1,-133.1,,,,,,,,0.66,,1.0,,2026-08-25,,,,,0.5,,,0.0
2311,WR1121,2358,2311,2778,2778,2777,2778,2666,2778,5158982,Devin Carter,FSU,WR,12.0,12.0,12.0,1.53,18.4,18.4,18.4,0.0,18.4,-139.3,-135.2,-133.1,-133.1,-133.1,-133.1,,,,,,,,0.44,,1.0,,2026-08-25,,,,,0.5,,,0.0
2312,WR1122,2359,2312,2782,2782,2781,2782,2670,2782,5222191,Jackson Baird,BAY,WR,12.0,12.0,12.0,1.53,18.4,18.4,18.4,0.0,18.4,-139.3,-135.2,-133.1,-133.1,-133.1,-133.1,,,,,,,,0.28,,1.0,,2026-08-25,,,,,0.5,,,0.0
2313,WR1123,2360,2313,2783,2783,2782,2783,2671,2783,5293962,Deon Hardin,TENN,WR,12.0,12.0,12.0,1.53,18.4,18.4,18.4,0.0,18.4,-139.3,-135.2,-133.1,-133.1,-133.1,-133.1,,,,,,,,0.29,,1.0,,2026-08-25,,,,,0.5,,,0.0
2314,RB649,2330,2314,2456,2456,2454,2456,2344,2456,5228130,Ramarian Tillman,TA&M,RB,12.0,12.0,12.0,2.04,24.5,24.5,24.5,0.0,24.5,-133.2,-134.7,-133.2,-133.2,-133.2,-133.2,,,,,,,,0.5,,1.0,,2026-08-25,,,,,0.5,,,0.0
2315,RB650,2331,2315,2457,2457,2455,2457,2345,2457,5390015,Jaden Moore,UTEP,RB,12.0,12.0,12.0,2.04,24.5,24.5,24.5,0.0,24.5,-133.2,-134.7,-133.2,-133.2,-133.2,-133.2,,,,,,,,0.35,,1.0,,2026-08-25,,,,,0.5,,,0.0
2316,WR1124,2362,2316,2785,2785,2784,2785,2673,2785,4912346,Jayden Mines,JMU,WR,12.0,12.0,12.0,1.52,18.3,18.3,18.3,0.0,18.3,-139.4,-135.3,-133.2,-133.2,-133.2,-133.2,,,,,,,,0.32,,1.0,,2026-08-25,,,,,0.5,,,0.0
2317,WR1125,2363,2317,2786,2786,2785,2786,2674,2786,5141359,Dillon Alfred,MISS,WR,12.0,12.0,12.0,1.52,18.3,18.3,18.3,0.0,18.3,-139.4,-135.3,-133.2,-133.2,-133.2,-133.2,,,,,,,,0.49,,1.0,,2026-08-25,,,,,0.5,,,0.0
2318,WR1126,2364,2318,2787,2787,2786,2787,2675,2787,5141384,Phillip Bell,OSU,WR,12.0,12.0,12.0,1.52,18.3,18.3,18.3,0.0,18.3,-139.4,-135.3,-133.2,-133.2,-133.2,-133.2,,,,,,,,0.44,,1.0,,2026-08-25,,,,,0.5,,,0.0
2319,WR1127,2367,2319,2790,2790,2789,2790,2678,2790,5217201,Amari Isaac,FIU,WR,12.0,12.0,12.0,1.52,18.3,18.3,18.3,0.0,18.3,-139.4,-135.3,-133.2,-133.2,-133.2,-133.2,,,,,,,,0.36,,1.0,,2026-08-25,,,,,0.5,,,0.0
2320,QB209,4155,2320,731,731,722,734,622,734,5295480,Marcus Beamon,CMU,QB,12.0,12.0,12.0,7.56,90.7,90.7,90.7,0.0,90.7,-154.4,-154.5,-137.6,-133.3,-133.3,-133.3,,,,,,,,0.82,,1.0,,2026-08-25,,,,,0.5,,,0.0
2321,TE335,2109,2321,2458,2458,2456,2458,2346,2458,5141461,Ryan Ghea,AUB,TE,12.0,12.0,12.0,2.03,24.4,24.4,24.4,0.0,24.4,-133.3,-129.2,-133.3,-133.3,-133.3,-133.3,,,,,,,,0.53,,1.0,,2026-08-25,,,,,0.5,,,0.0
2322,WR1128,2371,2322,2792,2792,2791,2792,2680,2792,5150831,Jeremy Bell,UGA,WR,12.0,12.0,12.0,1.52,18.2,18.2,18.2,0.0,18.2,-139.5,-135.4,-133.3,-133.3,-133.3,-133.3,,,,,,,,0.48,,1.0,,2026-08-25,,,,,0.5,,,0.0
2323,TE336,2111,2323,2460,2460,2458,2460,2348,2460,5084959,Kola Babalola,NEV,TE,12.0,12.0,12.0,2.02,24.3,24.3,24.3,0.0,24.3,-133.4,-129.3,-133.4,-133.4,-133.4,-133.4,,,,,,,,0.5,,1.0,,2026-08-25,,,,,0.5,,,0.0
2324,WR1129,2375,2324,2802,2802,2801,2802,2690,2802,5382841,LT Robinson,ULM,WR,12.0,12.0,12.0,1.51,18.1,18.1,18.1,0.0,18.1,-139.6,-135.5,-133.4,-133.4,-133.4,-133.4,,,,,,,,0.29,,1.0,,2026-08-25,,,,,0.5,,,0.0
2325,QB210,4159,2325,734,734,725,737,625,737,5148427,Landyn Locke,SHSU,QB,12.0,12.0,12.0,7.54,90.5,90.5,90.5,0.0,90.5,-154.6,-154.7,-137.8,-133.5,-133.5,-133.5,,,,,,,,0.73,,1.0,,2026-08-25,,,,,0.5,,,0.0
2326,RB651,2344,2326,2466,2466,2464,2466,2354,2466,5161909,Corey Rashad,ILL,RB,12.0,12.0,12.0,2.02,24.2,24.2,24.2,0.0,24.2,-133.5,-135.0,-133.5,-133.5,-133.5,-133.5,,,,,,,,0.41,,1.0,,2026-08-25,,,,,0.5,,,0.0
2327,TE337,2116,2327,2468,2468,2466,2468,2356,2468,5228027,Jett Zabel,NDSU,TE,12.0,12.0,12.0,2.02,24.2,24.2,24.2,0.0,24.2,-133.5,-129.4,-133.5,-133.5,-133.5,-133.5,,,,,,,,0.57,,1.0,,2026-08-25,,,,,0.5,,,0.0
2328,WR1130,2378,2328,2804,2804,2804,2804,2692,2804,5151280,Chris Bruce,RICE,WR,12.0,12.0,12.0,1.5,18.0,18.0,18.0,0.0,18.0,-139.7,-135.6,-133.5,-133.5,-133.5,-133.5,,,,,,,,0.32,,1.0,,2026-08-25,,,,,0.5,,,0.0
2329,RB652,2349,2329,2470,2470,2468,2470,2358,2470,5158978,Damon Ferguson Jr.,PITT,RB,12.0,12.0,12.0,2.01,24.1,24.1,24.1,0.0,24.1,-133.6,-135.1,-133.6,-133.6,-133.6,-133.6,,,,,,,,0.47,,1.0,,2026-08-25,,,,,0.5,,,0.0
2330,RB653,2350,2330,2471,2471,2469,2471,2359,2471,5388800,Janerious Jackson,NEV,RB,12.0,12.0,12.0,2.01,24.1,24.1,24.1,0.0,24.1,-133.6,-135.1,-133.6,-133.6,-133.6,-133.6,,,,,,,,0.35,,1.0,,2026-08-25,,,,,0.5,,,0.0
2331,TE338,2120,2331,2474,2474,2472,2474,2362,2474,5087164,Nate Forystek,USA,TE,12.0,12.0,12.0,2.0,24.0,24.0,24.0,0.0,24.0,-133.7,-129.6,-133.7,-133.7,-133.7,-133.7,,,,,,,,0.46,,1.0,,2026-08-25,,,,,0.5,,,0.0
2332,RB654,2356,2332,2476,2476,2474,2476,2364,2476,5148658,Carter Jackson,NEV,RB,12.0,12.0,12.0,2.0,24.0,24.0,24.0,0.0,24.0,-133.7,-135.2,-133.7,-133.7,-133.7,-133.7,,,,,,,,0.65,,1.0,,2026-08-25,,,,,0.5,,,0.0
2333,RB655,2357,2333,2477,2477,2475,2477,2365,2477,5294121,Ryken Moon,WASH,RB,12.0,12.0,12.0,2.0,24.0,24.0,24.0,0.0,24.0,-133.7,-135.2,-133.7,-133.7,-133.7,-133.7,,,,,,,,0.68,,1.0,,2026-08-25,,,,,0.5,,,0.0
2334,RB656,2361,2334,2480,2480,2478,2480,2368,2480,5292032,John Hebert,HOU,RB,12.0,12.0,12.0,1.99,23.9,23.9,23.9,0.0,23.9,-133.8,-135.3,-133.8,-133.8,-133.8,-133.8,,,,,,,,0.49,,1.0,,2026-08-25,,,,,0.5,,,0.0
2335,WR1131,2385,2335,2815,2815,2815,2815,2703,2815,5215242,Bryce Randolph,LIB,WR,12.0,12.0,12.0,1.48,17.7,17.7,17.7,0.0,17.7,-140.0,-135.9,-133.8,-133.8,-133.8,-133.8,,,,,,,,0.56,,1.0,,2026-08-25,,,,,0.5,,,0.0
2336,WR1132,2386,2336,2817,2817,2817,2817,2705,2817,5369908,Elijah Murray,ALA,WR,12.0,12.0,12.0,1.48,17.7,17.7,17.7,0.0,17.7,-140.0,-135.9,-133.8,-133.8,-133.8,-133.8,,,,,,,,0.32,,1.0,,2026-08-25,,,,,0.5,,,0.0
2337,WR1133,2387,2337,2818,2818,2818,2818,2706,2818,5369913,Warner Ross,ALA,WR,12.0,12.0,12.0,1.48,17.7,17.7,17.7,0.0,17.7,-140.0,-135.9,-133.8,-133.8,-133.8,-133.8,,,,,,,,0.32,,1.0,,2026-08-25,,,,,0.5,,,0.0
2338,WR1134,2390,2338,2821,2821,2821,2821,2709,2821,5222271,Kaleb Schlecht,MICH,WR,12.0,12.0,12.0,1.47,17.6,17.6,17.6,0.0,17.6,-140.1,-136.0,-133.9,-133.9,-133.9,-133.9,,,,,,,,0.29,,1.0,,2026-08-25,,,,,0.5,,,0.0
2339,WR1135,2392,2339,2826,2826,2826,2826,2714,2826,5386519,Luke Degner,USC,WR,12.0,12.0,12.0,1.47,17.6,17.6,17.6,0.0,17.6,-140.1,-136.0,-133.9,-133.9,-133.9,-133.9,,,,,,,,0.29,,1.0,,2026-08-25,,,,,0.5,,,0.0
2340,TE339,2128,2340,2481,2481,2479,2481,2369,2481,4871093,Preston Zinter,RICE,TE,12.0,12.0,12.0,1.98,23.7,23.7,23.7,0.0,23.7,-134.0,-129.9,-134.0,-134.0,-134.0,-134.0,,,,,,,,0.47,,1.0,,2026-08-25,,,,,0.5,,,0.0
2341,TE340,2129,2341,2482,2482,2480,2482,2370,2482,5128052,Dillon Hipp,MOST,TE,12.0,12.0,12.0,1.98,23.7,23.7,23.7,0.0,23.7,-134.0,-129.9,-134.0,-134.0,-134.0,-134.0,,,,,,,,0.57,,1.0,,2026-08-25,,,,,0.5,,,0.0
2342,TE341,2130,2342,2483,2483,2481,2483,2371,2483,5151465,Micah Kaonohi-Kaihenui,HAW,TE,12.0,12.0,12.0,1.98,23.7,23.7,23.7,0.0,23.7,-134.0,-129.9,-134.0,-134.0,-134.0,-134.0,,,,,,,,0.45,,1.0,,2026-08-25,,,,,0.5,,,0.0
2343,RB657,2372,2343,2485,2485,2483,2485,2373,2485,5265462,Joshua Troupe,KENN,RB,12.0,12.0,12.0,1.98,23.7,23.7,23.7,0.0,23.7,-134.0,-135.5,-134.0,-134.0,-134.0,-134.0,,,,,,,,0.42,,1.0,,2026-08-25,,,,,0.5,,,0.0
2344,TE342,2131,2344,2486,2486,2484,2486,2374,2486,5296328,Scott Moore,DEL,TE,12.0,12.0,12.0,1.98,23.7,23.7,23.7,0.0,23.7,-134.0,-129.9,-134.0,-134.0,-134.0,-134.0,,,,,,,,0.61,,1.0,,2026-08-25,,,,,0.5,,,0.0
2345,RB658,2373,2345,2487,2487,2485,2487,2375,2487,5334231,Adarion Nettles,UNT,RB,12.0,12.0,12.0,1.98,23.7,23.7,23.7,0.0,23.7,-134.0,-135.5,-134.0,-134.0,-134.0,-134.0,,,,,,,,0.34,,1.0,,2026-08-25,,,,,0.5,,,0.0
2346,RB659,2374,2346,2488,2488,2486,2488,2376,2488,5381523,James Lewis,CIN,RB,12.0,12.0,12.0,1.98,23.7,23.7,23.7,0.0,23.7,-134.0,-135.5,-134.0,-134.0,-134.0,-134.0,,,,,,,,0.33,,1.0,,2026-08-25,,,,,0.5,,,0.0
2347,WR1136,2395,2347,2828,2828,2828,2828,2716,2828,5383012,Trevor Fortenberry,ISU,WR,12.0,12.0,12.0,1.46,17.5,17.5,17.5,0.0,17.5,-140.2,-136.1,-134.0,-134.0,-134.0,-134.0,,,,,,,,0.27,,1.0,,2026-08-25,,,,,0.5,,,0.0
2348,TE343,2134,2348,2490,2490,2488,2490,2378,2490,5116115,Maxence LeBlanc,OSU,TE,12.0,12.0,12.0,1.97,23.6,23.6,23.6,0.0,23.6,-134.1,-130.0,-134.1,-134.1,-134.1,-134.1,,,,,,,,0.44,,1.0,,2026-08-25,,,,,0.5,,,0.0
2349,RB660,2377,2349,2493,2493,2491,2493,2381,2493,5372196,Amari Thomas,FSU,RB,12.0,12.0,12.0,1.97,23.6,23.6,23.6,0.0,23.6,-134.1,-135.6,-134.1,-134.1,-134.1,-134.1,,,,,,,,0.47,,1.0,,2026-08-25,,,,,0.5,,,0.0
2350,WR1137,2399,2350,2832,2832,2832,2832,2720,2832,5158998,Aaron Gregory,TA&M,WR,12.0,12.0,12.0,1.45,17.4,17.4,17.4,0.0,17.4,-140.3,-136.2,-134.1,-134.1,-134.1,-134.1,,,,,,,,0.41,,1.0,,2026-08-25,,,,,0.5,,,0.0
2351,WR1138,2400,2351,2833,2833,2833,2833,2721,2833,5164691,Montavin Quisenberry,LOU,WR,12.0,12.0,12.0,1.45,17.4,17.4,17.4,0.0,17.4,-140.3,-136.2,-134.1,-134.1,-134.1,-134.1,,,,,,,,0.52,,1.0,,2026-08-25,,,,,0.5,,,0.0
2352,RB661,2379,2352,2494,2494,2492,2494,2382,2494,5203601,Shawn Simeon,CONN,RB,12.0,12.0,12.0,1.96,23.5,23.5,23.5,0.0,23.5,-134.2,-135.7,-134.2,-134.2,-134.2,-134.2,,,,,,,,0.65,,1.0,,2026-08-25,,,,,0.5,,,0.0
2353,WR1139,2404,2353,2838,2838,2838,2838,2726,2838,5159039,C.J. Sadler,UNC,WR,12.0,12.0,12.0,1.44,17.3,17.3,17.3,0.0,17.3,-140.4,-136.3,-134.2,-134.2,-134.2,-134.2,,,,,,,,0.44,,1.0,,2026-08-25,,,,,0.5,,,0.0
2354,WR1140,2405,2354,2840,2840,2840,2840,2728,2840,5222530,Keenan Arcega-Whiteside,RICE,WR,12.0,12.0,12.0,1.44,17.3,17.3,17.3,0.0,17.3,-140.4,-136.3,-134.2,-134.2,-134.2,-134.2,,,,,,,,0.55,,1.0,,2026-08-25,,,,,0.5,,,0.0
2355,TE344,2139,2355,2496,2496,2494,2496,2384,2496,4920188,Vance Bolyard,TULN,TE,12.0,12.0,12.0,1.95,23.4,23.4,23.4,0.0,23.4,-134.3,-130.2,-134.3,-134.3,-134.3,-134.3,,,,,,,,0.5,,1.0,,2026-08-25,,,,,0.5,,,0.0
2356,TE345,2140,2356,2497,2497,2495,2497,2385,2497,4954514,Brennan Wooten,WMU,TE,12.0,12.0,12.0,1.95,23.4,23.4,23.4,0.0,23.4,-134.3,-130.2,-134.3,-134.3,-134.3,-134.3,,,,,,,,0.47,,1.0,,2026-08-25,,,,,0.5,,,0.0
2357,RB662,2381,2357,2499,2499,2497,2499,2387,2499,5209161,Malachi Coleman,SYR,RB,12.0,12.0,12.0,1.95,23.4,23.4,23.4,0.0,23.4,-134.3,-135.8,-134.3,-134.3,-134.3,-134.3,,,,,,,,0.53,,1.0,,2026-08-25,,,,,0.5,,,0.0
2358,RB663,2382,2358,2500,2500,2498,2500,2388,2500,5216317,Demarius Robinson,ASU,RB,12.0,12.0,12.0,1.95,23.4,23.4,23.4,0.0,23.4,-134.3,-135.8,-134.3,-134.3,-134.3,-134.3,,,,,,,,0.62,,1.0,,2026-08-25,,,,,0.5,,,0.0
2359,WR1141,2407,2359,2842,2842,2842,2842,2730,2842,5141640,Cam Sapp,PITT,WR,12.0,12.0,12.0,1.43,17.2,17.2,17.2,0.0,17.2,-140.5,-136.4,-134.3,-134.3,-134.3,-134.3,,,,,,,,0.42,,1.0,,2026-08-25,,,,,0.5,,,0.0
2360,WR1142,2409,2360,2844,2844,2844,2844,2732,2844,5277125,Samson Gash,MSU,WR,12.0,12.0,12.0,1.43,17.2,17.2,17.2,0.0,17.2,-140.5,-136.4,-134.3,-134.3,-134.3,-134.3,,,,,,,,0.39,,1.0,,2026-08-25,,,,,0.5,,,0.0
2361,WR1143,2410,2361,2846,2846,2846,2846,2734,2846,5296598,KJ Cherry,UNM,WR,12.0,12.0,12.0,1.43,17.2,17.2,17.2,0.0,17.2,-140.5,-136.4,-134.3,-134.3,-134.3,-134.3,,,,,,,,0.28,,1.0,,2026-08-25,,,,,0.5,,,0.0
2362,WR1144,2411,2362,2848,2848,2848,2848,2736,2848,5306604,Anthony Aguirre,MISS,WR,12.0,12.0,12.0,1.43,17.2,17.2,17.2,0.0,17.2,-140.5,-136.4,-134.3,-134.3,-134.3,-134.3,,,,,,,,0.26,,1.0,,2026-08-25,,,,,0.5,,,0.0
2363,QB211,4180,2363,753,753,744,756,644,756,5079717,AJ Surace,RUTG,QB,12.0,12.0,12.0,7.47,89.6,89.6,89.6,0.0,89.6,-155.5,-155.6,-138.7,-134.4,-134.4,-134.4,,,,,,,,0.73,,1.0,,2026-08-25,,,,,0.5,,,0.0
2364,TE346,2141,2364,2501,2501,2499,2501,2389,2501,5132795,Matt Ogunniyi,MASS,TE,12.0,12.0,12.0,1.94,23.3,23.3,23.3,0.0,23.3,-134.4,-130.3,-134.4,-134.4,-134.4,-134.4,,,,,,,,0.51,,1.0,,2026-08-25,,,,,0.5,,,0.0
2365,RB664,2383,2365,2504,2504,2502,2504,2392,2504,5224017,Devin Ingram,KENN,RB,12.0,12.0,12.0,1.94,23.3,23.3,23.3,0.0,23.3,-134.4,-135.9,-134.4,-134.4,-134.4,-134.4,,,,,,,,0.41,,1.0,,2026-08-25,,,,,0.5,,,0.0
2366,WR1145,2413,2366,2851,2851,2851,2851,2739,2851,5209193,Bryson Baker,UTAH,WR,12.0,12.0,12.0,1.42,17.1,17.1,17.1,0.0,17.1,-140.6,-136.5,-134.4,-134.4,-134.4,-134.4,,,,,,,,0.36,,1.0,,2026-08-25,,,,,0.5,,,0.0
2367,WR1146,2414,2367,2853,2853,2853,2853,2741,2853,5220471,Andre Gilbert Jr.,NAVY,WR,12.0,12.0,12.0,1.42,17.1,17.1,17.1,0.0,17.1,-140.6,-136.5,-134.4,-134.4,-134.4,-134.4,,,,,,,,0.3,,1.0,,2026-08-25,,,,,0.5,,,0.0
2368,WR1147,2415,2368,2854,2854,2854,2854,2742,2854,5224773,Luke Brown,DEL,WR,12.0,12.0,12.0,1.42,17.1,17.1,17.1,0.0,17.1,-140.6,-136.5,-134.4,-134.4,-134.4,-134.4,,,,,,,,0.38,,1.0,,2026-08-25,,,,,0.5,,,0.0
2369,WR1148,2418,2369,2857,2857,2857,2857,2745,2857,5217704,Michael Dever,TTU,WR,12.0,12.0,12.0,1.42,17.0,17.0,17.0,0.0,17.0,-140.7,-136.6,-134.5,-134.5,-134.5,-134.5,,,,,,,,0.4,,1.0,,2026-08-25,,,,,0.5,,,0.0
2370,WR1149,2420,2370,2860,2860,2860,2860,2748,2860,5395323,Brian Barnes,USA,WR,12.0,12.0,12.0,1.42,17.0,17.0,17.0,0.0,17.0,-140.7,-136.6,-134.5,-134.5,-134.5,-134.5,,,,,,,,0.26,,1.0,,2026-08-25,,,,,0.5,,,0.0
2371,RB665,2393,2371,2509,2509,2507,2509,2397,2509,5159010,Messiah Mickens,VT,RB,12.0,12.0,12.0,1.92,23.1,23.1,23.1,0.0,23.1,-134.6,-136.1,-134.6,-134.6,-134.6,-134.6,,,,,,,,0.49,,1.0,,2026-08-25,,,,,0.5,,,0.0
2372,WR1150,2424,2372,2862,2862,2862,2862,2750,2862,5146164,Logan Saldate,ND,WR,12.0,12.0,12.0,1.41,16.9,16.9,16.9,0.0,16.9,-140.8,-136.7,-134.6,-134.6,-134.6,-134.6,,,,,,,,0.49,,1.0,,2026-08-25,,,,,0.5,,,0.0
2373,WR1151,2425,2373,2863,2863,2863,2863,2751,2863,5151071,Isreal Moses V,KU,WR,12.0,12.0,12.0,1.41,16.9,16.9,16.9,0.0,16.9,-140.8,-136.7,-134.6,-134.6,-134.6,-134.6,,,,,,,,0.26,,1.0,,2026-08-25,,,,,0.5,,,0.0
2374,WR1152,2426,2374,2864,2864,2864,2864,2752,2864,5207598,Charles Taplin,MSU,WR,12.0,12.0,12.0,1.41,16.9,16.9,16.9,0.0,16.9,-140.8,-136.7,-134.6,-134.6,-134.6,-134.6,,,,,,,,0.47,,1.0,,2026-08-25,,,,,0.5,,,0.0
2375,WR1153,2427,2375,2865,2865,2865,2865,2753,2865,5219113,AJ Maes,BOIS,WR,12.0,12.0,12.0,1.41,16.9,16.9,16.9,0.0,16.9,-140.8,-136.7,-134.6,-134.6,-134.6,-134.6,,,,,,,,0.27,,1.0,,2026-08-25,,,,,0.5,,,0.0
2376,WR1154,2428,2376,2867,2867,2867,2867,2755,2867,5384820,Keon Hutchins,WVU,WR,12.0,12.0,12.0,1.41,16.9,16.9,16.9,0.0,16.9,-140.8,-136.7,-134.6,-134.6,-134.6,-134.6,,,,,,,,0.26,,1.0,,2026-08-25,,,,,0.5,,,0.0
2377,WR1155,2429,2377,2868,2868,2868,2868,2756,2868,5388943,Kye Schlichting,NDSU,WR,12.0,12.0,12.0,1.41,16.9,16.9,16.9,0.0,16.9,-140.8,-136.7,-134.6,-134.6,-134.6,-134.6,,,,,,,,0.35,,1.0,,2026-08-25,,,,,0.5,,,0.0
2378,TE347,2148,2378,2512,2512,2510,2512,2400,2512,5209127,Jax Markovich,MASS,TE,12.0,12.0,12.0,1.92,23.0,23.0,23.0,0.0,23.0,-134.7,-130.6,-134.7,-134.7,-134.7,-134.7,,,,,,,,0.6,,1.0,,2026-08-25,,,,,0.5,,,0.0
2379,WR1156,2430,2379,2869,2869,2869,2869,2757,2869,5219475,Chace Knox,ARMY,WR,12.0,12.0,12.0,1.4,16.8,16.8,16.8,0.0,16.8,-140.9,-136.8,-134.7,-134.7,-134.7,-134.7,,,,,,,,0.3,,1.0,,2026-08-25,,,,,0.5,,,0.0
2380,TE348,2153,2380,2517,2517,2515,2517,2405,2517,5136180,Traville Frederick Jr.,HOU,TE,12.0,12.0,12.0,1.91,22.9,22.9,22.9,0.0,22.9,-134.8,-130.7,-134.8,-134.8,-134.8,-134.8,,,,,,,,0.44,,1.0,,2026-08-25,,,,,0.5,,,0.0
2381,RB666,2402,2381,2518,2518,2516,2518,2406,2518,5141740,Justin Thurman,KU,RB,12.0,12.0,12.0,1.91,22.9,22.9,22.9,0.0,22.9,-134.8,-136.3,-134.8,-134.8,-134.8,-134.8,,,,,,,,0.56,,1.0,,2026-08-25,,,,,0.5,,,0.0
2382,TE349,2154,2382,2520,2520,2518,2520,2408,2520,5210515,Daunte Bacheyie,SYR,TE,12.0,12.0,12.0,1.91,22.9,22.9,22.9,0.0,22.9,-134.8,-130.7,-134.8,-134.8,-134.8,-134.8,,,,,,,,0.57,,1.0,,2026-08-25,,,,,0.5,,,0.0
2383,TE350,2155,2383,2524,2524,2522,2524,2412,2524,5387612,Clint Walker,BUF,TE,12.0,12.0,12.0,1.91,22.9,22.9,22.9,0.0,22.9,-134.8,-130.7,-134.8,-134.8,-134.8,-134.8,,,,,,,,0.43,,1.0,,2026-08-25,,,,,0.5,,,0.0
2384,RB667,2403,2384,2525,2525,2523,2525,2413,2525,5390016,Chris Hunter,UTEP,RB,12.0,12.0,12.0,1.91,22.9,22.9,22.9,0.0,22.9,-134.8,-136.3,-134.8,-134.8,-134.8,-134.8,,,,,,,,0.34,,1.0,,2026-08-25,,,,,0.5,,,0.0
2385,WR1157,2432,2385,2872,2872,2872,2872,2760,2872,5150449,Dayton Sneed,UNC,WR,12.0,12.0,12.0,1.39,16.7,16.7,16.7,0.0,16.7,-141.0,-136.9,-134.8,-134.8,-134.8,-134.8,,,,,,,,0.29,,1.0,,2026-08-25,,,,,0.5,,,0.0
2386,WR1158,2433,2386,2873,2873,2873,2873,2761,2873,5156893,Jordan Martin,TXST,WR,12.0,12.0,12.0,1.39,16.7,16.7,16.7,0.0,16.7,-141.0,-136.9,-134.8,-134.8,-134.8,-134.8,,,,,,,,0.36,,1.0,,2026-08-25,,,,,0.5,,,0.0
2387,WR1159,2434,2387,2875,2875,2875,2875,2763,2875,5196924,Kenny Williams,FIU,WR,12.0,12.0,12.0,1.39,16.7,16.7,16.7,0.0,16.7,-141.0,-136.9,-134.8,-134.8,-134.8,-134.8,,,,,,,,0.43,,1.0,,2026-08-25,,,,,0.5,,,0.0
2388,RB668,2406,2388,2527,2527,2525,2527,2415,2527,5195698,Jace Clarizio,MSU,RB,12.0,12.0,12.0,1.9,22.8,22.8,22.8,0.0,22.8,-134.9,-136.4,-134.9,-134.9,-134.9,-134.9,,,,,,,,0.43,,1.0,,2026-08-25,,,,,0.5,,,0.0
2389,TE351,2159,2389,2528,2528,2526,2528,2416,2528,5201878,Andrew Olesh,ORE,TE,12.0,12.0,12.0,1.9,22.8,22.8,22.8,0.0,22.8,-134.9,-130.8,-134.9,-134.9,-134.9,-134.9,,,,,,,,0.52,,1.0,,2026-08-25,,,,,0.5,,,0.0
2390,WR1160,2438,2390,2879,2879,2879,2879,2767,2879,5151954,Zahn Coakley,UTSA,WR,12.0,12.0,12.0,1.38,16.6,16.6,16.6,0.0,16.6,-141.1,-137.0,-134.9,-134.9,-134.9,-134.9,,,,,,,,0.29,,1.0,,2026-08-25,,,,,0.5,,,0.0
2391,WR1161,2439,2391,2880,2880,2880,2880,2768,2880,5157316,Paul Davis,AKR,WR,12.0,12.0,12.0,1.38,16.6,16.6,16.6,0.0,16.6,-141.1,-137.0,-134.9,-134.9,-134.9,-134.9,,,,,,,,0.35,,1.0,,2026-08-25,,,,,0.5,,,0.0
2392,WR1162,2441,2392,2884,2884,2884,2884,2772,2884,5297763,Tyler J. Williams,UGA,WR,12.0,12.0,12.0,1.38,16.6,16.6,16.6,0.0,16.6,-141.1,-137.0,-134.9,-134.9,-134.9,-134.9,,,,,,,,0.5,,1.0,,2026-08-25,,,,,0.5,,,0.0
2393,QB212,4188,2393,762,762,753,765,653,765,5122887,Luke Moga,UNM,QB,12.0,12.0,12.0,7.42,89.0,89.0,89.0,0.0,89.0,-156.1,-156.2,-139.3,-135.0,-135.0,-135.0,,,,,,,,0.73,,1.0,,2026-08-25,,,,,0.5,,,0.0
2394,TE352,2165,2394,2533,2533,2531,2533,2421,2533,5227824,Beau Baker,WSU,TE,12.0,12.0,12.0,1.89,22.7,22.7,22.7,0.0,22.7,-135.0,-130.9,-135.0,-135.0,-135.0,-135.0,,,,,,,,0.52,,1.0,,2026-08-25,,,,,0.5,,,0.0
2395,WR1163,2448,2395,2887,2887,2887,2887,2775,2887,5150872,Andrew Adkison,PUR,WR,12.0,12.0,12.0,1.38,16.5,16.5,16.5,0.0,16.5,-141.2,-137.1,-135.0,-135.0,-135.0,-135.0,,,,,,,,0.32,,1.0,,2026-08-25,,,,,0.5,,,0.0
2396,WR1164,2449,2396,2888,2888,2888,2888,2776,2888,5162689,Eli Hohlt,BALL,WR,12.0,12.0,12.0,1.38,16.5,16.5,16.5,0.0,16.5,-141.2,-137.1,-135.0,-135.0,-135.0,-135.0,,,,,,,,0.28,,1.0,,2026-08-25,,,,,0.5,,,0.0
2397,WR1165,2450,2397,2889,2889,2889,2889,2777,2889,5189015,Kaleb Mitchell,SHSU,WR,12.0,12.0,12.0,1.38,16.5,16.5,16.5,0.0,16.5,-141.2,-137.1,-135.0,-135.0,-135.0,-135.0,,,,,,,,0.34,,1.0,,2026-08-25,,,,,0.5,,,0.0
2398,WR1166,2451,2398,2890,2890,2890,2890,2778,2890,5215236,Jamar Browder,MICH,WR,12.0,12.0,12.0,1.38,16.5,16.5,16.5,0.0,16.5,-141.2,-137.1,-135.0,-135.0,-135.0,-135.0,,,,,,,,0.36,,1.0,,2026-08-25,,,,,0.5,,,0.0
2399,TE353,2168,2399,2535,2535,2533,2535,2423,2535,5150694,Tripp Walsh,UNM,TE,12.0,12.0,12.0,1.88,22.6,22.6,22.6,0.0,22.6,-135.1,-131.0,-135.1,-135.1,-135.1,-135.1,,,,,,,,0.51,,1.0,,2026-08-25,,,,,0.5,,,0.0
2400,RB669,2417,2400,2538,2538,2536,2538,2426,2538,5290496,R.J. Blount,TEM,RB,12.0,12.0,12.0,1.88,22.6,22.6,22.6,0.0,22.6,-135.1,-136.6,-135.1,-135.1,-135.1,-135.1,,,,,,,,0.42,,1.0,,2026-08-25,,,,,0.5,,,0.0
2401,WR1167,2456,2401,2897,2897,2897,2897,2785,2897,5290568,R.J. Mosley,ARIZ,WR,12.0,12.0,12.0,1.37,16.4,16.4,16.4,0.0,16.4,-141.3,-137.2,-135.1,-135.1,-135.1,-135.1,,,,,,,,0.37,,1.0,,2026-08-25,,,,,0.5,,,0.0
2402,WR1168,2457,2402,2900,2900,2900,2900,2788,2900,5388941,Myles Ellis,NDSU,WR,12.0,12.0,12.0,1.37,16.4,16.4,16.4,0.0,16.4,-141.3,-137.2,-135.1,-135.1,-135.1,-135.1,,,,,,,,0.36,,1.0,,2026-08-25,,,,,0.5,,,0.0
2403,TE354,2172,2403,2539,2539,2537,2539,2427,2539,5081876,Jack Bjorn,ISU,TE,12.0,12.0,12.0,1.88,22.5,22.5,22.5,0.0,22.5,-135.2,-131.1,-135.2,-135.2,-135.2,-135.2,,,,,,,,0.45,,1.0,,2026-08-25,,,,,0.5,,,0.0
2404,TE355,2173,2404,2540,2540,2538,2540,2428,2540,5145523,Jae Beasley II,UNLV,TE,12.0,12.0,12.0,1.88,22.5,22.5,22.5,0.0,22.5,-135.2,-131.1,-135.2,-135.2,-135.2,-135.2,,,,,,,,0.47,,1.0,,2026-08-25,,,,,0.5,,,0.0
2405,RB670,2421,2405,2544,2544,2542,2544,2432,2544,5216509,Davian Jackson,TXST,RB,12.0,12.0,12.0,1.88,22.5,22.5,22.5,0.0,22.5,-135.2,-136.7,-135.2,-135.2,-135.2,-135.2,,,,,,,,0.41,,1.0,,2026-08-25,,,,,0.5,,,0.0
2406,RB671,2422,2406,2545,2545,2543,2545,2433,2545,5271174,Decorie Johnson,EMU,RB,12.0,12.0,12.0,1.88,22.5,22.5,22.5,0.0,22.5,-135.2,-136.7,-135.2,-135.2,-135.2,-135.2,,,,,,,,0.48,,1.0,,2026-08-25,,,,,0.5,,,0.0
2407,WR1169,2463,2407,2903,2903,2903,2903,2791,2903,5164353,Sah'nye Degraffenreidt,RUTG,WR,12.0,12.0,12.0,1.36,16.3,16.3,16.3,0.0,16.3,-141.4,-137.3,-135.2,-135.2,-135.2,-135.2,,,,,,,,0.36,,1.0,,2026-08-25,,,,,0.5,,,0.0
2408,WR1170,2464,2408,2904,2904,2904,2904,2792,2904,5222157,Erick Smith,AUB,WR,12.0,12.0,12.0,1.36,16.3,16.3,16.3,0.0,16.3,-141.4,-137.3,-135.2,-135.2,-135.2,-135.2,,,,,,,,0.39,,1.0,,2026-08-25,,,,,0.5,,,0.0
2409,QB213,4193,2409,768,768,759,771,659,771,5079572,Dylan Raiola,ORE,QB,12.0,12.0,12.0,7.39,88.7,88.7,88.7,0.0,88.7,-156.4,-156.5,-139.6,-135.3,-135.3,-135.3,,,,,,,,0.8,,1.0,,2026-08-25,,,,,0.5,,,0.0
2410,TE356,2177,2410,2547,2547,2545,2547,2435,2547,5086618,Logan Tanner,SAC,TE,12.0,12.0,12.0,1.87,22.4,22.4,22.4,0.0,22.4,-135.3,-131.2,-135.3,-135.3,-135.3,-135.3,,,,,,,,0.49,,1.0,,2026-08-25,,,,,0.5,,,0.0
2411,WR1171,2468,2411,2907,2907,2907,2907,2795,2907,5151831,Justin Haggerty,MRSH,WR,12.0,12.0,12.0,1.35,16.2,16.2,16.2,0.0,16.2,-141.5,-137.4,-135.3,-135.3,-135.3,-135.3,,,,,,,,0.26,,1.0,,2026-08-25,,,,,0.5,,,0.0
2412,WR1172,2470,2412,2909,2909,2909,2909,2797,2909,5159093,EJ White,FSU,WR,12.0,12.0,12.0,1.35,16.2,16.2,16.2,0.0,16.2,-141.5,-137.4,-135.3,-135.3,-135.3,-135.3,,,,,,,,0.42,,1.0,,2026-08-25,,,,,0.5,,,0.0
2413,TE357,2181,2413,2551,2551,2549,2551,2439,2551,5085698,Duke Frye,NMSU,TE,12.0,12.0,12.0,1.86,22.3,22.3,22.3,0.0,22.3,-135.4,-131.3,-135.4,-135.4,-135.4,-135.4,,,,,,,,0.42,,1.0,,2026-08-25,,,,,0.5,,,0.0
2414,WR1173,2474,2414,2913,2913,2913,2913,2801,2913,5201872,Romero Ison,USC,WR,12.0,12.0,12.0,1.34,16.1,16.1,16.1,0.0,16.1,-141.6,-137.5,-135.4,-135.4,-135.4,-135.4,,,,,,,,0.39,,1.0,,2026-08-25,,,,,0.5,,,0.0
2415,WR1174,2475,2415,2914,2914,2914,2914,2802,2914,5209314,Travis Johnson,MICH,WR,12.0,12.0,12.0,1.34,16.1,16.1,16.1,0.0,16.1,-141.6,-137.5,-135.4,-135.4,-135.4,-135.4,,,,,,,,0.36,,1.0,,2026-08-25,,,,,0.5,,,0.0
2416,RB672,2435,2416,2557,2557,2555,2557,2445,2557,5291815,Courshawn Hill,SJSU,RB,12.0,12.0,12.0,1.85,22.2,22.2,22.2,0.0,22.2,-135.5,-137.0,-135.5,-135.5,-135.5,-135.5,,,,,,,,0.44,,1.0,,2026-08-25,,,,,0.5,,,0.0
2417,WR1175,2478,2417,2923,2923,2923,2923,2811,2923,5214503,Jeremiah Jones,NEB,WR,12.0,12.0,12.0,1.33,16.0,16.0,16.0,0.0,16.0,-141.7,-137.6,-135.5,-135.5,-135.5,-135.5,,,,,,,,0.52,,1.0,,2026-08-25,,,,,0.5,,,0.0
2418,WR1176,2479,2418,2924,2924,2924,2924,2812,2924,5220478,Prosper Akanna,NAVY,WR,12.0,12.0,12.0,1.33,16.0,16.0,16.0,0.0,16.0,-141.7,-137.6,-135.5,-135.5,-135.5,-135.5,,,,,,,,0.28,,1.0,,2026-08-25,,,,,0.5,,,0.0
2419,TE358,2185,2419,2558,2558,2556,2558,2446,2558,4685301,Quinton Conley,KU,TE,12.0,12.0,12.0,1.84,22.1,22.1,22.1,0.0,22.1,-135.6,-131.5,-135.6,-135.6,-135.6,-135.6,,,,,,,,0.46,,1.0,,2026-08-25,,,,,0.5,,,0.0
2420,TE359,2186,2420,2559,2559,2557,2559,2447,2559,5081567,Blake Van Buren,NU,TE,12.0,12.0,12.0,1.84,22.1,22.1,22.1,0.0,22.1,-135.6,-131.5,-135.6,-135.6,-135.6,-135.6,,,,,,,,0.44,,1.0,,2026-08-25,,,,,0.5,,,0.0
2421,TE360,2187,2421,2560,2560,2558,2560,2448,2560,5142264,Jay Lindsey,ALA,TE,12.0,12.0,12.0,1.84,22.1,22.1,22.1,0.0,22.1,-135.6,-131.5,-135.6,-135.6,-135.6,-135.6,,,,,,,,0.53,,1.0,,2026-08-25,,,,,0.5,,,0.0
2422,RB673,2443,2422,2561,2561,2559,2561,2449,2561,5151321,Mason Culton,UTSA,RB,12.0,12.0,12.0,1.84,22.1,22.1,22.1,0.0,22.1,-135.6,-137.1,-135.6,-135.6,-135.6,-135.6,,,,,,,,0.32,,1.0,,2026-08-25,,,,,0.5,,,0.0
2423,TE361,2188,2423,2562,2562,2560,2562,2450,2562,5214451,Mike Tyler,SC,TE,12.0,12.0,12.0,1.84,22.1,22.1,22.1,0.0,22.1,-135.6,-131.5,-135.6,-135.6,-135.6,-135.6,,,,,,,,0.55,,1.0,,2026-08-25,,,,,0.5,,,0.0
2424,RB674,2444,2424,2564,2564,2562,2564,2452,2564,5296029,Robert Henderson,USM,RB,12.0,12.0,12.0,1.84,22.1,22.1,22.1,0.0,22.1,-135.6,-137.1,-135.6,-135.6,-135.6,-135.6,,,,,,,,0.42,,1.0,,2026-08-25,,,,,0.5,,,0.0
2425,RB675,2445,2425,2565,2565,2563,2565,2453,2565,5302489,Ben McCreary,OU,RB,12.0,12.0,12.0,1.84,22.1,22.1,22.1,0.0,22.1,-135.6,-137.1,-135.6,-135.6,-135.6,-135.6,,,,,,,,0.36,,1.0,,2026-08-25,,,,,0.5,,,0.0
2426,RB676,2446,2426,2566,2566,2564,2566,2454,2566,5381524,James Minor,CIN,RB,12.0,12.0,12.0,1.84,22.1,22.1,22.1,0.0,22.1,-135.6,-137.1,-135.6,-135.6,-135.6,-135.6,,,,,,,,0.32,,1.0,,2026-08-25,,,,,0.5,,,0.0
2427,WR1177,2480,2427,2927,2927,2927,2927,2815,2927,5076099,Stephon Daily,CSU,WR,12.0,12.0,12.0,1.32,15.9,15.9,15.9,0.0,15.9,-141.8,-137.7,-135.6,-135.6,-135.6,-135.6,,,,,,,,0.36,,1.0,,2026-08-25,,,,,0.5,,,0.0
2428,WR1178,2482,2428,2931,2931,2931,2931,2819,2931,5385726,Tyren Hornes,UCF,WR,12.0,12.0,12.0,1.32,15.9,15.9,15.9,0.0,15.9,-141.8,-137.7,-135.6,-135.6,-135.6,-135.6,,,,,,,,0.36,,1.0,,2026-08-25,,,,,0.5,,,0.0
2429,RB677,2452,2429,2569,2569,2567,2569,2457,2569,5295180,Cam Macon,AKR,RB,12.0,12.0,12.0,1.83,22.0,22.0,22.0,0.0,22.0,-135.7,-137.2,-135.7,-135.7,-135.7,-135.7,,,,,,,,0.37,,1.0,,2026-08-25,,,,,0.5,,,0.0
2430,RB678,2453,2430,2571,2571,2569,2571,2459,2571,5296325,Oliver Redd,DEL,RB,12.0,12.0,12.0,1.83,22.0,22.0,22.0,0.0,22.0,-135.7,-137.2,-135.7,-135.7,-135.7,-135.7,,,,,,,,0.36,,1.0,,2026-08-25,,,,,0.5,,,0.0
2431,WR1179,2484,2431,2933,2933,2933,2933,2821,2933,5141501,Gracen Harris,MSST,WR,12.0,12.0,12.0,1.32,15.8,15.8,15.8,0.0,15.8,-141.9,-137.8,-135.7,-135.7,-135.7,-135.7,,,,,,,,0.41,,1.0,,2026-08-25,,,,,0.5,,,0.0
2432,WR1180,2485,2432,2934,2934,2934,2934,2822,2934,5222227,DeBraun Hampton,BAY,WR,12.0,12.0,12.0,1.32,15.8,15.8,15.8,0.0,15.8,-141.9,-137.8,-135.7,-135.7,-135.7,-135.7,,,,,,,,0.24,,1.0,,2026-08-25,,,,,0.5,,,0.0
2433,WR1181,2486,2433,2936,2936,2936,2936,2824,2936,5295722,Michael Johnson Jr.,BAY,WR,12.0,12.0,12.0,1.32,15.8,15.8,15.8,0.0,15.8,-141.9,-137.8,-135.7,-135.7,-135.7,-135.7,,,,,,,,0.24,,1.0,,2026-08-25,,,,,0.5,,,0.0
2434,QB214,4202,2434,772,772,763,775,663,775,4816095,Blaine Hipa,DUKE,QB,12.0,12.0,12.0,7.35,88.2,88.2,88.2,0.0,88.2,-156.9,-157.0,-140.1,-135.8,-135.8,-135.8,,,,,,,,0.69,,1.0,,2026-08-25,,,,,0.5,,,0.0
2435,TE362,2199,2435,2575,2575,2573,2575,2463,2575,5142704,Carson Bruhn,KU,TE,12.0,12.0,12.0,1.82,21.9,21.9,21.9,0.0,21.9,-135.8,-131.7,-135.8,-135.8,-135.8,-135.8,,,,,,,,0.64,,1.0,,2026-08-25,,,,,0.5,,,0.0
2436,RB679,2458,2436,2576,2576,2574,2576,2464,2576,5209302,Quaid Carr,WASH,RB,12.0,12.0,12.0,1.82,21.9,21.9,21.9,0.0,21.9,-135.8,-137.3,-135.8,-135.8,-135.8,-135.8,,,,,,,,0.62,,1.0,,2026-08-25,,,,,0.5,,,0.0
2437,RB680,2459,2437,2577,2577,2575,2577,2465,2577,5220388,Ashton Jones,MTSU,RB,12.0,12.0,12.0,1.82,21.9,21.9,21.9,0.0,21.9,-135.8,-137.3,-135.8,-135.8,-135.8,-135.8,,,,,,,,0.4,,1.0,,2026-08-25,,,,,0.5,,,0.0
2438,RB681,2460,2438,2578,2578,2576,2578,2466,2578,5239928,Kelvin Jimenez,FLA,RB,12.0,12.0,12.0,1.82,21.9,21.9,21.9,0.0,21.9,-135.8,-137.3,-135.8,-135.8,-135.8,-135.8,,,,,,,,0.42,,1.0,,2026-08-25,,,,,0.5,,,0.0
2439,RB682,2461,2439,2579,2579,2577,2579,2467,2579,5295758,Joe Ober,CCU,RB,12.0,12.0,12.0,1.82,21.9,21.9,21.9,0.0,21.9,-135.8,-137.3,-135.8,-135.8,-135.8,-135.8,,,,,,,,0.43,,1.0,,2026-08-25,,,,,0.5,,,0.0
2440,RB683,2462,2440,2581,2581,2579,2581,2469,2581,5382529,Deuce Lawrence,WAKE,RB,12.0,12.0,12.0,1.82,21.9,21.9,21.9,0.0,21.9,-135.8,-137.3,-135.8,-135.8,-135.8,-135.8,,,,,,,,0.43,,1.0,,2026-08-25,,,,,0.5,,,0.0
2441,WR1182,2489,2441,2938,2938,2938,2938,2826,2938,5161004,Brody Keefe,DUKE,WR,12.0,12.0,12.0,1.31,15.7,15.7,15.7,0.0,15.7,-142.0,-137.9,-135.8,-135.8,-135.8,-135.8,,,,,,,,0.34,,1.0,,2026-08-25,,,,,0.5,,,0.0
2442,WR1183,2490,2442,2939,2939,2939,2939,2827,2939,5161829,Tyreek King,TENN,WR,12.0,12.0,12.0,1.31,15.7,15.7,15.7,0.0,15.7,-142.0,-137.9,-135.8,-135.8,-135.8,-135.8,,,,,,,,0.33,,1.0,,2026-08-25,,,,,0.5,,,0.0
2443,WR1184,2491,2443,2940,2940,2940,2940,2828,2940,5166911,Connor Hodge,ECU,WR,12.0,12.0,12.0,1.31,15.7,15.7,15.7,0.0,15.7,-142.0,-137.9,-135.8,-135.8,-135.8,-135.8,,,,,,,,0.34,,1.0,,2026-08-25,,,,,0.5,,,0.0
2444,WR1185,2492,2444,2943,2943,2943,2943,2831,2943,5214940,Jourdin Houston,RUTG,WR,12.0,12.0,12.0,1.31,15.7,15.7,15.7,0.0,15.7,-142.0,-137.9,-135.8,-135.8,-135.8,-135.8,,,,,,,,0.35,,1.0,,2026-08-25,,,,,0.5,,,0.0
2445,WR1186,2493,2445,2944,2944,2944,2944,2832,2944,5297958,SJ Green,NDSU,WR,12.0,12.0,12.0,1.31,15.7,15.7,15.7,0.0,15.7,-142.0,-137.9,-135.8,-135.8,-135.8,-135.8,,,,,,,,0.35,,1.0,,2026-08-25,,,,,0.5,,,0.0
2446,WR1187,2494,2446,2945,2945,2945,2945,2833,2945,5387611,Jaylen Andrews,BUF,WR,12.0,12.0,12.0,1.31,15.7,15.7,15.7,0.0,15.7,-142.0,-137.9,-135.8,-135.8,-135.8,-135.8,,,,,,,,0.27,,1.0,,2026-08-25,,,,,0.5,,,0.0
2447,TE363,2201,2447,2582,2582,2580,2582,2470,2582,5141467,Luka Gilbert,MIA,TE,12.0,12.0,12.0,1.82,21.8,21.8,21.8,0.0,21.8,-135.9,-131.8,-135.9,-135.9,-135.9,-135.9,,,,,,,,0.62,,1.0,,2026-08-25,,,,,0.5,,,0.0
2448,RB684,2465,2448,2583,2583,2581,2583,2471,2583,5209316,Amante Martin,TCU,RB,12.0,12.0,12.0,1.82,21.8,21.8,21.8,0.0,21.8,-135.9,-137.4,-135.9,-135.9,-135.9,-135.9,,,,,,,,0.43,,1.0,,2026-08-25,,,,,0.5,,,0.0
2449,RB685,2466,2449,2584,2584,2582,2584,2472,2584,5294123,Beck Walker,WASH,RB,12.0,12.0,12.0,1.82,21.8,21.8,21.8,0.0,21.8,-135.9,-137.4,-135.9,-135.9,-135.9,-135.9,,,,,,,,0.31,,1.0,,2026-08-25,,,,,0.5,,,0.0
2450,WR1188,2496,2450,2946,2946,2946,2946,2834,2946,5297928,Drake Schlosser,NDSU,WR,12.0,12.0,12.0,1.3,15.6,15.6,15.6,0.0,15.6,-142.1,-138.0,-135.9,-135.9,-135.9,-135.9,,,,,,,,0.37,,1.0,,2026-08-25,,,,,0.5,,,0.0
2451,QB215,4204,2451,774,774,765,777,665,777,4685697,Zion Turner,MRSH,QB,12.0,12.0,12.0,7.33,88.0,88.0,88.0,0.0,88.0,-157.1,-157.2,-140.3,-136.0,-136.0,-136.0,,,,,,,,0.74,,1.0,,2026-08-25,,,,,0.5,,,0.0
2452,TE364,2203,2452,2586,2586,2584,2586,2474,2586,5097169,Matthew Lusardi,WAKE,TE,12.0,12.0,12.0,1.81,21.7,21.7,21.7,0.0,21.7,-136.0,-131.9,-136.0,-136.0,-136.0,-136.0,,,,,,,,0.47,,1.0,,2026-08-25,,,,,0.5,,,0.0
2453,WR1189,2500,2453,2953,2953,2953,2953,2841,2953,5198104,Elijah Burress,ND,WR,12.0,12.0,12.0,1.29,15.5,15.5,15.5,0.0,15.5,-142.2,-138.1,-136.0,-136.0,-136.0,-136.0,,,,,,,,0.53,,1.0,,2026-08-25,,,,,0.5,,,0.0
2454,WR1190,2501,2454,2954,2954,2954,2954,2842,2954,5252214,Luc Weaver,USC,WR,12.0,12.0,12.0,1.29,15.5,15.5,15.5,0.0,15.5,-142.2,-138.1,-136.0,-136.0,-136.0,-136.0,,,,,,,,0.37,,1.0,,2026-08-25,,,,,0.5,,,0.0
2455,WR1191,2504,2455,2955,2955,2955,2955,2843,2955,5153036,Dylan Williams,JMU,WR,12.0,12.0,12.0,1.28,15.4,15.4,15.4,0.0,15.4,-142.3,-138.2,-136.1,-136.1,-136.1,-136.1,,,,,,,,0.31,,1.0,,2026-08-25,,,,,0.5,,,0.0
2456,TE365,2209,2456,2593,2593,2591,2593,2481,2593,5108222,Steven Gorski,ULM,TE,12.0,12.0,12.0,1.79,21.5,21.5,21.5,0.0,21.5,-136.2,-132.1,-136.2,-136.2,-136.2,-136.2,,,,,,,,0.42,,1.0,,2026-08-25,,,,,0.5,,,0.0
2457,WR1192,2508,2457,2959,2959,2959,2959,2847,2959,5155750,CD Gill,UAB,WR,12.0,12.0,12.0,1.28,15.3,15.3,15.3,0.0,15.3,-142.4,-138.3,-136.2,-136.2,-136.2,-136.2,,,,,,,,0.38,,1.0,,2026-08-25,,,,,0.5,,,0.0
2458,WR1193,2510,2458,2961,2961,2961,2961,2849,2961,5159137,Jayden Bell,NMSU,WR,12.0,12.0,12.0,1.28,15.3,15.3,15.3,0.0,15.3,-142.4,-138.3,-136.2,-136.2,-136.2,-136.2,,,,,,,,0.27,,1.0,,2026-08-25,,,,,0.5,,,0.0
2459,WR1194,2511,2459,2963,2963,2963,2963,2851,2963,5211697,Sherone White Jr.,MRSH,WR,12.0,12.0,12.0,1.28,15.3,15.3,15.3,0.0,15.3,-142.4,-138.3,-136.2,-136.2,-136.2,-136.2,,,,,,,,0.32,,1.0,,2026-08-25,,,,,0.5,,,0.0
2460,WR1195,2512,2460,2965,2965,2965,2965,2853,2965,5296342,Ashton Navarrete,DEL,WR,12.0,12.0,12.0,1.28,15.3,15.3,15.3,0.0,15.3,-142.4,-138.3,-136.2,-136.2,-136.2,-136.2,,,,,,,,0.34,,1.0,,2026-08-25,,,,,0.5,,,0.0
2461,TE366,2214,2461,2598,2598,2596,2598,2486,2598,5075851,Sam Peters,MINN,TE,12.0,12.0,12.0,1.78,21.4,21.4,21.4,0.0,21.4,-136.3,-132.2,-136.3,-136.3,-136.3,-136.3,,,,,,,,0.46,,1.0,,2026-08-25,,,,,0.5,,,0.0
2462,TE367,2215,2462,2599,2599,2597,2599,2487,2599,5126527,Ian Flynt,NCSU,TE,12.0,12.0,12.0,1.78,21.4,21.4,21.4,0.0,21.4,-136.3,-132.2,-136.3,-136.3,-136.3,-136.3,,,,,,,,0.45,,1.0,,2026-08-25,,,,,0.5,,,0.0
2463,WR1196,2521,2463,2971,2971,2971,2971,2859,2971,5219479,Seth Franklin,CLT,WR,12.0,12.0,12.0,1.27,15.2,15.2,15.2,0.0,15.2,-142.5,-138.4,-136.3,-136.3,-136.3,-136.3,,,,,,,,0.25,,1.0,,2026-08-25,,,,,0.5,,,0.0
2464,WR1197,2522,2464,2972,2972,2972,2972,2860,2972,5222214,Trae Stevenson,USA,WR,12.0,12.0,12.0,1.27,15.2,15.2,15.2,0.0,15.2,-142.5,-138.4,-136.3,-136.3,-136.3,-136.3,,,,,,,,0.34,,1.0,,2026-08-25,,,,,0.5,,,0.0
2465,WR1198,2523,2465,2975,2975,2975,2975,2863,2975,5297959,Dylan Vokal,NDSU,WR,12.0,12.0,12.0,1.27,15.2,15.2,15.2,0.0,15.2,-142.5,-138.4,-136.3,-136.3,-136.3,-136.3,,,,,,,,0.36,,1.0,,2026-08-25,,,,,0.5,,,0.0
2466,TE368,2218,2466,2603,2603,2601,2603,2491,2603,4923049,Bo Burklow,LIB,TE,12.0,12.0,12.0,1.78,21.3,21.3,21.3,0.0,21.3,-136.4,-132.3,-136.4,-136.4,-136.4,-136.4,,,,,,,,0.45,,1.0,,2026-08-25,,,,,0.5,,,0.0
2467,RB686,2487,2467,2604,2604,2602,2604,2492,2604,5149001,Daniel Anderson,NU,RB,12.0,12.0,12.0,1.78,21.3,21.3,21.3,0.0,21.3,-136.4,-137.9,-136.4,-136.4,-136.4,-136.4,,,,,,,,0.5,,1.0,,2026-08-25,,,,,0.5,,,0.0
2468,TE369,2222,2468,2610,2610,2608,2610,2498,2610,5394410,Riley Palmeter,OHIO,TE,12.0,12.0,12.0,1.78,21.3,21.3,21.3,0.0,21.3,-136.4,-132.3,-136.4,-136.4,-136.4,-136.4,,,,,,,,0.45,,1.0,,2026-08-25,,,,,0.5,,,0.0
2469,RB687,2495,2469,2613,2613,2611,2613,2501,2613,5215624,Jayden Barr,GT,RB,12.0,12.0,12.0,1.77,21.2,21.2,21.2,0.0,21.2,-136.5,-138.0,-136.5,-136.5,-136.5,-136.5,,,,,,,,0.42,,1.0,,2026-08-25,,,,,0.5,,,0.0
2470,WR1199,2530,2470,2981,2981,2981,2981,2869,2981,5160163,Ethan Black,PSU,WR,12.0,12.0,12.0,1.25,15.0,15.0,15.0,0.0,15.0,-142.7,-138.6,-136.5,-136.5,-136.5,-136.5,,,,,,,,0.24,,1.0,,2026-08-25,,,,,0.5,,,0.0
2471,WR1200,2531,2471,2982,2982,2982,2982,2870,2982,5208136,Matthew Outten,SYR,WR,12.0,12.0,12.0,1.25,15.0,15.0,15.0,0.0,15.0,-142.7,-138.6,-136.5,-136.5,-136.5,-136.5,,,,,,,,0.4,,1.0,,2026-08-25,,,,,0.5,,,0.0
2472,QB216,4207,2472,788,788,779,791,679,791,5232049,Raymond Moore III,UTEP,QB,12.0,12.0,12.0,7.28,87.4,87.4,87.4,0.0,87.4,-157.7,-157.8,-140.9,-136.6,-136.6,-136.6,,,,,,,,0.78,,1.0,,2026-08-25,,,,,0.5,,,0.0
2473,WR1201,2536,2473,2986,2986,2986,2986,2874,2986,5158988,Dyzier Carter,RUTG,WR,12.0,12.0,12.0,1.24,14.9,14.9,14.9,0.0,14.9,-142.8,-138.7,-136.6,-136.6,-136.6,-136.6,,,,,,,,0.36,,1.0,,2026-08-25,,,,,0.5,,,0.0
2474,WR1202,2537,2474,2989,2989,2989,2989,2877,2989,5220480,Andersen Cardoza,NAVY,WR,12.0,12.0,12.0,1.24,14.9,14.9,14.9,0.0,14.9,-142.8,-138.7,-136.6,-136.6,-136.6,-136.6,,,,,,,,0.26,,1.0,,2026-08-25,,,,,0.5,,,0.0
2475,TE370,2235,2475,2616,2616,2614,2616,2504,2616,5142604,Brock Schott,IU,TE,12.0,12.0,12.0,1.75,21.0,21.0,21.0,0.0,21.0,-136.7,-132.6,-136.7,-136.7,-136.7,-136.7,,,,,,,,0.5,,1.0,,2026-08-25,,,,,0.5,,,0.0
2476,TE371,2236,2476,2617,2617,2615,2617,2505,2617,5151802,Griffin Reimer,WKU,TE,12.0,12.0,12.0,1.75,21.0,21.0,21.0,0.0,21.0,-136.7,-132.6,-136.7,-136.7,-136.7,-136.7,,,,,,,,0.5,,1.0,,2026-08-25,,,,,0.5,,,0.0
2477,RB688,2502,2477,2618,2618,2616,2618,2506,2618,5211745,Izaiah Wright,PUR,RB,12.0,12.0,12.0,1.75,21.0,21.0,21.0,0.0,21.0,-136.7,-138.2,-136.7,-136.7,-136.7,-136.7,,,,,,,,0.45,,1.0,,2026-08-25,,,,,0.5,,,0.0
2478,RB689,2503,2478,2619,2619,2617,2619,2507,2619,5218243,Jeremiah Johnson,USF,RB,12.0,12.0,12.0,1.75,21.0,21.0,21.0,0.0,21.0,-136.7,-138.2,-136.7,-136.7,-136.7,-136.7,,,,,,,,0.5,,1.0,,2026-08-25,,,,,0.5,,,0.0
2479,TE372,2237,2479,2620,2620,2618,2620,2508,2620,5296401,Brayden Bockler,LT,TE,12.0,12.0,12.0,1.75,21.0,21.0,21.0,0.0,21.0,-136.7,-132.6,-136.7,-136.7,-136.7,-136.7,,,,,,,,0.48,,1.0,,2026-08-25,,,,,0.5,,,0.0
2480,WR1203,2542,2480,2992,2992,2992,2992,2880,2992,5215173,Johnny Williams,ECU,WR,12.0,12.0,12.0,1.23,14.8,14.8,14.8,0.0,14.8,-142.9,-138.8,-136.7,-136.7,-136.7,-136.7,,,,,,,,0.32,,1.0,,2026-08-25,,,,,0.5,,,0.0
2481,WR1204,2543,2481,2996,2996,2996,2996,2884,2996,5332189,Fredrick Moore,MSU,WR,12.0,12.0,12.0,1.23,14.8,14.8,14.8,0.0,14.8,-142.9,-138.8,-136.7,-136.7,-136.7,-136.7,,,,,,,,0.27,,1.0,,2026-08-25,,,,,0.5,,,0.0
2482,RB690,2506,2482,2625,2625,2623,2625,2513,2625,5258290,Malachi Fannin-Render,JMU,RB,12.0,12.0,12.0,1.74,20.9,20.9,20.9,0.0,20.9,-136.8,-138.3,-136.8,-136.8,-136.8,-136.8,,,,,,,,0.41,,1.0,,2026-08-25,,,,,0.5,,,0.0
2483,RB691,2507,2483,2626,2626,2624,2626,2514,2626,5376777,Matt Williams,ND,RB,12.0,12.0,12.0,1.74,20.9,20.9,20.9,0.0,20.9,-136.8,-138.3,-136.8,-136.8,-136.8,-136.8,,,,,,,,0.26,,1.0,,2026-08-25,,,,,0.5,,,0.0
2484,WR1205,2549,2484,3003,3003,3003,3003,2891,3003,5245413,Zion Crumpton,MSST,WR,12.0,12.0,12.0,1.22,14.7,14.7,14.7,0.0,14.7,-143.0,-138.9,-136.8,-136.8,-136.8,-136.8,,,,,,,,0.35,,1.0,,2026-08-25,,,,,0.5,,,0.0
2485,TE373,2243,2485,2627,2627,2625,2627,2515,2627,5081157,Gage Reale,ECU,TE,12.0,12.0,12.0,1.73,20.8,20.8,20.8,0.0,20.8,-136.9,-132.8,-136.9,-136.9,-136.9,-136.9,,,,,,,,0.36,,1.0,,2026-08-25,,,,,0.5,,,0.0
2486,RB692,2516,2486,2631,2631,2629,2631,2519,2631,5265523,Kelvin Washington,TLSA,RB,12.0,12.0,12.0,1.73,20.8,20.8,20.8,0.0,20.8,-136.9,-138.4,-136.9,-136.9,-136.9,-136.9,,,,,,,,0.55,,1.0,,2026-08-25,,,,,0.5,,,0.0
2487,RB693,2517,2487,2632,2632,2630,2632,2520,2632,5281489,Robert Lathon Jr.,MTSU,RB,12.0,12.0,12.0,1.73,20.8,20.8,20.8,0.0,20.8,-136.9,-138.4,-136.9,-136.9,-136.9,-136.9,,,,,,,,0.44,,1.0,,2026-08-25,,,,,0.5,,,0.0
2488,RB694,2518,2488,2633,2633,2631,2633,2521,2633,5293701,Demani Stewart,ARMY,RB,12.0,12.0,12.0,1.73,20.8,20.8,20.8,0.0,20.8,-136.9,-138.4,-136.9,-136.9,-136.9,-136.9,,,,,,,,0.4,,1.0,,2026-08-25,,,,,0.5,,,0.0
2489,WR1206,2552,2489,3007,3007,3007,3007,2895,3007,5215428,Nate Lyman,EMU,WR,12.0,12.0,12.0,1.22,14.6,14.6,14.6,0.0,14.6,-143.1,-139.0,-136.9,-136.9,-136.9,-136.9,,,,,,,,0.34,,1.0,,2026-08-25,,,,,0.5,,,0.0
2490,QB217,4209,2490,793,793,784,796,684,796,5156994,Trey Drake,NDSU,QB,12.0,12.0,12.0,7.25,87.0,87.0,87.0,0.0,87.0,-158.1,-158.2,-141.3,-137.0,-137.0,-137.0,,,,,,,,0.7,,1.0,,2026-08-25,,,,,0.5,,,0.0
2491,RB695,2524,2491,2638,2638,2636,2638,2526,2638,5291131,Ameir Morrow,TEM,RB,12.0,12.0,12.0,1.72,20.7,20.7,20.7,0.0,20.7,-137.0,-138.5,-137.0,-137.0,-137.0,-137.0,,,,,,,,0.41,,1.0,,2026-08-25,,,,,0.5,,,0.0
2492,RB696,2525,2492,2639,2639,2637,2639,2527,2639,5326984,Ricardo Laboy,MASS,RB,12.0,12.0,12.0,1.72,20.7,20.7,20.7,0.0,20.7,-137.0,-138.5,-137.0,-137.0,-137.0,-137.0,,,,,,,,0.32,,1.0,,2026-08-25,,,,,0.5,,,0.0
2493,WR1207,2553,2493,3010,3010,3010,3010,2898,3010,5141497,Kamryn Jones,BOIS,WR,12.0,12.0,12.0,1.21,14.5,14.5,14.5,0.0,14.5,-143.2,-139.1,-137.0,-137.0,-137.0,-137.0,,,,,,,,0.32,,1.0,,2026-08-25,,,,,0.5,,,0.0
2494,WR1208,2555,2494,3012,3012,3012,3012,2900,3012,5159094,Madden Williams,TA&M,WR,12.0,12.0,12.0,1.21,14.5,14.5,14.5,0.0,14.5,-143.2,-139.1,-137.0,-137.0,-137.0,-137.0,,,,,,,,0.38,,1.0,,2026-08-25,,,,,0.5,,,0.0
2495,WR1209,2557,2495,3015,3015,3015,3015,2903,3015,5309672,Sylas Maiava-Alaimalo,AF,WR,12.0,12.0,12.0,1.21,14.5,14.5,14.5,0.0,14.5,-143.2,-139.1,-137.0,-137.0,-137.0,-137.0,,,,,,,,0.39,,1.0,,2026-08-25,,,,,0.5,,,0.0
2496,RB697,2528,2496,2640,2640,2638,2640,2528,2640,5161022,Amari Latimer,WVU,RB,12.0,12.0,12.0,1.72,20.6,20.6,20.6,0.0,20.6,-137.1,-138.6,-137.1,-137.1,-137.1,-137.1,,,,,,,,0.48,,1.0,,2026-08-25,,,,,0.5,,,0.0
2497,TE374,2250,2497,2641,2641,2639,2641,2529,2641,5168802,Grayson Brousseau,UCF,TE,12.0,12.0,12.0,1.72,20.6,20.6,20.6,0.0,20.6,-137.1,-133.0,-137.1,-137.1,-137.1,-137.1,,,,,,,,0.45,,1.0,,2026-08-25,,,,,0.5,,,0.0
2498,TE375,2252,2498,2643,2643,2641,2643,2531,2643,5225641,Carlos Anaya,CSU,TE,12.0,12.0,12.0,1.72,20.6,20.6,20.6,0.0,20.6,-137.1,-133.0,-137.1,-137.1,-137.1,-137.1,,,,,,,,0.48,,1.0,,2026-08-25,,,,,0.5,,,0.0
2499,RB698,2529,2499,2644,2644,2642,2644,2532,2644,5296015,Zander Quinn,ORE,RB,12.0,12.0,12.0,1.72,20.6,20.6,20.6,0.0,20.6,-137.1,-138.6,-137.1,-137.1,-137.1,-137.1,,,,,,,,0.3,,1.0,,2026-08-25,,,,,0.5,,,0.0
2500,WR1210,2559,2500,3018,3018,3018,3018,2906,3018,5193299,Jarvis Heimuli,HAW,WR,12.0,12.0,12.0,1.2,14.4,14.4,14.4,0.0,14.4,-143.3,-139.2,-137.1,-137.1,-137.1,-137.1,,,,,,,,0.29,,1.0,,2026-08-25,,,,,0.5,,,0.0
2501,WR1211,2560,2501,3020,3020,3020,3020,2908,3020,5222710,Landon Walker,NAVY,WR,12.0,12.0,12.0,1.2,14.4,14.4,14.4,0.0,14.4,-143.3,-139.2,-137.1,-137.1,-137.1,-137.1,,,,,,,,0.34,,1.0,,2026-08-25,,,,,0.5,,,0.0
2502,WR1212,2561,2502,3021,3021,3021,3021,2909,3021,5257269,Omar Mims Jr.,TOL,WR,12.0,12.0,12.0,1.2,14.4,14.4,14.4,0.0,14.4,-143.3,-139.2,-137.1,-137.1,-137.1,-137.1,,,,,,,,0.35,,1.0,,2026-08-25,,,,,0.5,,,0.0
2503,TE376,2254,2503,2646,2646,2644,2646,2534,2646,5175719,Ryan Wolfer,SDSU,TE,12.0,12.0,12.0,1.71,20.5,20.5,20.5,0.0,20.5,-137.2,-133.1,-137.2,-137.2,-137.2,-137.2,,,,,,,,0.56,,1.0,,2026-08-25,,,,,0.5,,,0.0
2504,RB699,2533,2504,2648,2648,2646,2648,2536,2648,5200430,Brian Bonner Jr.,WASH,RB,12.0,12.0,12.0,1.71,20.5,20.5,20.5,0.0,20.5,-137.2,-138.7,-137.2,-137.2,-137.2,-137.2,,,,,,,,0.44,,1.0,,2026-08-25,,,,,0.5,,,0.0
2505,RB700,2534,2505,2649,2649,2647,2649,2537,2649,5203478,Ryver Peppers,ISU,RB,12.0,12.0,12.0,1.71,20.5,20.5,20.5,0.0,20.5,-137.2,-138.7,-137.2,-137.2,-137.2,-137.2,,,,,,,,0.54,,1.0,,2026-08-25,,,,,0.5,,,0.0
2506,WR1213,2567,2506,3025,3025,3025,3025,2913,3025,5197074,Ja'Corian Norris,UL,WR,12.0,12.0,12.0,1.19,14.3,14.3,14.3,0.0,14.3,-143.4,-139.3,-137.2,-137.2,-137.2,-137.2,,,,,,,,0.35,,1.0,,2026-08-25,,,,,0.5,,,0.0
2507,TE377,2260,2507,2652,2652,2650,2652,2540,2652,5151232,Patrick Keller,TEM,TE,12.0,12.0,12.0,1.7,20.4,20.4,20.4,0.0,20.4,-137.3,-133.2,-137.3,-137.3,-137.3,-137.3,,,,,,,,0.39,,1.0,,2026-08-25,,,,,0.5,,,0.0
2508,RB701,2539,2508,2654,2654,2652,2654,2542,2654,5310446,Leonardo Valle,COLO,RB,12.0,12.0,12.0,1.7,20.4,20.4,20.4,0.0,20.4,-137.3,-138.8,-137.3,-137.3,-137.3,-137.3,,,,,,,,0.42,,1.0,,2026-08-25,,,,,0.5,,,0.0
2509,RB702,2540,2509,2655,2655,2653,2655,2543,2655,5382827,Maurice Winston,JXST,RB,12.0,12.0,12.0,1.7,20.4,20.4,20.4,0.0,20.4,-137.3,-138.8,-137.3,-137.3,-137.3,-137.3,,,,,,,,0.37,,1.0,,2026-08-25,,,,,0.5,,,0.0
2510,TE378,2262,2510,2656,2656,2654,2656,2544,2656,5394647,Cole Ramseur,UTSA,TE,12.0,12.0,12.0,1.7,20.4,20.4,20.4,0.0,20.4,-137.3,-133.2,-137.3,-137.3,-137.3,-137.3,,,,,,,,0.39,,1.0,,2026-08-25,,,,,0.5,,,0.0
2511,WR1214,2571,2511,3030,3030,3030,3030,2918,3030,5164311,Braxton Winston III,WAKE,WR,12.0,12.0,12.0,1.18,14.2,14.2,14.2,0.0,14.2,-143.5,-139.4,-137.3,-137.3,-137.3,-137.3,,,,,,,,0.34,,1.0,,2026-08-25,,,,,0.5,,,0.0
2512,WR1215,2572,2512,3031,3031,3031,3031,2919,3031,5200434,Connor Salmin,CLEM,WR,12.0,12.0,12.0,1.18,14.2,14.2,14.2,0.0,14.2,-143.5,-139.4,-137.3,-137.3,-137.3,-137.3,,,,,,,,0.35,,1.0,,2026-08-25,,,,,0.5,,,0.0
2513,WR1216,2573,2513,3032,3032,3032,3032,2920,3032,5211192,Lebron Hill,VAN,WR,12.0,12.0,12.0,1.18,14.2,14.2,14.2,0.0,14.2,-143.5,-139.4,-137.3,-137.3,-137.3,-137.3,,,,,,,,0.35,,1.0,,2026-08-25,,,,,0.5,,,0.0
2514,WR1217,2574,2514,3037,3037,3037,3037,2925,3037,5294314,Doopah Coleman,APP,WR,12.0,12.0,12.0,1.18,14.2,14.2,14.2,0.0,14.2,-143.5,-139.4,-137.3,-137.3,-137.3,-137.3,,,,,,,,0.47,,1.0,,2026-08-25,,,,,0.5,,,0.0
2515,TE379,2264,2515,2657,2657,2655,2657,2545,2657,4714278,Jason Llewellyn,TTU,TE,12.0,12.0,12.0,1.69,20.3,20.3,20.3,0.0,20.3,-137.4,-133.3,-137.4,-137.4,-137.4,-137.4,,,,,,,,0.43,,1.0,,2026-08-25,,,,,0.5,,,0.0
2516,RB703,2545,2516,2658,2658,2656,2658,2546,2658,5148601,Karson Cox,UCLA,RB,12.0,12.0,12.0,1.69,20.3,20.3,20.3,0.0,20.3,-137.4,-138.9,-137.4,-137.4,-137.4,-137.4,,,,,,,,0.45,,1.0,,2026-08-25,,,,,0.5,,,0.0
2517,TE380,2265,2517,2659,2659,2657,2659,2547,2659,5150896,Hayden Rollison,UVA,TE,12.0,12.0,12.0,1.69,20.3,20.3,20.3,0.0,20.3,-137.4,-133.3,-137.4,-137.4,-137.4,-137.4,,,,,,,,0.41,,1.0,,2026-08-25,,,,,0.5,,,0.0
2518,TE381,2266,2518,2662,2662,2660,2662,2550,2662,5230792,Jackson Holt,EMU,TE,12.0,12.0,12.0,1.69,20.3,20.3,20.3,0.0,20.3,-137.4,-133.3,-137.4,-137.4,-137.4,-137.4,,,,,,,,0.43,,1.0,,2026-08-25,,,,,0.5,,,0.0
2519,WR1218,2577,2519,3043,3042,3043,3043,2930,3042,5297057,Cade Baker,USU,WR,12.0,12.0,12.0,1.18,14.1,14.1,14.1,0.0,14.1,-143.6,-139.5,-137.4,-137.4,-137.4,-137.4,,,,,,,,0.29,,1.0,,2026-08-25,,,,,0.5,,,0.0
2520,WR1219,2578,2520,3044,3043,3044,3044,2931,3043,5323986,Isaac Thomas,AF,WR,12.0,12.0,12.0,1.18,14.1,14.1,14.1,0.0,14.1,-143.6,-139.5,-137.4,-137.4,-137.4,-137.4,,,,,,,,0.38,,1.0,,2026-08-25,,,,,0.5,,,0.0
2521,QB218,4211,2521,802,802,793,805,693,805,5175092,Chris Jimerson Jr.,UNT,QB,12.0,12.0,12.0,7.21,86.5,86.5,86.5,0.0,86.5,-158.6,-158.7,-141.8,-137.5,-137.5,-137.5,,,,,,,,0.66,,1.0,,2026-08-25,,,,,0.5,,,0.0
2522,RB704,2551,2522,2666,2666,2664,2666,2554,2666,5280790,EJ Kelly,SMU,RB,12.0,12.0,12.0,1.68,20.2,20.2,20.2,0.0,20.2,-137.5,-139.0,-137.5,-137.5,-137.5,-137.5,,,,,,,,0.41,,1.0,,2026-08-25,,,,,0.5,,,0.0
2523,WR1220,2586,2523,3045,3045,3045,3045,2933,3045,5125750,Jediyah Willoughby,CONN,WR,12.0,12.0,12.0,1.17,14.0,14.0,14.0,0.0,14.0,-143.7,-139.6,-137.5,-137.5,-137.5,-137.5,,,,,,,,0.35,,1.0,,2026-08-25,,,,,0.5,,,0.0
2524,WR1221,2587,2524,3046,3046,3046,3046,2934,3046,5159153,Kaden Trevino,NMSU,WR,12.0,12.0,12.0,1.17,14.0,14.0,14.0,0.0,14.0,-143.7,-139.6,-137.5,-137.5,-137.5,-137.5,,,,,,,,0.25,,1.0,,2026-08-25,,,,,0.5,,,0.0
2525,WR1222,2589,2525,3048,3048,3048,3048,2936,3048,5211183,Milan Parris,MIA,WR,12.0,12.0,12.0,1.17,14.0,14.0,14.0,0.0,14.0,-143.7,-139.6,-137.5,-137.5,-137.5,-137.5,,,,,,,,0.38,,1.0,,2026-08-25,,,,,0.5,,,0.0
2526,WR1223,2591,2526,3054,3054,3054,3054,2942,3054,5295912,Dillon Rowley,USM,WR,12.0,12.0,12.0,1.17,14.0,14.0,14.0,0.0,14.0,-143.7,-139.6,-137.5,-137.5,-137.5,-137.5,,,,,,,,0.3,,1.0,,2026-08-25,,,,,0.5,,,0.0
2527,WR1224,2592,2527,3056,3056,3056,3056,2944,3056,5385750,DJ Young,BALL,WR,12.0,12.0,12.0,1.17,14.0,14.0,14.0,0.0,14.0,-143.7,-139.6,-137.5,-137.5,-137.5,-137.5,,,,,,,,0.25,,1.0,,2026-08-25,,,,,0.5,,,0.0
2528,WR1225,2595,2528,3058,3058,3058,3058,2946,3058,5158981,Kaydon Finley,ND,WR,12.0,12.0,12.0,1.16,13.9,13.9,13.9,0.0,13.9,-143.8,-139.7,-137.6,-137.6,-137.6,-137.6,,,,,,,,0.3,,1.0,,2026-08-25,,,,,0.5,,,0.0
2529,WR1226,2596,2529,3059,3059,3059,3059,2947,3059,5215106,Cameran Dickson,VAN,WR,12.0,12.0,12.0,1.16,13.9,13.9,13.9,0.0,13.9,-143.8,-139.7,-137.6,-137.6,-137.6,-137.6,,,,,,,,0.34,,1.0,,2026-08-25,,,,,0.5,,,0.0
2530,WR1227,2597,2530,3060,3060,3060,3060,2948,3060,5219540,Camden Kruisenga,CMU,WR,12.0,12.0,12.0,1.16,13.9,13.9,13.9,0.0,13.9,-143.8,-139.7,-137.6,-137.6,-137.6,-137.6,,,,,,,,0.43,,1.0,,2026-08-25,,,,,0.5,,,0.0
2531,QB219,4212,2531,807,807,798,810,698,810,5141473,AJ Hill,ARK,QB,12.0,12.0,12.0,7.19,86.3,86.3,86.3,0.0,86.3,-158.8,-158.9,-142.0,-137.7,-137.7,-137.7,,,,,,,,0.7,,1.0,,2026-08-25,,,,,0.5,,,0.0
2532,TE382,2278,2532,2677,2677,2675,2677,2565,2677,5146995,Devyn Zahursky,CIN,TE,12.0,12.0,12.0,1.67,20.0,20.0,20.0,0.0,20.0,-137.7,-133.6,-137.7,-137.7,-137.7,-137.7,,,,,,,,0.47,,1.0,,2026-08-25,,,,,0.5,,,0.0
2533,TE383,2280,2533,2679,2679,2677,2679,2567,2679,5214448,Jayden Savoury,MSU,TE,12.0,12.0,12.0,1.67,20.0,20.0,20.0,0.0,20.0,-137.7,-133.6,-137.7,-137.7,-137.7,-137.7,,,,,,,,0.58,,1.0,,2026-08-25,,,,,0.5,,,0.0
2534,WR1228,2600,2534,3063,3063,3063,3063,2951,3063,5126533,Jack Ressler,ORE,WR,12.0,12.0,12.0,1.15,13.8,13.8,13.8,0.0,13.8,-143.9,-139.8,-137.7,-137.7,-137.7,-137.7,,,,,,,,0.35,,1.0,,2026-08-25,,,,,0.5,,,0.0
2535,WR1229,2604,2535,3071,3071,3071,3071,2959,3071,5388358,Caleb Cappuccio,AF,WR,12.0,12.0,12.0,1.15,13.8,13.8,13.8,0.0,13.8,-143.9,-139.8,-137.7,-137.7,-137.7,-137.7,,,,,,,,0.37,,1.0,,2026-08-25,,,,,0.5,,,0.0
2536,RB705,2563,2536,2682,2682,2680,2682,2570,2682,5218728,Neil Salvage III,SC,RB,12.0,12.0,12.0,1.66,19.9,19.9,19.9,0.0,19.9,-137.8,-139.3,-137.8,-137.8,-137.8,-137.8,,,,,,,,0.37,,1.0,,2026-08-25,,,,,0.5,,,0.0
2537,RB706,2564,2537,2683,2683,2681,2683,2571,2683,5230871,Skyler Jackson,ORST,RB,12.0,12.0,12.0,1.66,19.9,19.9,19.9,0.0,19.9,-137.8,-139.3,-137.8,-137.8,-137.8,-137.8,,,,,,,,0.52,,1.0,,2026-08-25,,,,,0.5,,,0.0
2538,RB707,2565,2538,2685,2685,2683,2685,2573,2685,5291178,Delvecchio Alston II,UK,RB,12.0,12.0,12.0,1.66,19.9,19.9,19.9,0.0,19.9,-137.8,-139.3,-137.8,-137.8,-137.8,-137.8,,,,,,,,0.47,,1.0,,2026-08-25,,,,,0.5,,,0.0
2539,TE384,2282,2539,2686,2686,2684,2686,2574,2686,5295016,Harry Caskey,AF,TE,12.0,12.0,12.0,1.66,19.9,19.9,19.9,0.0,19.9,-137.8,-133.7,-137.8,-137.8,-137.8,-137.8,,,,,,,,0.43,,1.0,,2026-08-25,,,,,0.5,,,0.0
2540,WR1230,2606,2540,3072,3072,3072,3072,2960,3072,5092960,Cole Rhoden,CSU,WR,12.0,12.0,12.0,1.14,13.7,13.7,13.7,0.0,13.7,-144.0,-139.9,-137.8,-137.8,-137.8,-137.8,,,,,,,,0.25,,1.0,,2026-08-25,,,,,0.5,,,0.0
2541,WR1231,2608,2541,3075,3075,3075,3075,2963,3075,5219042,Rico Crowder,UK,WR,12.0,12.0,12.0,1.14,13.7,13.7,13.7,0.0,13.7,-144.0,-139.9,-137.8,-137.8,-137.8,-137.8,,,,,,,,0.34,,1.0,,2026-08-25,,,,,0.5,,,0.0
2542,QB220,4213,2542,809,809,800,812,700,812,4570048,Michael Johnson Jr.,AKR,QB,12.0,12.0,12.0,7.18,86.1,86.1,86.1,0.0,86.1,-159.0,-159.1,-142.2,-137.9,-137.9,-137.9,,,,,,,,0.76,,1.0,,2026-08-25,,,,,0.5,,,0.0
2543,RB708,2569,2543,2688,2688,2686,2688,2576,2688,5219007,Ryan Henley,WAKE,RB,12.0,12.0,12.0,1.65,19.8,19.8,19.8,0.0,19.8,-137.9,-139.4,-137.9,-137.9,-137.9,-137.9,,,,,,,,0.36,,1.0,,2026-08-25,,,,,0.5,,,0.0
2544,TE385,2284,2544,2689,2689,2687,2689,2577,2689,5231021,Tyler Hampton,WYO,TE,12.0,12.0,12.0,1.65,19.8,19.8,19.8,0.0,19.8,-137.9,-133.8,-137.9,-137.9,-137.9,-137.9,,,,,,,,0.46,,1.0,,2026-08-25,,,,,0.5,,,0.0
2545,WR1232,2613,2545,3081,3081,3081,3081,2969,3081,5212608,Keeyun Chapman,UNC,WR,12.0,12.0,12.0,1.13,13.6,13.6,13.6,0.0,13.6,-144.1,-140.0,-137.9,-137.9,-137.9,-137.9,,,,,,,,0.36,,1.0,,2026-08-25,,,,,0.5,,,0.0
2546,TE386,2285,2546,2690,2690,2688,2690,2578,2690,5079684,James Resar,FIU,TE,12.0,12.0,12.0,1.64,19.7,19.7,19.7,0.0,19.7,-138.0,-133.9,-138.0,-138.0,-138.0,-138.0,,,,,,,,0.42,,1.0,,2026-08-25,,,,,0.5,,,0.0
2547,WR1233,2618,2547,3090,3090,3090,3090,2978,3090,5219710,Walker Davis,TULN,WR,12.0,12.0,12.0,1.12,13.5,13.5,13.5,0.0,13.5,-144.2,-140.1,-138.0,-138.0,-138.0,-138.0,,,,,,,,0.31,,1.0,,2026-08-25,,,,,0.5,,,0.0
2548,TE387,2291,2548,2696,2696,2694,2696,2584,2696,5081092,Mikey Pauley,KU,TE,12.0,12.0,12.0,1.63,19.6,19.6,19.6,0.0,19.6,-138.1,-134.0,-138.1,-138.1,-138.1,-138.1,,,,,,,,0.42,,1.0,,2026-08-25,,,,,0.5,,,0.0
2549,TE388,2292,2549,2697,2697,2695,2697,2585,2697,5119659,Trent Thomas,TENN,TE,12.0,12.0,12.0,1.63,19.6,19.6,19.6,0.0,19.6,-138.1,-134.0,-138.1,-138.1,-138.1,-138.1,,,,,,,,0.48,,1.0,,2026-08-25,,,,,0.5,,,0.0
2550,RB709,2580,2550,2699,2699,2697,2699,2587,2699,5199860,Marcus Romain,NU,RB,12.0,12.0,12.0,1.63,19.6,19.6,19.6,0.0,19.6,-138.1,-139.6,-138.1,-138.1,-138.1,-138.1,,,,,,,,0.4,,1.0,,2026-08-25,,,,,0.5,,,0.0
2551,RB710,2581,2551,2701,2701,2699,2701,2589,2701,5221058,Damon Sisa,ARST,RB,12.0,12.0,12.0,1.63,19.6,19.6,19.6,0.0,19.6,-138.1,-139.6,-138.1,-138.1,-138.1,-138.1,,,,,,,,0.33,,1.0,,2026-08-25,,,,,0.5,,,0.0
2552,RB711,2582,2552,2702,2702,2700,2702,2590,2702,5244756,Ryan Estrada,MINN,RB,12.0,12.0,12.0,1.63,19.6,19.6,19.6,0.0,19.6,-138.1,-139.6,-138.1,-138.1,-138.1,-138.1,,,,,,,,0.42,,1.0,,2026-08-25,,,,,0.5,,,0.0
2553,RB712,2583,2553,2703,2703,2701,2703,2591,2703,5273264,Justin Compere,FIU,RB,12.0,12.0,12.0,1.63,19.6,19.6,19.6,0.0,19.6,-138.1,-139.6,-138.1,-138.1,-138.1,-138.1,,,,,,,,0.41,,1.0,,2026-08-25,,,,,0.5,,,0.0
2554,RB713,2584,2554,2704,2704,2702,2704,2592,2704,5291806,Ty Cummings,GASO,RB,12.0,12.0,12.0,1.63,19.6,19.6,19.6,0.0,19.6,-138.1,-139.6,-138.1,-138.1,-138.1,-138.1,,,,,,,,0.4,,1.0,,2026-08-25,,,,,0.5,,,0.0
2555,RB714,2585,2555,2705,2705,2703,2705,2593,2705,5328345,Isaiah Jackson,UK,RB,12.0,12.0,12.0,1.63,19.6,19.6,19.6,0.0,19.6,-138.1,-139.6,-138.1,-138.1,-138.1,-138.1,,,,,,,,0.48,,1.0,,2026-08-25,,,,,0.5,,,0.0
2556,WR1234,2621,2556,3092,3092,3092,3092,2980,3092,5158943,Brandon Bennett,FSU,WR,12.0,12.0,12.0,1.12,13.4,13.4,13.4,0.0,13.4,-144.3,-140.2,-138.1,-138.1,-138.1,-138.1,,,,,,,,0.37,,1.0,,2026-08-25,,,,,0.5,,,0.0
2557,WR1235,2622,2557,3093,3093,3093,3093,2981,3093,5215172,Kenny Darby,UK,WR,12.0,12.0,12.0,1.12,13.4,13.4,13.4,0.0,13.4,-144.3,-140.2,-138.1,-138.1,-138.1,-138.1,,,,,,,,0.42,,1.0,,2026-08-25,,,,,0.5,,,0.0
2558,WR1236,2623,2558,3094,3094,3094,3094,2982,3094,5219159,Justice Spann,MEM,WR,12.0,12.0,12.0,1.12,13.4,13.4,13.4,0.0,13.4,-144.3,-140.2,-138.1,-138.1,-138.1,-138.1,,,,,,,,0.31,,1.0,,2026-08-25,,,,,0.5,,,0.0
2559,WR1237,2624,2559,3095,3095,3095,3095,2983,3095,5221414,Trent Osborn,RUTG,WR,12.0,12.0,12.0,1.12,13.4,13.4,13.4,0.0,13.4,-144.3,-140.2,-138.1,-138.1,-138.1,-138.1,,,,,,,,0.23,,1.0,,2026-08-25,,,,,0.5,,,0.0
2560,WR1238,2625,2560,3097,3097,3097,3097,2985,3097,5307120,Brandon Paul,GASO,WR,12.0,12.0,12.0,1.12,13.4,13.4,13.4,0.0,13.4,-144.3,-140.2,-138.1,-138.1,-138.1,-138.1,,,,,,,,0.26,,1.0,,2026-08-25,,,,,0.5,,,0.0
2561,TE389,2294,2561,2707,2707,2705,2707,2595,2707,4702903,Daniel Owens,MD,TE,12.0,12.0,12.0,1.62,19.5,19.5,19.5,0.0,19.5,-138.2,-134.1,-138.2,-138.2,-138.2,-138.2,,,,,,,,0.46,,1.0,,2026-08-25,,,,,0.5,,,0.0
2562,TE390,2295,2562,2708,2708,2706,2708,2596,2708,5207804,Jeremiah Scoby,BGSU,TE,12.0,12.0,12.0,1.62,19.5,19.5,19.5,0.0,19.5,-138.2,-134.1,-138.2,-138.2,-138.2,-138.2,,,,,,,,0.57,,1.0,,2026-08-25,,,,,0.5,,,0.0
2563,RB715,2593,2563,2710,2710,2708,2710,2598,2710,5291002,TJ Fo'ilefutu,HAW,RB,12.0,12.0,12.0,1.62,19.5,19.5,19.5,0.0,19.5,-138.2,-139.7,-138.2,-138.2,-138.2,-138.2,,,,,,,,0.34,,1.0,,2026-08-25,,,,,0.5,,,0.0
2564,WR1239,2630,2564,3101,3101,3101,3101,2989,3101,5209350,Jordon Gidron,SC,WR,12.0,12.0,12.0,1.11,13.3,13.3,13.3,0.0,13.3,-144.4,-140.3,-138.2,-138.2,-138.2,-138.2,,,,,,,,0.4,,1.0,,2026-08-25,,,,,0.5,,,0.0
2565,WR1240,2631,2565,3104,3104,3104,3104,2992,3104,5218909,Joseph Moseley,GT,WR,12.0,12.0,12.0,1.11,13.3,13.3,13.3,0.0,13.3,-144.4,-140.3,-138.2,-138.2,-138.2,-138.2,,,,,,,,0.29,,1.0,,2026-08-25,,,,,0.5,,,0.0
2566,WR1241,2633,2566,3106,3106,3106,3106,2994,3106,5222974,Jasen Lopez,FSU,WR,12.0,12.0,12.0,1.11,13.3,13.3,13.3,0.0,13.3,-144.4,-140.3,-138.2,-138.2,-138.2,-138.2,,,,,,,,0.36,,1.0,,2026-08-25,,,,,0.5,,,0.0
2567,WR1242,2635,2567,3110,3110,3110,3110,2998,3110,5384681,Derrick Salley Jr.,KSU,WR,12.0,12.0,12.0,1.11,13.3,13.3,13.3,0.0,13.3,-144.4,-140.3,-138.2,-138.2,-138.2,-138.2,,,,,,,,0.21,,1.0,,2026-08-25,,,,,0.5,,,0.0
2568,TE391,2303,2568,2713,2713,2711,2713,2601,2713,4870629,Jackson Bowers,ORST,TE,12.0,12.0,12.0,1.62,19.4,19.4,19.4,0.0,19.4,-138.3,-134.2,-138.3,-138.3,-138.3,-138.3,,,,,,,,0.4,,1.0,,2026-08-25,,,,,0.5,,,0.0
2569,RB716,2598,2569,2718,2718,2716,2718,2606,2718,5217820,Monterrio Elston Jr.,KSU,RB,12.0,12.0,12.0,1.62,19.4,19.4,19.4,0.0,19.4,-138.3,-139.8,-138.3,-138.3,-138.3,-138.3,,,,,,,,0.47,,1.0,,2026-08-25,,,,,0.5,,,0.0
2570,RB717,2599,2570,2719,2719,2717,2719,2607,2719,5222657,Darrell Smith,UL,RB,12.0,12.0,12.0,1.62,19.4,19.4,19.4,0.0,19.4,-138.3,-139.8,-138.3,-138.3,-138.3,-138.3,,,,,,,,0.64,,1.0,,2026-08-25,,,,,0.5,,,0.0
2571,WR1243,2639,2571,3111,3111,3111,3111,2999,3111,5141494,De'Zie Jones,OSU,WR,12.0,12.0,12.0,1.1,13.2,13.2,13.2,0.0,13.2,-144.5,-140.4,-138.3,-138.3,-138.3,-138.3,,,,,,,,0.42,,1.0,,2026-08-25,,,,,0.5,,,0.0
2572,WR1244,2641,2572,3113,3113,3113,3113,3001,3113,5159015,Kenneth Moore III,UCLA,WR,12.0,12.0,12.0,1.1,13.2,13.2,13.2,0.0,13.2,-144.5,-140.4,-138.3,-138.3,-138.3,-138.3,,,,,,,,0.41,,1.0,,2026-08-25,,,,,0.5,,,0.0
2573,WR1245,2642,2573,3114,3114,3114,3114,3002,3114,5209363,Jase Mathews,MISS,WR,12.0,12.0,12.0,1.1,13.2,13.2,13.2,0.0,13.2,-144.5,-140.4,-138.3,-138.3,-138.3,-138.3,,,,,,,,0.36,,1.0,,2026-08-25,,,,,0.5,,,0.0
2574,WR1246,2644,2574,3116,3116,3116,3116,3004,3116,5230924,Michael Parrish,M-OH,WR,12.0,12.0,12.0,1.1,13.2,13.2,13.2,0.0,13.2,-144.5,-140.4,-138.3,-138.3,-138.3,-138.3,,,,,,,,0.23,,1.0,,2026-08-25,,,,,0.5,,,0.0
2575,WR1247,2645,2575,3118,3118,3118,3118,3006,3118,5382285,Jeremyah Lane,BOIS,WR,12.0,12.0,12.0,1.1,13.2,13.2,13.2,0.0,13.2,-144.5,-140.4,-138.3,-138.3,-138.3,-138.3,,,,,,,,0.21,,1.0,,2026-08-25,,,,,0.5,,,0.0
2576,RB718,2605,2576,2721,2721,2720,2721,2609,2721,5172097,Jayden Ford,FIU,RB,12.0,12.0,12.0,1.61,19.3,19.3,19.3,0.0,19.3,-138.4,-139.9,-138.4,-138.4,-138.4,-138.4,,,,,,,,0.41,,1.0,,2026-08-25,,,,,0.5,,,0.0
2577,TE392,2310,2577,2723,2723,2722,2723,2611,2723,5231051,Nathan Hartman,ODU,TE,12.0,12.0,12.0,1.61,19.3,19.3,19.3,0.0,19.3,-138.4,-134.3,-138.4,-138.4,-138.4,-138.4,,,,,,,,0.4,,1.0,,2026-08-25,,,,,0.5,,,0.0
2578,WR1248,2648,2578,3120,3120,3120,3120,3008,3120,5156153,Tavian McNair,UNLV,WR,12.0,12.0,12.0,1.09,13.1,13.1,13.1,0.0,13.1,-144.6,-140.5,-138.4,-138.4,-138.4,-138.4,,,,,,,,0.36,,1.0,,2026-08-25,,,,,0.5,,,0.0
2579,WR1249,2649,2579,3122,3122,3122,3122,3010,3122,5219711,Seth Gale,TULN,WR,12.0,12.0,12.0,1.09,13.1,13.1,13.1,0.0,13.1,-144.6,-140.5,-138.4,-138.4,-138.4,-138.4,,,,,,,,0.3,,1.0,,2026-08-25,,,,,0.5,,,0.0
2580,WR1250,2650,2580,3123,3123,3123,3123,3011,3123,5221285,Jacobe Hayes,TCU,WR,12.0,12.0,12.0,1.09,13.1,13.1,13.1,0.0,13.1,-144.6,-140.5,-138.4,-138.4,-138.4,-138.4,,,,,,,,0.28,,1.0,,2026-08-25,,,,,0.5,,,0.0
2581,WR1251,2651,2581,3124,3124,3124,3124,3012,3124,5263666,Terrious Favors,BOIS,WR,12.0,12.0,12.0,1.09,13.1,13.1,13.1,0.0,13.1,-144.6,-140.5,-138.4,-138.4,-138.4,-138.4,,,,,,,,0.29,,1.0,,2026-08-25,,,,,0.5,,,0.0
2582,WR1252,2654,2582,3127,3127,3127,3127,3015,3127,5388946,Joaquin Jordan,NDSU,WR,12.0,12.0,12.0,1.09,13.1,13.1,13.1,0.0,13.1,-144.6,-140.5,-138.4,-138.4,-138.4,-138.4,,,,,,,,0.31,,1.0,,2026-08-25,,,,,0.5,,,0.0
2583,TE393,2311,2583,2724,2724,2723,2724,2612,2724,4685484,Jack Nickel,MIA,TE,12.0,12.0,12.0,1.6,19.2,19.2,19.2,0.0,19.2,-138.5,-134.4,-138.5,-138.5,-138.5,-138.5,,,,,,,,0.45,,1.0,,2026-08-25,,,,,0.5,,,0.0
2584,TE394,2312,2584,2725,2725,2724,2725,2613,2725,4911541,Carson Gulker,MSU,TE,12.0,12.0,12.0,1.6,19.2,19.2,19.2,0.0,19.2,-138.5,-134.4,-138.5,-138.5,-138.5,-138.5,,,,,,,,0.43,,1.0,,2026-08-25,,,,,0.5,,,0.0
2585,TE395,2313,2585,2726,2726,2725,2726,2614,2726,4918442,Markus Dixon,ORE,TE,12.0,12.0,12.0,1.6,19.2,19.2,19.2,0.0,19.2,-138.5,-134.4,-138.5,-138.5,-138.5,-138.5,,,,,,,,0.44,,1.0,,2026-08-25,,,,,0.5,,,0.0
2586,RB719,2610,2586,2728,2728,2727,2728,2616,2728,5214937,Jaron Thomas,MINN,RB,12.0,12.0,12.0,1.6,19.2,19.2,19.2,0.0,19.2,-138.5,-140.0,-138.5,-138.5,-138.5,-138.5,,,,,,,,0.51,,1.0,,2026-08-25,,,,,0.5,,,0.0
2587,RB720,2611,2587,2729,2729,2728,2729,2617,2729,5282573,Braylon Toliver,NDSU,RB,12.0,12.0,12.0,1.6,19.2,19.2,19.2,0.0,19.2,-138.5,-140.0,-138.5,-138.5,-138.5,-138.5,,,,,,,,0.39,,1.0,,2026-08-25,,,,,0.5,,,0.0
2588,TE396,2315,2588,2730,2730,2729,2730,2618,2730,5294076,Greyson Labiad,FSU,TE,12.0,12.0,12.0,1.6,19.2,19.2,19.2,0.0,19.2,-138.5,-134.4,-138.5,-138.5,-138.5,-138.5,,,,,,,,0.52,,1.0,,2026-08-25,,,,,0.5,,,0.0
2589,WR1253,2656,2589,3129,3129,3129,3129,3017,3129,5158959,Tron Baker,USC,WR,12.0,12.0,12.0,1.08,13.0,13.0,13.0,0.0,13.0,-144.7,-140.6,-138.5,-138.5,-138.5,-138.5,,,,,,,,0.38,,1.0,,2026-08-25,,,,,0.5,,,0.0
2590,WR1254,2657,2590,3130,3130,3130,3130,3018,3130,5182885,Jayden Petit,OU,WR,12.0,12.0,12.0,1.08,13.0,13.0,13.0,0.0,13.0,-144.7,-140.6,-138.5,-138.5,-138.5,-138.5,,,,,,,,0.33,,1.0,,2026-08-25,,,,,0.5,,,0.0
2591,WR1255,2658,2591,3131,3131,3131,3131,3019,3131,5209348,Walker Bryson,WAKE,WR,12.0,12.0,12.0,1.08,13.0,13.0,13.0,0.0,13.0,-144.7,-140.6,-138.5,-138.5,-138.5,-138.5,,,,,,,,0.28,,1.0,,2026-08-25,,,,,0.5,,,0.0
2592,WR1256,2659,2592,3132,3132,3132,3132,3020,3132,5216549,Cal Faulkner,GT,WR,12.0,12.0,12.0,1.08,13.0,13.0,13.0,0.0,13.0,-144.7,-140.6,-138.5,-138.5,-138.5,-138.5,,,,,,,,0.34,,1.0,,2026-08-25,,,,,0.5,,,0.0
2593,WR1257,2660,2593,3134,3134,3134,3134,3022,3134,5294148,Sam Earle,CLEM,WR,12.0,12.0,12.0,1.08,13.0,13.0,13.0,0.0,13.0,-144.7,-140.6,-138.5,-138.5,-138.5,-138.5,,,,,,,,0.26,,1.0,,2026-08-25,,,,,0.5,,,0.0
2594,WR1258,2661,2594,3135,3135,3135,3135,3023,3135,5388359,Keegan Sack,AF,WR,12.0,12.0,12.0,1.08,13.0,13.0,13.0,0.0,13.0,-144.7,-140.6,-138.5,-138.5,-138.5,-138.5,,,,,,,,0.35,,1.0,,2026-08-25,,,,,0.5,,,0.0
2595,WR1259,2662,2595,3136,3136,3136,3136,3024,3136,5388362,Harris Vinson,AF,WR,12.0,12.0,12.0,1.08,13.0,13.0,13.0,0.0,13.0,-144.7,-140.6,-138.5,-138.5,-138.5,-138.5,,,,,,,,0.35,,1.0,,2026-08-25,,,,,0.5,,,0.0
2596,WR1260,2663,2596,3137,3137,3137,3137,3025,3137,5390023,Jeremiah Nash,UTEP,WR,12.0,12.0,12.0,1.08,13.0,13.0,13.0,0.0,13.0,-144.7,-140.6,-138.5,-138.5,-138.5,-138.5,,,,,,,,0.23,,1.0,,2026-08-25,,,,,0.5,,,0.0
2597,TE397,2320,2597,2732,2732,2731,2732,2620,2732,4920161,Tripp Riordan,SMU,TE,12.0,12.0,12.0,1.59,19.1,19.1,19.1,0.0,19.1,-138.6,-134.5,-138.6,-138.6,-138.6,-138.6,,,,,,,,0.4,,1.0,,2026-08-25,,,,,0.5,,,0.0
2598,RB721,2615,2598,2733,2733,2732,2733,2621,2733,5141431,DJ Dugar,TULN,RB,12.0,12.0,12.0,1.59,19.1,19.1,19.1,0.0,19.1,-138.6,-140.1,-138.6,-138.6,-138.6,-138.6,,,,,,,,0.42,,1.0,,2026-08-25,,,,,0.5,,,0.0
2599,TE398,2323,2599,2736,2736,2735,2736,2624,2736,5160081,Mason Brown,ECU,TE,12.0,12.0,12.0,1.59,19.1,19.1,19.1,0.0,19.1,-138.6,-134.5,-138.6,-138.6,-138.6,-138.6,,,,,,,,0.33,,1.0,,2026-08-25,,,,,0.5,,,0.0
2600,RB722,2616,2600,2737,2737,2736,2737,2625,2737,5164320,Sean Cuono,IU,RB,12.0,12.0,12.0,1.59,19.1,19.1,19.1,0.0,19.1,-138.6,-140.1,-138.6,-138.6,-138.6,-138.6,,,,,,,,0.55,,1.0,,2026-08-25,,,,,0.5,,,0.0
2601,WR1261,2665,2601,3139,3139,3139,3139,3027,3139,5204860,Trishstin Glass,CCU,WR,12.0,12.0,12.0,1.08,12.9,12.9,12.9,0.0,12.9,-144.8,-140.7,-138.6,-138.6,-138.6,-138.6,,,,,,,,0.33,,1.0,,2026-08-25,,,,,0.5,,,0.0
2602,WR1262,2668,2602,3142,3142,3142,3142,3030,3142,5294260,Junior Coughlin,UTAH,WR,12.0,12.0,12.0,1.08,12.9,12.9,12.9,0.0,12.9,-144.8,-140.7,-138.6,-138.6,-138.6,-138.6,,,,,,,,0.31,,1.0,,2026-08-25,,,,,0.5,,,0.0
2603,TE399,2325,2603,2739,2739,2738,2739,2627,2739,5150338,Brian Dyer,ARMY,TE,12.0,12.0,12.0,1.58,19.0,19.0,19.0,0.0,19.0,-138.7,-134.6,-138.7,-138.7,-138.7,-138.7,,,,,,,,0.4,,1.0,,2026-08-25,,,,,0.5,,,0.0
2604,TE400,2326,2604,2740,2740,2739,2740,2628,2740,5158148,Quad Harrison,ULM,TE,12.0,12.0,12.0,1.58,19.0,19.0,19.0,0.0,19.0,-138.7,-134.6,-138.7,-138.7,-138.7,-138.7,,,,,,,,0.38,,1.0,,2026-08-25,,,,,0.5,,,0.0
2605,TE401,2327,2605,2741,2741,2740,2741,2629,2741,5164345,Chase Loftin,FSU,TE,12.0,12.0,12.0,1.58,19.0,19.0,19.0,0.0,19.0,-138.7,-134.6,-138.7,-138.7,-138.7,-138.7,,,,,,,,0.51,,1.0,,2026-08-25,,,,,0.5,,,0.0
2606,RB723,2619,2606,2744,2744,2743,2744,2632,2744,5296386,Dylone Brooks,LT,RB,12.0,12.0,12.0,1.58,19.0,19.0,19.0,0.0,19.0,-138.7,-140.2,-138.7,-138.7,-138.7,-138.7,,,,,,,,0.52,,1.0,,2026-08-25,,,,,0.5,,,0.0
2607,WR1263,2674,2607,3147,3147,3147,3147,3035,3147,5150467,Teddy Williams,CONN,WR,12.0,12.0,12.0,1.07,12.8,12.8,12.8,0.0,12.8,-144.9,-140.8,-138.7,-138.7,-138.7,-138.7,,,,,,,,0.24,,1.0,,2026-08-25,,,,,0.5,,,0.0
2608,WR1264,2675,2608,3148,3148,3148,3148,3036,3148,5152114,Jani Weir,OKST,WR,12.0,12.0,12.0,1.07,12.8,12.8,12.8,0.0,12.8,-144.9,-140.8,-138.7,-138.7,-138.7,-138.7,,,,,,,,0.19,,1.0,,2026-08-25,,,,,0.5,,,0.0
2609,WR1265,2676,2609,3149,3149,3149,3149,3037,3149,5209922,Kentrell Davis,GT,WR,12.0,12.0,12.0,1.07,12.8,12.8,12.8,0.0,12.8,-144.9,-140.8,-138.7,-138.7,-138.7,-138.7,,,,,,,,0.33,,1.0,,2026-08-25,,,,,0.5,,,0.0
2610,WR1266,2677,2610,3150,3150,3150,3150,3038,3150,5218736,Emazon Littlejohn,WMU,WR,12.0,12.0,12.0,1.07,12.8,12.8,12.8,0.0,12.8,-144.9,-140.8,-138.7,-138.7,-138.7,-138.7,,,,,,,,0.34,,1.0,,2026-08-25,,,,,0.5,,,0.0
2611,WR1267,2678,2611,3151,3151,3151,3151,3039,3151,5226083,Jason Dickerson,ECU,WR,12.0,12.0,12.0,1.07,12.8,12.8,12.8,0.0,12.8,-144.9,-140.8,-138.7,-138.7,-138.7,-138.7,,,,,,,,0.2,,1.0,,2026-08-25,,,,,0.5,,,0.0
2612,WR1268,2680,2612,3153,3153,3153,3153,3041,3153,5245055,Jayden Warren,TA&M,WR,12.0,12.0,12.0,1.07,12.8,12.8,12.8,0.0,12.8,-144.9,-140.8,-138.7,-138.7,-138.7,-138.7,,,,,,,,0.33,,1.0,,2026-08-25,,,,,0.5,,,0.0
2613,WR1269,2681,2613,3155,3155,3155,3155,3043,3155,5293914,Mason Scott,ECU,WR,12.0,12.0,12.0,1.07,12.8,12.8,12.8,0.0,12.8,-144.9,-140.8,-138.7,-138.7,-138.7,-138.7,,,,,,,,0.2,,1.0,,2026-08-25,,,,,0.5,,,0.0
2614,TE402,2332,2614,2745,2745,2744,2745,2633,2745,5078277,Joshua Goines,NMSU,TE,12.0,12.0,12.0,1.58,18.9,18.9,18.9,0.0,18.9,-138.8,-134.7,-138.8,-138.8,-138.8,-138.8,,,,,,,,0.42,,1.0,,2026-08-25,,,,,0.5,,,0.0
2615,TE403,2335,2615,2749,2749,2748,2749,2637,2749,5220042,Nick Leonard,BUF,TE,12.0,12.0,12.0,1.58,18.9,18.9,18.9,0.0,18.9,-138.8,-134.7,-138.8,-138.8,-138.8,-138.8,,,,,,,,0.4,,1.0,,2026-08-25,,,,,0.5,,,0.0
2616,TE404,2336,2616,2750,2750,2749,2750,2638,2750,5295314,Velltray Jefferson,UNLV,TE,12.0,12.0,12.0,1.58,18.9,18.9,18.9,0.0,18.9,-138.8,-134.7,-138.8,-138.8,-138.8,-138.8,,,,,,,,0.42,,1.0,,2026-08-25,,,,,0.5,,,0.0
2617,TE405,2337,2617,2752,2752,2751,2752,2640,2752,5382863,Jase Hoath,ULM,TE,12.0,12.0,12.0,1.58,18.9,18.9,18.9,0.0,18.9,-138.8,-134.7,-138.8,-138.8,-138.8,-138.8,,,,,,,,0.39,,1.0,,2026-08-25,,,,,0.5,,,0.0
2618,WR1270,2683,2618,3159,3159,3159,3159,3047,3159,5201874,Qeanu Johnson,DUKE,WR,12.0,12.0,12.0,1.06,12.7,12.7,12.7,0.0,12.7,-145.0,-140.9,-138.8,-138.8,-138.8,-138.8,,,,,,,,0.31,,1.0,,2026-08-25,,,,,0.5,,,0.0
2619,WR1271,2685,2619,3162,3162,3162,3162,3050,3162,5243087,Nikko Boncore,USU,WR,12.0,12.0,12.0,1.06,12.7,12.7,12.7,0.0,12.7,-145.0,-140.9,-138.8,-138.8,-138.8,-138.8,,,,,,,,0.35,,1.0,,2026-08-25,,,,,0.5,,,0.0
2620,QB221,4219,2620,828,828,819,831,719,831,5151618,Kirk Francis,TTU,QB,12.0,12.0,12.0,7.09,85.1,85.1,85.1,0.0,85.1,-160.0,-160.1,-143.2,-138.9,-138.9,-138.9,,,,,,,,0.69,,1.0,,2026-08-25,,,,,0.5,,,0.0
2621,TE406,2338,2621,2753,2753,2752,2753,2641,2753,5082663,Brady Kopetz,COLO,TE,12.0,12.0,12.0,1.57,18.8,18.8,18.8,0.0,18.8,-138.9,-134.8,-138.9,-138.9,-138.9,-138.9,,,,,,,,0.46,,1.0,,2026-08-25,,,,,0.5,,,0.0
2622,TE407,2339,2622,2754,2754,2753,2754,2642,2754,5122077,Charlie Williams,COLO,TE,12.0,12.0,12.0,1.57,18.8,18.8,18.8,0.0,18.8,-138.9,-134.8,-138.9,-138.9,-138.9,-138.9,,,,,,,,0.4,,1.0,,2026-08-25,,,,,0.5,,,0.0
2623,TE408,2340,2623,2755,2755,2754,2755,2643,2755,5146740,Cooper Alexander,PSU,TE,12.0,12.0,12.0,1.57,18.8,18.8,18.8,0.0,18.8,-138.9,-134.8,-138.9,-138.9,-138.9,-138.9,,,,,,,,0.58,,1.0,,2026-08-25,,,,,0.5,,,0.0
2624,RB724,2636,2624,2756,2756,2755,2756,2644,2756,5209304,Kourdey Glass,ORST,RB,12.0,12.0,12.0,1.57,18.8,18.8,18.8,0.0,18.8,-138.9,-140.4,-138.9,-138.9,-138.9,-138.9,,,,,,,,0.54,,1.0,,2026-08-25,,,,,0.5,,,0.0
2625,RB725,2637,2625,2757,2757,2756,2757,2645,2757,5209427,Kolin Wilson,MSST,RB,12.0,12.0,12.0,1.57,18.8,18.8,18.8,0.0,18.8,-138.9,-140.4,-138.9,-138.9,-138.9,-138.9,,,,,,,,0.52,,1.0,,2026-08-25,,,,,0.5,,,0.0
2626,RB726,2638,2626,2758,2758,2757,2758,2646,2758,5225238,Fredrick Moore,ALA,RB,12.0,12.0,12.0,1.57,18.8,18.8,18.8,0.0,18.8,-138.9,-140.4,-138.9,-138.9,-138.9,-138.9,,,,,,,,0.34,,1.0,,2026-08-25,,,,,0.5,,,0.0
2627,TE409,2341,2627,2759,2759,2758,2759,2647,2759,5295870,JT Tang,TROY,TE,12.0,12.0,12.0,1.57,18.8,18.8,18.8,0.0,18.8,-138.9,-134.8,-138.9,-138.9,-138.9,-138.9,,,,,,,,0.42,,1.0,,2026-08-25,,,,,0.5,,,0.0
2628,WR1272,2690,2628,3169,3169,3169,3169,3057,3169,5198507,Mason James,WASH,WR,12.0,12.0,12.0,1.05,12.6,12.6,12.6,0.0,12.6,-145.1,-141.0,-138.9,-138.9,-138.9,-138.9,,,,,,,,0.44,,1.0,,2026-08-25,,,,,0.5,,,0.0
2629,WR1273,2691,2629,3171,3171,3171,3171,3059,3171,5220544,Joaquin Sandoval,WYO,WR,12.0,12.0,12.0,1.05,12.6,12.6,12.6,0.0,12.6,-145.1,-141.0,-138.9,-138.9,-138.9,-138.9,,,,,,,,0.29,,1.0,,2026-08-25,,,,,0.5,,,0.0
2630,WR1274,2693,2630,3173,3173,3173,3173,3061,3173,5317966,Tylik Mitchell,TEM,WR,12.0,12.0,12.0,1.05,12.6,12.6,12.6,0.0,12.6,-145.1,-141.0,-138.9,-138.9,-138.9,-138.9,,,,,,,,0.3,,1.0,,2026-08-25,,,,,0.5,,,0.0
2631,WR1275,2694,2631,3174,3174,3174,3174,3062,3174,5369943,Ejani Shakir,MD,WR,12.0,12.0,12.0,1.05,12.6,12.6,12.6,0.0,12.6,-145.1,-141.0,-138.9,-138.9,-138.9,-138.9,,,,,,,,0.23,,1.0,,2026-08-25,,,,,0.5,,,0.0
2632,WR1276,2695,2632,3175,3175,3175,3175,3063,3175,5388367,Major Quin,AF,WR,12.0,12.0,12.0,1.05,12.6,12.6,12.6,0.0,12.6,-145.1,-141.0,-138.9,-138.9,-138.9,-138.9,,,,,,,,0.34,,1.0,,2026-08-25,,,,,0.5,,,0.0
2633,WR1277,2697,2633,3177,3177,3177,3177,3065,3177,5388390,Noah McNair,AF,WR,12.0,12.0,12.0,1.05,12.6,12.6,12.6,0.0,12.6,-145.1,-141.0,-138.9,-138.9,-138.9,-138.9,,,,,,,,0.34,,1.0,,2026-08-25,,,,,0.5,,,0.0
2634,RB727,2646,2634,2763,2763,2762,2763,2651,2763,5306635,Keenan Jackson Jr.,UNT,RB,12.0,12.0,12.0,1.56,18.7,18.7,18.7,0.0,18.7,-139.0,-140.5,-139.0,-139.0,-139.0,-139.0,,,,,,,,0.3,,1.0,,2026-08-25,,,,,0.5,,,0.0
2635,WR1278,2702,2635,3178,3178,3178,3178,3066,3178,5086697,Gavin Wyatt,MIZ,WR,12.0,12.0,12.0,1.04,12.5,12.5,12.5,0.0,12.5,-145.2,-141.1,-139.0,-139.0,-139.0,-139.0,,,,,,,,0.24,,1.0,,2026-08-25,,,,,0.5,,,0.0
2636,WR1279,2705,2636,3184,3184,3184,3184,3072,3184,5274779,Brady Marchese,AUB,WR,12.0,12.0,12.0,1.04,12.5,12.5,12.5,0.0,12.5,-145.2,-141.1,-139.0,-139.0,-139.0,-139.0,,,,,,,,0.35,,1.0,,2026-08-25,,,,,0.5,,,0.0
2637,WR1280,2706,2637,3187,3187,3187,3187,3075,3187,5306331,Saxton Howard,UK,WR,12.0,12.0,12.0,1.04,12.5,12.5,12.5,0.0,12.5,-145.2,-141.1,-139.0,-139.0,-139.0,-139.0,,,,,,,,0.31,,1.0,,2026-08-25,,,,,0.5,,,0.0
2638,QB222,4220,2638,832,833,823,835,723,835,5126472,JacQai Long,UK,QB,12.0,12.0,12.0,7.08,84.9,84.9,84.9,0.0,84.9,-160.2,-160.3,-143.4,-139.1,-139.1,-139.1,,,,,,,,0.72,,1.0,,2026-08-25,,,,,0.5,,,0.0
2639,QB223,4221,2639,833,830,1507,391,279,391,4685495,Alex Orji,UNLV,QB,12.0,12.0,12.0,7.08,84.9,84.9,84.9,0.0,84.9,-160.2,-160.3,-143.4,-139.1,-139.1,-139.1,50.965,50.965,50.965,118.918,118.918,0.5,0.5,0.7,0.8,1.0,0.5,2026-08-25,2026-08-24,,https://www.reviewjournal.com/sports/unlv/unlv-football/dan-mullen-not-naming-unlvs-starting-qb-i-dont-even-know-our-first-play-3868796/,2026-08-24,0.5,,,0.0
2640,TE410,2345,2640,2765,2765,2764,2765,2653,2765,5091845,Zeke Wimbush,LIB,TE,12.0,12.0,12.0,1.55,18.6,18.6,18.6,0.0,18.6,-139.1,-135.0,-139.1,-139.1,-139.1,-139.1,,,,,,,,0.38,,1.0,,2026-08-25,,,,,0.5,,,0.0
2641,WR1281,2712,2641,3191,3191,3191,3191,3079,3191,5218882,Josiah Fetui,HAW,WR,12.0,12.0,12.0,1.03,12.4,12.4,12.4,0.0,12.4,-145.3,-141.2,-139.1,-139.1,-139.1,-139.1,,,,,,,,0.25,,1.0,,2026-08-25,,,,,0.5,,,0.0
2642,WR1282,2715,2642,3194,3194,3194,3194,3082,3194,5276571,Amare' Gough,SYR,WR,12.0,12.0,12.0,1.03,12.4,12.4,12.4,0.0,12.4,-145.3,-141.2,-139.1,-139.1,-139.1,-139.1,,,,,,,,0.34,,1.0,,2026-08-25,,,,,0.5,,,0.0
2643,WR1283,2716,2643,3196,3196,3196,3196,3084,3196,5387668,JT Beasley,EMU,WR,12.0,12.0,12.0,1.03,12.4,12.4,12.4,0.0,12.4,-145.3,-141.2,-139.1,-139.1,-139.1,-139.1,,,,,,,,0.23,,1.0,,2026-08-25,,,,,0.5,,,0.0
2644,QB224,4222,2644,836,836,826,838,726,838,4912647,Austin Novosad,BGSU,QB,12.0,12.0,12.0,7.07,84.8,84.8,84.8,0.0,84.8,-160.3,-160.4,-143.5,-139.2,-139.2,-139.2,,,,,,,,0.73,,1.0,,2026-08-25,,,,,0.5,,,0.0
2645,TE411,2351,2645,2771,2771,2770,2771,2659,2771,4871100,John Locke Jr.,OU,TE,12.0,12.0,12.0,1.54,18.5,18.5,18.5,0.0,18.5,-139.2,-135.1,-139.2,-139.2,-139.2,-139.2,,,,,,,,0.36,,1.0,,2026-08-25,,,,,0.5,,,0.0
2646,RB728,2664,2646,2772,2772,2771,2772,2660,2772,5161913,Jayzon Thompson,CIN,RB,12.0,12.0,12.0,1.54,18.5,18.5,18.5,0.0,18.5,-139.2,-140.7,-139.2,-139.2,-139.2,-139.2,,,,,,,,0.39,,1.0,,2026-08-25,,,,,0.5,,,0.0
2647,TE412,2352,2647,2773,2773,2772,2773,2661,2773,5193300,Eli Jacon-Duffy,BGSU,TE,12.0,12.0,12.0,1.54,18.5,18.5,18.5,0.0,18.5,-139.2,-135.1,-139.2,-139.2,-139.2,-139.2,,,,,,,,0.59,,1.0,,2026-08-25,,,,,0.5,,,0.0
2648,TE413,2353,2648,2774,2774,2773,2774,2662,2774,5207801,Mason Peterson,TCU,TE,12.0,12.0,12.0,1.54,18.5,18.5,18.5,0.0,18.5,-139.2,-135.1,-139.2,-139.2,-139.2,-139.2,,,,,,,,0.43,,1.0,,2026-08-25,,,,,0.5,,,0.0
2649,WR1284,2720,2649,3200,3200,3200,3200,3088,3200,5394566,Jay Porter,WSU,WR,12.0,12.0,12.0,1.03,12.3,12.3,12.3,0.0,12.3,-145.4,-141.3,-139.2,-139.2,-139.2,-139.2,,,,,,,,0.22,,1.0,,2026-08-25,,,,,0.5,,,0.0
2650,RB729,2670,2650,2779,2779,2778,2779,2667,2779,5211768,Mike Taylor Jr.,OHIO,RB,12.0,12.0,12.0,1.53,18.4,18.4,18.4,0.0,18.4,-139.3,-140.8,-139.3,-139.3,-139.3,-139.3,,,,,,,,0.57,,1.0,,2026-08-25,,,,,0.5,,,0.0
2651,RB730,2671,2651,2781,2781,2780,2781,2669,2781,5214653,Kory Amachree,KU,RB,12.0,12.0,12.0,1.53,18.4,18.4,18.4,0.0,18.4,-139.3,-140.8,-139.3,-139.3,-139.3,-139.3,,,,,,,,0.41,,1.0,,2026-08-25,,,,,0.5,,,0.0
2652,RB731,2672,2652,2784,2784,2783,2784,2672,2784,5388945,Godson Rufus-Okomhanru,NDSU,RB,12.0,12.0,12.0,1.53,18.4,18.4,18.4,0.0,18.4,-139.3,-140.8,-139.3,-139.3,-139.3,-139.3,,,,,,,,0.39,,1.0,,2026-08-25,,,,,0.5,,,0.0
2653,WR1285,2725,2653,3205,3205,3205,3205,3093,3205,5220629,David Titone-Perez,UNLV,WR,12.0,12.0,12.0,1.02,12.2,12.2,12.2,0.0,12.2,-145.5,-141.4,-139.3,-139.3,-139.3,-139.3,,,,,,,,0.26,,1.0,,2026-08-25,,,,,0.5,,,0.0
2654,WR1286,2728,2654,3209,3209,3209,3209,3097,3209,5295585,Dylan Herman,FIU,WR,12.0,12.0,12.0,1.02,12.2,12.2,12.2,0.0,12.2,-145.5,-141.4,-139.3,-139.3,-139.3,-139.3,,,,,,,,0.27,,1.0,,2026-08-25,,,,,0.5,,,0.0
2655,WR1287,2729,2655,3212,3212,3212,3212,3100,3212,5384717,AJ Williams III,NMSU,WR,12.0,12.0,12.0,1.02,12.2,12.2,12.2,0.0,12.2,-145.5,-141.4,-139.3,-139.3,-139.3,-139.3,,,,,,,,0.23,,1.0,,2026-08-25,,,,,0.5,,,0.0
2656,TE414,2365,2656,2788,2788,2787,2788,2676,2788,5150562,Charlie Johnson,CLEM,TE,12.0,12.0,12.0,1.52,18.3,18.3,18.3,0.0,18.3,-139.4,-135.3,-139.4,-139.4,-139.4,-139.4,,,,,,,,0.41,,1.0,,2026-08-25,,,,,0.5,,,0.0
2657,TE415,2366,2657,2789,2789,2788,2789,2677,2789,5216843,Connor Gooding,USM,TE,12.0,12.0,12.0,1.52,18.3,18.3,18.3,0.0,18.3,-139.4,-135.3,-139.4,-139.4,-139.4,-139.4,,,,,,,,0.4,,1.0,,2026-08-25,,,,,0.5,,,0.0
2658,WR1288,2731,2658,3214,3214,3214,3214,3102,3214,5161831,A.J. Logan,BOIS,WR,12.0,12.0,12.0,1.01,12.1,12.1,12.1,0.0,12.1,-145.6,-141.5,-139.4,-139.4,-139.4,-139.4,,,,,,,,0.3,,1.0,,2026-08-25,,,,,0.5,,,0.0
2659,WR1289,2732,2659,3217,3217,3217,3217,3105,3217,5221139,Shawn Foster II,CMU,WR,12.0,12.0,12.0,1.01,12.1,12.1,12.1,0.0,12.1,-145.6,-141.5,-139.4,-139.4,-139.4,-139.4,,,,,,,,0.22,,1.0,,2026-08-25,,,,,0.5,,,0.0
2660,WR1290,2733,2660,3220,3220,3220,3220,3108,3220,5289797,Darnell Collins,GT,WR,12.0,12.0,12.0,1.01,12.1,12.1,12.1,0.0,12.1,-145.6,-141.5,-139.4,-139.4,-139.4,-139.4,,,,,,,,0.33,,1.0,,2026-08-25,,,,,0.5,,,0.0
2661,QB225,4223,2661,846,846,836,848,736,848,5144313,Michael Merdinger,MINN,QB,12.0,12.0,12.0,7.04,84.5,84.5,84.5,0.0,84.5,-160.6,-160.7,-143.8,-139.5,-139.5,-139.5,,,,,,,,0.7,,1.0,,2026-08-25,,,,,0.5,,,0.0
2662,TE416,2370,2662,2791,2791,2790,2791,2679,2791,5149269,Cooper Stevens,SHSU,TE,12.0,12.0,12.0,1.52,18.2,18.2,18.2,0.0,18.2,-139.5,-135.4,-139.5,-139.5,-139.5,-139.5,,,,,,,,0.42,,1.0,,2026-08-25,,,,,0.5,,,0.0
2663,RB732,2686,2663,2793,2793,2792,2793,2681,2793,5210798,TJ Hodges,ARK,RB,12.0,12.0,12.0,1.52,18.2,18.2,18.2,0.0,18.2,-139.5,-141.0,-139.5,-139.5,-139.5,-139.5,,,,,,,,0.42,,1.0,,2026-08-25,,,,,0.5,,,0.0
2664,RB733,2687,2664,2796,2796,2795,2796,2684,2796,5307118,Bre'Lan Mareus,GASO,RB,12.0,12.0,12.0,1.52,18.2,18.2,18.2,0.0,18.2,-139.5,-141.0,-139.5,-139.5,-139.5,-139.5,,,,,,,,0.36,,1.0,,2026-08-25,,,,,0.5,,,0.0
2665,WR1291,2736,2665,3222,3222,3222,3222,3110,3222,5159064,Jabari Mack,LSU,WR,12.0,12.0,12.0,1.0,12.0,12.0,12.0,0.0,12.0,-145.7,-141.6,-139.5,-139.5,-139.5,-139.5,,,,,,,,0.37,,1.0,,2026-08-25,,,,,0.5,,,0.0
2666,WR1292,2737,2666,3223,3223,3223,3223,3111,3223,5160245,Nathan Roberts,TENN,WR,12.0,12.0,12.0,1.0,12.0,12.0,12.0,0.0,12.0,-145.7,-141.6,-139.5,-139.5,-139.5,-139.5,,,,,,,,0.18,,1.0,,2026-08-25,,,,,0.5,,,0.0
2667,WR1293,2738,2667,3227,3227,3227,3227,3115,3227,5219065,Connor Schutt,NEB,WR,12.0,12.0,12.0,1.0,12.0,12.0,12.0,0.0,12.0,-145.7,-141.6,-139.5,-139.5,-139.5,-139.5,,,,,,,,0.27,,1.0,,2026-08-25,,,,,0.5,,,0.0
2668,WR1294,2739,2668,3229,3229,3229,3229,3117,3229,5227016,Hayes Miller,NEB,WR,12.0,12.0,12.0,1.0,12.0,12.0,12.0,0.0,12.0,-145.7,-141.6,-139.5,-139.5,-139.5,-139.5,,,,,,,,0.27,,1.0,,2026-08-25,,,,,0.5,,,0.0
2669,WR1295,2740,2669,3232,3232,3232,3232,3120,3232,5293698,Stroman Bridges,ARMY,WR,12.0,12.0,12.0,1.0,12.0,12.0,12.0,0.0,12.0,-145.7,-141.6,-139.5,-139.5,-139.5,-139.5,,,,,,,,0.29,,1.0,,2026-08-25,,,,,0.5,,,0.0
2670,RB734,2699,2670,2797,2797,2796,2797,2685,2797,5098610,Terrell Walden II,MIA,RB,12.0,12.0,12.0,1.51,18.1,18.1,18.1,0.0,18.1,-139.6,-141.1,-139.6,-139.6,-139.6,-139.6,,,,,,,,0.34,,1.0,,2026-08-25,,,,,0.5,,,0.0
2671,RB735,2700,2671,2798,2798,2797,2798,2686,2798,5141538,Ladainnian Martin,GAST,RB,12.0,12.0,12.0,1.51,18.1,18.1,18.1,0.0,18.1,-139.6,-141.1,-139.6,-139.6,-139.6,-139.6,,,,,,,,0.42,,1.0,,2026-08-25,,,,,0.5,,,0.0
2672,RB736,2701,2672,2800,2800,2799,2800,2688,2800,5219023,Cole Gamble,AUB,RB,12.0,12.0,12.0,1.51,18.1,18.1,18.1,0.0,18.1,-139.6,-141.1,-139.6,-139.6,-139.6,-139.6,,,,,,,,0.42,,1.0,,2026-08-25,,,,,0.5,,,0.0
2673,WR1296,2743,2673,3238,3238,3238,3238,3126,3238,5222654,Trenton Chaney,UL,WR,12.0,12.0,12.0,0.99,11.9,11.9,11.9,0.0,11.9,-145.8,-141.7,-139.6,-139.6,-139.6,-139.6,,,,,,,,0.49,,1.0,,2026-08-25,,,,,0.5,,,0.0
2674,WR1297,2744,2674,3240,3240,3240,3240,3128,3240,5371961,Gordon Sellars III,CLEM,WR,12.0,12.0,12.0,0.99,11.9,11.9,11.9,0.0,11.9,-145.8,-141.7,-139.6,-139.6,-139.6,-139.6,,,,,,,,0.32,,1.0,,2026-08-25,,,,,0.5,,,0.0
2675,WR1298,2745,2675,3241,3241,3241,3241,3129,3241,5372128,Matt Mayfield,MSST,WR,12.0,12.0,12.0,0.99,11.9,11.9,11.9,0.0,11.9,-145.8,-141.7,-139.6,-139.6,-139.6,-139.6,,,,,,,,0.17,,1.0,,2026-08-25,,,,,0.5,,,0.0
2676,RB737,2708,2676,2803,2803,2803,2803,2691,2803,5150285,Christian Burnette,AUB,RB,12.0,12.0,12.0,1.5,18.0,18.0,18.0,0.0,18.0,-139.7,-141.2,-139.7,-139.7,-139.7,-139.7,,,,,,,,0.29,,1.0,,2026-08-25,,,,,0.5,,,0.0
2677,RB738,2709,2677,2805,2805,2805,2805,2693,2805,5159135,David Barela,NMSU,RB,12.0,12.0,12.0,1.5,18.0,18.0,18.0,0.0,18.0,-139.7,-141.2,-139.7,-139.7,-139.7,-139.7,,,,,,,,0.29,,1.0,,2026-08-25,,,,,0.5,,,0.0
2678,RB739,2710,2678,2806,2806,2806,2806,2694,2806,5209960,Lekhy Thompkins,LOU,RB,12.0,12.0,12.0,1.5,18.0,18.0,18.0,0.0,18.0,-139.7,-141.2,-139.7,-139.7,-139.7,-139.7,,,,,,,,0.41,,1.0,,2026-08-25,,,,,0.5,,,0.0
2679,WR1299,2749,2679,3244,3244,3244,3244,3132,3244,5159173,Ash Roberts,TEM,WR,12.0,12.0,12.0,0.98,11.8,11.8,11.8,0.0,11.8,-145.9,-141.8,-139.7,-139.7,-139.7,-139.7,,,,,,,,0.32,,1.0,,2026-08-25,,,,,0.5,,,0.0
2680,WR1300,2751,2680,3247,3247,3247,3247,3135,3247,5281382,Kai Owens,MASS,WR,12.0,12.0,12.0,0.98,11.8,11.8,11.8,0.0,11.8,-145.9,-141.8,-139.7,-139.7,-139.7,-139.7,,,,,,,,0.34,,1.0,,2026-08-25,,,,,0.5,,,0.0
2681,WR1301,2752,2681,3248,3248,3248,3248,3136,3248,5293573,Aeryn Hampton,ORST,WR,12.0,12.0,12.0,0.98,11.8,11.8,11.8,0.0,11.8,-145.9,-141.8,-139.7,-139.7,-139.7,-139.7,,,,,,,,0.34,,1.0,,2026-08-25,,,,,0.5,,,0.0
2682,WR1302,2753,2682,3249,3249,3249,3249,3137,3249,5394595,Jaylen Himes,USM,WR,12.0,12.0,12.0,0.98,11.8,11.8,11.8,0.0,11.8,-145.9,-141.8,-139.7,-139.7,-139.7,-139.7,,,,,,,,0.26,,1.0,,2026-08-25,,,,,0.5,,,0.0
2683,TE417,2380,2683,2808,2808,2808,2808,2696,2808,5182804,Kaiden Prothro,UGA,TE,12.0,12.0,12.0,1.49,17.9,17.9,17.9,0.0,17.9,-139.8,-135.7,-139.8,-139.8,-139.8,-139.8,,,,,,,,0.51,,1.0,,2026-08-25,,,,,0.5,,,0.0
2684,RB740,2717,2684,2809,2809,2809,2809,2697,2809,5210055,Brooklen Davis,MTSU,RB,12.0,12.0,12.0,1.49,17.9,17.9,17.9,0.0,17.9,-139.8,-141.3,-139.8,-139.8,-139.8,-139.8,,,,,,,,0.46,,1.0,,2026-08-25,,,,,0.5,,,0.0
2685,RB741,2718,2685,2810,2810,2810,2810,2698,2810,5214939,Triston White,NIU,RB,12.0,12.0,12.0,1.49,17.9,17.9,17.9,0.0,17.9,-139.8,-141.3,-139.8,-139.8,-139.8,-139.8,,,,,,,,0.46,,1.0,,2026-08-25,,,,,0.5,,,0.0
2686,RB742,2719,2686,2812,2812,2812,2812,2700,2812,5310922,Jack Stevens,UVA,RB,12.0,12.0,12.0,1.49,17.9,17.9,17.9,0.0,17.9,-139.8,-141.3,-139.8,-139.8,-139.8,-139.8,,,,,,,,0.34,,1.0,,2026-08-25,,,,,0.5,,,0.0
2687,WR1303,2756,2687,3250,3250,3250,3250,3138,3250,5169550,Lex Cyrus,SC,WR,12.0,12.0,12.0,0.98,11.7,11.7,11.7,0.0,11.7,-146.0,-141.9,-139.8,-139.8,-139.8,-139.8,,,,,,,,0.39,,1.0,,2026-08-25,,,,,0.5,,,0.0
2688,WR1304,2757,2688,3251,3251,3251,3251,3139,3251,5198289,Tae'Shaun Gelsey,FSU,WR,12.0,12.0,12.0,0.98,11.7,11.7,11.7,0.0,11.7,-146.0,-141.9,-139.8,-139.8,-139.8,-139.8,,,,,,,,0.35,,1.0,,2026-08-25,,,,,0.5,,,0.0
2689,QB226,4224,2689,855,855,845,857,745,857,5221569,Lucas Scheerhorn,RICE,QB,12.0,12.0,12.0,7.01,84.1,84.1,84.1,0.0,84.1,-161.0,-161.1,-144.2,-139.9,-139.9,-139.9,,,,,,,,0.67,,1.0,,2026-08-25,,,,,0.5,,,0.0
2690,RB743,2721,2690,2813,2813,2813,2813,2701,2813,5209688,JT Lindsey,MISS,RB,12.0,12.0,12.0,1.48,17.8,17.8,17.8,0.0,17.8,-139.9,-141.4,-139.9,-139.9,-139.9,-139.9,,,,,,,,0.42,,1.0,,2026-08-25,,,,,0.5,,,0.0
2691,WR1305,2762,2691,3258,3258,3258,3258,3146,3258,5204395,Bradley Martino,MINN,WR,12.0,12.0,12.0,0.97,11.6,11.6,11.6,0.0,11.6,-146.1,-142.0,-139.9,-139.9,-139.9,-139.9,,,,,,,,0.36,,1.0,,2026-08-25,,,,,0.5,,,0.0
2692,WR1306,2764,2692,3260,3260,3260,3260,3148,3260,5301046,Dontae Robinson,CMU,WR,12.0,12.0,12.0,0.97,11.6,11.6,11.6,0.0,11.6,-146.1,-142.0,-139.9,-139.9,-139.9,-139.9,,,,,,,,0.21,,1.0,,2026-08-25,,,,,0.5,,,0.0
2693,TE418,2384,2693,2814,2814,2814,2814,2702,2814,5114312,Will Monney,UTAH,TE,12.0,12.0,12.0,1.48,17.7,17.7,17.7,0.0,17.7,-140.0,-135.9,-140.0,-140.0,-140.0,-140.0,,,,,,,,0.46,,1.0,,2026-08-25,,,,,0.5,,,0.0
2694,WR1307,2766,2694,3261,3261,3261,3261,3149,3261,5149830,Bryce Gee,APP,WR,12.0,12.0,12.0,0.96,11.5,11.5,11.5,0.0,11.5,-146.2,-142.1,-140.0,-140.0,-140.0,-140.0,,,,,,,,0.29,,1.0,,2026-08-25,,,,,0.5,,,0.0
2695,WR1308,2767,2695,3263,3263,3263,3263,3151,3263,5158970,Jabari Brady,MIZ,WR,12.0,12.0,12.0,0.96,11.5,11.5,11.5,0.0,11.5,-146.2,-142.1,-140.0,-140.0,-140.0,-140.0,,,,,,,,0.29,,1.0,,2026-08-25,,,,,0.5,,,0.0
2696,WR1309,2768,2696,3264,3264,3264,3264,3152,3264,5160173,Walter Blanchard,UGA,WR,12.0,12.0,12.0,0.96,11.5,11.5,11.5,0.0,11.5,-146.2,-142.1,-140.0,-140.0,-140.0,-140.0,,,,,,,,0.19,,1.0,,2026-08-25,,,,,0.5,,,0.0
2697,WR1310,2769,2697,3265,3265,3265,3265,3153,3265,5161859,Rico Blassingame,MINN,WR,12.0,12.0,12.0,0.96,11.5,11.5,11.5,0.0,11.5,-146.2,-142.1,-140.0,-140.0,-140.0,-140.0,,,,,,,,0.35,,1.0,,2026-08-25,,,,,0.5,,,0.0
2698,WR1311,2770,2698,3267,3267,3267,3267,3155,3267,5208218,JonAnthony Hall,STAN,WR,12.0,12.0,12.0,0.96,11.5,11.5,11.5,0.0,11.5,-146.2,-142.1,-140.0,-140.0,-140.0,-140.0,,,,,,,,0.31,,1.0,,2026-08-25,,,,,0.5,,,0.0
2699,WR1312,2771,2699,3268,3268,3268,3268,3156,3268,5218795,Paxon Kettering,DUKE,WR,12.0,12.0,12.0,0.96,11.5,11.5,11.5,0.0,11.5,-146.2,-142.1,-140.0,-140.0,-140.0,-140.0,,,,,,,,0.21,,1.0,,2026-08-25,,,,,0.5,,,0.0
2700,WR1313,2772,2700,3269,3269,3269,3269,3157,3269,5248197,Kohen Brown,TEX,WR,12.0,12.0,12.0,0.96,11.5,11.5,11.5,0.0,11.5,-146.2,-142.1,-140.0,-140.0,-140.0,-140.0,,,,,,,,0.33,,1.0,,2026-08-25,,,,,0.5,,,0.0
2701,WR1314,2773,2701,3271,3271,3271,3271,3159,3271,5304422,Avery Wieting,CLEM,WR,12.0,12.0,12.0,0.96,11.5,11.5,11.5,0.0,11.5,-146.2,-142.1,-140.0,-140.0,-140.0,-140.0,,,,,,,,0.23,,1.0,,2026-08-25,,,,,0.5,,,0.0
2702,TE419,2389,2702,2819,2819,2819,2819,2707,2819,4870964,Will Randle,TEX,TE,12.0,12.0,12.0,1.47,17.6,17.6,17.6,0.0,17.6,-140.1,-136.0,-140.1,-140.1,-140.1,-140.1,,,,,,,,0.38,,1.0,,2026-08-25,,,,,0.5,,,0.0
2703,RB744,2734,2703,2820,2820,2820,2820,2708,2820,5161844,Victor Santino,CAL,RB,12.0,12.0,12.0,1.47,17.6,17.6,17.6,0.0,17.6,-140.1,-141.6,-140.1,-140.1,-140.1,-140.1,,,,,,,,0.43,,1.0,,2026-08-25,,,,,0.5,,,0.0
2704,TE420,2391,2704,2822,2822,2822,2822,2710,2822,5230293,Kam Bell,JXST,TE,12.0,12.0,12.0,1.47,17.6,17.6,17.6,0.0,17.6,-140.1,-136.0,-140.1,-140.1,-140.1,-140.1,,,,,,,,0.37,,1.0,,2026-08-25,,,,,0.5,,,0.0
2705,RB745,2735,2705,2823,2823,2823,2823,2711,2823,5264742,LaMarcus Bell,UTAH,RB,12.0,12.0,12.0,1.47,17.6,17.6,17.6,0.0,17.6,-140.1,-141.6,-140.1,-140.1,-140.1,-140.1,,,,,,,,0.4,,1.0,,2026-08-25,,,,,0.5,,,0.0
2706,WR1315,2776,2706,3272,3272,3272,3272,3160,3272,5160117,Chase Burton,TA&M,WR,12.0,12.0,12.0,0.95,11.4,11.4,11.4,0.0,11.4,-146.3,-142.2,-140.1,-140.1,-140.1,-140.1,,,,,,,,0.19,,1.0,,2026-08-25,,,,,0.5,,,0.0
2707,WR1316,2777,2707,3273,3273,3273,3273,3161,3273,5194328,AJ Watkins,JXST,WR,12.0,12.0,12.0,0.95,11.4,11.4,11.4,0.0,11.4,-146.3,-142.2,-140.1,-140.1,-140.1,-140.1,,,,,,,,0.27,,1.0,,2026-08-25,,,,,0.5,,,0.0
2708,WR1317,2779,2708,3277,3277,3277,3277,3165,3277,5369947,Quayd Hendryx,MINN,WR,12.0,12.0,12.0,0.95,11.4,11.4,11.4,0.0,11.4,-146.3,-142.2,-140.1,-140.1,-140.1,-140.1,,,,,,,,0.34,,1.0,,2026-08-25,,,,,0.5,,,0.0
2709,WR1318,2780,2709,3278,3278,3278,3278,3166,3278,5374984,Coi Jean-Noel,GT,WR,12.0,12.0,12.0,0.95,11.4,11.4,11.4,0.0,11.4,-146.3,-142.2,-140.1,-140.1,-140.1,-140.1,,,,,,,,0.31,,1.0,,2026-08-25,,,,,0.5,,,0.0
2710,WR1319,2781,2710,3279,3279,3279,3279,3167,3279,5394633,Cael Meisman,UTSA,WR,12.0,12.0,12.0,0.95,11.4,11.4,11.4,0.0,11.4,-146.3,-142.2,-140.1,-140.1,-140.1,-140.1,,,,,,,,0.21,,1.0,,2026-08-25,,,,,0.5,,,0.0
2711,QB227,4225,2711,858,858,848,860,748,860,4883110,Grant Jordan,OKST,QB,12.0,12.0,12.0,6.98,83.8,83.8,83.8,0.0,83.8,-161.3,-161.4,-144.5,-140.2,-140.2,-140.2,,,,,,,,0.64,,1.0,,2026-08-25,,,,,0.5,,,0.0
2712,QB228,4226,2712,859,859,849,861,749,861,5223108,Josh Johnson,AF,QB,12.0,12.0,12.0,6.98,83.8,83.8,83.8,0.0,83.8,-161.3,-161.4,-144.5,-140.2,-140.2,-140.2,,,,,,,,0.79,,1.0,,2026-08-25,,,,,0.5,,,0.0
2713,TE421,2394,2713,2827,2827,2827,2827,2715,2827,5155720,Victor Aderungboye,UNT,TE,12.0,12.0,12.0,1.46,17.5,17.5,17.5,0.0,17.5,-140.2,-136.1,-140.2,-140.2,-140.2,-140.2,,,,,,,,0.36,,1.0,,2026-08-25,,,,,0.5,,,0.0
2714,TE422,2396,2714,2829,2829,2829,2829,2717,2829,5391551,Jaylen Jordon,FLA,TE,12.0,12.0,12.0,1.46,17.5,17.5,17.5,0.0,17.5,-140.2,-136.1,-140.2,-140.2,-140.2,-140.2,,,,,,,,0.4,,1.0,,2026-08-25,,,,,0.5,,,0.0
2715,WR1320,2783,2715,3280,3280,3280,3280,3168,3280,5125795,Tyler Kuo,STAN,WR,12.0,12.0,12.0,0.94,11.3,11.3,11.3,0.0,11.3,-146.4,-142.3,-140.2,-140.2,-140.2,-140.2,,,,,,,,0.21,,1.0,,2026-08-25,,,,,0.5,,,0.0
2716,WR1321,2786,2716,3283,3283,3283,3283,3171,3283,5174450,Tate Kjar,USU,WR,12.0,12.0,12.0,0.94,11.3,11.3,11.3,0.0,11.3,-146.4,-142.3,-140.2,-140.2,-140.2,-140.2,,,,,,,,0.31,,1.0,,2026-08-25,,,,,0.5,,,0.0
2717,WR1322,2787,2717,3284,3284,3284,3284,3172,3284,5210514,Nas Rankin,ILL,WR,12.0,12.0,12.0,0.94,11.3,11.3,11.3,0.0,11.3,-146.4,-142.3,-140.2,-140.2,-140.2,-140.2,,,,,,,,0.34,,1.0,,2026-08-25,,,,,0.5,,,0.0
2718,WR1323,2789,2718,3287,3287,3287,3287,3175,3287,5296313,Ty Salazer,DEL,WR,12.0,12.0,12.0,0.94,11.3,11.3,11.3,0.0,11.3,-146.4,-142.3,-140.2,-140.2,-140.2,-140.2,,,,,,,,0.32,,1.0,,2026-08-25,,,,,0.5,,,0.0
2719,QB229,4227,2719,860,860,850,862,750,862,5126470,Trever Jackson,CCU,QB,12.0,12.0,12.0,6.98,83.7,83.7,83.7,0.0,83.7,-161.4,-161.5,-144.6,-140.3,-140.3,-140.3,,,,,,,,0.73,,1.0,,2026-08-25,,,,,0.5,,,0.0
2720,TE423,2397,2720,2830,2830,2830,2830,2718,2830,5079590,Dylan Mesman,LOU,TE,12.0,12.0,12.0,1.45,17.4,17.4,17.4,0.0,17.4,-140.3,-136.2,-140.3,-140.3,-140.3,-140.3,,,,,,,,0.39,,1.0,,2026-08-25,,,,,0.5,,,0.0
2721,TE424,2398,2721,2831,2831,2831,2831,2719,2831,5154308,Adam Howanitz,PITT,TE,12.0,12.0,12.0,1.45,17.4,17.4,17.4,0.0,17.4,-140.3,-136.2,-140.3,-140.3,-140.3,-140.3,,,,,,,,0.36,,1.0,,2026-08-25,,,,,0.5,,,0.0
2722,RB746,2746,2722,2836,2836,2836,2836,2724,2836,5384821,Martavious Boswell,WVU,RB,12.0,12.0,12.0,1.45,17.4,17.4,17.4,0.0,17.4,-140.3,-141.8,-140.3,-140.3,-140.3,-140.3,,,,,,,,0.25,,1.0,,2026-08-25,,,,,0.5,,,0.0
2723,WR1324,2792,2723,3291,3291,3291,3291,3179,3291,5293709,Mason Smith,ARMY,WR,12.0,12.0,12.0,0.93,11.2,11.2,11.2,0.0,11.2,-146.5,-142.4,-140.3,-140.3,-140.3,-140.3,,,,,,,,0.27,,1.0,,2026-08-25,,,,,0.5,,,0.0
2724,WR1325,2793,2724,3293,3293,3293,3293,3181,3293,5308270,DJ Singleton Jr.,NEB,WR,12.0,12.0,12.0,0.93,11.2,11.2,11.2,0.0,11.2,-146.5,-142.4,-140.3,-140.3,-140.3,-140.3,,,,,,,,0.27,,1.0,,2026-08-25,,,,,0.5,,,0.0
2725,RB747,2754,2725,2839,2839,2839,2839,2727,2839,5218790,Cole Denson,DUKE,RB,12.0,12.0,12.0,1.44,17.3,17.3,17.3,0.0,17.3,-140.4,-141.9,-140.4,-140.4,-140.4,-140.4,,,,,,,,0.34,,1.0,,2026-08-25,,,,,0.5,,,0.0
2726,RB748,2755,2726,2841,2841,2841,2841,2729,2841,5257958,Jackson McCarter,JMU,RB,12.0,12.0,12.0,1.44,17.3,17.3,17.3,0.0,17.3,-140.4,-141.9,-140.4,-140.4,-140.4,-140.4,,,,,,,,0.51,,1.0,,2026-08-25,,,,,0.5,,,0.0
2727,WR1326,2799,2727,3299,3299,3299,3299,3187,3299,5274314,Jayden Cration,MSST,WR,12.0,12.0,12.0,0.92,11.1,11.1,11.1,0.0,11.1,-146.6,-142.5,-140.4,-140.4,-140.4,-140.4,,,,,,,,0.27,,1.0,,2026-08-25,,,,,0.5,,,0.0
2728,WR1327,2800,2728,3300,3300,3300,3300,3188,3300,5280258,Sequel Patterson,SC,WR,12.0,12.0,12.0,0.92,11.1,11.1,11.1,0.0,11.1,-146.6,-142.5,-140.4,-140.4,-140.4,-140.4,,,,,,,,0.37,,1.0,,2026-08-25,,,,,0.5,,,0.0
2729,QB230,4228,2729,863,863,853,865,753,865,5079531,Jake Merklinger,CONN,QB,12.0,12.0,12.0,6.96,83.5,83.5,83.5,0.0,83.5,-161.6,-161.7,-144.8,-140.5,-140.5,-140.5,,,,,,,,0.74,,1.0,,2026-08-25,,,,,0.5,,,0.0
2730,TE425,2408,2730,2843,2843,2843,2843,2731,2843,5193220,Nate Green,ULM,TE,12.0,12.0,12.0,1.43,17.2,17.2,17.2,0.0,17.2,-140.5,-136.4,-140.5,-140.5,-140.5,-140.5,,,,,,,,0.35,,1.0,,2026-08-25,,,,,0.5,,,0.0
2731,RB749,2760,2731,2845,2845,2845,2845,2733,2845,5295851,Justin Lewis,MASS,RB,12.0,12.0,12.0,1.43,17.2,17.2,17.2,0.0,17.2,-140.5,-142.0,-140.5,-140.5,-140.5,-140.5,,,,,,,,0.38,,1.0,,2026-08-25,,,,,0.5,,,0.0
2732,RB750,2761,2732,2847,2847,2847,2847,2735,2847,5302869,TK Davis,MASS,RB,12.0,12.0,12.0,1.43,17.2,17.2,17.2,0.0,17.2,-140.5,-142.0,-140.5,-140.5,-140.5,-140.5,,,,,,,,0.38,,1.0,,2026-08-25,,,,,0.5,,,0.0
2733,WR1328,2806,2733,3305,3305,3305,3305,3193,3305,5222758,Cam Russell,NU,WR,12.0,12.0,12.0,0.92,11.0,11.0,11.0,0.0,11.0,-146.7,-142.6,-140.5,-140.5,-140.5,-140.5,,,,,,,,0.25,,1.0,,2026-08-25,,,,,0.5,,,0.0
2734,TE426,2412,2734,2849,2849,2849,2849,2737,2849,4916838,Tyler Jansey,WIS,TE,12.0,12.0,12.0,1.42,17.1,17.1,17.1,0.0,17.1,-140.6,-136.5,-140.6,-140.6,-140.6,-140.6,,,,,,,,0.38,,1.0,,2026-08-25,,,,,0.5,,,0.0
2735,RB751,2765,2735,2852,2852,2852,2852,2740,2852,5209377,Chase Enlow,BUF,RB,12.0,12.0,12.0,1.42,17.1,17.1,17.1,0.0,17.1,-140.6,-142.1,-140.6,-140.6,-140.6,-140.6,,,,,,,,0.41,,1.0,,2026-08-25,,,,,0.5,,,0.0
2736,TE427,2416,2736,2855,2855,2855,2855,2743,2855,5306480,Cade Hays,SHSU,TE,12.0,12.0,12.0,1.42,17.1,17.1,17.1,0.0,17.1,-140.6,-136.5,-140.6,-140.6,-140.6,-140.6,,,,,,,,0.53,,1.0,,2026-08-25,,,,,0.5,,,0.0
2737,WR1329,2807,2737,3308,3308,3308,3308,3196,3308,5188034,Jack-Henry Jakobik,TENN,WR,12.0,12.0,12.0,0.91,10.9,10.9,10.9,0.0,10.9,-146.8,-142.7,-140.6,-140.6,-140.6,-140.6,,,,,,,,0.17,,1.0,,2026-08-25,,,,,0.5,,,0.0
2738,WR1330,2809,2738,3312,3312,3312,3312,3200,3312,5220803,Izeyah Wright,NMSU,WR,12.0,12.0,12.0,0.91,10.9,10.9,10.9,0.0,10.9,-146.8,-142.7,-140.6,-140.6,-140.6,-140.6,,,,,,,,0.24,,1.0,,2026-08-25,,,,,0.5,,,0.0
2739,WR1331,2810,2739,3313,3313,3313,3313,3201,3313,5229929,Diezel Kamoku,HAW,WR,12.0,12.0,12.0,0.91,10.9,10.9,10.9,0.0,10.9,-146.8,-142.7,-140.6,-140.6,-140.6,-140.6,,,,,,,,0.22,,1.0,,2026-08-25,,,,,0.5,,,0.0
2740,WR1332,2811,2740,3314,3314,3314,3314,3202,3314,5265455,Kayden Miller,KENN,WR,12.0,12.0,12.0,0.91,10.9,10.9,10.9,0.0,10.9,-146.8,-142.7,-140.6,-140.6,-140.6,-140.6,,,,,,,,0.28,,1.0,,2026-08-25,,,,,0.5,,,0.0
2741,WR1333,2812,2741,3315,3315,3315,3315,3203,3315,5289798,J.J. Winston,GT,WR,12.0,12.0,12.0,0.91,10.9,10.9,10.9,0.0,10.9,-146.8,-142.7,-140.6,-140.6,-140.6,-140.6,,,,,,,,0.3,,1.0,,2026-08-25,,,,,0.5,,,0.0
2742,WR1334,2814,2742,3319,3319,3319,3319,3207,3319,5394569,Jevon Walker,WSU,WR,12.0,12.0,12.0,0.91,10.9,10.9,10.9,0.0,10.9,-146.8,-142.7,-140.6,-140.6,-140.6,-140.6,,,,,,,,0.2,,1.0,,2026-08-25,,,,,0.5,,,0.0
2743,WR1335,2815,2743,3320,3320,3320,3320,3208,3320,5394607,Nehemiah Taylor,USM,WR,12.0,12.0,12.0,0.91,10.9,10.9,10.9,0.0,10.9,-146.8,-142.7,-140.6,-140.6,-140.6,-140.6,,,,,,,,0.24,,1.0,,2026-08-25,,,,,0.5,,,0.0
2744,RB752,2775,2744,2858,2858,2858,2858,2746,2858,5264245,Xavier Ford,MINN,RB,12.0,12.0,12.0,1.42,17.0,17.0,17.0,0.0,17.0,-140.7,-142.2,-140.7,-140.7,-140.7,-140.7,,,,,,,,0.45,,1.0,,2026-08-25,,,,,0.5,,,0.0
2745,TE428,2419,2745,2859,2859,2859,2859,2747,2859,5296835,Dylan Burk,UCF,TE,12.0,12.0,12.0,1.42,17.0,17.0,17.0,0.0,17.0,-140.7,-136.6,-140.7,-140.7,-140.7,-140.7,,,,,,,,0.4,,1.0,,2026-08-25,,,,,0.5,,,0.0
2746,WR1336,2820,2746,3321,3321,3321,3321,3209,3321,5200367,Tatum Bell Jr.,UNLV,WR,12.0,12.0,12.0,0.9,10.8,10.8,10.8,0.0,10.8,-146.9,-142.8,-140.7,-140.7,-140.7,-140.7,,,,,,,,0.31,,1.0,,2026-08-25,,,,,0.5,,,0.0
2747,WR1337,2821,2747,3323,3323,3323,3323,3211,3323,5216695,Bryce Kania,WAKE,WR,12.0,12.0,12.0,0.9,10.8,10.8,10.8,0.0,10.8,-146.9,-142.8,-140.7,-140.7,-140.7,-140.7,,,,,,,,0.27,,1.0,,2026-08-25,,,,,0.5,,,0.0
2748,WR1338,2822,2748,3324,3324,3324,3324,3212,3324,5263587,Matthew Maxey,KENT,WR,12.0,12.0,12.0,0.9,10.8,10.8,10.8,0.0,10.8,-146.9,-142.8,-140.7,-140.7,-140.7,-140.7,,,,,,,,0.52,,1.0,,2026-08-25,,,,,0.5,,,0.0
2749,TE429,2423,2749,2861,2861,2861,2861,2749,2861,4915713,Walter Taylor,VAN,TE,12.0,12.0,12.0,1.41,16.9,16.9,16.9,0.0,16.9,-140.8,-136.7,-140.8,-140.8,-140.8,-140.8,,,,,,,,0.38,,1.0,,2026-08-25,,,,,0.5,,,0.0
2750,RB753,2782,2750,2866,2866,2866,2866,2754,2866,5302802,Daveon Singleton,UTEP,RB,12.0,12.0,12.0,1.41,16.9,16.9,16.9,0.0,16.9,-140.8,-142.3,-140.8,-140.8,-140.8,-140.8,,,,,,,,0.41,,1.0,,2026-08-25,,,,,0.5,,,0.0
2751,WR1339,2828,2751,3329,3329,3329,3329,3217,3329,5160167,Nolan Buckman,PUR,WR,12.0,12.0,12.0,0.89,10.7,10.7,10.7,0.0,10.7,-147.0,-142.9,-140.8,-140.8,-140.8,-140.8,,,,,,,,0.21,,1.0,,2026-08-25,,,,,0.5,,,0.0
2752,WR1340,2829,2752,3330,3330,3330,3330,3218,3330,5217152,Zion Robinson,STAN,WR,12.0,12.0,12.0,0.89,10.7,10.7,10.7,0.0,10.7,-147.0,-142.9,-140.8,-140.8,-140.8,-140.8,,,,,,,,0.3,,1.0,,2026-08-25,,,,,0.5,,,0.0
2753,WR1341,2830,2753,3331,3331,3331,3331,3219,3331,5220444,Terrence Guillory II,SHSU,WR,12.0,12.0,12.0,0.89,10.7,10.7,10.7,0.0,10.7,-147.0,-142.9,-140.8,-140.8,-140.8,-140.8,,,,,,,,0.2,,1.0,,2026-08-25,,,,,0.5,,,0.0
2754,WR1342,2832,2754,3334,3334,3334,3334,3222,3334,5276651,Brayden Allen,LSU,WR,12.0,12.0,12.0,0.89,10.7,10.7,10.7,0.0,10.7,-147.0,-142.9,-140.8,-140.8,-140.8,-140.8,,,,,,,,0.33,,1.0,,2026-08-25,,,,,0.5,,,0.0
2755,WR1343,2833,2755,3336,3336,3336,3336,3224,3336,5296963,Jet Tabb,KENN,WR,12.0,12.0,12.0,0.89,10.7,10.7,10.7,0.0,10.7,-147.0,-142.9,-140.8,-140.8,-140.8,-140.8,,,,,,,,0.3,,1.0,,2026-08-25,,,,,0.5,,,0.0
2756,WR1344,2837,2756,3343,3343,3343,3343,3231,3343,5245466,Bubba Frazier,ND,WR,12.0,12.0,12.0,0.88,10.6,10.6,10.6,0.0,10.6,-147.1,-143.0,-140.9,-140.9,-140.9,-140.9,,,,,,,,0.31,,1.0,,2026-08-25,,,,,0.5,,,0.0
2757,WR1345,2838,2757,3344,3344,3344,3344,3232,3344,5271466,Devin Fitzgerald,ND,WR,12.0,12.0,12.0,0.88,10.6,10.6,10.6,0.0,10.6,-147.1,-143.0,-140.9,-140.9,-140.9,-140.9,,,,,,,,0.31,,1.0,,2026-08-25,,,,,0.5,,,0.0
2758,WR1346,2839,2758,3346,3346,3346,3346,3234,3346,5293706,Jaden Pydyn,ARMY,WR,12.0,12.0,12.0,0.88,10.6,10.6,10.6,0.0,10.6,-147.1,-143.0,-140.9,-140.9,-140.9,-140.9,,,,,,,,0.29,,1.0,,2026-08-25,,,,,0.5,,,0.0
2759,WR1347,2840,2759,3347,3347,3347,3347,3235,3347,5296042,Malik Muhammad,UAB,WR,12.0,12.0,12.0,0.88,10.6,10.6,10.6,0.0,10.6,-147.1,-143.0,-140.9,-140.9,-140.9,-140.9,,,,,,,,0.23,,1.0,,2026-08-25,,,,,0.5,,,0.0
2760,WR1348,2841,2760,3348,3348,3348,3348,3236,3348,5296316,Emmanuel Doku,DEL,WR,12.0,12.0,12.0,0.88,10.6,10.6,10.6,0.0,10.6,-147.1,-143.0,-140.9,-140.9,-140.9,-140.9,,,,,,,,0.3,,1.0,,2026-08-25,,,,,0.5,,,0.0
2761,WR1349,2842,2761,3349,3349,3349,3349,3237,3349,5296341,Calvin Thomas,DEL,WR,12.0,12.0,12.0,0.88,10.6,10.6,10.6,0.0,10.6,-147.1,-143.0,-140.9,-140.9,-140.9,-140.9,,,,,,,,0.3,,1.0,,2026-08-25,,,,,0.5,,,0.0
2762,TE430,2431,2762,2871,2871,2871,2871,2759,2871,5142743,Dakota Taylor,KENT,TE,12.0,12.0,12.0,1.39,16.7,16.7,16.7,0.0,16.7,-141.0,-136.9,-141.0,-141.0,-141.0,-141.0,,,,,,,,0.5,,1.0,,2026-08-25,,,,,0.5,,,0.0
2763,RB754,2794,2763,2874,2874,2874,2874,2762,2874,5164340,Jordin Thomas,SDSU,RB,12.0,12.0,12.0,1.39,16.7,16.7,16.7,0.0,16.7,-141.0,-142.5,-141.0,-141.0,-141.0,-141.0,,,,,,,,0.47,,1.0,,2026-08-25,,,,,0.5,,,0.0
2764,RB755,2795,2764,2876,2876,2876,2876,2764,2876,5389943,Skylar Vann,UNLV,RB,12.0,12.0,12.0,1.39,16.7,16.7,16.7,0.0,16.7,-141.0,-142.5,-141.0,-141.0,-141.0,-141.0,,,,,,,,0.4,,1.0,,2026-08-25,,,,,0.5,,,0.0
2765,WR1350,2844,2765,3351,3351,3351,3351,3239,3351,5161009,Peyton Zachary,UNLV,WR,12.0,12.0,12.0,0.88,10.5,10.5,10.5,0.0,10.5,-147.2,-143.1,-141.0,-141.0,-141.0,-141.0,,,,,,,,0.29,,1.0,,2026-08-25,,,,,0.5,,,0.0
2766,WR1351,2845,2766,3352,3352,3352,3352,3240,3352,5161726,Hunter Teichman,HOU,WR,12.0,12.0,12.0,0.88,10.5,10.5,10.5,0.0,10.5,-147.2,-143.1,-141.0,-141.0,-141.0,-141.0,,,,,,,,0.19,,1.0,,2026-08-25,,,,,0.5,,,0.0
2767,WR1352,2846,2767,3353,3353,3353,3353,3241,3353,5179076,Miles Cremascoli,OHIO,WR,12.0,12.0,12.0,0.88,10.5,10.5,10.5,0.0,10.5,-147.2,-143.1,-141.0,-141.0,-141.0,-141.0,,,,,,,,0.33,,1.0,,2026-08-25,,,,,0.5,,,0.0
2768,WR1353,2848,2768,3355,3355,3355,3355,3243,3355,5216576,Gavin Packer,BOIS,WR,12.0,12.0,12.0,0.88,10.5,10.5,10.5,0.0,10.5,-147.2,-143.1,-141.0,-141.0,-141.0,-141.0,,,,,,,,0.27,,1.0,,2026-08-25,,,,,0.5,,,0.0
2769,TE431,2436,2769,2877,2877,2877,2877,2765,2877,5092695,Shawn Rouse,MRSH,TE,12.0,12.0,12.0,1.38,16.6,16.6,16.6,0.0,16.6,-141.1,-137.0,-141.1,-141.1,-141.1,-141.1,,,,,,,,0.35,,1.0,,2026-08-25,,,,,0.5,,,0.0
2770,TE432,2437,2770,2878,2878,2878,2878,2766,2878,5150442,Davis Ambuehl,SAC,TE,12.0,12.0,12.0,1.38,16.6,16.6,16.6,0.0,16.6,-141.1,-137.0,-141.1,-141.1,-141.1,-141.1,,,,,,,,0.36,,1.0,,2026-08-25,,,,,0.5,,,0.0
2771,TE433,2440,2771,2881,2881,2881,2881,2769,2881,5221211,Semi Taulanga,UTAH,TE,12.0,12.0,12.0,1.38,16.6,16.6,16.6,0.0,16.6,-141.1,-137.0,-141.1,-141.1,-141.1,-141.1,,,,,,,,0.46,,1.0,,2026-08-25,,,,,0.5,,,0.0
2772,RB756,2802,2772,2882,2882,2882,2882,2770,2882,5244023,Qwantavius Wiggins,GAST,RB,12.0,12.0,12.0,1.38,16.6,16.6,16.6,0.0,16.6,-141.1,-142.6,-141.1,-141.1,-141.1,-141.1,,,,,,,,0.43,,1.0,,2026-08-25,,,,,0.5,,,0.0
2773,RB757,2803,2773,2883,2883,2883,2883,2771,2883,5290549,Jamarcea Plater,TLSA,RB,12.0,12.0,12.0,1.38,16.6,16.6,16.6,0.0,16.6,-141.1,-142.6,-141.1,-141.1,-141.1,-141.1,,,,,,,,0.42,,1.0,,2026-08-25,,,,,0.5,,,0.0
2774,TE434,2442,2774,2885,2885,2885,2885,2773,2885,5383072,Michael Osei-Bonsu,MOST,TE,12.0,12.0,12.0,1.38,16.6,16.6,16.6,0.0,16.6,-141.1,-137.0,-141.1,-141.1,-141.1,-141.1,,,,,,,,0.37,,1.0,,2026-08-25,,,,,0.5,,,0.0
2775,WR1354,2851,2775,3358,3358,3358,3358,3246,3358,5159805,Peyton Rice,UTAH,WR,12.0,12.0,12.0,0.87,10.4,10.4,10.4,0.0,10.4,-147.3,-143.2,-141.1,-141.1,-141.1,-141.1,,,,,,,,0.19,,1.0,,2026-08-25,,,,,0.5,,,0.0
2776,WR1355,2853,2776,3363,3363,3363,3363,3251,3363,5270807,Barrett Schulz,FIU,WR,12.0,12.0,12.0,0.87,10.4,10.4,10.4,0.0,10.4,-147.3,-143.2,-141.1,-141.1,-141.1,-141.1,,,,,,,,0.27,,1.0,,2026-08-25,,,,,0.5,,,0.0
2777,WR1356,2854,2777,3364,3364,3364,3364,3252,3364,5276660,Dre Pollard,STAN,WR,12.0,12.0,12.0,0.87,10.4,10.4,10.4,0.0,10.4,-147.3,-143.2,-141.1,-141.1,-141.1,-141.1,,,,,,,,0.32,,1.0,,2026-08-25,,,,,0.5,,,0.0
2778,WR1357,2855,2778,3365,3365,3365,3365,3253,3365,5379963,Rodney Dunbar,PITT,WR,12.0,12.0,12.0,0.87,10.4,10.4,10.4,0.0,10.4,-147.3,-143.2,-141.1,-141.1,-141.1,-141.1,,,,,,,,0.27,,1.0,,2026-08-25,,,,,0.5,,,0.0
2779,QB231,4229,2779,878,878,868,880,768,880,5123665,Trey Owens,ARST,QB,12.0,12.0,12.0,6.9,82.8,82.8,82.8,0.0,82.8,-162.3,-162.4,-145.5,-141.2,-141.2,-141.2,,,,,,,,0.61,,1.0,,2026-08-25,,,,,0.5,,,0.0
2780,TE435,2447,2780,2886,2886,2886,2886,2774,2886,5121615,Jake Simpson,TXST,TE,12.0,12.0,12.0,1.38,16.5,16.5,16.5,0.0,16.5,-141.2,-137.1,-141.2,-141.2,-141.2,-141.2,,,,,,,,0.35,,1.0,,2026-08-25,,,,,0.5,,,0.0
2781,WR1358,2857,2781,3367,3367,3367,3367,3255,3367,5160176,Will Taylor,UGA,WR,12.0,12.0,12.0,0.86,10.3,10.3,10.3,0.0,10.3,-147.4,-143.3,-141.2,-141.2,-141.2,-141.2,,,,,,,,0.17,,1.0,,2026-08-25,,,,,0.5,,,0.0
2782,TE436,2454,2782,2892,2892,2892,2892,2780,2892,5137739,Eric Ingwerson,NEB,TE,12.0,12.0,12.0,1.37,16.4,16.4,16.4,0.0,16.4,-141.3,-137.2,-141.3,-141.3,-141.3,-141.3,,,,,,,,0.43,,1.0,,2026-08-25,,,,,0.5,,,0.0
2783,RB758,2816,2783,2894,2894,2894,2894,2782,2894,5210544,Damarius Yates,MISS,RB,12.0,12.0,12.0,1.37,16.4,16.4,16.4,0.0,16.4,-141.3,-142.8,-141.3,-141.3,-141.3,-141.3,,,,,,,,0.4,,1.0,,2026-08-25,,,,,0.5,,,0.0
2784,RB759,2817,2784,2895,2895,2895,2895,2783,2895,5211696,Noah Sanders,TOL,RB,12.0,12.0,12.0,1.37,16.4,16.4,16.4,0.0,16.4,-141.3,-142.8,-141.3,-141.3,-141.3,-141.3,,,,,,,,0.42,,1.0,,2026-08-25,,,,,0.5,,,0.0
2785,TE437,2455,2785,2896,2896,2896,2896,2784,2896,5222674,Ryan Boultwood,SJSU,TE,12.0,12.0,12.0,1.37,16.4,16.4,16.4,0.0,16.4,-141.3,-137.2,-141.3,-141.3,-141.3,-141.3,,,,,,,,0.36,,1.0,,2026-08-25,,,,,0.5,,,0.0
2786,RB760,2818,2786,2898,2898,2898,2898,2786,2898,5310790,Jaysen Angulo,APP,RB,12.0,12.0,12.0,1.37,16.4,16.4,16.4,0.0,16.4,-141.3,-142.8,-141.3,-141.3,-141.3,-141.3,,,,,,,,0.28,,1.0,,2026-08-25,,,,,0.5,,,0.0
2787,RB761,2819,2787,2899,2899,2899,2899,2787,2899,5327679,Celley Davis,KENN,RB,12.0,12.0,12.0,1.37,16.4,16.4,16.4,0.0,16.4,-141.3,-142.8,-141.3,-141.3,-141.3,-141.3,,,,,,,,0.39,,1.0,,2026-08-25,,,,,0.5,,,0.0
2788,WR1359,2859,2788,3370,3370,3370,3370,3258,3370,5208403,Jamien Little,DUKE,WR,12.0,12.0,12.0,0.85,10.2,10.2,10.2,0.0,10.2,-147.5,-143.4,-141.3,-141.3,-141.3,-141.3,,,,,,,,0.26,,1.0,,2026-08-25,,,,,0.5,,,0.0
2789,WR1360,2862,2789,3373,3373,3373,3373,3261,3373,5263184,Jeffrey Roberts,ISU,WR,12.0,12.0,12.0,0.85,10.2,10.2,10.2,0.0,10.2,-147.5,-143.4,-141.3,-141.3,-141.3,-141.3,,,,,,,,0.31,,1.0,,2026-08-25,,,,,0.5,,,0.0
2790,WR1361,2863,2790,3374,3374,3374,3374,3262,3374,5276640,Jesse Harden,UNLV,WR,12.0,12.0,12.0,0.85,10.2,10.2,10.2,0.0,10.2,-147.5,-143.4,-141.3,-141.3,-141.3,-141.3,,,,,,,,0.29,,1.0,,2026-08-25,,,,,0.5,,,0.0
2791,WR1362,2864,2791,3375,3375,3375,3375,3263,3375,5376414,Ricky Sampson Jr.,PUR,WR,12.0,12.0,12.0,0.85,10.2,10.2,10.2,0.0,10.2,-147.5,-143.4,-141.3,-141.3,-141.3,-141.3,,,,,,,,0.2,,1.0,,2026-08-25,,,,,0.5,,,0.0
2792,RB762,2824,2792,2901,2901,2901,2901,2789,2901,5141748,Cornelius Warren III,ARIZ,RB,12.0,12.0,12.0,1.36,16.3,16.3,16.3,0.0,16.3,-141.4,-142.9,-141.4,-141.4,-141.4,-141.4,,,,,,,,0.39,,1.0,,2026-08-25,,,,,0.5,,,0.0
2793,RB763,2825,2793,2902,2902,2902,2902,2790,2902,5158933,Lawrence Autry,WVU,RB,12.0,12.0,12.0,1.36,16.3,16.3,16.3,0.0,16.3,-141.4,-142.9,-141.4,-141.4,-141.4,-141.4,,,,,,,,0.38,,1.0,,2026-08-25,,,,,0.5,,,0.0
2794,RB764,2826,2794,2905,2905,2905,2905,2793,2905,5382828,Landon Watkins,JXST,RB,12.0,12.0,12.0,1.36,16.3,16.3,16.3,0.0,16.3,-141.4,-142.9,-141.4,-141.4,-141.4,-141.4,,,,,,,,0.3,,1.0,,2026-08-25,,,,,0.5,,,0.0
2795,WR1363,2868,2795,3379,3379,3379,3379,3267,3379,5213231,Jayden Kitchens,MD,WR,12.0,12.0,12.0,0.84,10.1,10.1,10.1,0.0,10.1,-147.6,-143.5,-141.4,-141.4,-141.4,-141.4,,,,,,,,0.29,,1.0,,2026-08-25,,,,,0.5,,,0.0
2796,WR1364,2870,2796,3381,3381,3381,3381,3269,3381,5289339,David Moore Jr.,MASS,WR,12.0,12.0,12.0,0.84,10.1,10.1,10.1,0.0,10.1,-147.6,-143.5,-141.4,-141.4,-141.4,-141.4,,,,,,,,0.29,,1.0,,2026-08-25,,,,,0.5,,,0.0
2797,TE438,2467,2797,2906,2906,2906,2906,2794,2906,5076117,Kade McIntyre,OU,TE,12.0,12.0,12.0,1.35,16.2,16.2,16.2,0.0,16.2,-141.5,-137.4,-141.5,-141.5,-141.5,-141.5,,,,,,,,0.34,,1.0,,2026-08-25,,,,,0.5,,,0.0
2798,TE439,2469,2798,2908,2908,2908,2908,2796,2908,5157026,Abraham Myers,NDSU,TE,12.0,12.0,12.0,1.35,16.2,16.2,16.2,0.0,16.2,-141.5,-137.4,-141.5,-141.5,-141.5,-141.5,,,,,,,,0.34,,1.0,,2026-08-25,,,,,0.5,,,0.0
2799,TE440,2471,2799,2910,2910,2910,2910,2798,2910,5387661,Adon Turner,EMU,TE,12.0,12.0,12.0,1.35,16.2,16.2,16.2,0.0,16.2,-141.5,-137.4,-141.5,-141.5,-141.5,-141.5,,,,,,,,0.37,,1.0,,2026-08-25,,,,,0.5,,,0.0
2800,TE441,2472,2800,2911,2911,2911,2911,2799,2911,5395324,Jordan Morris,USA,TE,12.0,12.0,12.0,1.35,16.2,16.2,16.2,0.0,16.2,-141.5,-137.4,-141.5,-141.5,-141.5,-141.5,,,,,,,,0.36,,1.0,,2026-08-25,,,,,0.5,,,0.0
2801,WR1365,2874,2801,3387,3387,3387,3387,3275,3387,5196893,Cassidee Miles,UNLV,WR,12.0,12.0,12.0,0.83,10.0,10.0,10.0,0.0,10.0,-147.7,-143.6,-141.5,-141.5,-141.5,-141.5,,,,,,,,0.28,,1.0,,2026-08-25,,,,,0.5,,,0.0
2802,WR1366,2875,2802,3388,3388,3388,3388,3276,3388,5209339,Chris Stewart,TEX,WR,12.0,12.0,12.0,0.83,10.0,10.0,10.0,0.0,10.0,-147.7,-143.6,-141.5,-141.5,-141.5,-141.5,,,,,,,,0.34,,1.0,,2026-08-25,,,,,0.5,,,0.0
2803,WR1367,2878,2803,3392,3392,3392,3392,3280,3392,5239156,Jack Foley,WAKE,WR,12.0,12.0,12.0,0.83,10.0,10.0,10.0,0.0,10.0,-147.7,-143.6,-141.5,-141.5,-141.5,-141.5,,,,,,,,0.25,,1.0,,2026-08-25,,,,,0.5,,,0.0
2804,WR1368,2880,2804,3394,3394,3394,3394,3282,3394,5291183,Elijah Otieno,WAKE,WR,12.0,12.0,12.0,0.83,10.0,10.0,10.0,0.0,10.0,-147.7,-143.6,-141.5,-141.5,-141.5,-141.5,,,,,,,,0.25,,1.0,,2026-08-25,,,,,0.5,,,0.0
2805,WR1369,2881,2805,3395,3395,3395,3395,3283,3395,5292967,Kobe Adeleke-Hokes,WAKE,WR,12.0,12.0,12.0,0.83,10.0,10.0,10.0,0.0,10.0,-147.7,-143.6,-141.5,-141.5,-141.5,-141.5,,,,,,,,0.25,,1.0,,2026-08-25,,,,,0.5,,,0.0
2806,WR1370,2882,2806,3396,3396,3396,3396,3284,3396,5296402,Chase Grosfeld,LT,WR,12.0,12.0,12.0,0.83,10.0,10.0,10.0,0.0,10.0,-147.7,-143.6,-141.5,-141.5,-141.5,-141.5,,,,,,,,0.18,,1.0,,2026-08-25,,,,,0.5,,,0.0
2807,TE442,2473,2807,2912,2912,2912,2912,2800,2912,5078274,Lonnie Johnson,ODU,TE,12.0,12.0,12.0,1.34,16.1,16.1,16.1,0.0,16.1,-141.6,-137.5,-141.6,-141.6,-141.6,-141.6,,,,,,,,0.39,,1.0,,2026-08-25,,,,,0.5,,,0.0
2808,RB765,2843,2808,2915,2915,2915,2915,2803,2915,5222975,Anthony Quinn Jr.,MRSH,RB,12.0,12.0,12.0,1.34,16.1,16.1,16.1,0.0,16.1,-141.6,-143.1,-141.6,-141.6,-141.6,-141.6,,,,,,,,0.41,,1.0,,2026-08-25,,,,,0.5,,,0.0
2809,TE443,2476,2809,2916,2916,2916,2916,2804,2916,5236367,Michael Gelatko,BUF,TE,12.0,12.0,12.0,1.34,16.1,16.1,16.1,0.0,16.1,-141.6,-137.5,-141.6,-141.6,-141.6,-141.6,,,,,,,,0.36,,1.0,,2026-08-25,,,,,0.5,,,0.0
2810,WR1371,2886,2810,3403,3403,3403,3403,3291,3403,5159044,Nalin Scott,NEB,WR,12.0,12.0,12.0,0.82,9.9,9.9,9.9,0.0,9.9,-147.8,-143.7,-141.6,-141.6,-141.6,-141.6,,,,,,,,0.3,,1.0,,2026-08-25,,,,,0.5,,,0.0
2811,WR1372,2887,2811,3404,3404,3404,3404,3292,3404,5200369,Kenyon Alston,ILL,WR,12.0,12.0,12.0,0.82,9.9,9.9,9.9,0.0,9.9,-147.8,-143.7,-141.6,-141.6,-141.6,-141.6,,,,,,,,0.33,,1.0,,2026-08-25,,,,,0.5,,,0.0
2812,WR1373,2889,2812,3406,3406,3406,3406,3294,3406,5215338,AJ Jones,BOIS,WR,12.0,12.0,12.0,0.82,9.9,9.9,9.9,0.0,9.9,-147.8,-143.7,-141.6,-141.6,-141.6,-141.6,,,,,,,,0.25,,1.0,,2026-08-25,,,,,0.5,,,0.0
2813,WR1374,2890,2813,3407,3407,3407,3407,3295,3407,5228044,Amah Agwu,PITT,WR,12.0,12.0,12.0,0.82,9.9,9.9,9.9,0.0,9.9,-147.8,-143.7,-141.6,-141.6,-141.6,-141.6,,,,,,,,0.23,,1.0,,2026-08-25,,,,,0.5,,,0.0
2814,WR1375,2891,2814,3408,3408,3408,3408,3296,3408,5280596,Robert Haynes IV,HAW,WR,12.0,12.0,12.0,0.82,9.9,9.9,9.9,0.0,9.9,-147.8,-143.7,-141.6,-141.6,-141.6,-141.6,,,,,,,,0.24,,1.0,,2026-08-25,,,,,0.5,,,0.0
2815,TE444,2477,2815,2919,2919,2919,2919,2807,2919,5079634,A.J. Pugliano,ORE,TE,12.0,12.0,12.0,1.33,16.0,16.0,16.0,0.0,16.0,-141.7,-137.6,-141.7,-141.7,-141.7,-141.7,,,,,,,,0.4,,1.0,,2026-08-25,,,,,0.5,,,0.0
2816,RB766,2850,2816,2926,2926,2926,2926,2814,2926,5307119,Foster Orris,GASO,RB,12.0,12.0,12.0,1.33,16.0,16.0,16.0,0.0,16.0,-141.7,-143.2,-141.7,-141.7,-141.7,-141.7,,,,,,,,0.32,,1.0,,2026-08-25,,,,,0.5,,,0.0
2817,WR1376,2897,2817,3411,3411,3411,3411,3299,3411,5159017,Denairius Gray,UK,WR,12.0,12.0,12.0,0.82,9.8,9.8,9.8,0.0,9.8,-147.9,-143.8,-141.7,-141.7,-141.7,-141.7,,,,,,,,0.36,,1.0,,2026-08-25,,,,,0.5,,,0.0
2818,WR1377,2898,2818,3412,3412,3412,3412,3300,3412,5182907,Carnell Warren,UNC,WR,12.0,12.0,12.0,0.82,9.8,9.8,9.8,0.0,9.8,-147.9,-143.8,-141.7,-141.7,-141.7,-141.7,,,,,,,,0.29,,1.0,,2026-08-25,,,,,0.5,,,0.0
2819,WR1378,2900,2819,3414,3414,3414,3414,3302,3414,5216345,Bodpegn Miller,WASH,WR,12.0,12.0,12.0,0.82,9.8,9.8,9.8,0.0,9.8,-147.9,-143.8,-141.7,-141.7,-141.7,-141.7,,,,,,,,0.36,,1.0,,2026-08-25,,,,,0.5,,,0.0
2820,WR1379,2903,2820,3417,3417,3417,3417,3305,3417,5229096,Jake White,AUB,WR,12.0,12.0,12.0,0.82,9.8,9.8,9.8,0.0,9.8,-147.9,-143.8,-141.7,-141.7,-141.7,-141.7,,,,,,,,0.26,,1.0,,2026-08-25,,,,,0.5,,,0.0
2821,WR1380,2905,2821,3419,3419,3419,3419,3307,3419,5290513,Hunter Watson,TEM,WR,12.0,12.0,12.0,0.82,9.8,9.8,9.8,0.0,9.8,-147.9,-143.8,-141.7,-141.7,-141.7,-141.7,,,,,,,,0.27,,1.0,,2026-08-25,,,,,0.5,,,0.0
2822,WR1381,2906,2822,3420,3420,3420,3420,3308,3420,5291772,Coen Logan,TEM,WR,12.0,12.0,12.0,0.82,9.8,9.8,9.8,0.0,9.8,-147.9,-143.8,-141.7,-141.7,-141.7,-141.7,,,,,,,,0.28,,1.0,,2026-08-25,,,,,0.5,,,0.0
2823,WR1382,2907,2823,3422,3422,3422,3422,3310,3422,5296441,AJ Bell Jr.,MOST,WR,12.0,12.0,12.0,0.82,9.8,9.8,9.8,0.0,9.8,-147.9,-143.8,-141.7,-141.7,-141.7,-141.7,,,,,,,,0.28,,1.0,,2026-08-25,,,,,0.5,,,0.0
2824,WR1383,2908,2824,3423,3423,3423,3423,3311,3423,5332570,Maurice Mathis Jr.,ALA,WR,12.0,12.0,12.0,0.82,9.8,9.8,9.8,0.0,9.8,-147.9,-143.8,-141.7,-141.7,-141.7,-141.7,,,,,,,,0.27,,1.0,,2026-08-25,,,,,0.5,,,0.0
2825,WR1384,2909,2825,3424,3424,3424,3424,3312,3424,5388802,Don Henry,NEV,WR,12.0,12.0,12.0,0.82,9.8,9.8,9.8,0.0,9.8,-147.9,-143.8,-141.7,-141.7,-141.7,-141.7,,,,,,,,0.17,,1.0,,2026-08-25,,,,,0.5,,,0.0
2826,RB767,2856,2826,2928,2928,2928,2928,2816,2928,5236380,Irving Brown,OHIO,RB,12.0,12.0,12.0,1.32,15.9,15.9,15.9,0.0,15.9,-141.8,-143.3,-141.8,-141.8,-141.8,-141.8,,,,,,,,0.48,,1.0,,2026-08-25,,,,,0.5,,,0.0
2827,TE445,2481,2827,2929,2929,2929,2929,2817,2929,5262779,Grant McAtee,TLSA,TE,12.0,12.0,12.0,1.32,15.9,15.9,15.9,0.0,15.9,-141.8,-137.7,-141.8,-141.8,-141.8,-141.8,,,,,,,,0.37,,1.0,,2026-08-25,,,,,0.5,,,0.0
2828,WR1385,2912,2828,3426,3426,3426,3426,3314,3426,5141725,Michael Tollefson,ASU,WR,12.0,12.0,12.0,0.81,9.7,9.7,9.7,0.0,9.7,-148.0,-143.9,-141.8,-141.8,-141.8,-141.8,,,,,,,,0.26,,1.0,,2026-08-25,,,,,0.5,,,0.0
2829,WR1386,2914,2829,3428,3428,3428,3428,3316,3428,5161822,Marquez Daniel,FLA,WR,12.0,12.0,12.0,0.81,9.7,9.7,9.7,0.0,9.7,-148.0,-143.9,-141.8,-141.8,-141.8,-141.8,,,,,,,,0.33,,1.0,,2026-08-25,,,,,0.5,,,0.0
2830,WR1387,2918,2830,3432,3432,3432,3432,3320,3432,5274332,Trez Davis,WASH,WR,12.0,12.0,12.0,0.81,9.7,9.7,9.7,0.0,9.7,-148.0,-143.9,-141.8,-141.8,-141.8,-141.8,,,,,,,,0.31,,1.0,,2026-08-25,,,,,0.5,,,0.0
2831,QB232,4230,2831,888,888,878,890,778,890,5151060,Cole Ballard,KU,QB,12.0,12.0,12.0,6.84,82.1,82.1,82.1,0.0,82.1,-163.0,-163.1,-146.2,-141.9,-141.9,-141.9,,,,,,,,0.7,,1.0,,2026-08-25,,,,,0.5,,,0.0
2832,TE446,2483,2832,2932,2932,2932,2932,2820,2932,5031158,Andrew Metzger,OHIO,TE,12.0,12.0,12.0,1.32,15.8,15.8,15.8,0.0,15.8,-141.9,-137.8,-141.9,-141.9,-141.9,-141.9,,,,,,,,0.43,,1.0,,2026-08-25,,,,,0.5,,,0.0
2833,WR1388,2923,2833,3437,3437,3437,3437,3325,3437,5228045,Jake Sassic,PITT,WR,12.0,12.0,12.0,0.8,9.6,9.6,9.6,0.0,9.6,-148.1,-144.0,-141.9,-141.9,-141.9,-141.9,,,,,,,,0.23,,1.0,,2026-08-25,,,,,0.5,,,0.0
2834,WR1389,2926,2834,3445,3445,3445,3445,3333,3445,5388916,Tavaris Coles,NIU,WR,12.0,12.0,12.0,0.8,9.6,9.6,9.6,0.0,9.6,-148.1,-144.0,-141.9,-141.9,-141.9,-141.9,,,,,,,,0.18,,1.0,,2026-08-25,,,,,0.5,,,0.0
2835,TE447,2488,2835,2937,2937,2937,2937,2825,2937,4921318,Spencer Shannon,TEX,TE,12.0,12.0,12.0,1.31,15.7,15.7,15.7,0.0,15.7,-142.0,-137.9,-142.0,-142.0,-142.0,-142.0,,,,,,,,0.33,,1.0,,2026-08-25,,,,,0.5,,,0.0
2836,RB768,2866,2836,2941,2941,2941,2941,2829,2941,5182344,Marquez Wimberly,WSU,RB,12.0,12.0,12.0,1.31,15.7,15.7,15.7,0.0,15.7,-142.0,-143.5,-142.0,-142.0,-142.0,-142.0,,,,,,,,0.43,,1.0,,2026-08-25,,,,,0.5,,,0.0
2837,RB769,2867,2837,2942,2942,2942,2942,2830,2942,5207641,KD Jones,OKST,RB,12.0,12.0,12.0,1.31,15.7,15.7,15.7,0.0,15.7,-142.0,-143.5,-142.0,-142.0,-142.0,-142.0,,,,,,,,0.41,,1.0,,2026-08-25,,,,,0.5,,,0.0
2838,WR1390,2929,2838,3446,3446,3446,3446,3334,3446,5150709,Nolan Baudo,OSU,WR,12.0,12.0,12.0,0.79,9.5,9.5,9.5,0.0,9.5,-148.2,-144.1,-142.0,-142.0,-142.0,-142.0,,,,,,,,0.16,,1.0,,2026-08-25,,,,,0.5,,,0.0
2839,WR1391,2930,2839,3447,3447,3447,3447,3335,3447,5209708,Jackson Carpenter,NEB,WR,12.0,12.0,12.0,0.79,9.5,9.5,9.5,0.0,9.5,-148.2,-144.1,-142.0,-142.0,-142.0,-142.0,,,,,,,,0.29,,1.0,,2026-08-25,,,,,0.5,,,0.0
2840,WR1392,2931,2840,3448,3448,3448,3448,3336,3448,5210477,Vance Spafford,MIA,WR,12.0,12.0,12.0,0.79,9.5,9.5,9.5,0.0,9.5,-148.2,-144.1,-142.0,-142.0,-142.0,-142.0,,,,,,,,0.34,,1.0,,2026-08-25,,,,,0.5,,,0.0
2841,WR1393,2932,2841,3449,3449,3449,3449,3337,3449,5214450,Fonzy Smith,WKU,WR,12.0,12.0,12.0,0.79,9.5,9.5,9.5,0.0,9.5,-148.2,-144.1,-142.0,-142.0,-142.0,-142.0,,,,,,,,0.26,,1.0,,2026-08-25,,,,,0.5,,,0.0
2842,RB770,2871,2842,2947,2947,2947,2947,2835,2947,5388743,James Steffany-Fiame,HAW,RB,12.0,12.0,12.0,1.3,15.6,15.6,15.6,0.0,15.6,-142.1,-143.6,-142.1,-142.1,-142.1,-142.1,,,,,,,,0.29,,1.0,,2026-08-25,,,,,0.5,,,0.0
2843,WR1394,2934,2843,3453,3453,3453,3453,3341,3453,5182334,Davian Groce,FLA,WR,12.0,12.0,12.0,0.78,9.4,9.4,9.4,0.0,9.4,-148.3,-144.2,-142.1,-142.1,-142.1,-142.1,,,,,,,,0.32,,1.0,,2026-08-25,,,,,0.5,,,0.0
2844,WR1395,2935,2844,3454,3454,3454,3454,3342,3454,5215135,Braylon Collier,MSU,WR,12.0,12.0,12.0,0.78,9.4,9.4,9.4,0.0,9.4,-148.3,-144.2,-142.1,-142.1,-142.1,-142.1,,,,,,,,0.29,,1.0,,2026-08-25,,,,,0.5,,,0.0
2845,WR1396,2936,2845,3456,3456,3456,3456,3344,3456,5323607,Jordan Styles,WYO,WR,12.0,12.0,12.0,0.78,9.4,9.4,9.4,0.0,9.4,-148.3,-144.2,-142.1,-142.1,-142.1,-142.1,,,,,,,,0.27,,1.0,,2026-08-25,,,,,0.5,,,0.0
2846,WR1397,2937,2846,3457,3457,3457,3457,3345,3457,5327246,Josiah Teasley,MD,WR,12.0,12.0,12.0,0.78,9.4,9.4,9.4,0.0,9.4,-148.3,-144.2,-142.1,-142.1,-142.1,-142.1,,,,,,,,0.28,,1.0,,2026-08-25,,,,,0.5,,,0.0
2847,TE448,2497,2847,2949,2949,2949,2949,2837,2949,5125744,Emiliano Soldevilla,UL,TE,12.0,12.0,12.0,1.29,15.5,15.5,15.5,0.0,15.5,-142.2,-138.1,-142.2,-142.2,-142.2,-142.2,,,,,,,,0.37,,1.0,,2026-08-25,,,,,0.5,,,0.0
2848,TE449,2498,2848,2950,2950,2950,2950,2838,2950,5151005,Jakson Judge,TULN,TE,12.0,12.0,12.0,1.29,15.5,15.5,15.5,0.0,15.5,-142.2,-138.1,-142.2,-142.2,-142.2,-142.2,,,,,,,,0.33,,1.0,,2026-08-25,,,,,0.5,,,0.0
2849,TE450,2499,2849,2951,2951,2951,2951,2839,2951,5158372,Gavin Noe,NAVY,TE,12.0,12.0,12.0,1.29,15.5,15.5,15.5,0.0,15.5,-142.2,-138.1,-142.2,-142.2,-142.2,-142.2,,,,,,,,0.41,,1.0,,2026-08-25,,,,,0.5,,,0.0
2850,RB771,2884,2850,2952,2952,2952,2952,2840,2952,5161647,Darius Taylor,VT,RB,12.0,12.0,12.0,1.29,15.5,15.5,15.5,0.0,15.5,-142.2,-143.7,-142.2,-142.2,-142.2,-142.2,,,,,,,,0.27,,1.0,,2026-08-25,,,,,0.5,,,0.0
2851,WR1398,2941,2851,3465,3465,3465,3465,3353,3465,5220259,Clayton Shepler,LIB,WR,12.0,12.0,12.0,0.78,9.3,9.3,9.3,0.0,9.3,-148.4,-144.3,-142.2,-142.2,-142.2,-142.2,,,,,,,,0.26,,1.0,,2026-08-25,,,,,0.5,,,0.0
2852,WR1399,2942,2852,3466,3466,3466,3466,3354,3466,5221233,Jahsiear Rogers,OU,WR,12.0,12.0,12.0,0.78,9.3,9.3,9.3,0.0,9.3,-148.4,-144.3,-142.2,-142.2,-142.2,-142.2,,,,,,,,0.32,,1.0,,2026-08-25,,,,,0.5,,,0.0
2853,WR1400,2946,2853,3470,3470,3470,3470,3358,3470,5258137,Ke'Lyn Washom,WYO,WR,12.0,12.0,12.0,0.78,9.3,9.3,9.3,0.0,9.3,-148.4,-144.3,-142.2,-142.2,-142.2,-142.2,,,,,,,,0.28,,1.0,,2026-08-25,,,,,0.5,,,0.0
2854,WR1401,2947,2854,3471,3471,3471,3471,3359,3471,5280785,Jarell Gary,WYO,WR,12.0,12.0,12.0,0.78,9.3,9.3,9.3,0.0,9.3,-148.4,-144.3,-142.2,-142.2,-142.2,-142.2,,,,,,,,0.28,,1.0,,2026-08-25,,,,,0.5,,,0.0
2855,WR1402,2948,2855,3472,3472,3472,3472,3360,3472,5297104,Tangoh Njoh,UTSA,WR,12.0,12.0,12.0,0.78,9.3,9.3,9.3,0.0,9.3,-148.4,-144.3,-142.2,-142.2,-142.2,-142.2,,,,,,,,0.23,,1.0,,2026-08-25,,,,,0.5,,,0.0
2856,WR1403,2949,2856,3473,3473,3473,3473,3361,3473,5302768,Malik Penson,FIU,WR,12.0,12.0,12.0,0.78,9.3,9.3,9.3,0.0,9.3,-148.4,-144.3,-142.2,-142.2,-142.2,-142.2,,,,,,,,0.25,,1.0,,2026-08-25,,,,,0.5,,,0.0
2857,QB233,4231,2857,897,897,887,899,787,899,5126474,Danny O'Neil,WIS,QB,12.0,12.0,12.0,6.81,81.7,81.7,81.7,0.0,81.7,-163.4,-163.5,-146.6,-142.3,-142.3,-142.3,,,,,,,,0.63,,1.0,,2026-08-25,,,,,0.5,,,0.0
2858,RB772,2894,2858,2956,2956,2956,2956,2844,2956,5211057,John Kelly,KU,RB,12.0,12.0,12.0,1.28,15.4,15.4,15.4,0.0,15.4,-142.3,-143.8,-142.3,-142.3,-142.3,-142.3,,,,,,,,0.46,,1.0,,2026-08-25,,,,,0.5,,,0.0
2859,TE451,2505,2859,2957,2957,2957,2957,2845,2957,5264590,Brown Reaves,CCU,TE,12.0,12.0,12.0,1.28,15.4,15.4,15.4,0.0,15.4,-142.3,-138.2,-142.3,-142.3,-142.3,-142.3,,,,,,,,0.38,,1.0,,2026-08-25,,,,,0.5,,,0.0
2860,RB773,2895,2860,2958,2958,2958,2958,2846,2958,5290548,Sedric Addison,BC,RB,12.0,12.0,12.0,1.28,15.4,15.4,15.4,0.0,15.4,-142.3,-143.8,-142.3,-142.3,-142.3,-142.3,,,,,,,,0.39,,1.0,,2026-08-25,,,,,0.5,,,0.0
2861,WR1404,2952,2861,3476,3476,3476,3476,3364,3476,5150711,Brennen Schramm,OSU,WR,12.0,12.0,12.0,0.77,9.2,9.2,9.2,0.0,9.2,-148.5,-144.4,-142.3,-142.3,-142.3,-142.3,,,,,,,,0.16,,1.0,,2026-08-25,,,,,0.5,,,0.0
2862,WR1405,2953,2862,3477,3477,3477,3477,3365,3477,5160483,Payton Cook,LOU,WR,12.0,12.0,12.0,0.77,9.2,9.2,9.2,0.0,9.2,-148.5,-144.4,-142.3,-142.3,-142.3,-142.3,,,,,,,,0.25,,1.0,,2026-08-25,,,,,0.5,,,0.0
2863,WR1406,2955,2863,3479,3479,3479,3479,3367,3479,5203612,Antwaun Parham,TULN,WR,12.0,12.0,12.0,0.77,9.2,9.2,9.2,0.0,9.2,-148.5,-144.4,-142.3,-142.3,-142.3,-142.3,,,,,,,,0.3,,1.0,,2026-08-25,,,,,0.5,,,0.0
2864,WR1407,2956,2864,3480,3480,3480,3480,3368,3480,5214647,Zach Washington,MSU,WR,12.0,12.0,12.0,0.77,9.2,9.2,9.2,0.0,9.2,-148.5,-144.4,-142.3,-142.3,-142.3,-142.3,,,,,,,,0.28,,1.0,,2026-08-25,,,,,0.5,,,0.0
2865,WR1408,2958,2865,3484,3484,3484,3484,3372,3484,5296155,Giyahni Kontosis,CIN,WR,12.0,12.0,12.0,0.77,9.2,9.2,9.2,0.0,9.2,-148.5,-144.4,-142.3,-142.3,-142.3,-142.3,,,,,,,,0.22,,1.0,,2026-08-25,,,,,0.5,,,0.0
2866,WR1409,2959,2866,3485,3485,3485,3485,3373,3485,5296228,Jeffrey Strozier Jr.,HOU,WR,12.0,12.0,12.0,0.77,9.2,9.2,9.2,0.0,9.2,-148.5,-144.4,-142.3,-142.3,-142.3,-142.3,,,,,,,,0.17,,1.0,,2026-08-25,,,,,0.5,,,0.0
2867,QB234,4232,2867,901,901,891,903,791,903,5158127,Landon Graves,ULM,QB,12.0,12.0,12.0,6.8,81.6,81.6,81.6,0.0,81.6,-163.5,-163.6,-146.7,-142.4,-142.4,-142.4,,,,,,,,0.8,,1.0,,2026-08-25,,,,,0.5,,,0.0
2868,QB235,4233,2868,902,902,892,904,792,904,5296163,Brady Jones,ORST,QB,12.0,12.0,12.0,6.8,81.6,81.6,81.6,0.0,81.6,-163.5,-163.6,-146.7,-142.4,-142.4,-142.4,,,,,,,,0.67,,1.0,,2026-08-25,,,,,0.5,,,0.0
2869,TE452,2509,2869,2960,2960,2960,2960,2848,2960,5158450,Zach Grace,LSU,TE,12.0,12.0,12.0,1.28,15.3,15.3,15.3,0.0,15.3,-142.4,-138.3,-142.4,-142.4,-142.4,-142.4,,,,,,,,0.32,,1.0,,2026-08-25,,,,,0.5,,,0.0
2870,TE453,2513,2870,2966,2966,2966,2966,2854,2966,5379844,Bryson Wood,CCU,TE,12.0,12.0,12.0,1.28,15.3,15.3,15.3,0.0,15.3,-142.4,-138.3,-142.4,-142.4,-142.4,-142.4,,,,,,,,0.34,,1.0,,2026-08-25,,,,,0.5,,,0.0
2871,RB774,2910,2871,2967,2967,2967,2967,2855,2967,5382524,Andrew Chavez,FRES,RB,12.0,12.0,12.0,1.28,15.3,15.3,15.3,0.0,15.3,-142.4,-143.9,-142.4,-142.4,-142.4,-142.4,,,,,,,,0.24,,1.0,,2026-08-25,,,,,0.5,,,0.0
2872,RB775,2911,2872,2968,2968,2968,2968,2856,2968,5390044,Tyrese Woodgett,GASO,RB,12.0,12.0,12.0,1.28,15.3,15.3,15.3,0.0,15.3,-142.4,-143.9,-142.4,-142.4,-142.4,-142.4,,,,,,,,0.31,,1.0,,2026-08-25,,,,,0.5,,,0.0
2873,WR1410,2963,2873,3493,3493,3493,3493,3381,3493,5271234,Justin Williams,FLA,WR,12.0,12.0,12.0,0.76,9.1,9.1,9.1,0.0,9.1,-148.6,-144.5,-142.4,-142.4,-142.4,-142.4,,,,,,,,0.31,,1.0,,2026-08-25,,,,,0.5,,,0.0
2874,WR1411,2965,2874,3495,3495,3495,3495,3383,3495,5290566,Amiri Acker,NCSU,WR,12.0,12.0,12.0,0.76,9.1,9.1,9.1,0.0,9.1,-148.6,-144.5,-142.4,-142.4,-142.4,-142.4,,,,,,,,0.31,,1.0,,2026-08-25,,,,,0.5,,,0.0
2875,WR1412,2966,2875,3497,3497,3497,3497,3385,3497,5303239,Zay Hilliard,GASO,WR,12.0,12.0,12.0,0.76,9.1,9.1,9.1,0.0,9.1,-148.6,-144.5,-142.4,-142.4,-142.4,-142.4,,,,,,,,0.24,,1.0,,2026-08-25,,,,,0.5,,,0.0
2876,WR1413,2967,2876,3498,3498,3498,3498,3386,3498,5303240,Jarvis Mathurin,GASO,WR,12.0,12.0,12.0,0.76,9.1,9.1,9.1,0.0,9.1,-148.6,-144.5,-142.4,-142.4,-142.4,-142.4,,,,,,,,0.24,,1.0,,2026-08-25,,,,,0.5,,,0.0
2877,TE454,2519,2877,2969,2969,2969,2969,2857,2969,5079569,Luca Puccinelli,PUR,TE,12.0,12.0,12.0,1.27,15.2,15.2,15.2,0.0,15.2,-142.5,-138.4,-142.5,-142.5,-142.5,-142.5,,,,,,,,0.5,,1.0,,2026-08-25,,,,,0.5,,,0.0
2878,TE455,2520,2878,2970,2970,2970,2970,2858,2970,5146763,Kaden Anderson,BOIS,TE,12.0,12.0,12.0,1.27,15.2,15.2,15.2,0.0,15.2,-142.5,-138.4,-142.5,-142.5,-142.5,-142.5,,,,,,,,0.32,,1.0,,2026-08-25,,,,,0.5,,,0.0
2879,RB776,2920,2879,2973,2973,2973,2973,2861,2973,5290563,Will Rajecki,TENN,RB,12.0,12.0,12.0,1.27,15.2,15.2,15.2,0.0,15.2,-142.5,-144.0,-142.5,-142.5,-142.5,-142.5,,,,,,,,0.34,,1.0,,2026-08-25,,,,,0.5,,,0.0
2880,RB777,2921,2880,2974,2974,2974,2974,2862,2974,5296226,Zane Smith,HOU,RB,12.0,12.0,12.0,1.27,15.2,15.2,15.2,0.0,15.2,-142.5,-144.0,-142.5,-142.5,-142.5,-142.5,,,,,,,,0.45,,1.0,,2026-08-25,,,,,0.5,,,0.0
2881,WR1414,2970,2881,3500,3500,3500,3500,3388,3500,5148840,Jett Nelson,BYU,WR,12.0,12.0,12.0,0.75,9.0,9.0,9.0,0.0,9.0,-148.7,-144.6,-142.5,-142.5,-142.5,-142.5,,,,,,,,0.28,,1.0,,2026-08-25,,,,,0.5,,,0.0
2882,WR1415,2971,2882,3501,3501,3501,3501,3389,3501,5159246,Amari Sabb,ALA,WR,12.0,12.0,12.0,0.75,9.0,9.0,9.0,0.0,9.0,-148.7,-144.6,-142.5,-142.5,-142.5,-142.5,,,,,,,,0.28,,1.0,,2026-08-25,,,,,0.5,,,0.0
2883,WR1416,2972,2883,3502,3502,3502,3502,3390,3502,5209143,Julian McFadden,SYR,WR,12.0,12.0,12.0,0.75,9.0,9.0,9.0,0.0,9.0,-148.7,-144.6,-142.5,-142.5,-142.5,-142.5,,,,,,,,0.29,,1.0,,2026-08-25,,,,,0.5,,,0.0
2884,WR1417,2974,2884,3504,3504,3504,3504,3392,3504,5225246,Cooper Mollison,ALA,WR,12.0,12.0,12.0,0.75,9.0,9.0,9.0,0.0,9.0,-148.7,-144.6,-142.5,-142.5,-142.5,-142.5,,,,,,,,0.18,,1.0,,2026-08-25,,,,,0.5,,,0.0
2885,WR1418,2975,2885,3506,3506,3506,3506,3394,3506,5266901,Kavon Conciauro,DUKE,WR,12.0,12.0,12.0,0.75,9.0,9.0,9.0,0.0,9.0,-148.7,-144.6,-142.5,-142.5,-142.5,-142.5,,,,,,,,0.24,,1.0,,2026-08-25,,,,,0.5,,,0.0
2886,WR1419,2976,2886,3507,3507,3507,3507,3395,3507,5274380,Greg Wilfred,WVU,WR,12.0,12.0,12.0,0.75,9.0,9.0,9.0,0.0,9.0,-148.7,-144.6,-142.5,-142.5,-142.5,-142.5,,,,,,,,0.3,,1.0,,2026-08-25,,,,,0.5,,,0.0
2887,WR1420,2977,2887,3508,3508,3508,3508,3396,3508,5277008,Xavier Okwufulueze,OU,WR,12.0,12.0,12.0,0.75,9.0,9.0,9.0,0.0,9.0,-148.7,-144.6,-142.5,-142.5,-142.5,-142.5,,,,,,,,0.25,,1.0,,2026-08-25,,,,,0.5,,,0.0
2888,WR1421,2978,2888,3509,3509,3509,3509,3397,3509,5290446,Zechariah Jenkins,MEM,WR,12.0,12.0,12.0,0.75,9.0,9.0,9.0,0.0,9.0,-148.7,-144.6,-142.5,-142.5,-142.5,-142.5,,,,,,,,0.29,,1.0,,2026-08-25,,,,,0.5,,,0.0
2889,WR1422,2979,2889,3511,3511,3511,3511,3399,3511,5382523,Tyler Becker,FRES,WR,12.0,12.0,12.0,0.75,9.0,9.0,9.0,0.0,9.0,-148.7,-144.6,-142.5,-142.5,-142.5,-142.5,,,,,,,,0.16,,1.0,,2026-08-25,,,,,0.5,,,0.0
2890,QB236,4234,2890,903,903,893,905,793,905,4696561,Jacob Conover,USU,QB,12.0,12.0,12.0,6.78,81.4,81.4,81.4,0.0,81.4,-163.7,-163.8,-146.9,-142.6,-142.6,-142.6,,,,,,,,0.74,,1.0,,2026-08-25,,,,,0.5,,,0.0
2891,TE456,2526,2891,2977,2977,2977,2977,2865,2977,5146636,Arthur Ban,ARIZ,TE,12.0,12.0,12.0,1.26,15.1,15.1,15.1,0.0,15.1,-142.6,-138.5,-142.6,-142.6,-142.6,-142.6,,,,,,,,0.33,,1.0,,2026-08-25,,,,,0.5,,,0.0
2892,TE457,2527,2892,2978,2978,2978,2978,2866,2978,5212655,Jordan Collins,NAVY,TE,12.0,12.0,12.0,1.26,15.1,15.1,15.1,0.0,15.1,-142.6,-138.5,-142.6,-142.6,-142.6,-142.6,,,,,,,,0.56,,1.0,,2026-08-25,,,,,0.5,,,0.0
2893,RB778,2927,2893,2979,2979,2979,2979,2867,2979,5269148,Juntavious Harris,TXST,RB,12.0,12.0,12.0,1.26,15.1,15.1,15.1,0.0,15.1,-142.6,-144.1,-142.6,-142.6,-142.6,-142.6,,,,,,,,0.34,,1.0,,2026-08-25,,,,,0.5,,,0.0
2894,RB779,2928,2894,2980,2980,2980,2980,2868,2980,5382993,Demarcus Belton,LT,RB,12.0,12.0,12.0,1.26,15.1,15.1,15.1,0.0,15.1,-142.6,-144.1,-142.6,-142.6,-142.6,-142.6,,,,,,,,0.39,,1.0,,2026-08-25,,,,,0.5,,,0.0
2895,WR1423,2980,2895,3512,3512,3512,3512,3400,3512,5144288,Ben Grice,RICE,WR,12.0,12.0,12.0,0.74,8.9,8.9,8.9,0.0,8.9,-148.8,-144.7,-142.6,-142.6,-142.6,-142.6,,,,,,,,0.3,,1.0,,2026-08-25,,,,,0.5,,,0.0
2896,WR1424,2981,2896,3513,3513,3513,3513,3401,3513,5152436,Ben Pupplo,ARK,WR,12.0,12.0,12.0,0.74,8.9,8.9,8.9,0.0,8.9,-148.8,-144.7,-142.6,-142.6,-142.6,-142.6,,,,,,,,0.16,,1.0,,2026-08-25,,,,,0.5,,,0.0
2897,WR1425,2982,2897,3514,3514,3514,3514,3402,3514,5164361,Lyrick Samuel,PSU,WR,12.0,12.0,12.0,0.74,8.9,8.9,8.9,0.0,8.9,-148.8,-144.7,-142.6,-142.6,-142.6,-142.6,,,,,,,,0.3,,1.0,,2026-08-25,,,,,0.5,,,0.0
2898,WR1426,2983,2898,3515,3515,3515,3515,3403,3515,5212609,Braden Blueitt,NU,WR,12.0,12.0,12.0,0.74,8.9,8.9,8.9,0.0,8.9,-148.8,-144.7,-142.6,-142.6,-142.6,-142.6,,,,,,,,0.27,,1.0,,2026-08-25,,,,,0.5,,,0.0
2899,WR1427,2985,2899,3519,3519,3519,3519,3407,3519,5303254,Jaylin Taylor,MEM,WR,12.0,12.0,12.0,0.74,8.9,8.9,8.9,0.0,8.9,-148.8,-144.7,-142.6,-142.6,-142.6,-142.6,,,,,,,,0.27,,1.0,,2026-08-25,,,,,0.5,,,0.0
2900,WR1428,2986,2900,3524,3524,3524,3524,3412,3524,5382937,Andrew Ryman,LIB,WR,12.0,12.0,12.0,0.74,8.9,8.9,8.9,0.0,8.9,-148.8,-144.7,-142.6,-142.6,-142.6,-142.6,,,,,,,,0.25,,1.0,,2026-08-25,,,,,0.5,,,0.0
2901,TE458,2532,2901,2983,2983,2983,2983,2871,2983,5276674,Gavin Mueller,MIA,TE,12.0,12.0,12.0,1.25,15.0,15.0,15.0,0.0,15.0,-142.7,-138.6,-142.7,-142.7,-142.7,-142.7,,,,,,,,0.49,,1.0,,2026-08-25,,,,,0.5,,,0.0
2902,RB780,2933,2902,2984,2984,2984,2984,2872,2984,5290560,CJ Givers,DUKE,RB,12.0,12.0,12.0,1.25,15.0,15.0,15.0,0.0,15.0,-142.7,-144.2,-142.7,-142.7,-142.7,-142.7,,,,,,,,0.36,,1.0,,2026-08-25,,,,,0.5,,,0.0
2903,WR1429,2987,2903,3526,3526,3526,3526,3414,3526,5085972,Kainoa Carvalho,HAW,WR,12.0,12.0,12.0,0.73,8.8,8.8,8.8,0.0,8.8,-148.9,-144.8,-142.7,-142.7,-142.7,-142.7,,,,,,,,0.25,,1.0,,2026-08-25,,,,,0.5,,,0.0
2904,WR1430,2988,2904,3527,3527,3527,3527,3415,3527,5148657,Jalil Hall,PUR,WR,12.0,12.0,12.0,0.73,8.8,8.8,8.8,0.0,8.8,-148.9,-144.8,-142.7,-142.7,-142.7,-142.7,,,,,,,,0.31,,1.0,,2026-08-25,,,,,0.5,,,0.0
2905,WR1431,2989,2905,3528,3528,3528,3528,3416,3528,5164354,Cory Butler Jr.,ASU,WR,12.0,12.0,12.0,0.73,8.8,8.8,8.8,0.0,8.8,-148.9,-144.8,-142.7,-142.7,-142.7,-142.7,,,,,,,,0.24,,1.0,,2026-08-25,,,,,0.5,,,0.0
2906,WR1432,2991,2906,3530,3530,3530,3530,3418,3530,5218720,Isaiah Stone,GAST,WR,12.0,12.0,12.0,0.73,8.8,8.8,8.8,0.0,8.8,-148.9,-144.8,-142.7,-142.7,-142.7,-142.7,,,,,,,,0.23,,1.0,,2026-08-25,,,,,0.5,,,0.0
2907,WR1433,2992,2907,3531,3531,3531,3531,3419,3531,5218956,Emerson Smith,MD,WR,12.0,12.0,12.0,0.73,8.8,8.8,8.8,0.0,8.8,-148.9,-144.8,-142.7,-142.7,-142.7,-142.7,,,,,,,,0.22,,1.0,,2026-08-25,,,,,0.5,,,0.0
2908,WR1434,2993,2908,3532,3532,3532,3532,3420,3532,5220385,Christopher Kaup,MTSU,WR,12.0,12.0,12.0,0.73,8.8,8.8,8.8,0.0,8.8,-148.9,-144.8,-142.7,-142.7,-142.7,-142.7,,,,,,,,0.26,,1.0,,2026-08-25,,,,,0.5,,,0.0
2909,WR1435,2994,2909,3533,3533,3533,3533,3421,3533,5228764,Riley Neer,OHIO,WR,12.0,12.0,12.0,0.73,8.8,8.8,8.8,0.0,8.8,-148.9,-144.8,-142.7,-142.7,-142.7,-142.7,,,,,,,,0.29,,1.0,,2026-08-25,,,,,0.5,,,0.0
2910,WR1436,2995,2910,3535,3535,3535,3535,3423,3535,5283063,JaDarius Sanders,NMSU,WR,12.0,12.0,12.0,0.73,8.8,8.8,8.8,0.0,8.8,-148.9,-144.8,-142.7,-142.7,-142.7,-142.7,,,,,,,,0.26,,1.0,,2026-08-25,,,,,0.5,,,0.0
2911,TE459,2535,2911,2985,2985,2985,2985,2873,2985,5090099,Maurice Smith Jr.,ILL,TE,12.0,12.0,12.0,1.24,14.9,14.9,14.9,0.0,14.9,-142.8,-138.7,-142.8,-142.8,-142.8,-142.8,,,,,,,,0.37,,1.0,,2026-08-25,,,,,0.5,,,0.0
2912,WR1437,3002,2912,3541,3541,3541,3541,3429,3541,5210060,Terrell Wilfong,SYR,WR,12.0,12.0,12.0,0.72,8.7,8.7,8.7,0.0,8.7,-149.0,-144.9,-142.8,-142.8,-142.8,-142.8,,,,,,,,0.29,,1.0,,2026-08-25,,,,,0.5,,,0.0
2913,WR1438,3003,2913,3542,3542,3542,3542,3430,3542,5212979,Dube Enongene,NU,WR,12.0,12.0,12.0,0.72,8.7,8.7,8.7,0.0,8.7,-149.0,-144.9,-142.8,-142.8,-142.8,-142.8,,,,,,,,0.27,,1.0,,2026-08-25,,,,,0.5,,,0.0
2914,WR1439,3004,2914,3543,3543,3543,3543,3431,3543,5216844,Kavon Simmons,DUKE,WR,12.0,12.0,12.0,0.72,8.7,8.7,8.7,0.0,8.7,-149.0,-144.9,-142.8,-142.8,-142.8,-142.8,,,,,,,,0.22,,1.0,,2026-08-25,,,,,0.5,,,0.0
2915,WR1440,3008,2915,3547,3547,3547,3547,3435,3547,5223206,Evan Haynes,GT,WR,12.0,12.0,12.0,0.72,8.7,8.7,8.7,0.0,8.7,-149.0,-144.9,-142.8,-142.8,-142.8,-142.8,,,,,,,,0.26,,1.0,,2026-08-25,,,,,0.5,,,0.0
2916,WR1441,3009,2916,3549,3549,3549,3549,3437,3549,5295726,Brody Day,BAY,WR,12.0,12.0,12.0,0.72,8.7,8.7,8.7,0.0,8.7,-149.0,-144.9,-142.8,-142.8,-142.8,-142.8,,,,,,,,0.19,,1.0,,2026-08-25,,,,,0.5,,,0.0
2917,TE460,2541,2917,2991,2991,2991,2991,2879,2991,5159145,Jerry Lydiatt,NMSU,TE,12.0,12.0,12.0,1.23,14.8,14.8,14.8,0.0,14.8,-142.9,-138.8,-142.9,-142.9,-142.9,-142.9,,,,,,,,0.31,,1.0,,2026-08-25,,,,,0.5,,,0.0
2918,RB781,2950,2918,2994,2994,2994,2994,2882,2994,5265173,Crew Davis,UNC,RB,12.0,12.0,12.0,1.23,14.8,14.8,14.8,0.0,14.8,-142.9,-144.4,-142.9,-142.9,-142.9,-142.9,,,,,,,,0.39,,1.0,,2026-08-25,,,,,0.5,,,0.0
2919,RB782,2951,2919,2995,2995,2995,2995,2883,2995,5290699,Nazir Jones-Davis,EMU,RB,12.0,12.0,12.0,1.23,14.8,14.8,14.8,0.0,14.8,-142.9,-144.4,-142.9,-142.9,-142.9,-142.9,,,,,,,,0.38,,1.0,,2026-08-25,,,,,0.5,,,0.0
2920,TE461,2544,2920,2997,2997,2997,2997,2885,2997,5388373,Jack Petrissans,AF,TE,12.0,12.0,12.0,1.23,14.8,14.8,14.8,0.0,14.8,-142.9,-138.8,-142.9,-142.9,-142.9,-142.9,,,,,,,,0.34,,1.0,,2026-08-25,,,,,0.5,,,0.0
2921,WR1442,3014,2921,3554,3554,3554,3554,3442,3554,5221296,Carson Westbrook,COLO,WR,12.0,12.0,12.0,0.72,8.6,8.6,8.6,0.0,8.6,-149.1,-145.0,-142.9,-142.9,-142.9,-142.9,,,,,,,,0.13,,1.0,,2026-08-25,,,,,0.5,,,0.0
2922,WR1443,3015,2922,3555,3555,3555,3555,3443,3555,5234259,Hudson Powell,TEX,WR,12.0,12.0,12.0,0.72,8.6,8.6,8.6,0.0,8.6,-149.1,-145.0,-142.9,-142.9,-142.9,-142.9,,,,,,,,0.18,,1.0,,2026-08-25,,,,,0.5,,,0.0
2923,WR1444,3016,2923,3556,3556,3556,3556,3444,3556,5272709,Larry Miles,NEB,WR,12.0,12.0,12.0,0.72,8.6,8.6,8.6,0.0,8.6,-149.1,-145.0,-142.9,-142.9,-142.9,-142.9,,,,,,,,0.26,,1.0,,2026-08-25,,,,,0.5,,,0.0
2924,WR1445,3018,2924,3558,3558,3558,3558,3446,3558,5302754,Courtney Lewis Jr.,TLSA,WR,12.0,12.0,12.0,0.72,8.6,8.6,8.6,0.0,8.6,-149.1,-145.0,-142.9,-142.9,-142.9,-142.9,,,,,,,,0.24,,1.0,,2026-08-25,,,,,0.5,,,0.0
2925,WR1446,3019,2925,3559,3559,3559,3559,3447,3559,5388922,Kevin Holmes Jr.,NIU,WR,12.0,12.0,12.0,0.72,8.6,8.6,8.6,0.0,8.6,-149.1,-145.0,-142.9,-142.9,-142.9,-142.9,,,,,,,,0.16,,1.0,,2026-08-25,,,,,0.5,,,0.0
2926,TE462,2546,2926,2998,2998,2998,2998,2886,2998,4900578,Luke Seib,LT,TE,12.0,12.0,12.0,1.22,14.7,14.7,14.7,0.0,14.7,-143.0,-138.9,-143.0,-143.0,-143.0,-143.0,,,,,,,,0.39,,1.0,,2026-08-25,,,,,0.5,,,0.0
2927,RB783,2961,2927,3000,3000,3000,3000,2888,3000,5172096,Kaj Baker,UCF,RB,12.0,12.0,12.0,1.22,14.7,14.7,14.7,0.0,14.7,-143.0,-144.5,-143.0,-143.0,-143.0,-143.0,,,,,,,,0.35,,1.0,,2026-08-25,,,,,0.5,,,0.0
2928,TE463,2547,2928,3001,3001,3001,3001,2889,3001,5201882,Blake Thiry,IU,TE,12.0,12.0,12.0,1.22,14.7,14.7,14.7,0.0,14.7,-143.0,-138.9,-143.0,-143.0,-143.0,-143.0,,,,,,,,0.39,,1.0,,2026-08-25,,,,,0.5,,,0.0
2929,TE464,2548,2929,3002,3002,3002,3002,2890,3002,5221049,James Rexroat,MOST,TE,12.0,12.0,12.0,1.22,14.7,14.7,14.7,0.0,14.7,-143.0,-138.9,-143.0,-143.0,-143.0,-143.0,,,,,,,,0.4,,1.0,,2026-08-25,,,,,0.5,,,0.0
2930,TE465,2550,2930,3004,3004,3004,3004,2892,3004,5390284,Thatcher Miller,JMU,TE,12.0,12.0,12.0,1.22,14.7,14.7,14.7,0.0,14.7,-143.0,-138.9,-143.0,-143.0,-143.0,-143.0,,,,,,,,0.32,,1.0,,2026-08-25,,,,,0.5,,,0.0
2931,WR1447,3023,2931,3563,3563,3563,3563,3451,3563,5196815,Chance Ables,ASU,WR,12.0,12.0,12.0,0.71,8.5,8.5,8.5,0.0,8.5,-149.2,-145.1,-143.0,-143.0,-143.0,-143.0,,,,,,,,0.24,,1.0,,2026-08-25,,,,,0.5,,,0.0
2932,WR1448,3024,2932,3564,3564,3564,3564,3452,3564,5203852,Nicsaint Joseph Jr.,FAU,WR,12.0,12.0,12.0,0.71,8.5,8.5,8.5,0.0,8.5,-149.2,-145.1,-143.0,-143.0,-143.0,-143.0,,,,,,,,0.24,,1.0,,2026-08-25,,,,,0.5,,,0.0
2933,WR1449,3026,2933,3566,3566,3566,3566,3454,3566,5243671,Brock Coffman,UK,WR,12.0,12.0,12.0,0.71,8.5,8.5,8.5,0.0,8.5,-149.2,-145.1,-143.0,-143.0,-143.0,-143.0,,,,,,,,0.34,,1.0,,2026-08-25,,,,,0.5,,,0.0
2934,WR1450,3027,2934,3567,3567,3567,3567,3455,3567,5279829,Maurice Purify II,NEB,WR,12.0,12.0,12.0,0.71,8.5,8.5,8.5,0.0,8.5,-149.2,-145.1,-143.0,-143.0,-143.0,-143.0,,,,,,,,0.26,,1.0,,2026-08-25,,,,,0.5,,,0.0
2935,WR1451,3028,2935,3570,3570,3570,3570,3458,3570,5295267,Ace Ciongoli,FLA,WR,12.0,12.0,12.0,0.71,8.5,8.5,8.5,0.0,8.5,-149.2,-145.1,-143.0,-143.0,-143.0,-143.0,,,,,,,,0.29,,1.0,,2026-08-25,,,,,0.5,,,0.0
2936,WR1452,3030,2936,3574,3574,3574,3574,3462,3574,5384819,Kedrick Triplett,WVU,WR,12.0,12.0,12.0,0.71,8.5,8.5,8.5,0.0,8.5,-149.2,-145.1,-143.0,-143.0,-143.0,-143.0,,,,,,,,0.22,,1.0,,2026-08-25,,,,,0.5,,,0.0
2937,WR1453,3031,2937,3576,3576,3576,3576,3464,3576,5391552,Mason Jordan,FLA,WR,12.0,12.0,12.0,0.71,8.5,8.5,8.5,0.0,8.5,-149.2,-145.1,-143.0,-143.0,-143.0,-143.0,,,,,,,,0.29,,1.0,,2026-08-25,,,,,0.5,,,0.0
2938,RB784,2968,2938,3008,3008,3008,3008,2896,3008,5258487,Cole Pryor,TXST,RB,12.0,12.0,12.0,1.22,14.6,14.6,14.6,0.0,14.6,-143.1,-144.6,-143.1,-143.1,-143.1,-143.1,,,,,,,,0.33,,1.0,,2026-08-25,,,,,0.5,,,0.0
2939,WR1454,3033,2939,3578,3578,3578,3578,3466,3578,5216496,D'Ontae Fulton,GAST,WR,12.0,12.0,12.0,0.7,8.4,8.4,8.4,0.0,8.4,-149.3,-145.2,-143.1,-143.1,-143.1,-143.1,,,,,,,,0.28,,1.0,,2026-08-25,,,,,0.5,,,0.0
2940,WR1455,3037,2940,3582,3582,3582,3582,3470,3582,5274309,Keyshaun Coleman,TULN,WR,12.0,12.0,12.0,0.7,8.4,8.4,8.4,0.0,8.4,-149.3,-145.2,-143.1,-143.1,-143.1,-143.1,,,,,,,,0.28,,1.0,,2026-08-25,,,,,0.5,,,0.0
2941,WR1456,3038,2941,3583,3583,3583,3583,3471,3583,5276667,Josiah Dozier,MINN,WR,12.0,12.0,12.0,0.7,8.4,8.4,8.4,0.0,8.4,-149.3,-145.2,-143.1,-143.1,-143.1,-143.1,,,,,,,,0.27,,1.0,,2026-08-25,,,,,0.5,,,0.0
2942,WR1457,3039,2942,3584,3584,3584,3584,3472,3584,5290576,Elijah West,FAU,WR,12.0,12.0,12.0,0.7,8.4,8.4,8.4,0.0,8.4,-149.3,-145.2,-143.1,-143.1,-143.1,-143.1,,,,,,,,0.25,,1.0,,2026-08-25,,,,,0.5,,,0.0
2943,WR1458,3040,2943,3585,3585,3585,3585,3473,3585,5291146,Max Lovett,KSU,WR,12.0,12.0,12.0,0.7,8.4,8.4,8.4,0.0,8.4,-149.3,-145.2,-143.1,-143.1,-143.1,-143.1,,,,,,,,0.26,,1.0,,2026-08-25,,,,,0.5,,,0.0
2944,WR1459,3041,2944,3587,3587,3587,3587,3475,3587,5307115,Marcus Galloway,ULM,WR,12.0,12.0,12.0,0.7,8.4,8.4,8.4,0.0,8.4,-149.3,-145.2,-143.1,-143.1,-143.1,-143.1,,,,,,,,0.26,,1.0,,2026-08-25,,,,,0.5,,,0.0
2945,TE466,2554,2945,3011,3011,3011,3011,2899,3011,5151137,Aiden Miller,WKU,TE,12.0,12.0,12.0,1.21,14.5,14.5,14.5,0.0,14.5,-143.2,-139.1,-143.2,-143.2,-143.2,-143.2,,,,,,,,0.31,,1.0,,2026-08-25,,,,,0.5,,,0.0
2946,TE467,2556,2946,3013,3013,3013,3013,2901,3013,5193481,Cole Harrison,TENN,TE,12.0,12.0,12.0,1.21,14.5,14.5,14.5,0.0,14.5,-143.2,-139.1,-143.2,-143.2,-143.2,-143.2,,,,,,,,0.4,,1.0,,2026-08-25,,,,,0.5,,,0.0
2947,WR1460,3044,2947,3589,3589,3589,3589,3477,3589,5141443,Jeff Exinor Jr.,VT,WR,12.0,12.0,12.0,0.69,8.3,8.3,8.3,0.0,8.3,-149.4,-145.3,-143.2,-143.2,-143.2,-143.2,,,,,,,,0.34,,1.0,,2026-08-25,,,,,0.5,,,0.0
2948,WR1461,3045,2948,3591,3591,3591,3591,3479,3591,5207865,Roderick Tezeno,USC,WR,12.0,12.0,12.0,0.69,8.3,8.3,8.3,0.0,8.3,-149.4,-145.3,-143.2,-143.2,-143.2,-143.2,,,,,,,,0.26,,1.0,,2026-08-25,,,,,0.5,,,0.0
2949,WR1462,3046,2949,3592,3592,3592,3592,3480,3592,5209959,Shawn Fishwick,EMU,WR,12.0,12.0,12.0,0.69,8.3,8.3,8.3,0.0,8.3,-149.4,-145.3,-143.2,-143.2,-143.2,-143.2,,,,,,,,0.27,,1.0,,2026-08-25,,,,,0.5,,,0.0
2950,WR1463,3049,2950,3596,3596,3596,3596,3484,3596,5226553,Santonio Jones,JXST,WR,12.0,12.0,12.0,0.69,8.3,8.3,8.3,0.0,8.3,-149.4,-145.3,-143.2,-143.2,-143.2,-143.2,,,,,,,,0.21,,1.0,,2026-08-25,,,,,0.5,,,0.0
2951,WR1464,3050,2951,3597,3597,3597,3597,3485,3597,5244757,Xavier Green,TLSA,WR,12.0,12.0,12.0,0.69,8.3,8.3,8.3,0.0,8.3,-149.4,-145.3,-143.2,-143.2,-143.2,-143.2,,,,,,,,0.28,,1.0,,2026-08-25,,,,,0.5,,,0.0
2952,WR1465,3051,2952,3598,3598,3598,3598,3486,3598,5271219,Hayden Moore,MINN,WR,12.0,12.0,12.0,0.69,8.3,8.3,8.3,0.0,8.3,-149.4,-145.3,-143.2,-143.2,-143.2,-143.2,,,,,,,,0.27,,1.0,,2026-08-25,,,,,0.5,,,0.0
2953,WR1466,3052,2953,3599,3599,3599,3599,3487,3599,5280400,Alex Ward,COLO,WR,12.0,12.0,12.0,0.69,8.3,8.3,8.3,0.0,8.3,-149.4,-145.3,-143.2,-143.2,-143.2,-143.2,,,,,,,,0.22,,1.0,,2026-08-25,,,,,0.5,,,0.0
2954,WR1467,3053,2954,3602,3602,3602,3602,3490,3602,5374981,Wills Campbell,GT,WR,12.0,12.0,12.0,0.69,8.3,8.3,8.3,0.0,8.3,-149.4,-145.3,-143.2,-143.2,-143.2,-143.2,,,,,,,,0.25,,1.0,,2026-08-25,,,,,0.5,,,0.0
2955,TE468,2558,2955,3017,3017,3017,3017,2905,3017,5150775,Bryce Chambers,TEX,TE,12.0,12.0,12.0,1.2,14.4,14.4,14.4,0.0,14.4,-143.3,-139.2,-143.3,-143.3,-143.3,-143.3,,,,,,,,0.34,,1.0,,2026-08-25,,,,,0.5,,,0.0
2956,TE469,2562,2956,3023,3023,3023,3023,2911,3023,5297067,Kache Kaio,USU,TE,12.0,12.0,12.0,1.2,14.4,14.4,14.4,0.0,14.4,-143.3,-139.2,-143.3,-143.3,-143.3,-143.3,,,,,,,,0.48,,1.0,,2026-08-25,,,,,0.5,,,0.0
2957,WR1468,3055,2957,3604,3604,3604,3604,3492,3604,5199956,Ahmed Souare,GAST,WR,12.0,12.0,12.0,0.68,8.2,8.2,8.2,0.0,8.2,-149.5,-145.4,-143.3,-143.3,-143.3,-143.3,,,,,,,,0.28,,1.0,,2026-08-25,,,,,0.5,,,0.0
2958,WR1469,3056,2958,3605,3605,3605,3605,3493,3605,5224470,Braydon Alford,MICH,WR,12.0,12.0,12.0,0.68,8.2,8.2,8.2,0.0,8.2,-149.5,-145.4,-143.3,-143.3,-143.3,-143.3,,,,,,,,0.14,,1.0,,2026-08-25,,,,,0.5,,,0.0
2959,WR1470,3057,2959,3607,3607,3607,3607,3495,3607,5296722,Whitaker Williams,TA&M,WR,12.0,12.0,12.0,0.68,8.2,8.2,8.2,0.0,8.2,-149.5,-145.4,-143.3,-143.3,-143.3,-143.3,,,,,,,,0.2,,1.0,,2026-08-25,,,,,0.5,,,0.0
2960,WR1471,3058,2960,3609,3609,3609,3609,3497,3609,5331747,Tyree Holloway,LSU,WR,12.0,12.0,12.0,0.68,8.2,8.2,8.2,0.0,8.2,-149.5,-145.4,-143.3,-143.3,-143.3,-143.3,,,,,,,,0.13,,1.0,,2026-08-25,,,,,0.5,,,0.0
2961,WR1472,3059,2961,3611,3611,3611,3611,3499,3611,5394579,Caleb Northcroft,WSU,WR,12.0,12.0,12.0,0.68,8.2,8.2,8.2,0.0,8.2,-149.5,-145.4,-143.3,-143.3,-143.3,-143.3,,,,,,,,0.15,,1.0,,2026-08-25,,,,,0.5,,,0.0
2962,TE470,2566,2962,3024,3024,3024,3024,2912,3024,5159053,Xavier Tiller,FSU,TE,12.0,12.0,12.0,1.19,14.3,14.3,14.3,0.0,14.3,-143.4,-139.3,-143.4,-143.4,-143.4,-143.4,,,,,,,,0.33,,1.0,,2026-08-25,,,,,0.5,,,0.0
2963,RB785,2997,2963,3026,3026,3026,3026,2914,3026,5244752,Favour Akih,OSU,RB,12.0,12.0,12.0,1.19,14.3,14.3,14.3,0.0,14.3,-143.4,-144.9,-143.4,-143.4,-143.4,-143.4,,,,,,,,0.42,,1.0,,2026-08-25,,,,,0.5,,,0.0
2964,RB786,2998,2964,3027,3027,3027,3027,2915,3027,5289321,Shavane Anderson Jr.,SYR,RB,12.0,12.0,12.0,1.19,14.3,14.3,14.3,0.0,14.3,-143.4,-144.9,-143.4,-143.4,-143.4,-143.4,,,,,,,,0.38,,1.0,,2026-08-25,,,,,0.5,,,0.0
2965,WR1473,3065,2965,3614,3614,3614,3614,3502,3614,5254915,Harry Hassmann,ASU,WR,12.0,12.0,12.0,0.68,8.1,8.1,8.1,0.0,8.1,-149.6,-145.5,-143.4,-143.4,-143.4,-143.4,,,,,,,,0.23,,1.0,,2026-08-25,,,,,0.5,,,0.0
2966,WR1474,3066,2966,3615,3615,3615,3615,3503,3615,5273767,Dallas Dickerson,UGA,WR,12.0,12.0,12.0,0.68,8.1,8.1,8.1,0.0,8.1,-149.6,-145.5,-143.4,-143.4,-143.4,-143.4,,,,,,,,0.26,,1.0,,2026-08-25,,,,,0.5,,,0.0
2967,WR1475,3067,2967,3616,3616,3616,3616,3504,3616,5290572,Prince Jean,UK,WR,12.0,12.0,12.0,0.68,8.1,8.1,8.1,0.0,8.1,-149.6,-145.5,-143.4,-143.4,-143.4,-143.4,,,,,,,,0.32,,1.0,,2026-08-25,,,,,0.5,,,0.0
2968,TE471,2570,2968,3029,3029,3029,3029,2917,3029,5141652,Gus Ritchey,NCSU,TE,12.0,12.0,12.0,1.18,14.2,14.2,14.2,0.0,14.2,-143.5,-139.4,-143.5,-143.5,-143.5,-143.5,,,,,,,,0.35,,1.0,,2026-08-25,,,,,0.5,,,0.0
2969,RB787,3010,2969,3033,3033,3033,3033,2921,3033,5226887,Carter Holsworth,PUR,RB,12.0,12.0,12.0,1.18,14.2,14.2,14.2,0.0,14.2,-143.5,-145.0,-143.5,-143.5,-143.5,-143.5,,,,,,,,0.3,,1.0,,2026-08-25,,,,,0.5,,,0.0
2970,RB788,3011,2970,3036,3036,3036,3036,2924,3036,5289537,Xavier Rucker,NMSU,RB,12.0,12.0,12.0,1.18,14.2,14.2,14.2,0.0,14.2,-143.5,-145.0,-143.5,-143.5,-143.5,-143.5,,,,,,,,0.29,,1.0,,2026-08-25,,,,,0.5,,,0.0
2971,WR1476,3073,2971,3620,3620,3620,3620,3508,3620,5217151,Jaeden Ricketts,OSU,WR,12.0,12.0,12.0,0.67,8.0,8.0,8.0,0.0,8.0,-149.7,-145.6,-143.5,-143.5,-143.5,-143.5,,,,,,,,0.24,,1.0,,2026-08-25,,,,,0.5,,,0.0
2972,WR1477,3074,2972,3621,3621,3621,3621,3509,3621,5219899,Larry DeBose IV,RICE,WR,12.0,12.0,12.0,0.67,8.0,8.0,8.0,0.0,8.0,-149.7,-145.6,-143.5,-143.5,-143.5,-143.5,,,,,,,,0.29,,1.0,,2026-08-25,,,,,0.5,,,0.0
2973,WR1478,3075,2973,3622,3622,3622,3622,3510,3622,5246589,Camden Capehart,MSST,WR,12.0,12.0,12.0,0.67,8.0,8.0,8.0,0.0,8.0,-149.7,-145.6,-143.5,-143.5,-143.5,-143.5,,,,,,,,0.22,,1.0,,2026-08-25,,,,,0.5,,,0.0
2974,WR1479,3077,2974,3624,3624,3624,3624,3512,3624,5271365,Bryan Hamilton,PITT,WR,12.0,12.0,12.0,0.67,8.0,8.0,8.0,0.0,8.0,-149.7,-145.6,-143.5,-143.5,-143.5,-143.5,,,,,,,,0.25,,1.0,,2026-08-25,,,,,0.5,,,0.0
2975,WR1480,3078,2975,3625,3625,3625,3625,3513,3625,5271371,Dylan Wester,PITT,WR,12.0,12.0,12.0,0.67,8.0,8.0,8.0,0.0,8.0,-149.7,-145.6,-143.5,-143.5,-143.5,-143.5,,,,,,,,0.25,,1.0,,2026-08-25,,,,,0.5,,,0.0
2976,WR1481,3079,2976,3626,3626,3626,3626,3514,3626,5289837,Davis McCray,UK,WR,12.0,12.0,12.0,0.67,8.0,8.0,8.0,0.0,8.0,-149.7,-145.6,-143.5,-143.5,-143.5,-143.5,,,,,,,,0.32,,1.0,,2026-08-25,,,,,0.5,,,0.0
2977,WR1482,3080,2977,3627,3627,3627,3627,3515,3627,5290574,Bryson Maddox,MTSU,WR,12.0,12.0,12.0,0.67,8.0,8.0,8.0,0.0,8.0,-149.7,-145.6,-143.5,-143.5,-143.5,-143.5,,,,,,,,0.29,,1.0,,2026-08-25,,,,,0.5,,,0.0
2978,WR1483,3081,2978,3628,3628,3628,3628,3516,3628,5296451,Amare Whetsell,MOST,WR,12.0,12.0,12.0,0.67,8.0,8.0,8.0,0.0,8.0,-149.7,-145.6,-143.5,-143.5,-143.5,-143.5,,,,,,,,0.23,,1.0,,2026-08-25,,,,,0.5,,,0.0
2979,WR1484,3082,2979,3629,3629,3629,3629,3517,3629,5296597,JT Jeter,UNM,WR,12.0,12.0,12.0,0.67,8.0,8.0,8.0,0.0,8.0,-149.7,-145.6,-143.5,-143.5,-143.5,-143.5,,,,,,,,0.26,,1.0,,2026-08-25,,,,,0.5,,,0.0
2980,TE472,2575,2980,3039,3039,3039,3039,2927,3039,5219464,James Rothstein,ARMY,TE,12.0,12.0,12.0,1.18,14.1,14.1,14.1,0.0,14.1,-143.6,-139.5,-143.6,-143.6,-143.6,-143.6,,,,,,,,0.36,,1.0,,2026-08-25,,,,,0.5,,,0.0
2981,RB789,3021,2981,3040,3040,3040,3040,2928,3040,5272781,Jayvian Tanelus,DUKE,RB,12.0,12.0,12.0,1.18,14.1,14.1,14.1,0.0,14.1,-143.6,-145.1,-143.6,-143.6,-143.6,-143.6,,,,,,,,0.34,,1.0,,2026-08-25,,,,,0.5,,,0.0
2982,TE473,2576,2982,3042,3041,3042,3042,2929,3041,5295344,Devon Martin,SMU,TE,12.0,12.0,12.0,1.18,14.1,14.1,14.1,0.0,14.1,-143.6,-139.5,-143.6,-143.6,-143.6,-143.6,,,,,,,,0.32,,1.0,,2026-08-25,,,,,0.5,,,0.0
2983,WR1485,3085,2983,3634,3634,3634,3634,3522,3634,5151104,Trey Brown,OU,WR,12.0,12.0,12.0,0.66,7.9,7.9,7.9,0.0,7.9,-149.8,-145.7,-143.6,-143.6,-143.6,-143.6,,,,,,,,0.15,,1.0,,2026-08-25,,,,,0.5,,,0.0
2984,WR1486,3086,2984,3635,3635,3635,3635,3523,3635,5159045,Daniel Odom,OU,WR,12.0,12.0,12.0,0.66,7.9,7.9,7.9,0.0,7.9,-149.8,-145.7,-143.6,-143.6,-143.6,-143.6,,,,,,,,0.27,,1.0,,2026-08-25,,,,,0.5,,,0.0
2985,WR1487,3087,2985,3637,3637,3637,3637,3525,3637,5161857,DJ Williams,LOU,WR,12.0,12.0,12.0,0.66,7.9,7.9,7.9,0.0,7.9,-149.8,-145.7,-143.6,-143.6,-143.6,-143.6,,,,,,,,0.22,,1.0,,2026-08-25,,,,,0.5,,,0.0
2986,WR1488,3092,2986,3645,3645,3645,3645,3533,3645,5278090,Gavin Waddell,LOU,WR,12.0,12.0,12.0,0.66,7.9,7.9,7.9,0.0,7.9,-149.8,-145.7,-143.6,-143.6,-143.6,-143.6,,,,,,,,0.22,,1.0,,2026-08-25,,,,,0.5,,,0.0
2987,WR1489,3093,2987,3647,3647,3647,3647,3535,3647,5296093,Bryson Rouillier,JXST,WR,12.0,12.0,12.0,0.66,7.9,7.9,7.9,0.0,7.9,-149.8,-145.7,-143.6,-143.6,-143.6,-143.6,,,,,,,,0.2,,1.0,,2026-08-25,,,,,0.5,,,0.0
2988,WR1490,3094,2988,3648,3648,3648,3648,3536,3648,5296100,Nabi Hoyt,JXST,WR,12.0,12.0,12.0,0.66,7.9,7.9,7.9,0.0,7.9,-149.8,-145.7,-143.6,-143.6,-143.6,-143.6,,,,,,,,0.2,,1.0,,2026-08-25,,,,,0.5,,,0.0
2989,WR1491,3095,2989,3649,3649,3649,3649,3537,3649,5296614,Trace Hernandez,SJSU,WR,12.0,12.0,12.0,0.66,7.9,7.9,7.9,0.0,7.9,-149.8,-145.7,-143.6,-143.6,-143.6,-143.6,,,,,,,,0.23,,1.0,,2026-08-25,,,,,0.5,,,0.0
2990,TE474,2588,2990,3047,3047,3047,3047,2935,3047,5163847,Max Friedman,SJSU,TE,12.0,12.0,12.0,1.17,14.0,14.0,14.0,0.0,14.0,-143.7,-139.6,-143.7,-143.7,-143.7,-143.7,,,,,,,,0.37,,1.0,,2026-08-25,,,,,0.5,,,0.0
2991,TE475,2590,2991,3049,3049,3049,3049,2937,3049,5219946,Jason Fowler,NIU,TE,12.0,12.0,12.0,1.17,14.0,14.0,14.0,0.0,14.0,-143.7,-139.6,-143.7,-143.7,-143.7,-143.7,,,,,,,,0.57,,1.0,,2026-08-25,,,,,0.5,,,0.0
2992,WR1492,3098,2992,3651,3651,3651,3651,3539,3651,5158951,Davion Brown,VT,WR,12.0,12.0,12.0,0.65,7.8,7.8,7.8,0.0,7.8,-149.9,-145.8,-143.7,-143.7,-143.7,-143.7,,,,,,,,0.34,,1.0,,2026-08-25,,,,,0.5,,,0.0
2993,WR1493,3099,2993,3652,3652,3652,3652,3540,3652,5210044,BJ Bedgood,ODU,WR,12.0,12.0,12.0,0.65,7.8,7.8,7.8,0.0,7.8,-149.9,-145.8,-143.7,-143.7,-143.7,-143.7,,,,,,,,0.28,,1.0,,2026-08-25,,,,,0.5,,,0.0
2994,WR1494,3102,2994,3655,3655,3655,3655,3543,3655,5219902,Jackson Ranucci,RICE,WR,12.0,12.0,12.0,0.65,7.8,7.8,7.8,0.0,7.8,-149.9,-145.8,-143.7,-143.7,-143.7,-143.7,,,,,,,,0.28,,1.0,,2026-08-25,,,,,0.5,,,0.0
2995,WR1495,3103,2995,3656,3656,3656,3656,3544,3656,5221336,Chase Massey,MRSH,WR,12.0,12.0,12.0,0.65,7.8,7.8,7.8,0.0,7.8,-149.9,-145.8,-143.7,-143.7,-143.7,-143.7,,,,,,,,0.21,,1.0,,2026-08-25,,,,,0.5,,,0.0
2996,WR1496,3104,2996,3657,3657,3657,3657,3545,3657,5271228,Carl Jean-Bart,EMU,WR,12.0,12.0,12.0,0.65,7.8,7.8,7.8,0.0,7.8,-149.9,-145.8,-143.7,-143.7,-143.7,-143.7,,,,,,,,0.27,,1.0,,2026-08-25,,,,,0.5,,,0.0
2997,QB237,4235,2997,933,933,924,935,823,935,5089327,Samaj Jones,CIN,QB,12.0,12.0,12.0,6.68,80.2,80.2,80.2,0.0,80.2,-164.9,-165.0,-148.1,-143.8,-143.8,-143.8,,,,,,,,0.62,,1.0,,2026-08-25,,,,,0.5,,,0.0
2998,TE476,2594,2998,3057,3057,3057,3057,2945,3057,5146760,Ridge Barker,TEX,TE,12.0,12.0,12.0,1.16,13.9,13.9,13.9,0.0,13.9,-143.8,-139.7,-143.8,-143.8,-143.8,-143.8,,,,,,,,0.3,,1.0,,2026-08-25,,,,,0.5,,,0.0
2999,RB790,3042,2999,3061,3061,3061,3061,2949,3061,5327228,Kaden Winkfield,SHSU,RB,12.0,12.0,12.0,1.16,13.9,13.9,13.9,0.0,13.9,-143.8,-145.3,-143.8,-143.8,-143.8,-143.8,,,,,,,,0.36,,1.0,,2026-08-25,,,,,0.5,,,0.0
3000,RB791,3043,3000,3062,3062,3062,3062,2950,3062,5382992,Rayshun Hurt,LT,RB,12.0,12.0,12.0,1.16,13.9,13.9,13.9,0.0,13.9,-143.8,-145.3,-143.8,-143.8,-143.8,-143.8,,,,,,,,0.39,,1.0,,2026-08-25,,,,,0.5,,,0.0
3001,WR1497,3107,3001,3661,3661,3661,3661,3549,3661,5151106,Eli Merck,OU,WR,12.0,12.0,12.0,0.64,7.7,7.7,7.7,0.0,7.7,-150.0,-145.9,-143.8,-143.8,-143.8,-143.8,,,,,,,,0.15,,1.0,,2026-08-25,,,,,0.5,,,0.0
3002,WR1498,3108,3002,3662,3662,3662,3662,3550,3662,5161012,Carson Clark,SJSU,WR,12.0,12.0,12.0,0.64,7.7,7.7,7.7,0.0,7.7,-150.0,-145.9,-143.8,-143.8,-143.8,-143.8,,,,,,,,0.3,,1.0,,2026-08-25,,,,,0.5,,,0.0
3003,WR1499,3112,3003,3666,3666,3666,3666,3554,3666,5258491,Jayytee Taylor,MSST,WR,12.0,12.0,12.0,0.64,7.7,7.7,7.7,0.0,7.7,-150.0,-145.9,-143.8,-143.8,-143.8,-143.8,,,,,,,,0.22,,1.0,,2026-08-25,,,,,0.5,,,0.0
3004,WR1500,3113,3004,3667,3667,3667,3667,3555,3667,5263626,BJ Garrett,SYR,WR,12.0,12.0,12.0,0.64,7.7,7.7,7.7,0.0,7.7,-150.0,-145.9,-143.8,-143.8,-143.8,-143.8,,,,,,,,0.26,,1.0,,2026-08-25,,,,,0.5,,,0.0
3005,WR1501,3115,3005,3669,3669,3669,3669,3557,3669,5269150,Keidric Osunde-Brown,ULM,WR,12.0,12.0,12.0,0.64,7.7,7.7,7.7,0.0,7.7,-150.0,-145.9,-143.8,-143.8,-143.8,-143.8,,,,,,,,0.31,,1.0,,2026-08-25,,,,,0.5,,,0.0
3006,WR1502,3116,3006,3670,3670,3670,3670,3558,3670,5274330,Jeremiah Bushnell,HOU,WR,12.0,12.0,12.0,0.64,7.7,7.7,7.7,0.0,7.7,-150.0,-145.9,-143.8,-143.8,-143.8,-143.8,,,,,,,,0.26,,1.0,,2026-08-25,,,,,0.5,,,0.0
3007,WR1503,3117,3007,3671,3671,3671,3671,3559,3671,5290573,Rasean Jones,BOIS,WR,12.0,12.0,12.0,0.64,7.7,7.7,7.7,0.0,7.7,-150.0,-145.9,-143.8,-143.8,-143.8,-143.8,,,,,,,,0.21,,1.0,,2026-08-25,,,,,0.5,,,0.0
3008,WR1504,3118,3008,3672,3672,3672,3672,3560,3672,5296559,CJ Simon,UTEP,WR,12.0,12.0,12.0,0.64,7.7,7.7,7.7,0.0,7.7,-150.0,-145.9,-143.8,-143.8,-143.8,-143.8,,,,,,,,0.25,,1.0,,2026-08-25,,,,,0.5,,,0.0
3009,TE477,2601,3009,3064,3064,3064,3064,2952,3064,5134272,Keaton Roskop,ISU,TE,12.0,12.0,12.0,1.15,13.8,13.8,13.8,0.0,13.8,-143.9,-139.8,-143.9,-143.9,-143.9,-143.9,,,,,,,,0.36,,1.0,,2026-08-25,,,,,0.5,,,0.0
3010,TE478,2602,3010,3065,3065,3065,3065,2953,3065,5169215,Maurice Veney,VAN,TE,12.0,12.0,12.0,1.15,13.8,13.8,13.8,0.0,13.8,-143.9,-139.8,-143.9,-143.9,-143.9,-143.9,,,,,,,,0.39,,1.0,,2026-08-25,,,,,0.5,,,0.0
3011,RB792,3054,3011,3068,3068,3068,3068,2956,3068,5219194,Aaron Davis,HOU,RB,12.0,12.0,12.0,1.15,13.8,13.8,13.8,0.0,13.8,-143.9,-145.4,-143.9,-143.9,-143.9,-143.9,,,,,,,,0.27,,1.0,,2026-08-25,,,,,0.5,,,0.0
3012,TE479,2603,3012,3069,3069,3069,3069,2957,3069,5296086,Chris Gacayan II,TLSA,TE,12.0,12.0,12.0,1.15,13.8,13.8,13.8,0.0,13.8,-143.9,-139.8,-143.9,-143.9,-143.9,-143.9,,,,,,,,0.32,,1.0,,2026-08-25,,,,,0.5,,,0.0
3013,WR1505,3122,3013,3675,3675,3675,3675,3563,3675,5211769,Brayden Trimble,ILL,WR,12.0,12.0,12.0,0.63,7.6,7.6,7.6,0.0,7.6,-150.1,-146.0,-143.9,-143.9,-143.9,-143.9,,,,,,,,0.26,,1.0,,2026-08-25,,,,,0.5,,,0.0
3014,WR1506,3124,3014,3677,3677,3677,3677,3565,3677,5219145,Jordan McCord III,ARIZ,WR,12.0,12.0,12.0,0.63,7.6,7.6,7.6,0.0,7.6,-150.1,-146.0,-143.9,-143.9,-143.9,-143.9,,,,,,,,0.2,,1.0,,2026-08-25,,,,,0.5,,,0.0
3015,WR1507,3125,3015,3678,3678,3678,3678,3566,3678,5221573,Dai'shaun Thomas,ARK,WR,12.0,12.0,12.0,0.63,7.6,7.6,7.6,0.0,7.6,-150.1,-146.0,-143.9,-143.9,-143.9,-143.9,,,,,,,,0.14,,1.0,,2026-08-25,,,,,0.5,,,0.0
3016,WR1508,3126,3016,3681,3681,3681,3681,3569,3681,5265584,Andrew Jones,ARST,WR,12.0,12.0,12.0,0.63,7.6,7.6,7.6,0.0,7.6,-150.1,-146.0,-143.9,-143.9,-143.9,-143.9,,,,,,,,0.23,,1.0,,2026-08-25,,,,,0.5,,,0.0
3017,WR1509,3127,3017,3682,3682,3682,3682,3570,3682,5279261,Demari Nunley,UNLV,WR,12.0,12.0,12.0,0.63,7.6,7.6,7.6,0.0,7.6,-150.1,-146.0,-143.9,-143.9,-143.9,-143.9,,,,,,,,0.22,,1.0,,2026-08-25,,,,,0.5,,,0.0
3018,WR1510,3129,3018,3685,3685,3685,3685,3573,3685,5291092,Vincent Carner,UNLV,WR,12.0,12.0,12.0,0.63,7.6,7.6,7.6,0.0,7.6,-150.1,-146.0,-143.9,-143.9,-143.9,-143.9,,,,,,,,0.22,,1.0,,2026-08-25,,,,,0.5,,,0.0
3019,WR1511,3130,3019,3686,3686,3686,3686,3574,3686,5302733,Caleb Tucker,CLT,WR,12.0,12.0,12.0,0.63,7.6,7.6,7.6,0.0,7.6,-150.1,-146.0,-143.9,-143.9,-143.9,-143.9,,,,,,,,0.22,,1.0,,2026-08-25,,,,,0.5,,,0.0
3020,WR1512,3131,3020,3687,3687,3687,3687,3575,3687,5302819,Aaron Clark,BUF,WR,12.0,12.0,12.0,0.63,7.6,7.6,7.6,0.0,7.6,-150.1,-146.0,-143.9,-143.9,-143.9,-143.9,,,,,,,,0.26,,1.0,,2026-08-25,,,,,0.5,,,0.0
3021,WR1513,3132,3021,3688,3688,3688,3688,3576,3688,5306734,Jonah Smith,UCLA,WR,12.0,12.0,12.0,0.63,7.6,7.6,7.6,0.0,7.6,-150.1,-146.0,-143.9,-143.9,-143.9,-143.9,,,,,,,,0.26,,1.0,,2026-08-25,,,,,0.5,,,0.0
3022,WR1514,3133,3022,3689,3689,3689,3689,3577,3689,5326883,Donte Nicholson,CLT,WR,12.0,12.0,12.0,0.63,7.6,7.6,7.6,0.0,7.6,-150.1,-146.0,-143.9,-143.9,-143.9,-143.9,,,,,,,,0.22,,1.0,,2026-08-25,,,,,0.5,,,0.0
3023,TE480,2607,3023,3073,3073,3073,3073,2961,3073,5148818,Clemens Richter,CONN,TE,12.0,12.0,12.0,1.14,13.7,13.7,13.7,0.0,13.7,-144.0,-139.9,-144.0,-144.0,-144.0,-144.0,,,,,,,,0.38,,1.0,,2026-08-25,,,,,0.5,,,0.0
3024,RB793,3060,3024,3076,3076,3076,3076,2964,3076,5220447,Mario Robinson,ARK,RB,12.0,12.0,12.0,1.14,13.7,13.7,13.7,0.0,13.7,-144.0,-145.5,-144.0,-144.0,-144.0,-144.0,,,,,,,,0.22,,1.0,,2026-08-25,,,,,0.5,,,0.0
3025,RB794,3061,3025,3077,3077,3077,3077,2965,3077,5244758,Jae Lamar,UGA,RB,12.0,12.0,12.0,1.14,13.7,13.7,13.7,0.0,13.7,-144.0,-145.5,-144.0,-144.0,-144.0,-144.0,,,,,,,,0.34,,1.0,,2026-08-25,,,,,0.5,,,0.0
3026,RB795,3062,3026,3078,3078,3078,3078,2966,3078,5278417,Chris Talley,WVU,RB,12.0,12.0,12.0,1.14,13.7,13.7,13.7,0.0,13.7,-144.0,-145.5,-144.0,-144.0,-144.0,-144.0,,,,,,,,0.39,,1.0,,2026-08-25,,,,,0.5,,,0.0
3027,RB796,3063,3027,3079,3079,3079,3079,2967,3079,5302756,Jake Randle,TULN,RB,12.0,12.0,12.0,1.14,13.7,13.7,13.7,0.0,13.7,-144.0,-145.5,-144.0,-144.0,-144.0,-144.0,,,,,,,,0.38,,1.0,,2026-08-25,,,,,0.5,,,0.0
3028,WR1515,3137,3028,3692,3692,3692,3692,3580,3692,5182121,Jaron Pula,BYU,WR,12.0,12.0,12.0,0.62,7.5,7.5,7.5,0.0,7.5,-150.2,-146.1,-144.0,-144.0,-144.0,-144.0,,,,,,,,0.24,,1.0,,2026-08-25,,,,,0.5,,,0.0
3029,WR1516,3141,3029,3697,3697,3697,3697,3585,3697,5217200,Neo Clifton,MTSU,WR,12.0,12.0,12.0,0.62,7.5,7.5,7.5,0.0,7.5,-150.2,-146.1,-144.0,-144.0,-144.0,-144.0,,,,,,,,0.26,,1.0,,2026-08-25,,,,,0.5,,,0.0
3030,WR1517,3144,3030,3700,3700,3700,3700,3588,3700,5245414,Aljour Miles II,SMU,WR,12.0,12.0,12.0,0.62,7.5,7.5,7.5,0.0,7.5,-150.2,-146.1,-144.0,-144.0,-144.0,-144.0,,,,,,,,0.28,,1.0,,2026-08-25,,,,,0.5,,,0.0
3031,WR1518,3145,3031,3701,3701,3701,3701,3589,3701,5258134,Pierre Jackson,WYO,WR,12.0,12.0,12.0,0.62,7.5,7.5,7.5,0.0,7.5,-150.2,-146.1,-144.0,-144.0,-144.0,-144.0,,,,,,,,0.26,,1.0,,2026-08-25,,,,,0.5,,,0.0
3032,WR1519,3146,3032,3702,3702,3702,3702,3590,3702,5291778,Ziyon Butler,MTSU,WR,12.0,12.0,12.0,0.62,7.5,7.5,7.5,0.0,7.5,-150.2,-146.1,-144.0,-144.0,-144.0,-144.0,,,,,,,,0.26,,1.0,,2026-08-25,,,,,0.5,,,0.0
3033,WR1520,3147,3033,3703,3703,3703,3703,3591,3703,5293677,CJ Miller,EMU,WR,12.0,12.0,12.0,0.62,7.5,7.5,7.5,0.0,7.5,-150.2,-146.1,-144.0,-144.0,-144.0,-144.0,,,,,,,,0.26,,1.0,,2026-08-25,,,,,0.5,,,0.0
3034,WR1521,3148,3034,3704,3704,3704,3704,3592,3704,5326974,Landon Drumm,WVU,WR,12.0,12.0,12.0,0.62,7.5,7.5,7.5,0.0,7.5,-150.2,-146.1,-144.0,-144.0,-144.0,-144.0,,,,,,,,0.27,,1.0,,2026-08-25,,,,,0.5,,,0.0
3035,TE481,2612,3035,3080,3080,3080,3080,2968,3080,5150420,Henry Garrity,ND,TE,12.0,12.0,12.0,1.13,13.6,13.6,13.6,0.0,13.6,-144.1,-140.0,-144.1,-144.1,-144.1,-144.1,,,,,,,,0.33,,1.0,,2026-08-25,,,,,0.5,,,0.0
3036,RB797,3068,3036,3082,3082,3082,3082,2970,3082,5219571,Joe Pitchford,TCU,RB,12.0,12.0,12.0,1.13,13.6,13.6,13.6,0.0,13.6,-144.1,-145.6,-144.1,-144.1,-144.1,-144.1,,,,,,,,0.27,,1.0,,2026-08-25,,,,,0.5,,,0.0
3037,RB798,3069,3037,3083,3083,3083,3083,2971,3083,5221278,Mason Lane,WIS,RB,12.0,12.0,12.0,1.13,13.6,13.6,13.6,0.0,13.6,-144.1,-145.6,-144.1,-144.1,-144.1,-144.1,,,,,,,,0.38,,1.0,,2026-08-25,,,,,0.5,,,0.0
3038,TE482,2614,3038,3084,3084,3084,3084,2972,3084,5293671,Jeremiah Beck Jr.,USM,TE,12.0,12.0,12.0,1.13,13.6,13.6,13.6,0.0,13.6,-144.1,-140.0,-144.1,-144.1,-144.1,-144.1,,,,,,,,0.28,,1.0,,2026-08-25,,,,,0.5,,,0.0
3039,RB799,3070,3039,3086,3086,3086,3086,2974,3086,5327017,Amar'e Johnson,MOST,RB,12.0,12.0,12.0,1.13,13.6,13.6,13.6,0.0,13.6,-144.1,-145.6,-144.1,-144.1,-144.1,-144.1,,,,,,,,0.36,,1.0,,2026-08-25,,,,,0.5,,,0.0
3040,RB800,3071,3040,3087,3087,3087,3087,2975,3087,5382829,Jamarious Acklin,JXST,RB,12.0,12.0,12.0,1.13,13.6,13.6,13.6,0.0,13.6,-144.1,-145.6,-144.1,-144.1,-144.1,-144.1,,,,,,,,0.3,,1.0,,2026-08-25,,,,,0.5,,,0.0
3041,WR1522,3150,3041,3706,3706,3706,3706,3594,3706,5159048,London Smith,BAY,WR,12.0,12.0,12.0,0.62,7.4,7.4,7.4,0.0,7.4,-150.3,-146.2,-144.1,-144.1,-144.1,-144.1,,,,,,,,0.23,,1.0,,2026-08-25,,,,,0.5,,,0.0
3042,WR1523,3151,3042,3707,3707,3707,3707,3595,3707,5167316,Noah Westbrook,WSU,WR,12.0,12.0,12.0,0.62,7.4,7.4,7.4,0.0,7.4,-150.3,-146.2,-144.1,-144.1,-144.1,-144.1,,,,,,,,0.31,,1.0,,2026-08-25,,,,,0.5,,,0.0
3043,WR1524,3152,3043,3708,3708,3708,3708,3596,3708,5211750,Stratton Fuller,ARMY,WR,12.0,12.0,12.0,0.62,7.4,7.4,7.4,0.0,7.4,-150.3,-146.2,-144.1,-144.1,-144.1,-144.1,,,,,,,,0.22,,1.0,,2026-08-25,,,,,0.5,,,0.0
3044,WR1525,3153,3044,3709,3709,3709,3709,3597,3709,5215549,Uriah Neloms,ASU,WR,12.0,12.0,12.0,0.62,7.4,7.4,7.4,0.0,7.4,-150.3,-146.2,-144.1,-144.1,-144.1,-144.1,,,,,,,,0.21,,1.0,,2026-08-25,,,,,0.5,,,0.0
3045,TE483,2617,3045,3089,3089,3089,3089,2977,3089,5162685,Leo Collins,BALL,TE,12.0,12.0,12.0,1.12,13.5,13.5,13.5,0.0,13.5,-144.2,-140.1,-144.2,-144.2,-144.2,-144.2,,,,,,,,0.33,,1.0,,2026-08-25,,,,,0.5,,,0.0
3046,WR1526,3158,3046,3714,3714,3714,3714,3602,3714,5181311,Massiah Mingo,UNM,WR,12.0,12.0,12.0,0.61,7.3,7.3,7.3,0.0,7.3,-150.4,-146.3,-144.2,-144.2,-144.2,-144.2,,,,,,,,0.32,,1.0,,2026-08-25,,,,,0.5,,,0.0
3047,WR1527,3159,3047,3715,3715,3715,3715,3603,3715,5217752,Jamari Miller,GAST,WR,12.0,12.0,12.0,0.61,7.3,7.3,7.3,0.0,7.3,-150.4,-146.3,-144.2,-144.2,-144.2,-144.2,,,,,,,,0.25,,1.0,,2026-08-25,,,,,0.5,,,0.0
3048,WR1528,3162,3048,3718,3718,3718,3718,3606,3718,5222687,Zach Schnorrbusch,BC,WR,12.0,12.0,12.0,0.61,7.3,7.3,7.3,0.0,7.3,-150.4,-146.3,-144.2,-144.2,-144.2,-144.2,,,,,,,,0.2,,1.0,,2026-08-25,,,,,0.5,,,0.0
3049,WR1529,3164,3049,3720,3720,3720,3720,3608,3720,5279320,KD Hainsworth,CCU,WR,12.0,12.0,12.0,0.61,7.3,7.3,7.3,0.0,7.3,-150.4,-146.3,-144.2,-144.2,-144.2,-144.2,,,,,,,,0.28,,1.0,,2026-08-25,,,,,0.5,,,0.0
3050,WR1530,3165,3050,3721,3721,3721,3721,3609,3721,5290571,Rai'Shawn Elmore,MSU,WR,12.0,12.0,12.0,0.61,7.3,7.3,7.3,0.0,7.3,-150.4,-146.3,-144.2,-144.2,-144.2,-144.2,,,,,,,,0.25,,1.0,,2026-08-25,,,,,0.5,,,0.0
3051,WR1531,3166,3051,3723,3723,3723,3723,3611,3723,5307116,Israel Leamon,USM,WR,12.0,12.0,12.0,0.61,7.3,7.3,7.3,0.0,7.3,-150.4,-146.3,-144.2,-144.2,-144.2,-144.2,,,,,,,,0.27,,1.0,,2026-08-25,,,,,0.5,,,0.0
3052,WR1532,3167,3052,3724,3724,3724,3724,3612,3724,5387667,Bacori Minner,EMU,WR,12.0,12.0,12.0,0.61,7.3,7.3,7.3,0.0,7.3,-150.4,-146.3,-144.2,-144.2,-144.2,-144.2,,,,,,,,0.24,,1.0,,2026-08-25,,,,,0.5,,,0.0
3053,TE484,2620,3053,3091,3091,3091,3091,2979,3091,5156349,Jalen Hoffman,MICH,TE,12.0,12.0,12.0,1.12,13.4,13.4,13.4,0.0,13.4,-144.3,-140.2,-144.3,-144.3,-144.3,-144.3,,,,,,,,0.31,,1.0,,2026-08-25,,,,,0.5,,,0.0
3054,WR1533,3170,3054,3725,3725,3725,3725,3613,3725,5149003,Samari Reed,MISS,WR,12.0,12.0,12.0,0.6,7.2,7.2,7.2,0.0,7.2,-150.5,-146.4,-144.3,-144.3,-144.3,-144.3,,,,,,,,0.25,,1.0,,2026-08-25,,,,,0.5,,,0.0
3055,WR1534,3172,3055,3728,3728,3728,3728,3616,3728,5203610,Nedrick Boldin Jr.,BC,WR,12.0,12.0,12.0,0.6,7.2,7.2,7.2,0.0,7.2,-150.5,-146.4,-144.3,-144.3,-144.3,-144.3,,,,,,,,0.25,,1.0,,2026-08-25,,,,,0.5,,,0.0
3056,WR1535,3177,3056,3733,3733,3733,3733,3621,3733,5276659,Devyon Hill-Lomax,MIZ,WR,12.0,12.0,12.0,0.6,7.2,7.2,7.2,0.0,7.2,-150.5,-146.4,-144.3,-144.3,-144.3,-144.3,,,,,,,,0.22,,1.0,,2026-08-25,,,,,0.5,,,0.0
3057,WR1536,3178,3057,3734,3734,3734,3734,3622,3734,5281153,Demetrice McCray,PITT,WR,12.0,12.0,12.0,0.6,7.2,7.2,7.2,0.0,7.2,-150.5,-146.4,-144.3,-144.3,-144.3,-144.3,,,,,,,,0.22,,1.0,,2026-08-25,,,,,0.5,,,0.0
3058,WR1537,3179,3058,3736,3736,3736,3736,3624,3736,5291636,Rhys Dorsey,LOU,WR,12.0,12.0,12.0,0.6,7.2,7.2,7.2,0.0,7.2,-150.5,-146.4,-144.3,-144.3,-144.3,-144.3,,,,,,,,0.2,,1.0,,2026-08-25,,,,,0.5,,,0.0
3059,WR1538,3180,3059,3738,3738,3738,3738,3626,3738,5375079,Marlon Harbin,LOU,WR,12.0,12.0,12.0,0.6,7.2,7.2,7.2,0.0,7.2,-150.5,-146.4,-144.3,-144.3,-144.3,-144.3,,,,,,,,0.2,,1.0,,2026-08-25,,,,,0.5,,,0.0
3060,QB238,4236,3060,939,939,929,940,828,940,5086156,Danny Lauter,SYR,QB,12.0,12.0,12.0,6.63,79.6,79.6,79.6,0.0,79.6,-165.5,-165.6,-148.7,-144.4,-144.4,-144.4,,,,,,,,0.64,,1.0,,2026-08-25,,,,,0.5,,,0.0
3061,TE485,2627,3061,3098,3098,3098,3098,2986,3098,4921109,Jackson Carver,MIA,TE,12.0,12.0,12.0,1.11,13.3,13.3,13.3,0.0,13.3,-144.4,-140.3,-144.4,-144.4,-144.4,-144.4,,,,,,,,0.32,,1.0,,2026-08-25,,,,,0.5,,,0.0
3062,TE486,2628,3062,3099,3099,3099,3099,2987,3099,5150693,Vince Benetti,ISU,TE,12.0,12.0,12.0,1.11,13.3,13.3,13.3,0.0,13.3,-144.4,-140.3,-144.4,-144.4,-144.4,-144.4,,,,,,,,0.28,,1.0,,2026-08-25,,,,,0.5,,,0.0
3063,TE487,2629,3063,3100,3100,3100,3100,2988,3100,5150697,AJ Petersen,ISU,TE,12.0,12.0,12.0,1.11,13.3,13.3,13.3,0.0,13.3,-144.4,-140.3,-144.4,-144.4,-144.4,-144.4,,,,,,,,0.28,,1.0,,2026-08-25,,,,,0.5,,,0.0
3064,RB801,3105,3064,3103,3103,3103,3103,2991,3103,5211771,Kadale Williams,TOL,RB,12.0,12.0,12.0,1.11,13.3,13.3,13.3,0.0,13.3,-144.4,-145.9,-144.4,-144.4,-144.4,-144.4,,,,,,,,0.38,,1.0,,2026-08-25,,,,,0.5,,,0.0
3065,TE488,2632,3065,3105,3105,3105,3105,2993,3105,5222676,Brady Clough,BC,TE,12.0,12.0,12.0,1.11,13.3,13.3,13.3,0.0,13.3,-144.4,-140.3,-144.4,-144.4,-144.4,-144.4,,,,,,,,0.46,,1.0,,2026-08-25,,,,,0.5,,,0.0
3066,RB802,3106,3066,3107,3107,3107,3107,2995,3107,5294111,Harrison Bortolotti,WIS,RB,12.0,12.0,12.0,1.11,13.3,13.3,13.3,0.0,13.3,-144.4,-145.9,-144.4,-144.4,-144.4,-144.4,,,,,,,,0.37,,1.0,,2026-08-25,,,,,0.5,,,0.0
3067,TE489,2634,3067,3108,3108,3108,3108,2996,3108,5295588,Tommy Arnold,KENT,TE,12.0,12.0,12.0,1.11,13.3,13.3,13.3,0.0,13.3,-144.4,-140.3,-144.4,-144.4,-144.4,-144.4,,,,,,,,0.3,,1.0,,2026-08-25,,,,,0.5,,,0.0
3068,WR1539,3182,3068,3740,3740,3740,3740,3628,3740,5159097,Jonah Winston,FSU,WR,12.0,12.0,12.0,0.59,7.1,7.1,7.1,0.0,7.1,-150.6,-146.5,-144.4,-144.4,-144.4,-144.4,,,,,,,,0.24,,1.0,,2026-08-25,,,,,0.5,,,0.0
3069,WR1540,3183,3069,3741,3741,3741,3741,3629,3741,5161803,Mike Brown,TA&M,WR,12.0,12.0,12.0,0.59,7.1,7.1,7.1,0.0,7.1,-150.6,-146.5,-144.4,-144.4,-144.4,-144.4,,,,,,,,0.28,,1.0,,2026-08-25,,,,,0.5,,,0.0
3070,WR1541,3185,3070,3743,3743,3743,3743,3631,3743,5200379,Parris Vernon Jr.,SJSU,WR,12.0,12.0,12.0,0.59,7.1,7.1,7.1,0.0,7.1,-150.6,-146.5,-144.4,-144.4,-144.4,-144.4,,,,,,,,0.29,,1.0,,2026-08-25,,,,,0.5,,,0.0
3071,WR1542,3186,3071,3745,3745,3745,3745,3633,3745,5245511,Terrance Saryon,BYU,WR,12.0,12.0,12.0,0.59,7.1,7.1,7.1,0.0,7.1,-150.6,-146.5,-144.4,-144.4,-144.4,-144.4,,,,,,,,0.23,,1.0,,2026-08-25,,,,,0.5,,,0.0
3072,WR1543,3187,3072,3746,3746,3746,3746,3634,3746,5279329,Legend Glasker,BYU,WR,12.0,12.0,12.0,0.59,7.1,7.1,7.1,0.0,7.1,-150.6,-146.5,-144.4,-144.4,-144.4,-144.4,,,,,,,,0.23,,1.0,,2026-08-25,,,,,0.5,,,0.0
3073,WR1544,3189,3073,3748,3748,3748,3748,3636,3748,5294233,Tyreek Copper,NCSU,WR,12.0,12.0,12.0,0.59,7.1,7.1,7.1,0.0,7.1,-150.6,-146.5,-144.4,-144.4,-144.4,-144.4,,,,,,,,0.25,,1.0,,2026-08-25,,,,,0.5,,,0.0
3074,WR1545,3190,3074,3749,3749,3749,3749,3637,3749,5296560,Zo Hill,UTEP,WR,12.0,12.0,12.0,0.59,7.1,7.1,7.1,0.0,7.1,-150.6,-146.5,-144.4,-144.4,-144.4,-144.4,,,,,,,,0.23,,1.0,,2026-08-25,,,,,0.5,,,0.0
3075,WR1546,3192,3075,3751,3751,3751,3751,3639,3751,5327563,Jacaleb Johnson,UTEP,WR,12.0,12.0,12.0,0.59,7.1,7.1,7.1,0.0,7.1,-150.6,-146.5,-144.4,-144.4,-144.4,-144.4,,,,,,,,0.23,,1.0,,2026-08-25,,,,,0.5,,,0.0
3076,WR1547,3193,3076,3752,3752,3752,3752,3640,3752,5331284,Stone Furrey,SC,WR,12.0,12.0,12.0,0.59,7.1,7.1,7.1,0.0,7.1,-150.6,-146.5,-144.4,-144.4,-144.4,-144.4,,,,,,,,0.25,,1.0,,2026-08-25,,,,,0.5,,,0.0
3077,TE490,2640,3077,3112,3112,3112,3112,3000,3112,5147330,James Giggey,ASU,TE,12.0,12.0,12.0,1.1,13.2,13.2,13.2,0.0,13.2,-144.5,-140.4,-144.5,-144.5,-144.5,-144.5,,,,,,,,0.29,,1.0,,2026-08-25,,,,,0.5,,,0.0
3078,TE491,2643,3078,3115,3115,3115,3115,3003,3115,5221596,Alex Godavitarne,CONN,TE,12.0,12.0,12.0,1.1,13.2,13.2,13.2,0.0,13.2,-144.5,-140.4,-144.5,-144.5,-144.5,-144.5,,,,,,,,0.33,,1.0,,2026-08-25,,,,,0.5,,,0.0
3079,RB803,3120,3079,3117,3117,3117,3117,3005,3117,5294297,Gabe Mocek,TULN,RB,12.0,12.0,12.0,1.1,13.2,13.2,13.2,0.0,13.2,-144.5,-146.0,-144.5,-144.5,-144.5,-144.5,,,,,,,,0.36,,1.0,,2026-08-25,,,,,0.5,,,0.0
3080,WR1548,3196,3080,3755,3755,3755,3755,3643,3755,5141448,Kamren Flowers,CONN,WR,12.0,12.0,12.0,0.58,7.0,7.0,7.0,0.0,7.0,-150.7,-146.6,-144.5,-144.5,-144.5,-144.5,,,,,,,,0.25,,1.0,,2026-08-25,,,,,0.5,,,0.0
3081,WR1549,3198,3081,3757,3757,3757,3757,3645,3757,5148609,Quintin Simmons,M-OH,WR,12.0,12.0,12.0,0.58,7.0,7.0,7.0,0.0,7.0,-150.7,-146.6,-144.5,-144.5,-144.5,-144.5,,,,,,,,0.27,,1.0,,2026-08-25,,,,,0.5,,,0.0
3082,WR1550,3199,3082,3759,3759,3759,3759,3647,3759,5209760,Meyer Swinney,CAL,WR,12.0,12.0,12.0,0.58,7.0,7.0,7.0,0.0,7.0,-150.7,-146.6,-144.5,-144.5,-144.5,-144.5,,,,,,,,0.26,,1.0,,2026-08-25,,,,,0.5,,,0.0
3083,WR1551,3200,3083,3760,3760,3760,3760,3648,3760,5218484,Nasir Newkirk,LIB,WR,12.0,12.0,12.0,0.58,7.0,7.0,7.0,0.0,7.0,-150.7,-146.6,-144.5,-144.5,-144.5,-144.5,,,,,,,,0.3,,1.0,,2026-08-25,,,,,0.5,,,0.0
3084,WR1552,3201,3084,3762,3762,3762,3762,3650,3762,5236321,Tucker Cusano,TXST,WR,12.0,12.0,12.0,0.58,7.0,7.0,7.0,0.0,7.0,-150.7,-146.6,-144.5,-144.5,-144.5,-144.5,,,,,,,,0.25,,1.0,,2026-08-25,,,,,0.5,,,0.0
3085,WR1553,3204,3085,3765,3765,3765,3765,3653,3765,5291660,Charlie Hanafin,WVU,WR,12.0,12.0,12.0,0.58,7.0,7.0,7.0,0.0,7.0,-150.7,-146.6,-144.5,-144.5,-144.5,-144.5,,,,,,,,0.24,,1.0,,2026-08-25,,,,,0.5,,,0.0
3086,WR1554,3205,3086,3766,3766,3766,3766,3654,3766,5306637,Zachary Yang,UNT,WR,12.0,12.0,12.0,0.58,7.0,7.0,7.0,0.0,7.0,-150.7,-146.6,-144.5,-144.5,-144.5,-144.5,,,,,,,,0.14,,1.0,,2026-08-25,,,,,0.5,,,0.0
3087,WR1555,3206,3087,3767,3767,3767,3767,3655,3767,5325039,Braiden Stevens,MINN,WR,12.0,12.0,12.0,0.58,7.0,7.0,7.0,0.0,7.0,-150.7,-146.6,-144.5,-144.5,-144.5,-144.5,,,,,,,,0.24,,1.0,,2026-08-25,,,,,0.5,,,0.0
3088,WR1556,3207,3088,3768,3768,3768,3768,3656,3768,5369907,Tyler Henderson,ALA,WR,12.0,12.0,12.0,0.58,7.0,7.0,7.0,0.0,7.0,-150.7,-146.6,-144.5,-144.5,-144.5,-144.5,,,,,,,,0.14,,1.0,,2026-08-25,,,,,0.5,,,0.0
3089,TE492,2647,3089,3119,3119,3119,3119,3007,3119,5142597,Thomas Meyer,IOWA,TE,12.0,12.0,12.0,1.09,13.1,13.1,13.1,0.0,13.1,-144.6,-140.5,-144.6,-144.6,-144.6,-144.6,,,,,,,,0.41,,1.0,,2026-08-25,,,,,0.5,,,0.0
3090,RB804,3135,3090,3121,3121,3121,3121,3009,3121,5198251,JoJo Troupe,UNC,RB,12.0,12.0,12.0,1.09,13.1,13.1,13.1,0.0,13.1,-144.6,-146.1,-144.6,-144.6,-144.6,-144.6,,,,,,,,0.35,,1.0,,2026-08-25,,,,,0.5,,,0.0
3091,TE493,2652,3091,3125,3125,3125,3125,3013,3125,5388387,Dominic Henning,AF,TE,12.0,12.0,12.0,1.09,13.1,13.1,13.1,0.0,13.1,-144.6,-140.5,-144.6,-144.6,-144.6,-144.6,,,,,,,,0.3,,1.0,,2026-08-25,,,,,0.5,,,0.0
3092,TE494,2653,3092,3126,3126,3126,3126,3014,3126,5388388,Henry Barbisch,AF,TE,12.0,12.0,12.0,1.09,13.1,13.1,13.1,0.0,13.1,-144.6,-140.5,-144.6,-144.6,-144.6,-144.6,,,,,,,,0.3,,1.0,,2026-08-25,,,,,0.5,,,0.0
3093,WR1557,3212,3093,3770,3770,3770,3770,3658,3770,5151868,Bryson Hayes,KU,WR,12.0,12.0,12.0,0.58,6.9,6.9,6.9,0.0,6.9,-150.8,-146.7,-144.6,-144.6,-144.6,-144.6,,,,,,,,0.28,,1.0,,2026-08-25,,,,,0.5,,,0.0
3094,WR1558,3213,3094,3771,3771,3771,3771,3659,3771,5159060,Christian Ward,COLO,WR,12.0,12.0,12.0,0.58,6.9,6.9,6.9,0.0,6.9,-150.8,-146.7,-144.6,-144.6,-144.6,-144.6,,,,,,,,0.22,,1.0,,2026-08-25,,,,,0.5,,,0.0
3095,WR1559,3217,3095,3777,3777,3777,3777,3665,3777,5231028,Amari Powell,GAST,WR,12.0,12.0,12.0,0.58,6.9,6.9,6.9,0.0,6.9,-150.8,-146.7,-144.6,-144.6,-144.6,-144.6,,,,,,,,0.18,,1.0,,2026-08-25,,,,,0.5,,,0.0
3096,WR1560,3218,3096,3778,3778,3778,3778,3666,3778,5281030,Joshua Rushing,TLSA,WR,12.0,12.0,12.0,0.58,6.9,6.9,6.9,0.0,6.9,-150.8,-146.7,-144.6,-144.6,-144.6,-144.6,,,,,,,,0.25,,1.0,,2026-08-25,,,,,0.5,,,0.0
3097,WR1561,3219,3097,3780,3780,3780,3780,3668,3780,5302881,Dillon Booth,HAW,WR,12.0,12.0,12.0,0.58,6.9,6.9,6.9,0.0,6.9,-150.8,-146.7,-144.6,-144.6,-144.6,-144.6,,,,,,,,0.18,,1.0,,2026-08-25,,,,,0.5,,,0.0
3098,TE495,2655,3098,3128,3128,3128,3128,3016,3128,5144785,Julian Johnson,MINN,TE,12.0,12.0,12.0,1.08,13.0,13.0,13.0,0.0,13.0,-144.7,-140.6,-144.7,-144.7,-144.7,-144.7,,,,,,,,0.37,,1.0,,2026-08-25,,,,,0.5,,,0.0
3099,WR1562,3223,3099,3782,3782,3782,3782,3670,3782,5158941,X'Zavier Barnett,SMU,WR,12.0,12.0,12.0,0.57,6.8,6.8,6.8,0.0,6.8,-150.9,-146.8,-144.7,-144.7,-144.7,-144.7,,,,,,,,0.22,,1.0,,2026-08-25,,,,,0.5,,,0.0
3100,WR1563,3224,3100,3783,3783,3783,3783,3671,3783,5159027,Dawson Quarterman,ECU,WR,12.0,12.0,12.0,0.57,6.8,6.8,6.8,0.0,6.8,-150.9,-146.8,-144.7,-144.7,-144.7,-144.7,,,,,,,,0.23,,1.0,,2026-08-25,,,,,0.5,,,0.0
3101,WR1564,3225,3101,3784,3784,3784,3784,3672,3784,5214408,Jase Nix,SJSU,WR,12.0,12.0,12.0,0.57,6.8,6.8,6.8,0.0,6.8,-150.9,-146.8,-144.7,-144.7,-144.7,-144.7,,,,,,,,0.28,,1.0,,2026-08-25,,,,,0.5,,,0.0
3102,WR1565,3229,3102,3788,3788,3788,3788,3676,3788,5263879,Phoenix Henriquez,SYR,WR,12.0,12.0,12.0,0.57,6.8,6.8,6.8,0.0,6.8,-150.9,-146.8,-144.7,-144.7,-144.7,-144.7,,,,,,,,0.23,,1.0,,2026-08-25,,,,,0.5,,,0.0
3103,WR1566,3230,3103,3789,3789,3789,3789,3677,3789,5289269,Joshua Parker,CCU,WR,12.0,12.0,12.0,0.57,6.8,6.8,6.8,0.0,6.8,-150.9,-146.8,-144.7,-144.7,-144.7,-144.7,,,,,,,,0.26,,1.0,,2026-08-25,,,,,0.5,,,0.0
3104,WR1567,3231,3104,3791,3791,3791,3791,3679,3791,5294220,Malachi Thompson,WVU,WR,12.0,12.0,12.0,0.57,6.8,6.8,6.8,0.0,6.8,-150.9,-146.8,-144.7,-144.7,-144.7,-144.7,,,,,,,,0.24,,1.0,,2026-08-25,,,,,0.5,,,0.0
3105,WR1568,3232,3105,3792,3792,3792,3792,3680,3792,5302868,Romeo Carter,BOIS,WR,12.0,12.0,12.0,0.57,6.8,6.8,6.8,0.0,6.8,-150.9,-146.8,-144.7,-144.7,-144.7,-144.7,,,,,,,,0.18,,1.0,,2026-08-25,,,,,0.5,,,0.0
3106,WR1569,3233,3106,3793,3793,3793,3793,3681,3793,5303231,Jayden Johnson,CCU,WR,12.0,12.0,12.0,0.57,6.8,6.8,6.8,0.0,6.8,-150.9,-146.8,-144.7,-144.7,-144.7,-144.7,,,,,,,,0.26,,1.0,,2026-08-25,,,,,0.5,,,0.0
3107,WR1570,3234,3107,3794,3794,3794,3794,3682,3794,5327567,JD Wallace,UTEP,WR,12.0,12.0,12.0,0.57,6.8,6.8,6.8,0.0,6.8,-150.9,-146.8,-144.7,-144.7,-144.7,-144.7,,,,,,,,0.22,,1.0,,2026-08-25,,,,,0.5,,,0.0
3108,WR1571,3235,3108,3795,3795,3795,3795,3683,3795,5382933,Joshua Joseph,MEM,WR,12.0,12.0,12.0,0.57,6.8,6.8,6.8,0.0,6.8,-150.9,-146.8,-144.7,-144.7,-144.7,-144.7,,,,,,,,0.22,,1.0,,2026-08-25,,,,,0.5,,,0.0
3109,WR1572,3236,3109,3796,3796,3796,3796,3684,3796,5386514,Marcus Sung,USC,WR,12.0,12.0,12.0,0.57,6.8,6.8,6.8,0.0,6.8,-150.9,-146.8,-144.7,-144.7,-144.7,-144.7,,,,,,,,0.11,,1.0,,2026-08-25,,,,,0.5,,,0.0
3110,RB805,3156,3110,3138,3138,3138,3138,3026,3138,5159056,DeZephen Walker,OU,RB,12.0,12.0,12.0,1.08,12.9,12.9,12.9,0.0,12.9,-144.8,-146.3,-144.8,-144.8,-144.8,-144.8,,,,,,,,0.36,,1.0,,2026-08-25,,,,,0.5,,,0.0
3111,TE496,2666,3111,3140,3140,3140,3140,3028,3140,5211188,Zy'aire Fletcher,KENT,TE,12.0,12.0,12.0,1.08,12.9,12.9,12.9,0.0,12.9,-144.8,-140.7,-144.8,-144.8,-144.8,-144.8,,,,,,,,0.55,,1.0,,2026-08-25,,,,,0.5,,,0.0
3112,TE497,2667,3112,3141,3141,3141,3141,3029,3141,5265478,Luke Gilbert,JXST,TE,12.0,12.0,12.0,1.08,12.9,12.9,12.9,0.0,12.9,-144.8,-140.7,-144.8,-144.8,-144.8,-144.8,,,,,,,,0.26,,1.0,,2026-08-25,,,,,0.5,,,0.0
3113,TE498,2669,3113,3144,3144,3144,3144,3032,3144,5299144,Crandall Quinn,MICH,TE,12.0,12.0,12.0,1.08,12.9,12.9,12.9,0.0,12.9,-144.8,-140.7,-144.8,-144.8,-144.8,-144.8,,,,,,,,0.31,,1.0,,2026-08-25,,,,,0.5,,,0.0
3114,RB806,3157,3114,3145,3145,3145,3145,3033,3145,5310311,Isaiah McGill,MEM,RB,12.0,12.0,12.0,1.08,12.9,12.9,12.9,0.0,12.9,-144.8,-146.3,-144.8,-144.8,-144.8,-144.8,,,,,,,,0.33,,1.0,,2026-08-25,,,,,0.5,,,0.0
3115,WR1573,3238,3115,3798,3798,3798,3798,3686,3798,5158992,DaMari Carter,UVA,WR,12.0,12.0,12.0,0.56,6.7,6.7,6.7,0.0,6.7,-151.0,-146.9,-144.8,-144.8,-144.8,-144.8,,,,,,,,0.21,,1.0,,2026-08-25,,,,,0.5,,,0.0
3116,WR1574,3239,3116,3799,3799,3799,3799,3687,3799,5209122,Jace Brown,UCLA,WR,12.0,12.0,12.0,0.56,6.7,6.7,6.7,0.0,6.7,-151.0,-146.9,-144.8,-144.8,-144.8,-144.8,,,,,,,,0.28,,1.0,,2026-08-25,,,,,0.5,,,0.0
3117,WR1575,3240,3117,3800,3800,3800,3800,3688,3800,5209951,Seth Elchert,TOL,WR,12.0,12.0,12.0,0.56,6.7,6.7,6.7,0.0,6.7,-151.0,-146.9,-144.8,-144.8,-144.8,-144.8,,,,,,,,0.25,,1.0,,2026-08-25,,,,,0.5,,,0.0
3118,WR1576,3241,3118,3801,3801,3801,3801,3689,3801,5209961,Dylan Cope,UVA,WR,12.0,12.0,12.0,0.56,6.7,6.7,6.7,0.0,6.7,-151.0,-146.9,-144.8,-144.8,-144.8,-144.8,,,,,,,,0.21,,1.0,,2026-08-25,,,,,0.5,,,0.0
3119,WR1577,3245,3119,3806,3806,3806,3806,3694,3806,5272346,Dadrien Waller,CIN,WR,12.0,12.0,12.0,0.56,6.7,6.7,6.7,0.0,6.7,-151.0,-146.9,-144.8,-144.8,-144.8,-144.8,,,,,,,,0.18,,1.0,,2026-08-25,,,,,0.5,,,0.0
3120,WR1578,3246,3120,3807,3807,3807,3807,3695,3807,5279673,Junior Henderson,MSST,WR,12.0,12.0,12.0,0.56,6.7,6.7,6.7,0.0,6.7,-151.0,-146.9,-144.8,-144.8,-144.8,-144.8,,,,,,,,0.2,,1.0,,2026-08-25,,,,,0.5,,,0.0
3121,WR1579,3247,3121,3808,3808,3808,3808,3696,3808,5282064,Kena Rego,ARST,WR,12.0,12.0,12.0,0.56,6.7,6.7,6.7,0.0,6.7,-151.0,-146.9,-144.8,-144.8,-144.8,-144.8,,,,,,,,0.27,,1.0,,2026-08-25,,,,,0.5,,,0.0
3122,WR1580,3248,3122,3809,3809,3809,3809,3697,3809,5293036,Joshua Smith,CIN,WR,12.0,12.0,12.0,0.56,6.7,6.7,6.7,0.0,6.7,-151.0,-146.9,-144.8,-144.8,-144.8,-144.8,,,,,,,,0.19,,1.0,,2026-08-25,,,,,0.5,,,0.0
3123,WR1581,3249,3123,3810,3810,3810,3810,3698,3810,5294107,Hugh O'Brien,WAKE,WR,12.0,12.0,12.0,0.56,6.7,6.7,6.7,0.0,6.7,-151.0,-146.9,-144.8,-144.8,-144.8,-144.8,,,,,,,,0.2,,1.0,,2026-08-25,,,,,0.5,,,0.0
3124,WR1582,3251,3124,3813,3813,3813,3813,3701,3813,5388769,Dylan Denson,TROY,WR,12.0,12.0,12.0,0.56,6.7,6.7,6.7,0.0,6.7,-151.0,-146.9,-144.8,-144.8,-144.8,-144.8,,,,,,,,0.23,,1.0,,2026-08-25,,,,,0.5,,,0.0
3125,WR1583,3252,3125,3816,3816,3816,3816,3704,3816,5394432,Nico Wiedmann,MRSH,WR,12.0,12.0,12.0,0.56,6.7,6.7,6.7,0.0,6.7,-151.0,-146.9,-144.8,-144.8,-144.8,-144.8,,,,,,,,0.18,,1.0,,2026-08-25,,,,,0.5,,,0.0
3126,TE499,2673,3126,3146,3146,3146,3146,3034,3146,5139854,Trey Jackson,SMU,TE,12.0,12.0,12.0,1.07,12.8,12.8,12.8,0.0,12.8,-144.9,-140.8,-144.9,-144.9,-144.9,-144.9,,,,,,,,0.3,,1.0,,2026-08-25,,,,,0.5,,,0.0
3127,TE500,2679,3127,3152,3152,3152,3152,3040,3152,5228041,Carson Kolb,OKST,TE,12.0,12.0,12.0,1.07,12.8,12.8,12.8,0.0,12.8,-144.9,-140.8,-144.9,-144.9,-144.9,-144.9,,,,,,,,0.31,,1.0,,2026-08-25,,,,,0.5,,,0.0
3128,RB807,3169,3128,3157,3157,3157,3157,3045,3157,5296080,Chance Nixon,UCF,RB,12.0,12.0,12.0,1.07,12.8,12.8,12.8,0.0,12.8,-144.9,-146.4,-144.9,-144.9,-144.9,-144.9,,,,,,,,0.34,,1.0,,2026-08-25,,,,,0.5,,,0.0
3129,WR1584,3257,3129,3818,3818,3818,3819,3707,3819,5159058,Dequane Prevo,ARK,WR,12.0,12.0,12.0,0.55,6.6,6.6,6.6,0.0,6.6,-151.1,-147.0,-144.9,-144.9,-144.9,-144.9,,,,,,,,0.24,,1.0,,2026-08-25,,,,,0.5,,,0.0
3130,WR1585,3258,3130,3819,3819,3819,3820,3708,3820,5209299,Darryon Williams,FSU,WR,12.0,12.0,12.0,0.55,6.6,6.6,6.6,0.0,6.6,-151.1,-147.0,-144.9,-144.9,-144.9,-144.9,,,,,,,,0.24,,1.0,,2026-08-25,,,,,0.5,,,0.0
3131,WR1586,3259,3131,3820,3820,3820,3821,3709,3821,5216561,Jakai Anderson,SMU,WR,12.0,12.0,12.0,0.55,6.6,6.6,6.6,0.0,6.6,-151.1,-147.0,-144.9,-144.9,-144.9,-144.9,,,,,,,,0.22,,1.0,,2026-08-25,,,,,0.5,,,0.0
3132,WR1587,3260,3132,3821,3821,3821,3822,3710,3822,5222688,Michael Landolfi,BC,WR,12.0,12.0,12.0,0.55,6.6,6.6,6.6,0.0,6.6,-151.1,-147.0,-144.9,-144.9,-144.9,-144.9,,,,,,,,0.18,,1.0,,2026-08-25,,,,,0.5,,,0.0
3133,WR1588,3261,3133,3822,3822,3822,3823,3711,3823,5271149,Kymistrii Young,UNC,WR,12.0,12.0,12.0,0.55,6.6,6.6,6.6,0.0,6.6,-151.1,-147.0,-144.9,-144.9,-144.9,-144.9,,,,,,,,0.22,,1.0,,2026-08-25,,,,,0.5,,,0.0
3134,WR1589,3262,3134,3823,3823,3823,3824,3712,3824,5290954,Malcolm Watkins,ISU,WR,12.0,12.0,12.0,0.55,6.6,6.6,6.6,0.0,6.6,-151.1,-147.0,-144.9,-144.9,-144.9,-144.9,,,,,,,,0.27,,1.0,,2026-08-25,,,,,0.5,,,0.0
3135,WR1590,3263,3135,3825,3825,3825,3826,3714,3826,5296137,DeVaun Jones,LOU,WR,12.0,12.0,12.0,0.55,6.6,6.6,6.6,0.0,6.6,-151.1,-147.0,-144.9,-144.9,-144.9,-144.9,,,,,,,,0.14,,1.0,,2026-08-25,,,,,0.5,,,0.0
3136,WR1591,3264,3136,3826,3826,3826,3827,3715,3827,5327581,Drew Alsup,MASS,WR,12.0,12.0,12.0,0.55,6.6,6.6,6.6,0.0,6.6,-151.1,-147.0,-144.9,-144.9,-144.9,-144.9,,,,,,,,0.25,,1.0,,2026-08-25,,,,,0.5,,,0.0
3137,WR1592,3266,3137,3828,3828,3828,3829,3717,3829,5390046,CJ Dockery,GASO,WR,12.0,12.0,12.0,0.55,6.6,6.6,6.6,0.0,6.6,-151.1,-147.0,-144.9,-144.9,-144.9,-144.9,,,,,,,,0.21,,1.0,,2026-08-25,,,,,0.5,,,0.0
3138,TE501,2682,3138,3158,3158,3158,3158,3046,3158,5159815,Coleson Arends,WKU,TE,12.0,12.0,12.0,1.06,12.7,12.7,12.7,0.0,12.7,-145.0,-140.9,-145.0,-145.0,-145.0,-145.0,,,,,,,,0.27,,1.0,,2026-08-25,,,,,0.5,,,0.0
3139,TE502,2684,3139,3161,3161,3161,3161,3049,3161,5214441,Drew Clemens,UNT,TE,12.0,12.0,12.0,1.06,12.7,12.7,12.7,0.0,12.7,-145.0,-140.9,-145.0,-145.0,-145.0,-145.0,,,,,,,,0.29,,1.0,,2026-08-25,,,,,0.5,,,0.0
3140,RB808,3181,3140,3166,3166,3166,3166,3054,3166,5289653,Jayden Fox,UCLA,RB,12.0,12.0,12.0,1.06,12.7,12.7,12.7,0.0,12.7,-145.0,-146.5,-145.0,-145.0,-145.0,-145.0,,,,,,,,0.37,,1.0,,2026-08-25,,,,,0.5,,,0.0
3141,WR1593,3270,3141,3831,3831,3831,3832,3720,3832,5161853,Ace Theus,TCU,WR,12.0,12.0,12.0,0.54,6.5,6.5,6.5,0.0,6.5,-151.2,-147.1,-145.0,-145.0,-145.0,-145.0,,,,,,,,0.22,,1.0,,2026-08-25,,,,,0.5,,,0.0
3142,WR1594,3271,3142,3832,3832,3832,3833,3721,3833,5199861,Clarence Taylor,CSU,WR,12.0,12.0,12.0,0.54,6.5,6.5,6.5,0.0,6.5,-151.2,-147.1,-145.0,-145.0,-145.0,-145.0,,,,,,,,0.24,,1.0,,2026-08-25,,,,,0.5,,,0.0
3143,WR1595,3272,3143,3833,3833,3833,3834,3722,3834,5212653,Jai Richburg,NCSU,WR,12.0,12.0,12.0,0.54,6.5,6.5,6.5,0.0,6.5,-151.2,-147.1,-145.0,-145.0,-145.0,-145.0,,,,,,,,0.22,,1.0,,2026-08-25,,,,,0.5,,,0.0
3144,WR1596,3273,3144,3834,3834,3834,3835,3723,3835,5220008,Addison Carlson,NCSU,WR,12.0,12.0,12.0,0.54,6.5,6.5,6.5,0.0,6.5,-151.2,-147.1,-145.0,-145.0,-145.0,-145.0,,,,,,,,0.13,,1.0,,2026-08-25,,,,,0.5,,,0.0
3145,WR1597,3274,3145,3835,3835,3835,3836,3724,3836,5257270,Larry Porter IV,KSU,WR,12.0,12.0,12.0,0.54,6.5,6.5,6.5,0.0,6.5,-151.2,-147.1,-145.0,-145.0,-145.0,-145.0,,,,,,,,0.25,,1.0,,2026-08-25,,,,,0.5,,,0.0
3146,WR1598,3275,3146,3836,3836,3836,3837,3725,3837,5296287,Kila Keone,BYU,WR,12.0,12.0,12.0,0.54,6.5,6.5,6.5,0.0,6.5,-151.2,-147.1,-145.0,-145.0,-145.0,-145.0,,,,,,,,0.21,,1.0,,2026-08-25,,,,,0.5,,,0.0
3147,WR1599,3276,3147,3837,3837,3837,3838,3726,3838,5296428,Zaidyn Moore,MTSU,WR,12.0,12.0,12.0,0.54,6.5,6.5,6.5,0.0,6.5,-151.2,-147.1,-145.0,-145.0,-145.0,-145.0,,,,,,,,0.19,,1.0,,2026-08-25,,,,,0.5,,,0.0
3148,WR1600,3278,3148,3839,3839,3839,3840,3728,3840,5387669,Kozy Isaac,EMU,WR,12.0,12.0,12.0,0.54,6.5,6.5,6.5,0.0,6.5,-151.2,-147.1,-145.0,-145.0,-145.0,-145.0,,,,,,,,0.17,,1.0,,2026-08-25,,,,,0.5,,,0.0
3149,TE503,2688,3149,3167,3167,3167,3167,3055,3167,5141358,Kiotti Armstrong,TA&M,TE,12.0,12.0,12.0,1.05,12.6,12.6,12.6,0.0,12.6,-145.1,-141.0,-145.1,-145.1,-145.1,-145.1,,,,,,,,0.3,,1.0,,2026-08-25,,,,,0.5,,,0.0
3150,TE504,2689,3150,3168,3168,3168,3168,3056,3168,5152196,Gage Brook,WYO,TE,12.0,12.0,12.0,1.05,12.6,12.6,12.6,0.0,12.6,-145.1,-141.0,-145.1,-145.1,-145.1,-145.1,,,,,,,,0.34,,1.0,,2026-08-25,,,,,0.5,,,0.0
3151,RB809,3195,3151,3170,3170,3170,3170,3058,3170,5213354,Max Guest,APP,RB,12.0,12.0,12.0,1.05,12.6,12.6,12.6,0.0,12.6,-145.1,-146.6,-145.1,-145.1,-145.1,-145.1,,,,,,,,0.33,,1.0,,2026-08-25,,,,,0.5,,,0.0
3152,TE505,2692,3152,3172,3172,3172,3172,3060,3172,5295940,Karl Peterson,ODU,TE,12.0,12.0,12.0,1.05,12.6,12.6,12.6,0.0,12.6,-145.1,-141.0,-145.1,-145.1,-145.1,-145.1,,,,,,,,0.26,,1.0,,2026-08-25,,,,,0.5,,,0.0
3153,TE506,2696,3153,3176,3176,3176,3176,3064,3176,5388389,Kole Tompkins,AF,TE,12.0,12.0,12.0,1.05,12.6,12.6,12.6,0.0,12.6,-145.1,-141.0,-145.1,-145.1,-145.1,-145.1,,,,,,,,0.3,,1.0,,2026-08-25,,,,,0.5,,,0.0
3154,WR1601,3281,3154,3842,3842,3842,3843,3731,3843,5159947,Riply Luna,MIA,WR,12.0,12.0,12.0,0.53,6.4,6.4,6.4,0.0,6.4,-151.3,-147.2,-145.1,-145.1,-145.1,-145.1,,,,,,,,0.12,,1.0,,2026-08-25,,,,,0.5,,,0.0
3155,WR1602,3282,3155,3843,3843,3843,3844,3732,3844,5164349,Jerome Bettis Jr.,ND,WR,12.0,12.0,12.0,0.53,6.4,6.4,6.4,0.0,6.4,-151.3,-147.2,-145.1,-145.1,-145.1,-145.1,,,,,,,,0.38,,1.0,,2026-08-25,,,,,0.5,,,0.0
3156,WR1603,3284,3156,3845,3845,3845,3846,3734,3846,5210425,Landon Kelsey,ARIZ,WR,12.0,12.0,12.0,0.53,6.4,6.4,6.4,0.0,6.4,-151.3,-147.2,-145.1,-145.1,-145.1,-145.1,,,,,,,,0.22,,1.0,,2026-08-25,,,,,0.5,,,0.0
3157,WR1604,3285,3157,3846,3846,3846,3847,3735,3847,5211691,Preston Bowman,OHIO,WR,12.0,12.0,12.0,0.53,6.4,6.4,6.4,0.0,6.4,-151.3,-147.2,-145.1,-145.1,-145.1,-145.1,,,,,,,,0.34,,1.0,,2026-08-25,,,,,0.5,,,0.0
3158,WR1605,3286,3158,3847,3847,3847,3848,3736,3848,5215376,Kai Meza,CAL,WR,12.0,12.0,12.0,0.53,6.4,6.4,6.4,0.0,6.4,-151.3,-147.2,-145.1,-145.1,-145.1,-145.1,,,,,,,,0.24,,1.0,,2026-08-25,,,,,0.5,,,0.0
3159,WR1606,3289,3159,3851,3851,3851,3852,3740,3852,5281572,Devin Olmande,SJSU,WR,12.0,12.0,12.0,0.53,6.4,6.4,6.4,0.0,6.4,-151.3,-147.2,-145.1,-145.1,-145.1,-145.1,,,,,,,,0.26,,1.0,,2026-08-25,,,,,0.5,,,0.0
3160,WR1607,3290,3160,3852,3852,3852,3853,3741,3853,5291661,Dallas Boozer,ARST,WR,12.0,12.0,12.0,0.53,6.4,6.4,6.4,0.0,6.4,-151.3,-147.2,-145.1,-145.1,-145.1,-145.1,,,,,,,,0.26,,1.0,,2026-08-25,,,,,0.5,,,0.0
3161,WR1608,3291,3161,3853,3853,3853,3854,3742,3854,5296865,Daniel Rose,CONN,WR,12.0,12.0,12.0,0.53,6.4,6.4,6.4,0.0,6.4,-151.3,-147.2,-145.1,-145.1,-145.1,-145.1,,,,,,,,0.17,,1.0,,2026-08-25,,,,,0.5,,,0.0
3162,WR1609,3292,3162,3855,3855,3855,3856,3744,3856,5308878,Zach Stair,GAST,WR,12.0,12.0,12.0,0.53,6.4,6.4,6.4,0.0,6.4,-151.3,-147.2,-145.1,-145.1,-145.1,-145.1,,,,,,,,0.22,,1.0,,2026-08-25,,,,,0.5,,,0.0
3163,WR1610,3293,3163,3856,3856,3856,3857,3745,3857,5384828,Robert Oliver,WVU,WR,12.0,12.0,12.0,0.53,6.4,6.4,6.4,0.0,6.4,-151.3,-147.2,-145.1,-145.1,-145.1,-145.1,,,,,,,,0.23,,1.0,,2026-08-25,,,,,0.5,,,0.0
3164,RB810,3208,3164,3180,3180,3180,3180,3068,3180,5220668,Tre Kofe,USU,RB,12.0,12.0,12.0,1.04,12.5,12.5,12.5,0.0,12.5,-145.2,-146.7,-145.2,-145.2,-145.2,-145.2,,,,,,,,0.31,,1.0,,2026-08-25,,,,,0.5,,,0.0
3165,TE507,2703,3165,3182,3182,3182,3182,3070,3182,5225456,Javery Mayberry,USM,TE,12.0,12.0,12.0,1.04,12.5,12.5,12.5,0.0,12.5,-145.2,-141.1,-145.2,-145.2,-145.2,-145.2,,,,,,,,0.32,,1.0,,2026-08-25,,,,,0.5,,,0.0
3166,TE508,2704,3166,3183,3183,3183,3183,3071,3183,5245130,KK Johnson,TA&M,TE,12.0,12.0,12.0,1.04,12.5,12.5,12.5,0.0,12.5,-145.2,-141.1,-145.2,-145.2,-145.2,-145.2,,,,,,,,0.34,,1.0,,2026-08-25,,,,,0.5,,,0.0
3167,RB811,3209,3167,3185,3185,3185,3185,3073,3185,5280795,G'Ivori Graham,TCU,RB,12.0,12.0,12.0,1.04,12.5,12.5,12.5,0.0,12.5,-145.2,-146.7,-145.2,-145.2,-145.2,-145.2,,,,,,,,0.33,,1.0,,2026-08-25,,,,,0.5,,,0.0
3168,RB812,3210,3168,3188,3188,3188,3188,3076,3188,5384739,Justin Powell,RICE,RB,12.0,12.0,12.0,1.04,12.5,12.5,12.5,0.0,12.5,-145.2,-146.7,-145.2,-145.2,-145.2,-145.2,,,,,,,,0.33,,1.0,,2026-08-25,,,,,0.5,,,0.0
3169,WR1611,3296,3169,3860,3860,3860,3861,3749,3861,5158944,Elias Coke,RUTG,WR,12.0,12.0,12.0,0.52,6.3,6.3,6.3,0.0,6.3,-151.4,-147.3,-145.2,-145.2,-145.2,-145.2,,,,,,,,0.23,,1.0,,2026-08-25,,,,,0.5,,,0.0
3170,WR1612,3297,3170,3861,3861,3861,3862,3750,3862,5210021,Aubrey Walker,ALA,WR,12.0,12.0,12.0,0.52,6.3,6.3,6.3,0.0,6.3,-151.4,-147.3,-145.2,-145.2,-145.2,-145.2,,,,,,,,0.2,,1.0,,2026-08-25,,,,,0.5,,,0.0
3171,WR1613,3301,3171,3865,3865,3865,3866,3754,3866,5269142,Lathon Latiolais,UNT,WR,12.0,12.0,12.0,0.52,6.3,6.3,6.3,0.0,6.3,-151.4,-147.3,-145.2,-145.2,-145.2,-145.2,,,,,,,,0.18,,1.0,,2026-08-25,,,,,0.5,,,0.0
3172,WR1614,3302,3172,3866,3866,3866,3867,3755,3867,5274368,Jaiden Tucker,ULM,WR,12.0,12.0,12.0,0.52,6.3,6.3,6.3,0.0,6.3,-151.4,-147.3,-145.2,-145.2,-145.2,-145.2,,,,,,,,0.26,,1.0,,2026-08-25,,,,,0.5,,,0.0
3173,WR1615,3304,3173,3869,3869,3869,3870,3758,3870,5310616,Deshaun Fedd,ARST,WR,12.0,12.0,12.0,0.52,6.3,6.3,6.3,0.0,6.3,-151.4,-147.3,-145.2,-145.2,-145.2,-145.2,,,,,,,,0.24,,1.0,,2026-08-25,,,,,0.5,,,0.0
3174,WR1616,3305,3174,3870,3870,3870,3871,3759,3871,5326123,Jamal Polite Jr.,ISU,WR,12.0,12.0,12.0,0.52,6.3,6.3,6.3,0.0,6.3,-151.4,-147.3,-145.2,-145.2,-145.2,-145.2,,,,,,,,0.26,,1.0,,2026-08-25,,,,,0.5,,,0.0
3175,QB239,4237,3175,949,949,939,950,838,950,4736246,Jacob Knuth,KSU,QB,12.0,12.0,12.0,6.56,78.7,78.7,78.7,0.0,78.7,-166.4,-166.5,-149.6,-145.3,-145.3,-145.3,,,,,,,,0.73,,1.0,,2026-08-25,,,,,0.5,,,0.0
3176,TE509,2711,3176,3189,3189,3189,3189,3077,3189,5146754,Jacob Simpson,MINN,TE,12.0,12.0,12.0,1.03,12.4,12.4,12.4,0.0,12.4,-145.3,-141.2,-145.3,-145.3,-145.3,-145.3,,,,,,,,0.33,,1.0,,2026-08-25,,,,,0.5,,,0.0
3177,RB813,3220,3177,3190,3190,3190,3190,3078,3190,5156053,Carson Berger,TEX,RB,12.0,12.0,12.0,1.03,12.4,12.4,12.4,0.0,12.4,-145.3,-146.8,-145.3,-145.3,-145.3,-145.3,,,,,,,,0.2,,1.0,,2026-08-25,,,,,0.5,,,0.0
3178,TE510,2713,3178,3192,3192,3192,3192,3080,3192,5219190,Lyviel Waters,CIN,TE,12.0,12.0,12.0,1.03,12.4,12.4,12.4,0.0,12.4,-145.3,-141.2,-145.3,-145.3,-145.3,-145.3,,,,,,,,0.38,,1.0,,2026-08-25,,,,,0.5,,,0.0
3179,TE511,2714,3179,3193,3193,3193,3193,3081,3193,5229953,Aidan O'Callaghan,MEM,TE,12.0,12.0,12.0,1.03,12.4,12.4,12.4,0.0,12.4,-145.3,-141.2,-145.3,-145.3,-145.3,-145.3,,,,,,,,0.31,,1.0,,2026-08-25,,,,,0.5,,,0.0
3180,RB814,3221,3180,3195,3195,3195,3195,3083,3195,5280784,Cooper Crosby,MSST,RB,12.0,12.0,12.0,1.03,12.4,12.4,12.4,0.0,12.4,-145.3,-146.8,-145.3,-145.3,-145.3,-145.3,,,,,,,,0.35,,1.0,,2026-08-25,,,,,0.5,,,0.0
3181,WR1617,3307,3181,3872,3872,3872,3873,3761,3873,5160500,Jordan Nunuha,UCF,WR,12.0,12.0,12.0,0.52,6.2,6.2,6.2,0.0,6.2,-151.5,-147.4,-145.3,-145.3,-145.3,-145.3,,,,,,,,0.22,,1.0,,2026-08-25,,,,,0.5,,,0.0
3182,WR1618,3308,3182,3874,3874,3874,3875,3763,3875,5199865,Owen Cabell,VAN,WR,12.0,12.0,12.0,0.52,6.2,6.2,6.2,0.0,6.2,-151.5,-147.4,-145.3,-145.3,-145.3,-145.3,,,,,,,,0.24,,1.0,,2026-08-25,,,,,0.5,,,0.0
3183,WR1619,3310,3183,3876,3876,3876,3877,3765,3877,5211737,Jamari Brown,NEB,WR,12.0,12.0,12.0,0.52,6.2,6.2,6.2,0.0,6.2,-151.5,-147.4,-145.3,-145.3,-145.3,-145.3,,,,,,,,0.21,,1.0,,2026-08-25,,,,,0.5,,,0.0
3184,WR1620,3311,3184,3877,3877,3877,3878,3766,3878,5215379,Jaden Jefferson,UNC,WR,12.0,12.0,12.0,0.52,6.2,6.2,6.2,0.0,6.2,-151.5,-147.4,-145.3,-145.3,-145.3,-145.3,,,,,,,,0.22,,1.0,,2026-08-25,,,,,0.5,,,0.0
3185,WR1621,3312,3185,3878,3878,3878,3879,3767,3879,5219123,Luke Gayton,SDSU,WR,12.0,12.0,12.0,0.52,6.2,6.2,6.2,0.0,6.2,-151.5,-147.4,-145.3,-145.3,-145.3,-145.3,,,,,,,,0.24,,1.0,,2026-08-25,,,,,0.5,,,0.0
3186,WR1622,3313,3186,3880,3880,3880,3881,3769,3881,5274280,H'eij Jackson,CIN,WR,12.0,12.0,12.0,0.52,6.2,6.2,6.2,0.0,6.2,-151.5,-147.4,-145.3,-145.3,-145.3,-145.3,,,,,,,,0.17,,1.0,,2026-08-25,,,,,0.5,,,0.0
3187,QB240,4238,3187,951,951,941,952,840,952,5227425,Parker Stofa,NMSU,QB,12.0,12.0,12.0,6.55,78.6,78.6,78.6,0.0,78.6,-166.5,-166.6,-149.7,-145.4,-145.4,-145.4,,,,,,,,0.63,,1.0,,2026-08-25,,,,,0.5,,,0.0
3188,RB815,3237,3188,3199,3199,3199,3199,3087,3199,5271370,Arthur Lewis IV,UCF,RB,12.0,12.0,12.0,1.03,12.3,12.3,12.3,0.0,12.3,-145.4,-146.9,-145.4,-145.4,-145.4,-145.4,,,,,,,,0.32,,1.0,,2026-08-25,,,,,0.5,,,0.0
3189,WR1623,3318,3189,3887,3887,3886,3887,3775,3887,5141364,Russell Babineaux,UL,WR,12.0,12.0,12.0,0.51,6.1,6.1,6.1,0.0,6.1,-151.6,-147.5,-145.4,-145.4,-145.4,-145.4,,,,,,,,0.28,,1.0,,2026-08-25,,,,,0.5,,,0.0
3190,WR1624,3319,3190,3888,3888,3887,3888,3776,3888,5161804,Brock Boyd,OSU,WR,12.0,12.0,12.0,0.51,6.1,6.1,6.1,0.0,6.1,-151.6,-147.5,-145.4,-145.4,-145.4,-145.4,,,,,,,,0.22,,1.0,,2026-08-25,,,,,0.5,,,0.0
3191,WR1625,3320,3191,3889,3889,3888,3889,3777,3889,5214654,Nyqir Helton,UNC,WR,12.0,12.0,12.0,0.51,6.1,6.1,6.1,0.0,6.1,-151.6,-147.5,-145.4,-145.4,-145.4,-145.4,,,,,,,,0.23,,1.0,,2026-08-25,,,,,0.5,,,0.0
3192,WR1626,3321,3192,3893,3893,3892,3893,3781,3893,5264360,DJ Biggins,BC,WR,12.0,12.0,12.0,0.51,6.1,6.1,6.1,0.0,6.1,-151.6,-147.5,-145.4,-145.4,-145.4,-145.4,,,,,,,,0.22,,1.0,,2026-08-25,,,,,0.5,,,0.0
3193,WR1627,3322,3193,3894,3894,3893,3894,3782,3894,5290945,Kelvin Brown,BC,WR,12.0,12.0,12.0,0.51,6.1,6.1,6.1,0.0,6.1,-151.6,-147.5,-145.4,-145.4,-145.4,-145.4,,,,,,,,0.22,,1.0,,2026-08-25,,,,,0.5,,,0.0
3194,WR1628,3324,3194,3896,3896,3895,3896,3784,3896,5294290,John Barton,TULN,WR,12.0,12.0,12.0,0.51,6.1,6.1,6.1,0.0,6.1,-151.6,-147.5,-145.4,-145.4,-145.4,-145.4,,,,,,,,0.22,,1.0,,2026-08-25,,,,,0.5,,,0.0
3195,WR1629,3325,3195,3897,3897,3896,3897,3785,3897,5294301,Cash Semonza,TULN,WR,12.0,12.0,12.0,0.51,6.1,6.1,6.1,0.0,6.1,-151.6,-147.5,-145.4,-145.4,-145.4,-145.4,,,,,,,,0.22,,1.0,,2026-08-25,,,,,0.5,,,0.0
3196,WR1630,3326,3196,3898,3898,3897,3898,3786,3898,5295373,Santino Sanchez,NAVY,WR,12.0,12.0,12.0,0.51,6.1,6.1,6.1,0.0,6.1,-151.6,-147.5,-145.4,-145.4,-145.4,-145.4,,,,,,,,0.21,,1.0,,2026-08-25,,,,,0.5,,,0.0
3197,WR1631,3327,3197,3899,3899,3898,3899,3787,3899,5295374,Jeremiah Chalmers,NAVY,WR,12.0,12.0,12.0,0.51,6.1,6.1,6.1,0.0,6.1,-151.6,-147.5,-145.4,-145.4,-145.4,-145.4,,,,,,,,0.21,,1.0,,2026-08-25,,,,,0.5,,,0.0
3198,WR1632,3328,3198,3900,3900,3899,3900,3788,3900,5295921,Josh Rodriguez,ODU,WR,12.0,12.0,12.0,0.51,6.1,6.1,6.1,0.0,6.1,-151.6,-147.5,-145.4,-145.4,-145.4,-145.4,,,,,,,,0.22,,1.0,,2026-08-25,,,,,0.5,,,0.0
3199,WR1633,3329,3199,3902,3902,3901,3902,3790,3902,5332628,Karsten Fiene,MIZ,WR,12.0,12.0,12.0,0.51,6.1,6.1,6.1,0.0,6.1,-151.6,-147.5,-145.4,-145.4,-145.4,-145.4,,,,,,,,0.18,,1.0,,2026-08-25,,,,,0.5,,,0.0
3200,WR1634,3330,3200,3903,3903,3902,3903,3791,3903,5388749,Brandon Gaea,HAW,WR,12.0,12.0,12.0,0.51,6.1,6.1,6.1,0.0,6.1,-151.6,-147.5,-145.4,-145.4,-145.4,-145.4,,,,,,,,0.18,,1.0,,2026-08-25,,,,,0.5,,,0.0
3201,TE512,2722,3201,3201,3201,3201,3201,3089,3201,5148607,Ty Rupe,UTSA,TE,12.0,12.0,12.0,1.02,12.2,12.2,12.2,0.0,12.2,-145.5,-141.4,-145.5,-145.5,-145.5,-145.5,,,,,,,,0.36,,1.0,,2026-08-25,,,,,0.5,,,0.0
3202,TE513,2723,3202,3202,3202,3202,3202,3090,3202,5150543,Tyler Mustain,ARIZ,TE,12.0,12.0,12.0,1.02,12.2,12.2,12.2,0.0,12.2,-145.5,-141.4,-145.5,-145.5,-145.5,-145.5,,,,,,,,0.27,,1.0,,2026-08-25,,,,,0.5,,,0.0
3203,TE514,2724,3203,3203,3203,3203,3203,3091,3203,5194615,Brody Benke,MTSU,TE,12.0,12.0,12.0,1.02,12.2,12.2,12.2,0.0,12.2,-145.5,-141.4,-145.5,-145.5,-145.5,-145.5,,,,,,,,0.38,,1.0,,2026-08-25,,,,,0.5,,,0.0
3204,TE515,2726,3204,3206,3206,3206,3206,3094,3206,5222571,Xavier Watson,CONN,TE,12.0,12.0,12.0,1.02,12.2,12.2,12.2,0.0,12.2,-145.5,-141.4,-145.5,-145.5,-145.5,-145.5,,,,,,,,0.31,,1.0,,2026-08-25,,,,,0.5,,,0.0
3205,TE516,2727,3205,3207,3207,3207,3207,3095,3207,5265450,Jamari Harrold,KENN,TE,12.0,12.0,12.0,1.02,12.2,12.2,12.2,0.0,12.2,-145.5,-141.4,-145.5,-145.5,-145.5,-145.5,,,,,,,,0.32,,1.0,,2026-08-25,,,,,0.5,,,0.0
3206,RB816,3254,3206,3211,3211,3211,3211,3099,3211,5382856,Bryson Roland,ULM,RB,12.0,12.0,12.0,1.02,12.2,12.2,12.2,0.0,12.2,-145.5,-147.0,-145.5,-145.5,-145.5,-145.5,,,,,,,,0.31,,1.0,,2026-08-25,,,,,0.5,,,0.0
3207,RB817,3255,3207,3213,3213,3213,3213,3101,3213,5387640,Kobe Hendricks,CMU,RB,12.0,12.0,12.0,1.02,12.2,12.2,12.2,0.0,12.2,-145.5,-147.0,-145.5,-145.5,-145.5,-145.5,,,,,,,,0.34,,1.0,,2026-08-25,,,,,0.5,,,0.0
3208,WR1635,3333,3208,3909,3909,3908,3909,3797,3909,5201871,Antonio Jordan,ARK,WR,12.0,12.0,12.0,0.5,6.0,6.0,6.0,0.0,6.0,-151.7,-147.6,-145.5,-145.5,-145.5,-145.5,,,,,,,,0.22,,1.0,,2026-08-25,,,,,0.5,,,0.0
3209,WR1636,3335,3209,3911,3911,3910,3911,3799,3911,5277007,La'Keyleon Graves,TXST,WR,12.0,12.0,12.0,0.5,6.0,6.0,6.0,0.0,6.0,-151.7,-147.6,-145.5,-145.5,-145.5,-145.5,,,,,,,,0.21,,1.0,,2026-08-25,,,,,0.5,,,0.0
3210,WR1637,3336,3210,3912,3912,3911,3912,3800,3912,5295543,Jackson Naeve,IOWA,WR,12.0,12.0,12.0,0.5,6.0,6.0,6.0,0.0,6.0,-151.7,-147.6,-145.5,-145.5,-145.5,-145.5,,,,,,,,0.11,,1.0,,2026-08-25,,,,,0.5,,,0.0
3211,WR1638,3338,3211,3914,3914,3913,3914,3802,3914,5295948,Jalyn Abercrombie,MRSH,WR,12.0,12.0,12.0,0.5,6.0,6.0,6.0,0.0,6.0,-151.7,-147.6,-145.5,-145.5,-145.5,-145.5,,,,,,,,0.18,,1.0,,2026-08-25,,,,,0.5,,,0.0
3212,WR1639,3339,3212,3915,3915,3914,3915,3803,3915,5325985,Julius Wilson,KSU,WR,12.0,12.0,12.0,0.5,6.0,6.0,6.0,0.0,6.0,-151.7,-147.6,-145.5,-145.5,-145.5,-145.5,,,,,,,,0.24,,1.0,,2026-08-25,,,,,0.5,,,0.0
3213,WR1640,3340,3213,3917,3917,3916,3917,3805,3917,5369924,Cory Henderson Jr.,ARK,WR,12.0,12.0,12.0,0.5,6.0,6.0,6.0,0.0,6.0,-151.7,-147.6,-145.5,-145.5,-145.5,-145.5,,,,,,,,0.11,,1.0,,2026-08-25,,,,,0.5,,,0.0
3214,RB818,3268,3214,3218,3218,3218,3218,3106,3218,5257046,Grayson Rigdon,ASU,RB,12.0,12.0,12.0,1.01,12.1,12.1,12.1,0.0,12.1,-145.6,-147.1,-145.6,-145.6,-145.6,-145.6,,,,,,,,0.3,,1.0,,2026-08-25,,,,,0.5,,,0.0
3215,RB819,3269,3215,3219,3219,3219,3219,3107,3219,5271114,Jerod Terry Jr.,UNM,RB,12.0,12.0,12.0,1.01,12.1,12.1,12.1,0.0,12.1,-145.6,-147.1,-145.6,-145.6,-145.6,-145.6,,,,,,,,0.39,,1.0,,2026-08-25,,,,,0.5,,,0.0
3216,WR1641,3343,3216,3920,3920,3919,3920,3808,3920,5164358,Dane Jones,TCU,WR,12.0,12.0,12.0,0.49,5.9,5.9,5.9,0.0,5.9,-151.8,-147.7,-145.6,-145.6,-145.6,-145.6,,,,,,,,0.2,,1.0,,2026-08-25,,,,,0.5,,,0.0
3217,WR1642,3346,3217,3923,3923,3922,3923,3811,3923,5219496,Donald Collier,KU,WR,12.0,12.0,12.0,0.49,5.9,5.9,5.9,0.0,5.9,-151.8,-147.7,-145.6,-145.6,-145.6,-145.6,,,,,,,,0.18,,1.0,,2026-08-25,,,,,0.5,,,0.0
3218,WR1643,3347,3218,3924,3924,3923,3924,3812,3924,5272684,Cayden Alula,NAVY,WR,12.0,12.0,12.0,0.49,5.9,5.9,5.9,0.0,5.9,-151.8,-147.7,-145.6,-145.6,-145.6,-145.6,,,,,,,,0.2,,1.0,,2026-08-25,,,,,0.5,,,0.0
3219,WR1644,3349,3219,3926,3926,3925,3926,3814,3926,5291747,Zialis Blackmon,ODU,WR,12.0,12.0,12.0,0.49,5.9,5.9,5.9,0.0,5.9,-151.8,-147.7,-145.6,-145.6,-145.6,-145.6,,,,,,,,0.26,,1.0,,2026-08-25,,,,,0.5,,,0.0
3220,WR1645,3350,3220,3927,3927,3926,3927,3815,3927,5295370,Jamar Jenkins,MEM,WR,12.0,12.0,12.0,0.49,5.9,5.9,5.9,0.0,5.9,-151.8,-147.7,-145.6,-145.6,-145.6,-145.6,,,,,,,,0.23,,1.0,,2026-08-25,,,,,0.5,,,0.0
3221,WR1646,3352,3221,3932,3932,3931,3932,3820,3932,5371962,Keil McGriff,CLEM,WR,12.0,12.0,12.0,0.49,5.9,5.9,5.9,0.0,5.9,-151.8,-147.7,-145.6,-145.6,-145.6,-145.6,,,,,,,,0.18,,1.0,,2026-08-25,,,,,0.5,,,0.0
3222,WR1647,3353,3222,3933,3933,3932,3933,3821,3933,5376861,Keeyshawn Tabuteau,WIS,WR,12.0,12.0,12.0,0.49,5.9,5.9,5.9,0.0,5.9,-151.8,-147.7,-145.6,-145.6,-145.6,-145.6,,,,,,,,0.23,,1.0,,2026-08-25,,,,,0.5,,,0.0
3223,WR1648,3355,3223,3935,3935,3934,3935,3823,3935,5388849,Mikey Beck,UNM,WR,12.0,12.0,12.0,0.49,5.9,5.9,5.9,0.0,5.9,-151.8,-147.7,-145.6,-145.6,-145.6,-145.6,,,,,,,,0.19,,1.0,,2026-08-25,,,,,0.5,,,0.0
3224,WR1649,3356,3224,3936,3936,3935,3936,3824,3936,5389045,Deuce Hadley Jr.,TULN,WR,12.0,12.0,12.0,0.49,5.9,5.9,5.9,0.0,5.9,-151.8,-147.7,-145.6,-145.6,-145.6,-145.6,,,,,,,,0.21,,1.0,,2026-08-25,,,,,0.5,,,0.0
3225,QB241,4239,3225,959,959,949,960,848,960,5164333,Brennen Ward,UK,QB,12.0,12.0,12.0,6.52,78.3,78.3,78.3,0.0,78.3,-166.8,-166.9,-150.0,-145.7,-145.7,-145.7,,,,,,,,0.71,,1.0,,2026-08-25,,,,,0.5,,,0.0
3226,RB820,3279,3226,3224,3224,3224,3224,3112,3224,5160496,Javian Mallory,MIA,RB,12.0,12.0,12.0,1.0,12.0,12.0,12.0,0.0,12.0,-145.7,-147.2,-145.7,-145.7,-145.7,-145.7,,,,,,,,0.39,,1.0,,2026-08-25,,,,,0.5,,,0.0
3227,RB821,3280,3227,3228,3228,3228,3228,3116,3228,5219487,Micah Johnson,KU,RB,12.0,12.0,12.0,1.0,12.0,12.0,12.0,0.0,12.0,-145.7,-147.2,-145.7,-145.7,-145.7,-145.7,,,,,,,,0.29,,1.0,,2026-08-25,,,,,0.5,,,0.0
3228,WR1650,3360,3228,3938,3938,3937,3938,3826,3938,5218743,Carson Perry-Smith,CAL,WR,12.0,12.0,12.0,0.48,5.8,5.8,5.8,0.0,5.8,-151.9,-147.8,-145.7,-145.7,-145.7,-145.7,,,,,,,,0.16,,1.0,,2026-08-25,,,,,0.5,,,0.0
3229,WR1651,3361,3229,3939,3939,3938,3939,3827,3939,5219121,Jace Burton,WASH,WR,12.0,12.0,12.0,0.48,5.8,5.8,5.8,0.0,5.8,-151.9,-147.8,-145.7,-145.7,-145.7,-145.7,,,,,,,,0.21,,1.0,,2026-08-25,,,,,0.5,,,0.0
3230,WR1652,3364,3230,3943,3943,3942,3943,3831,3943,5265445,Jordan Clark,RICE,WR,12.0,12.0,12.0,0.48,5.8,5.8,5.8,0.0,5.8,-151.9,-147.8,-145.7,-145.7,-145.7,-145.7,,,,,,,,0.24,,1.0,,2026-08-25,,,,,0.5,,,0.0
3231,WR1653,3365,3231,3944,3944,3943,3944,3832,3944,5304404,Salomon Ealey,RUTG,WR,12.0,12.0,12.0,0.48,5.8,5.8,5.8,0.0,5.8,-151.9,-147.8,-145.7,-145.7,-145.7,-145.7,,,,,,,,0.16,,1.0,,2026-08-25,,,,,0.5,,,0.0
3232,WR1654,3366,3232,3945,3945,3944,3945,3833,3945,5325955,Brand Morgan,UVA,WR,12.0,12.0,12.0,0.48,5.8,5.8,5.8,0.0,5.8,-151.9,-147.8,-145.7,-145.7,-145.7,-145.7,,,,,,,,0.14,,1.0,,2026-08-25,,,,,0.5,,,0.0
3233,TE517,2742,3233,3234,3234,3234,3234,3122,3234,5152192,Cayden Echternach,NEB,TE,12.0,12.0,12.0,0.99,11.9,11.9,11.9,0.0,11.9,-145.8,-141.7,-145.8,-145.8,-145.8,-145.8,,,,,,,,0.32,,1.0,,2026-08-25,,,,,0.5,,,0.0
3234,RB822,3294,3234,3236,3236,3236,3236,3124,3236,5211741,Trav Moore,CMU,RB,12.0,12.0,12.0,0.99,11.9,11.9,11.9,0.0,11.9,-145.8,-147.3,-145.8,-145.8,-145.8,-145.8,,,,,,,,0.35,,1.0,,2026-08-25,,,,,0.5,,,0.0
3235,WR1655,3369,3235,3947,3947,3946,3947,3835,3947,5161026,Xavier Owens,FRES,WR,12.0,12.0,12.0,0.48,5.7,5.7,5.7,0.0,5.7,-152.0,-147.9,-145.8,-145.8,-145.8,-145.8,,,,,,,,0.24,,1.0,,2026-08-25,,,,,0.5,,,0.0
3236,WR1656,3370,3236,3948,3948,3947,3948,3836,3948,5203599,Blake Wallace,JXST,WR,12.0,12.0,12.0,0.48,5.7,5.7,5.7,0.0,5.7,-152.0,-147.9,-145.8,-145.8,-145.8,-145.8,,,,,,,,0.18,,1.0,,2026-08-25,,,,,0.5,,,0.0
3237,WR1657,3371,3237,3949,3949,3948,3949,3837,3949,5209337,DeShawn Spencer,AUB,WR,12.0,12.0,12.0,0.48,5.7,5.7,5.7,0.0,5.7,-152.0,-147.9,-145.8,-145.8,-145.8,-145.8,,,,,,,,0.26,,1.0,,2026-08-25,,,,,0.5,,,0.0
3238,WR1658,3376,3238,3954,3954,3953,3954,3842,3954,5272712,Brogan Mcnab,UAB,WR,12.0,12.0,12.0,0.48,5.7,5.7,5.7,0.0,5.7,-152.0,-147.9,-145.8,-145.8,-145.8,-145.8,,,,,,,,0.24,,1.0,,2026-08-25,,,,,0.5,,,0.0
3239,WR1659,3377,3239,3955,3955,3954,3955,3843,3955,5287502,Jaden McDuffie,NU,WR,12.0,12.0,12.0,0.48,5.7,5.7,5.7,0.0,5.7,-152.0,-147.9,-145.8,-145.8,-145.8,-145.8,,,,,,,,0.21,,1.0,,2026-08-25,,,,,0.5,,,0.0
3240,WR1660,3378,3240,3956,3956,3955,3956,3844,3956,5289734,Keaton Reinke,NU,WR,12.0,12.0,12.0,0.48,5.7,5.7,5.7,0.0,5.7,-152.0,-147.9,-145.8,-145.8,-145.8,-145.8,,,,,,,,0.21,,1.0,,2026-08-25,,,,,0.5,,,0.0
3241,WR1661,3380,3241,3958,3958,3957,3958,3846,3958,5369965,Cash Harney,UK,WR,12.0,12.0,12.0,0.48,5.7,5.7,5.7,0.0,5.7,-152.0,-147.9,-145.8,-145.8,-145.8,-145.8,,,,,,,,0.26,,1.0,,2026-08-25,,,,,0.5,,,0.0
3242,TE518,2747,3242,3242,3242,3242,3242,3130,3242,5141712,Bear Tenney,UNM,TE,12.0,12.0,12.0,0.98,11.8,11.8,11.8,0.0,11.8,-145.9,-141.8,-145.9,-145.9,-145.9,-145.9,,,,,,,,0.38,,1.0,,2026-08-25,,,,,0.5,,,0.0
3243,TE519,2748,3243,3243,3243,3243,3243,3131,3243,5149008,Gavin Hoffman,MIZ,TE,12.0,12.0,12.0,0.98,11.8,11.8,11.8,0.0,11.8,-145.9,-141.8,-145.9,-145.9,-145.9,-145.9,,,,,,,,0.32,,1.0,,2026-08-25,,,,,0.5,,,0.0
3244,TE520,2750,3244,3245,3245,3245,3245,3133,3245,5216506,DJ Asiasi,NEV,TE,12.0,12.0,12.0,0.98,11.8,11.8,11.8,0.0,11.8,-145.9,-141.8,-145.9,-145.9,-145.9,-145.9,,,,,,,,0.5,,1.0,,2026-08-25,,,,,0.5,,,0.0
3245,WR1662,3384,3245,3963,3963,3962,3963,3851,3963,5148660,Micah Matthews,JMU,WR,12.0,12.0,12.0,0.47,5.6,5.6,5.6,0.0,5.6,-152.1,-148.0,-145.9,-145.9,-145.9,-145.9,,,,,,,,0.26,,1.0,,2026-08-25,,,,,0.5,,,0.0
3246,WR1663,3385,3246,3964,3964,3963,3964,3852,3964,5159080,Brayden Robinson,ND,WR,12.0,12.0,12.0,0.47,5.6,5.6,5.6,0.0,5.6,-152.1,-148.0,-145.9,-145.9,-145.9,-145.9,,,,,,,,0.25,,1.0,,2026-08-25,,,,,0.5,,,0.0
3247,WR1664,3386,3247,3965,3965,3964,3965,3853,3965,5273946,Tayshon Bardo,BALL,WR,12.0,12.0,12.0,0.47,5.6,5.6,5.6,0.0,5.6,-152.1,-148.0,-145.9,-145.9,-145.9,-145.9,,,,,,,,0.27,,1.0,,2026-08-25,,,,,0.5,,,0.0
3248,WR1665,3387,3248,3966,3966,3965,3966,3854,3966,5279150,Aiden Smalls,NCSU,WR,12.0,12.0,12.0,0.47,5.6,5.6,5.6,0.0,5.6,-152.1,-148.0,-145.9,-145.9,-145.9,-145.9,,,,,,,,0.19,,1.0,,2026-08-25,,,,,0.5,,,0.0
3249,WR1666,3388,3249,3967,3967,3966,3967,3855,3967,5291714,Brandon Kinsey,PUR,WR,12.0,12.0,12.0,0.47,5.6,5.6,5.6,0.0,5.6,-152.1,-148.0,-145.9,-145.9,-145.9,-145.9,,,,,,,,0.21,,1.0,,2026-08-25,,,,,0.5,,,0.0
3250,WR1667,3389,3250,3968,3968,3967,3968,3856,3968,5293692,BJ Alleyne,ARMY,WR,12.0,12.0,12.0,0.47,5.6,5.6,5.6,0.0,5.6,-152.1,-148.0,-145.9,-145.9,-145.9,-145.9,,,,,,,,0.19,,1.0,,2026-08-25,,,,,0.5,,,0.0
3251,WR1668,3390,3251,3969,3969,3968,3969,3857,3969,5303232,Jojo Johnson,PUR,WR,12.0,12.0,12.0,0.47,5.6,5.6,5.6,0.0,5.6,-152.1,-148.0,-145.9,-145.9,-145.9,-145.9,,,,,,,,0.21,,1.0,,2026-08-25,,,,,0.5,,,0.0
3252,WR1669,3392,3252,3972,3972,3971,3972,3860,3972,5394567,Ryan McKendry,WSU,WR,12.0,12.0,12.0,0.47,5.6,5.6,5.6,0.0,5.6,-152.1,-148.0,-145.9,-145.9,-145.9,-145.9,,,,,,,,0.18,,1.0,,2026-08-25,,,,,0.5,,,0.0
3253,TE521,2758,3253,3252,3252,3252,3252,3140,3252,5207807,Justin Zames,UVA,TE,12.0,12.0,12.0,0.98,11.7,11.7,11.7,0.0,11.7,-146.0,-141.9,-146.0,-146.0,-146.0,-146.0,,,,,,,,0.28,,1.0,,2026-08-25,,,,,0.5,,,0.0
3254,RB823,3316,3254,3253,3253,3253,3253,3141,3253,5216626,J.J. Hill,MSST,RB,12.0,12.0,12.0,0.98,11.7,11.7,11.7,0.0,11.7,-146.0,-147.5,-146.0,-146.0,-146.0,-146.0,,,,,,,,0.33,,1.0,,2026-08-25,,,,,0.5,,,0.0
3255,TE522,2759,3255,3254,3254,3254,3254,3142,3254,5240830,Brody Wilhelm,BAY,TE,12.0,12.0,12.0,0.98,11.7,11.7,11.7,0.0,11.7,-146.0,-141.9,-146.0,-146.0,-146.0,-146.0,,,,,,,,0.29,,1.0,,2026-08-25,,,,,0.5,,,0.0
3256,RB824,3317,3256,3255,3255,3255,3255,3143,3255,5297076,Clyde Taulapapa,USU,RB,12.0,12.0,12.0,0.98,11.7,11.7,11.7,0.0,11.7,-146.0,-147.5,-146.0,-146.0,-146.0,-146.0,,,,,,,,0.29,,1.0,,2026-08-25,,,,,0.5,,,0.0
3257,WR1670,3394,3257,3973,3973,3972,3973,3861,3973,5160502,Daylen Sharper,STAN,WR,12.0,12.0,12.0,0.46,5.5,5.5,5.5,0.0,5.5,-152.2,-148.1,-146.0,-146.0,-146.0,-146.0,,,,,,,,0.24,,1.0,,2026-08-25,,,,,0.5,,,0.0
3258,WR1671,3395,3258,3974,3974,3973,3974,3862,3974,5194327,Wyatt Sonderman,JXST,WR,12.0,12.0,12.0,0.46,5.5,5.5,5.5,0.0,5.5,-152.2,-148.1,-146.0,-146.0,-146.0,-146.0,,,,,,,,0.21,,1.0,,2026-08-25,,,,,0.5,,,0.0
3259,WR1672,3396,3259,3975,3975,3974,3975,3863,3975,5209748,Kam Powell,OKST,WR,12.0,12.0,12.0,0.46,5.5,5.5,5.5,0.0,5.5,-152.2,-148.1,-146.0,-146.0,-146.0,-146.0,,,,,,,,0.22,,1.0,,2026-08-25,,,,,0.5,,,0.0
3260,WR1673,3397,3260,3976,3976,3975,3976,3864,3976,5212938,Teaunn Hunter,KENT,WR,12.0,12.0,12.0,0.46,5.5,5.5,5.5,0.0,5.5,-152.2,-148.1,-146.0,-146.0,-146.0,-146.0,,,,,,,,0.25,,1.0,,2026-08-25,,,,,0.5,,,0.0
3261,WR1674,3398,3261,3977,3977,3976,3977,3865,3977,5216676,Jeremiah Hoffman,CLT,WR,12.0,12.0,12.0,0.46,5.5,5.5,5.5,0.0,5.5,-152.2,-148.1,-146.0,-146.0,-146.0,-146.0,,,,,,,,0.2,,1.0,,2026-08-25,,,,,0.5,,,0.0
3262,WR1675,3399,3262,3979,3979,3978,3979,3867,3979,5229556,Cameron Cornthwaite,NCSU,WR,12.0,12.0,12.0,0.46,5.5,5.5,5.5,0.0,5.5,-152.2,-148.1,-146.0,-146.0,-146.0,-146.0,,,,,,,,0.11,,1.0,,2026-08-25,,,,,0.5,,,0.0
3263,WR1676,3400,3263,3980,3980,3979,3980,3868,3980,5236398,Sam Zelenovich,ISU,WR,12.0,12.0,12.0,0.46,5.5,5.5,5.5,0.0,5.5,-152.2,-148.1,-146.0,-146.0,-146.0,-146.0,,,,,,,,0.25,,1.0,,2026-08-25,,,,,0.5,,,0.0
3264,WR1677,3401,3264,3981,3981,3980,3981,3869,3981,5282659,DJ Darling,UNM,WR,12.0,12.0,12.0,0.46,5.5,5.5,5.5,0.0,5.5,-152.2,-148.1,-146.0,-146.0,-146.0,-146.0,,,,,,,,0.25,,1.0,,2026-08-25,,,,,0.5,,,0.0
3265,WR1678,3403,3265,3983,3983,3982,3983,3871,3983,5294501,Jack Rhodes,UVA,WR,12.0,12.0,12.0,0.46,5.5,5.5,5.5,0.0,5.5,-152.2,-148.1,-146.0,-146.0,-146.0,-146.0,,,,,,,,0.17,,1.0,,2026-08-25,,,,,0.5,,,0.0
3266,WR1679,3404,3266,3984,3984,3983,3984,3872,3984,5295379,Landon Dolhancyk,NAVY,WR,12.0,12.0,12.0,0.46,5.5,5.5,5.5,0.0,5.5,-152.2,-148.1,-146.0,-146.0,-146.0,-146.0,,,,,,,,0.21,,1.0,,2026-08-25,,,,,0.5,,,0.0
3267,WR1680,3405,3267,3985,3985,3984,3985,3873,3985,5295380,Maddax Fayard,NAVY,WR,12.0,12.0,12.0,0.46,5.5,5.5,5.5,0.0,5.5,-152.2,-148.1,-146.0,-146.0,-146.0,-146.0,,,,,,,,0.21,,1.0,,2026-08-25,,,,,0.5,,,0.0
3268,WR1681,3406,3268,3986,3986,3985,3986,3874,3986,5295394,Akeem Clark,NAVY,WR,12.0,12.0,12.0,0.46,5.5,5.5,5.5,0.0,5.5,-152.2,-148.1,-146.0,-146.0,-146.0,-146.0,,,,,,,,0.21,,1.0,,2026-08-25,,,,,0.5,,,0.0
3269,WR1682,3407,3269,3987,3987,3986,3987,3875,3987,5296036,Levi Brayton,UAB,WR,12.0,12.0,12.0,0.46,5.5,5.5,5.5,0.0,5.5,-152.2,-148.1,-146.0,-146.0,-146.0,-146.0,,,,,,,,0.23,,1.0,,2026-08-25,,,,,0.5,,,0.0
3270,WR1683,3408,3270,3988,3988,3987,3988,3876,3988,5302828,Pauly Sadler,BGSU,WR,12.0,12.0,12.0,0.46,5.5,5.5,5.5,0.0,5.5,-152.2,-148.1,-146.0,-146.0,-146.0,-146.0,,,,,,,,0.3,,1.0,,2026-08-25,,,,,0.5,,,0.0
3271,WR1684,3409,3271,3989,3989,3988,3989,3877,3989,5385760,Pierce St. Geme,BGSU,WR,12.0,12.0,12.0,0.46,5.5,5.5,5.5,0.0,5.5,-152.2,-148.1,-146.0,-146.0,-146.0,-146.0,,,,,,,,0.22,,1.0,,2026-08-25,,,,,0.5,,,0.0
3272,WR1685,3410,3272,3990,3990,3989,3990,3878,3990,5385761,Reddik Pillarelli,BGSU,WR,12.0,12.0,12.0,0.46,5.5,5.5,5.5,0.0,5.5,-152.2,-148.1,-146.0,-146.0,-146.0,-146.0,,,,,,,,0.22,,1.0,,2026-08-25,,,,,0.5,,,0.0
3273,QB242,4240,3273,969,969,959,970,858,970,5219709,Dagan Bruno,TULN,QB,12.0,12.0,12.0,6.49,77.9,77.9,77.9,0.0,77.9,-167.2,-167.3,-150.4,-146.1,-146.1,-146.1,,,,,,,,0.51,,1.0,,2026-08-25,,,,,0.5,,,0.0
3274,RB825,3331,3274,3256,3256,3256,3256,3144,3256,5141369,Markeylin Batton,ARK,RB,12.0,12.0,12.0,0.97,11.6,11.6,11.6,0.0,11.6,-146.1,-147.6,-146.1,-146.1,-146.1,-146.1,,,,,,,,0.33,,1.0,,2026-08-25,,,,,0.5,,,0.0
3275,RB826,3332,3275,3257,3257,3257,3257,3145,3257,5159172,Ja'Michael Jones,MISS,RB,12.0,12.0,12.0,0.97,11.6,11.6,11.6,0.0,11.6,-146.1,-147.6,-146.1,-146.1,-146.1,-146.1,,,,,,,,0.31,,1.0,,2026-08-25,,,,,0.5,,,0.0
3276,TE523,2763,3276,3259,3259,3259,3259,3147,3259,5219471,Noah Prior,ARMY,TE,12.0,12.0,12.0,0.97,11.6,11.6,11.6,0.0,11.6,-146.1,-142.0,-146.1,-146.1,-146.1,-146.1,,,,,,,,0.26,,1.0,,2026-08-25,,,,,0.5,,,0.0
3277,WR1686,3414,3277,3994,3994,3993,3994,3882,3994,5209181,Markus Kier,UCLA,WR,12.0,12.0,12.0,0.45,5.4,5.4,5.4,0.0,5.4,-152.3,-148.2,-146.1,-146.1,-146.1,-146.1,,,,,,,,0.25,,1.0,,2026-08-25,,,,,0.5,,,0.0
3278,WR1687,3415,3278,3995,3995,3994,3995,3883,3995,5213295,Ben Whitver,PSU,WR,12.0,12.0,12.0,0.45,5.4,5.4,5.4,0.0,5.4,-152.3,-148.2,-146.1,-146.1,-146.1,-146.1,,,,,,,,0.24,,1.0,,2026-08-25,,,,,0.5,,,0.0
3279,WR1688,3425,3279,4006,4006,4005,4006,3894,4006,5390079,Jayden Williams,WYO,WR,12.0,12.0,12.0,0.45,5.4,5.4,5.4,0.0,5.4,-152.3,-148.2,-146.1,-146.1,-146.1,-146.1,,,,,,,,0.18,,1.0,,2026-08-25,,,,,0.5,,,0.0
3280,RB827,3341,3280,3266,3266,3266,3266,3154,3266,5198312,Jaylin Brown,PITT,RB,12.0,12.0,12.0,0.96,11.5,11.5,11.5,0.0,11.5,-146.2,-147.7,-146.2,-146.2,-146.2,-146.2,,,,,,,,0.3,,1.0,,2026-08-25,,,,,0.5,,,0.0
3281,RB828,3342,3281,3270,3270,3270,3270,3158,3270,5295385,Braeden George,NAVY,RB,12.0,12.0,12.0,0.96,11.5,11.5,11.5,0.0,11.5,-146.2,-147.7,-146.2,-146.2,-146.2,-146.2,,,,,,,,0.31,,1.0,,2026-08-25,,,,,0.5,,,0.0
3282,WR1689,3431,3282,4009,4009,4009,4009,3897,4009,5209378,Davon Grant,ILL,WR,12.0,12.0,12.0,0.44,5.3,5.3,5.3,0.0,5.3,-152.4,-148.3,-146.2,-146.2,-146.2,-146.2,,,,,,,,0.21,,1.0,,2026-08-25,,,,,0.5,,,0.0
3283,WR1690,3432,3283,4010,4010,4010,4010,3898,4010,5219992,Matt Clark,UTAH,WR,12.0,12.0,12.0,0.44,5.3,5.3,5.3,0.0,5.3,-152.4,-148.3,-146.2,-146.2,-146.2,-146.2,,,,,,,,0.17,,1.0,,2026-08-25,,,,,0.5,,,0.0
3284,WR1691,3433,3284,4011,4011,4011,4011,3899,4011,5251971,Cooper Reid,TCU,WR,12.0,12.0,12.0,0.44,5.3,5.3,5.3,0.0,5.3,-152.4,-148.3,-146.2,-146.2,-146.2,-146.2,,,,,,,,0.18,,1.0,,2026-08-25,,,,,0.5,,,0.0
3285,WR1692,3434,3285,4012,4012,4012,4012,3900,4012,5265453,Colin Leahey,RICE,WR,12.0,12.0,12.0,0.44,5.3,5.3,5.3,0.0,5.3,-152.4,-148.3,-146.2,-146.2,-146.2,-146.2,,,,,,,,0.22,,1.0,,2026-08-25,,,,,0.5,,,0.0
3286,WR1693,3435,3286,4013,4013,4013,4013,3901,4013,5269122,Khamill Pruitt,TCU,WR,12.0,12.0,12.0,0.44,5.3,5.3,5.3,0.0,5.3,-152.4,-148.3,-146.2,-146.2,-146.2,-146.2,,,,,,,,0.18,,1.0,,2026-08-25,,,,,0.5,,,0.0
3287,WR1694,3437,3287,4015,4015,4015,4015,3903,4015,5279208,James Scott,TCU,WR,12.0,12.0,12.0,0.44,5.3,5.3,5.3,0.0,5.3,-152.4,-148.3,-146.2,-146.2,-146.2,-146.2,,,,,,,,0.18,,1.0,,2026-08-25,,,,,0.5,,,0.0
3288,WR1695,3439,3288,4017,4017,4017,4017,3905,4017,5290782,Luke Thompson,TENN,WR,12.0,12.0,12.0,0.44,5.3,5.3,5.3,0.0,5.3,-152.4,-148.3,-146.2,-146.2,-146.2,-146.2,,,,,,,,0.2,,1.0,,2026-08-25,,,,,0.5,,,0.0
3289,WR1696,3440,3289,4018,4018,4018,4018,3906,4018,5291801,Brendyn Smith,KENT,WR,12.0,12.0,12.0,0.44,5.3,5.3,5.3,0.0,5.3,-152.4,-148.3,-146.2,-146.2,-146.2,-146.2,,,,,,,,0.26,,1.0,,2026-08-25,,,,,0.5,,,0.0
3290,RB829,3358,3290,3275,3275,3275,3275,3163,3275,5221128,Jaxon McCaig,MSU,RB,12.0,12.0,12.0,0.95,11.4,11.4,11.4,0.0,11.4,-146.3,-147.8,-146.3,-146.3,-146.3,-146.3,,,,,,,,0.3,,1.0,,2026-08-25,,,,,0.5,,,0.0
3291,TE524,2778,3291,3276,3276,3276,3276,3164,3276,5331543,Bodie Boydstun,OKST,TE,12.0,12.0,12.0,0.95,11.4,11.4,11.4,0.0,11.4,-146.3,-142.2,-146.3,-146.3,-146.3,-146.3,,,,,,,,0.26,,1.0,,2026-08-25,,,,,0.5,,,0.0
3292,WR1697,3446,3292,4023,4023,4023,4023,3911,4023,5209298,Langdon Horace,STAN,WR,12.0,12.0,12.0,0.43,5.2,5.2,5.2,0.0,5.2,-152.5,-148.4,-146.3,-146.3,-146.3,-146.3,,,,,,,,0.25,,1.0,,2026-08-25,,,,,0.5,,,0.0
3293,WR1698,3447,3293,4024,4024,4024,4024,3912,4024,5265509,Nick Hardy,MSU,WR,12.0,12.0,12.0,0.43,5.2,5.2,5.2,0.0,5.2,-152.5,-148.4,-146.3,-146.3,-146.3,-146.3,,,,,,,,0.26,,1.0,,2026-08-25,,,,,0.5,,,0.0
3294,WR1699,3448,3294,4025,4025,4025,4025,3913,4025,5270869,Brian Williams Jr.,AUB,WR,12.0,12.0,12.0,0.43,5.2,5.2,5.2,0.0,5.2,-152.5,-148.4,-146.3,-146.3,-146.3,-146.3,,,,,,,,0.25,,1.0,,2026-08-25,,,,,0.5,,,0.0
3295,WR1700,3449,3295,4028,4028,4028,4028,3916,4028,5295998,Brennan Saxe,NU,WR,12.0,12.0,12.0,0.43,5.2,5.2,5.2,0.0,5.2,-152.5,-148.4,-146.3,-146.3,-146.3,-146.3,,,,,,,,0.19,,1.0,,2026-08-25,,,,,0.5,,,0.0
3296,WR1701,3450,3296,4029,4029,4029,4029,3917,4029,5378095,Jason Schutt,NCSU,WR,12.0,12.0,12.0,0.43,5.2,5.2,5.2,0.0,5.2,-152.5,-148.4,-146.3,-146.3,-146.3,-146.3,,,,,,,,0.11,,1.0,,2026-08-25,,,,,0.5,,,0.0
3297,WR1702,3451,3297,4030,4030,4030,4030,3918,4030,5391320,Braeden Stuart,NAVY,WR,12.0,12.0,12.0,0.43,5.2,5.2,5.2,0.0,5.2,-152.5,-148.4,-146.3,-146.3,-146.3,-146.3,,,,,,,,0.2,,1.0,,2026-08-25,,,,,0.5,,,0.0
3298,QB243,4241,3298,973,973,963,974,862,974,5077500,Luke Duncan,NEV,QB,12.0,12.0,12.0,6.47,77.6,77.6,77.6,0.0,77.6,-167.5,-167.6,-150.7,-146.4,-146.4,-146.4,,,,,,,,0.78,,1.0,,2026-08-25,,,,,0.5,,,0.0
3299,QB244,4242,3299,975,975,965,976,864,976,5205097,Carter Jones,NEV,QB,12.0,12.0,12.0,6.47,77.6,77.6,77.6,0.0,77.6,-167.5,-167.6,-150.7,-146.4,-146.4,-146.4,,,,,,,,0.77,,1.0,,2026-08-25,,,,,0.5,,,0.0
3300,TE525,2784,3300,3281,3281,3281,3281,3169,3281,5145460,Jack Sammarco,ALA,TE,12.0,12.0,12.0,0.94,11.3,11.3,11.3,0.0,11.3,-146.4,-142.3,-146.4,-146.4,-146.4,-146.4,,,,,,,,0.29,,1.0,,2026-08-25,,,,,0.5,,,0.0
3301,TE526,2785,3301,3282,3282,3282,3282,3170,3282,5146267,Brett Elliott,DUKE,TE,12.0,12.0,12.0,0.94,11.3,11.3,11.3,0.0,11.3,-146.4,-142.3,-146.4,-146.4,-146.4,-146.4,,,,,,,,0.28,,1.0,,2026-08-25,,,,,0.5,,,0.0
3302,TE527,2788,3302,3285,3285,3285,3285,3173,3285,5228759,Dillon Galloway,APP,TE,12.0,12.0,12.0,0.94,11.3,11.3,11.3,0.0,11.3,-146.4,-142.3,-146.4,-146.4,-146.4,-146.4,,,,,,,,0.41,,1.0,,2026-08-25,,,,,0.5,,,0.0
3303,RB830,3367,3303,3286,3286,3286,3286,3174,3286,5294109,Kalil Townes,WAKE,RB,12.0,12.0,12.0,0.94,11.3,11.3,11.3,0.0,11.3,-146.4,-147.9,-146.4,-146.4,-146.4,-146.4,,,,,,,,0.29,,1.0,,2026-08-25,,,,,0.5,,,0.0
3304,RB831,3368,3304,3288,3288,3288,3288,3176,3288,5327235,Solomon Baggett,ARST,RB,12.0,12.0,12.0,0.94,11.3,11.3,11.3,0.0,11.3,-146.4,-147.9,-146.4,-146.4,-146.4,-146.4,,,,,,,,0.32,,1.0,,2026-08-25,,,,,0.5,,,0.0
3305,WR1703,3455,3305,4031,4031,4031,4032,3920,4032,5209306,Shane Rosenthal,UCLA,WR,12.0,12.0,12.0,0.42,5.1,5.1,5.1,0.0,5.1,-152.6,-148.5,-146.4,-146.4,-146.4,-146.4,,,,,,,,0.25,,1.0,,2026-08-25,,,,,0.5,,,0.0
3306,WR1704,3456,3306,4032,4032,4032,4033,3921,4033,5216315,Antoine Martin Jr.,CSU,WR,12.0,12.0,12.0,0.42,5.1,5.1,5.1,0.0,5.1,-152.6,-148.5,-146.4,-146.4,-146.4,-146.4,,,,,,,,0.21,,1.0,,2026-08-25,,,,,0.5,,,0.0
3307,WR1705,3460,3307,4036,4036,4036,4037,3925,4037,5279149,Zamaurious Robertson,UNC,WR,12.0,12.0,12.0,0.42,5.1,5.1,5.1,0.0,5.1,-152.6,-148.5,-146.4,-146.4,-146.4,-146.4,,,,,,,,0.18,,1.0,,2026-08-25,,,,,0.5,,,0.0
3308,WR1706,3461,3308,4037,4037,4037,4038,3926,4038,5290783,Perrion Williams,NEV,WR,12.0,12.0,12.0,0.42,5.1,5.1,5.1,0.0,5.1,-152.6,-148.5,-146.4,-146.4,-146.4,-146.4,,,,,,,,0.22,,1.0,,2026-08-25,,,,,0.5,,,0.0
3309,WR1707,3462,3309,4038,4038,4038,4039,3927,4039,5290936,Tyrone Crethers,SMU,WR,12.0,12.0,12.0,0.42,5.1,5.1,5.1,0.0,5.1,-152.6,-148.5,-146.4,-146.4,-146.4,-146.4,,,,,,,,0.18,,1.0,,2026-08-25,,,,,0.5,,,0.0
3310,WR1708,3464,3310,4041,4041,4041,4042,3930,4042,5295301,Danny Boden,UNLV,WR,12.0,12.0,12.0,0.42,5.1,5.1,5.1,0.0,5.1,-152.6,-148.5,-146.4,-146.4,-146.4,-146.4,,,,,,,,0.16,,1.0,,2026-08-25,,,,,0.5,,,0.0
3311,WR1709,3466,3311,4045,4045,4045,4046,3934,4046,5394618,King David Aboya,USM,WR,12.0,12.0,12.0,0.42,5.1,5.1,5.1,0.0,5.1,-152.6,-148.5,-146.4,-146.4,-146.4,-146.4,,,,,,,,0.19,,1.0,,2026-08-25,,,,,0.5,,,0.0
3312,TE528,2790,3312,3289,3289,3289,3289,3177,3289,5081994,Jack Esparza,TTU,TE,12.0,12.0,12.0,0.93,11.2,11.2,11.2,0.0,11.2,-146.5,-142.4,-146.5,-146.5,-146.5,-146.5,,,,,,,,0.25,,1.0,,2026-08-25,,,,,0.5,,,0.0
3313,TE529,2791,3313,3290,3290,3290,3290,3178,3290,5200378,Mack Sutter,ALA,TE,12.0,12.0,12.0,0.93,11.2,11.2,11.2,0.0,11.2,-146.5,-142.4,-146.5,-146.5,-146.5,-146.5,,,,,,,,0.37,,1.0,,2026-08-25,,,,,0.5,,,0.0
3314,RB832,3382,3314,3292,3292,3292,3292,3180,3292,5295391,Christian Cromer,NAVY,RB,12.0,12.0,12.0,0.93,11.2,11.2,11.2,0.0,11.2,-146.5,-148.0,-146.5,-146.5,-146.5,-146.5,,,,,,,,0.3,,1.0,,2026-08-25,,,,,0.5,,,0.0
3315,RB833,3383,3315,3294,3294,3294,3294,3182,3294,5327659,Trae'shawn Brown,ALA,RB,12.0,12.0,12.0,0.93,11.2,11.2,11.2,0.0,11.2,-146.5,-148.0,-146.5,-146.5,-146.5,-146.5,,,,,,,,0.35,,1.0,,2026-08-25,,,,,0.5,,,0.0
3316,WR1710,3470,3316,4046,4046,4046,4048,3936,4048,5200375,Davion Peters,BAY,WR,12.0,12.0,12.0,0.42,5.0,5.0,5.0,0.0,5.0,-152.7,-148.6,-146.5,-146.5,-146.5,-146.5,,,,,,,,0.21,,1.0,,2026-08-25,,,,,0.5,,,0.0
3317,WR1711,3472,3317,4048,4048,4048,4050,3938,4050,5240144,Dveyoun Bonwell-Witte,FAU,WR,12.0,12.0,12.0,0.42,5.0,5.0,5.0,0.0,5.0,-152.7,-148.6,-146.5,-146.5,-146.5,-146.5,,,,,,,,0.22,,1.0,,2026-08-25,,,,,0.5,,,0.0
3318,WR1712,3473,3318,4049,4049,4049,4051,3939,4051,5258853,Jude Hall,ARK,WR,12.0,12.0,12.0,0.42,5.0,5.0,5.0,0.0,5.0,-152.7,-148.6,-146.5,-146.5,-146.5,-146.5,,,,,,,,0.19,,1.0,,2026-08-25,,,,,0.5,,,0.0
3319,WR1713,3475,3319,4051,4051,4051,4053,3941,4053,5290995,Imari Jehiel,TTU,WR,12.0,12.0,12.0,0.42,5.0,5.0,5.0,0.0,5.0,-152.7,-148.6,-146.5,-146.5,-146.5,-146.5,,,,,,,,0.16,,1.0,,2026-08-25,,,,,0.5,,,0.0
3320,WR1714,3476,3320,4052,4052,4052,4054,3942,4054,5294282,Jackson Repp,SC,WR,12.0,12.0,12.0,0.42,5.0,5.0,5.0,0.0,5.0,-152.7,-148.6,-146.5,-146.5,-146.5,-146.5,,,,,,,,0.21,,1.0,,2026-08-25,,,,,0.5,,,0.0
3321,WR1715,3477,3321,4054,4054,4054,4056,3944,4056,5302752,Jai Jacobs-Ford,RICE,WR,12.0,12.0,12.0,0.42,5.0,5.0,5.0,0.0,5.0,-152.7,-148.6,-146.5,-146.5,-146.5,-146.5,,,,,,,,0.21,,1.0,,2026-08-25,,,,,0.5,,,0.0
3322,WR1716,3478,3322,4055,4055,4055,4057,3945,4057,5327241,Preston Jackson,RICE,WR,12.0,12.0,12.0,0.42,5.0,5.0,5.0,0.0,5.0,-152.7,-148.6,-146.5,-146.5,-146.5,-146.5,,,,,,,,0.21,,1.0,,2026-08-25,,,,,0.5,,,0.0
3323,WR1717,3479,3323,4056,4056,4056,4058,3946,4058,5327483,Fisher Leftwich,RICE,WR,12.0,12.0,12.0,0.42,5.0,5.0,5.0,0.0,5.0,-152.7,-148.6,-146.5,-146.5,-146.5,-146.5,,,,,,,,0.21,,1.0,,2026-08-25,,,,,0.5,,,0.0
3324,WR1718,3481,3324,4059,4059,4059,4061,3949,4061,5384736,Sawyer Rice,RICE,WR,12.0,12.0,12.0,0.42,5.0,5.0,5.0,0.0,5.0,-152.7,-148.6,-146.5,-146.5,-146.5,-146.5,,,,,,,,0.21,,1.0,,2026-08-25,,,,,0.5,,,0.0
3325,TE530,2796,3325,3295,3295,3295,3295,3183,3295,5100751,Cole Reemsnyder,VT,TE,12.0,12.0,12.0,0.92,11.1,11.1,11.1,0.0,11.1,-146.6,-142.5,-146.6,-146.6,-146.6,-146.6,,,,,,,,0.29,,1.0,,2026-08-25,,,,,0.5,,,0.0
3326,TE531,2797,3326,3296,3296,3296,3296,3184,3296,5207795,London Deyon,SHSU,TE,12.0,12.0,12.0,0.92,11.1,11.1,11.1,0.0,11.1,-146.6,-142.5,-146.6,-146.6,-146.6,-146.6,,,,,,,,0.28,,1.0,,2026-08-25,,,,,0.5,,,0.0
3327,RB834,3393,3327,3297,3297,3297,3297,3185,3297,5220542,Dontae Burch,WYO,RB,12.0,12.0,12.0,0.92,11.1,11.1,11.1,0.0,11.1,-146.6,-148.1,-146.6,-146.6,-146.6,-146.6,,,,,,,,0.22,,1.0,,2026-08-25,,,,,0.5,,,0.0
3328,TE532,2798,3328,3298,3298,3298,3298,3186,3298,5264656,Joe Caudill,MSU,TE,12.0,12.0,12.0,0.92,11.1,11.1,11.1,0.0,11.1,-146.6,-142.5,-146.6,-146.6,-146.6,-146.6,,,,,,,,0.31,,1.0,,2026-08-25,,,,,0.5,,,0.0
3329,TE533,2801,3329,3301,3301,3301,3301,3189,3301,5388810,Benjamin Wheeler,NEV,TE,12.0,12.0,12.0,0.92,11.1,11.1,11.1,0.0,11.1,-146.6,-142.5,-146.6,-146.6,-146.6,-146.6,,,,,,,,0.27,,1.0,,2026-08-25,,,,,0.5,,,0.0
3330,WR1719,3483,3330,4060,4060,4060,4062,3950,4062,5196841,Matrail Lopez,OKST,WR,12.0,12.0,12.0,0.41,4.9,4.9,4.9,0.0,4.9,-152.8,-148.7,-146.6,-146.6,-146.6,-146.6,,,,,,,,0.2,,1.0,,2026-08-25,,,,,0.5,,,0.0
3331,WR1720,3484,3331,4061,4061,4061,4063,3951,4063,5198502,Diondre Smith,IOWA,WR,12.0,12.0,12.0,0.41,4.9,4.9,4.9,0.0,4.9,-152.8,-148.7,-146.6,-146.6,-146.6,-146.6,,,,,,,,0.21,,1.0,,2026-08-25,,,,,0.5,,,0.0
3332,WR1721,3485,3332,4062,4062,4062,4064,3952,4064,5199852,Jackson Cook,KU,WR,12.0,12.0,12.0,0.41,4.9,4.9,4.9,0.0,4.9,-152.8,-148.7,-146.6,-146.6,-146.6,-146.6,,,,,,,,0.2,,1.0,,2026-08-25,,,,,0.5,,,0.0
3333,WR1722,3488,3333,4065,4065,4065,4067,3955,4067,5215561,Keavon Roberts,HOU,WR,12.0,12.0,12.0,0.41,4.9,4.9,4.9,0.0,4.9,-152.8,-148.7,-146.6,-146.6,-146.6,-146.6,,,,,,,,0.22,,1.0,,2026-08-25,,,,,0.5,,,0.0
3334,WR1723,3489,3334,4066,4066,4066,4068,3956,4068,5216575,Braylen Naves,CMU,WR,12.0,12.0,12.0,0.41,4.9,4.9,4.9,0.0,4.9,-152.8,-148.7,-146.6,-146.6,-146.6,-146.6,,,,,,,,0.27,,1.0,,2026-08-25,,,,,0.5,,,0.0
3335,WR1724,3490,3335,4067,4067,4067,4069,3957,4069,5220746,Russell Weir,UCLA,WR,12.0,12.0,12.0,0.41,4.9,4.9,4.9,0.0,4.9,-152.8,-148.7,-146.6,-146.6,-146.6,-146.6,,,,,,,,0.17,,1.0,,2026-08-25,,,,,0.5,,,0.0
3336,WR1725,3491,3336,4068,4068,4068,4070,3958,4070,5221319,Brady Bidwell,ORE,WR,12.0,12.0,12.0,0.41,4.9,4.9,4.9,0.0,4.9,-152.8,-148.7,-146.6,-146.6,-146.6,-146.6,,,,,,,,0.16,,1.0,,2026-08-25,,,,,0.5,,,0.0
3337,WR1726,3494,3337,4071,4071,4071,4073,3961,4073,5263007,Tyran Evans,MIA,WR,12.0,12.0,12.0,0.41,4.9,4.9,4.9,0.0,4.9,-152.8,-148.7,-146.6,-146.6,-146.6,-146.6,,,,,,,,0.17,,1.0,,2026-08-25,,,,,0.5,,,0.0
3338,WR1727,3495,3338,4072,4072,4072,4074,3962,4074,5276669,Kahden Smith,VAN,WR,12.0,12.0,12.0,0.41,4.9,4.9,4.9,0.0,4.9,-152.8,-148.7,-146.6,-146.6,-146.6,-146.6,,,,,,,,0.2,,1.0,,2026-08-25,,,,,0.5,,,0.0
3339,WR1728,3498,3339,4078,4078,4078,4080,3968,4080,5302867,Logan Barnes,CONN,WR,12.0,12.0,12.0,0.41,4.9,4.9,4.9,0.0,4.9,-152.8,-148.7,-146.6,-146.6,-146.6,-146.6,,,,,,,,0.18,,1.0,,2026-08-25,,,,,0.5,,,0.0
3340,WR1729,3499,3340,4079,4079,4079,4081,3969,4081,5326065,Zymir Reed,KENT,WR,12.0,12.0,12.0,0.41,4.9,4.9,4.9,0.0,4.9,-152.8,-148.7,-146.6,-146.6,-146.6,-146.6,,,,,,,,0.24,,1.0,,2026-08-25,,,,,0.5,,,0.0
3341,WR1730,3500,3341,4080,4080,4080,4082,3970,4082,5327583,Tavian Dashiell,MASS,WR,12.0,12.0,12.0,0.41,4.9,4.9,4.9,0.0,4.9,-152.8,-148.7,-146.6,-146.6,-146.6,-146.6,,,,,,,,0.21,,1.0,,2026-08-25,,,,,0.5,,,0.0
3342,WR1731,3501,3342,4082,4082,4082,4084,3972,4084,5384825,Brad Mossor,WVU,WR,12.0,12.0,12.0,0.41,4.9,4.9,4.9,0.0,4.9,-152.8,-148.7,-146.6,-146.6,-146.6,-146.6,,,,,,,,0.18,,1.0,,2026-08-25,,,,,0.5,,,0.0
3343,WR1732,3502,3343,4083,4083,4083,4085,3973,4085,5393160,Jared Esplin,BYU,WR,12.0,12.0,12.0,0.41,4.9,4.9,4.9,0.0,4.9,-152.8,-148.7,-146.6,-146.6,-146.6,-146.6,,,,,,,,0.16,,1.0,,2026-08-25,,,,,0.5,,,0.0
3344,TE534,2804,3344,3302,3302,3302,3302,3190,3302,5142596,James Flanigan,ND,TE,12.0,12.0,12.0,0.92,11.0,11.0,11.0,0.0,11.0,-146.7,-142.6,-146.7,-146.7,-146.7,-146.7,,,,,,,,0.32,,1.0,,2026-08-25,,,,,0.5,,,0.0
3345,TE535,2805,3345,3304,3304,3304,3304,3192,3304,5216524,Andrew Barker,IU,TE,12.0,12.0,12.0,0.92,11.0,11.0,11.0,0.0,11.0,-146.7,-142.6,-146.7,-146.7,-146.7,-146.7,,,,,,,,0.32,,1.0,,2026-08-25,,,,,0.5,,,0.0
3346,RB835,3411,3346,3306,3306,3306,3306,3194,3306,5290447,Le'Kamren Meadows,WKU,RB,12.0,12.0,12.0,0.92,11.0,11.0,11.0,0.0,11.0,-146.7,-148.2,-146.7,-146.7,-146.7,-146.7,,,,,,,,0.29,,1.0,,2026-08-25,,,,,0.5,,,0.0
3347,RB836,3412,3347,3307,3307,3307,3307,3195,3307,5388312,Dylan Armentrout,KENT,RB,12.0,12.0,12.0,0.92,11.0,11.0,11.0,0.0,11.0,-146.7,-148.2,-146.7,-146.7,-146.7,-146.7,,,,,,,,0.33,,1.0,,2026-08-25,,,,,0.5,,,0.0
3348,WR1733,3506,3348,4085,4085,4085,4087,3975,4087,5150432,Dylan Davis,MISS,WR,12.0,12.0,12.0,0.4,4.8,4.8,4.8,0.0,4.8,-152.9,-148.8,-146.7,-146.7,-146.7,-146.7,,,,,,,,0.08,,1.0,,2026-08-25,,,,,0.5,,,0.0
3349,WR1734,3508,3349,4087,4087,4087,4089,3977,4089,5159950,Kolby Luna,MIA,WR,12.0,12.0,12.0,0.4,4.8,4.8,4.8,0.0,4.8,-152.9,-148.8,-146.7,-146.7,-146.7,-146.7,,,,,,,,0.09,,1.0,,2026-08-25,,,,,0.5,,,0.0
3350,WR1735,3509,3350,4088,4088,4088,4090,3978,4090,5179201,Justin DeVaughn,MD,WR,12.0,12.0,12.0,0.4,4.8,4.8,4.8,0.0,4.8,-152.9,-148.8,-146.7,-146.7,-146.7,-146.7,,,,,,,,0.2,,1.0,,2026-08-25,,,,,0.5,,,0.0
3351,WR1736,3510,3351,4089,4089,4089,4091,3979,4091,5210022,Derion Talbert,BALL,WR,12.0,12.0,12.0,0.4,4.8,4.8,4.8,0.0,4.8,-152.9,-148.8,-146.7,-146.7,-146.7,-146.7,,,,,,,,0.24,,1.0,,2026-08-25,,,,,0.5,,,0.0
3352,WR1737,3512,3352,4092,4092,4092,4094,3982,4094,5269133,Jacob Swain,COLO,WR,12.0,12.0,12.0,0.4,4.8,4.8,4.8,0.0,4.8,-152.9,-148.8,-146.7,-146.7,-146.7,-146.7,,,,,,,,0.16,,1.0,,2026-08-25,,,,,0.5,,,0.0
3353,WR1738,3513,3353,4093,4093,4093,4095,3983,4095,5276636,Xavier Warren,TXST,WR,12.0,12.0,12.0,0.4,4.8,4.8,4.8,0.0,4.8,-152.9,-148.8,-146.7,-146.7,-146.7,-146.7,,,,,,,,0.21,,1.0,,2026-08-25,,,,,0.5,,,0.0
3354,WR1739,3516,3354,4096,4096,4096,4098,3986,4098,5293243,Rollie Pinto,JXST,WR,12.0,12.0,12.0,0.4,4.8,4.8,4.8,0.0,4.8,-152.9,-148.8,-146.7,-146.7,-146.7,-146.7,,,,,,,,0.15,,1.0,,2026-08-25,,,,,0.5,,,0.0
3355,WR1740,3517,3355,4097,4097,4097,4099,3987,4099,5323149,Dorian Patterson,UNM,WR,12.0,12.0,12.0,0.4,4.8,4.8,4.8,0.0,4.8,-152.9,-148.8,-146.7,-146.7,-146.7,-146.7,,,,,,,,0.23,,1.0,,2026-08-25,,,,,0.5,,,0.0
3356,RB837,3426,3356,3309,3309,3309,3309,3197,3309,5203604,Javari Barnett,ILL,RB,12.0,12.0,12.0,0.91,10.9,10.9,10.9,0.0,10.9,-146.8,-148.3,-146.8,-146.8,-146.8,-146.8,,,,,,,,0.36,,1.0,,2026-08-25,,,,,0.5,,,0.0
3357,RB838,3427,3357,3310,3310,3310,3310,3198,3310,5220161,JR Hays,WMU,RB,12.0,12.0,12.0,0.91,10.9,10.9,10.9,0.0,10.9,-146.8,-148.3,-146.8,-146.8,-146.8,-146.8,,,,,,,,0.32,,1.0,,2026-08-25,,,,,0.5,,,0.0
3358,TE536,2808,3358,3311,3311,3311,3311,3199,3311,5220648,Aubrey Heath,GASO,TE,12.0,12.0,12.0,0.91,10.9,10.9,10.9,0.0,10.9,-146.8,-142.7,-146.8,-146.8,-146.8,-146.8,,,,,,,,0.29,,1.0,,2026-08-25,,,,,0.5,,,0.0
3359,TE537,2813,3359,3316,3316,3316,3316,3204,3316,5290926,Parker Elmore,IU,TE,12.0,12.0,12.0,0.91,10.9,10.9,10.9,0.0,10.9,-146.8,-142.7,-146.8,-146.8,-146.8,-146.8,,,,,,,,0.33,,1.0,,2026-08-25,,,,,0.5,,,0.0
3360,RB839,3428,3360,3317,3317,3317,3317,3205,3317,5310072,Jackson Farley,KENT,RB,12.0,12.0,12.0,0.91,10.9,10.9,10.9,0.0,10.9,-146.8,-148.3,-146.8,-146.8,-146.8,-146.8,,,,,,,,0.35,,1.0,,2026-08-25,,,,,0.5,,,0.0
3361,WR1741,3523,3361,4103,4104,4103,4105,3993,4105,5264499,Nate Sims,KU,WR,12.0,12.0,12.0,0.39,4.7,4.7,4.7,0.0,4.7,-153.0,-148.9,-146.8,-146.8,-146.8,-146.8,,,,,,,,0.2,,1.0,,2026-08-25,,,,,0.5,,,0.0
3362,WR1742,3524,3362,4104,4105,4104,4106,3994,4106,5271141,Derrick McBride II,MIZ,WR,12.0,12.0,12.0,0.39,4.7,4.7,4.7,0.0,4.7,-153.0,-148.9,-146.8,-146.8,-146.8,-146.8,,,,,,,,0.18,,1.0,,2026-08-25,,,,,0.5,,,0.0
3363,RB840,3443,3363,3322,3322,3322,3322,3210,3322,5207923,Dionne Sims,RICE,RB,12.0,12.0,12.0,0.9,10.8,10.8,10.8,0.0,10.8,-146.9,-148.4,-146.9,-146.9,-146.9,-146.9,,,,,,,,0.37,,1.0,,2026-08-25,,,,,0.5,,,0.0
3364,TE538,2823,3364,3326,3326,3326,3326,3214,3326,5301221,Xavier Newsom,AUB,TE,12.0,12.0,12.0,0.9,10.8,10.8,10.8,0.0,10.8,-146.9,-142.8,-146.9,-146.9,-146.9,-146.9,,,,,,,,0.31,,1.0,,2026-08-25,,,,,0.5,,,0.0
3365,RB841,3444,3365,3327,3327,3327,3327,3215,3327,5388991,Aaron Cox Jr.,SJSU,RB,12.0,12.0,12.0,0.9,10.8,10.8,10.8,0.0,10.8,-146.9,-148.4,-146.9,-146.9,-146.9,-146.9,,,,,,,,0.34,,1.0,,2026-08-25,,,,,0.5,,,0.0
3366,WR1743,3529,3366,4114,4114,4113,4115,4003,4115,5159069,Isaiah Williams,NEV,WR,12.0,12.0,12.0,0.38,4.6,4.6,4.6,0.0,4.6,-153.1,-149.0,-146.9,-146.9,-146.9,-146.9,,,,,,,,0.21,,1.0,,2026-08-25,,,,,0.5,,,0.0
3367,WR1744,3531,3367,4116,4116,4115,4117,4005,4117,5221316,Jalen Saint Paul,UCLA,WR,12.0,12.0,12.0,0.38,4.6,4.6,4.6,0.0,4.6,-153.1,-149.0,-146.9,-146.9,-146.9,-146.9,,,,,,,,0.16,,1.0,,2026-08-25,,,,,0.5,,,0.0
3368,WR1745,3536,3368,4121,4121,4120,4122,4010,4122,5279649,Jermaine Green,NIU,WR,12.0,12.0,12.0,0.38,4.6,4.6,4.6,0.0,4.6,-153.1,-149.0,-146.9,-146.9,-146.9,-146.9,,,,,,,,0.25,,1.0,,2026-08-25,,,,,0.5,,,0.0
3369,WR1746,3538,3369,4123,4123,4122,4124,4012,4124,5282469,Harper Hughes,WMU,WR,12.0,12.0,12.0,0.38,4.6,4.6,4.6,0.0,4.6,-153.1,-149.0,-146.9,-146.9,-146.9,-146.9,,,,,,,,0.26,,1.0,,2026-08-25,,,,,0.5,,,0.0
3370,WR1747,3539,3370,4125,4125,4124,4126,4014,4126,5384869,Max Ausmus,UTAH,WR,12.0,12.0,12.0,0.38,4.6,4.6,4.6,0.0,4.6,-153.1,-149.0,-146.9,-146.9,-146.9,-146.9,,,,,,,,0.15,,1.0,,2026-08-25,,,,,0.5,,,0.0
3371,WR1748,3540,3371,4126,4126,4125,4127,4015,4127,5388337,Isaiah Simmons,MASS,WR,12.0,12.0,12.0,0.38,4.6,4.6,4.6,0.0,4.6,-153.1,-149.0,-146.9,-146.9,-146.9,-146.9,,,,,,,,0.2,,1.0,,2026-08-25,,,,,0.5,,,0.0
3372,TE539,2827,3372,3328,3328,3328,3328,3216,3328,5158246,Jace Nixon,FRES,TE,12.0,12.0,12.0,0.89,10.7,10.7,10.7,0.0,10.7,-147.0,-142.9,-147.0,-147.0,-147.0,-147.0,,,,,,,,0.36,,1.0,,2026-08-25,,,,,0.5,,,0.0
3373,RB842,3452,3373,3332,3332,3332,3332,3220,3332,5258999,JJ Garner,UL,RB,12.0,12.0,12.0,0.89,10.7,10.7,10.7,0.0,10.7,-147.0,-148.5,-147.0,-147.0,-147.0,-147.0,,,,,,,,0.4,,1.0,,2026-08-25,,,,,0.5,,,0.0
3374,TE540,2831,3374,3333,3333,3333,3333,3221,3333,5265563,Henry Gregory,GASO,TE,12.0,12.0,12.0,0.89,10.7,10.7,10.7,0.0,10.7,-147.0,-142.9,-147.0,-147.0,-147.0,-147.0,,,,,,,,0.24,,1.0,,2026-08-25,,,,,0.5,,,0.0
3375,RB843,3453,3375,3337,3337,3337,3337,3225,3337,5332898,Mekai Smith,NEV,RB,12.0,12.0,12.0,0.89,10.7,10.7,10.7,0.0,10.7,-147.0,-148.5,-147.0,-147.0,-147.0,-147.0,,,,,,,,0.35,,1.0,,2026-08-25,,,,,0.5,,,0.0
3376,RB844,3454,3376,3338,3338,3338,3338,3226,3338,5384799,MJ Dowdy,SHSU,RB,12.0,12.0,12.0,0.89,10.7,10.7,10.7,0.0,10.7,-147.0,-148.5,-147.0,-147.0,-147.0,-147.0,,,,,,,,0.32,,1.0,,2026-08-25,,,,,0.5,,,0.0
3377,WR1749,3545,3377,4129,4129,4128,4130,4018,4130,5221392,Carson Hinshaw,UCF,WR,12.0,12.0,12.0,0.38,4.5,4.5,4.5,0.0,4.5,-153.2,-149.1,-147.0,-147.0,-147.0,-147.0,,,,,,,,0.12,,1.0,,2026-08-25,,,,,0.5,,,0.0
3378,WR1750,3549,3378,4133,4133,4132,4134,4022,4134,5278635,Will Pressley,M-OH,WR,12.0,12.0,12.0,0.38,4.5,4.5,4.5,0.0,4.5,-153.2,-149.1,-147.0,-147.0,-147.0,-147.0,,,,,,,,0.24,,1.0,,2026-08-25,,,,,0.5,,,0.0
3379,WR1751,3551,3379,4135,4135,4134,4136,4024,4136,5290589,Blair Irvin III,ARK,WR,12.0,12.0,12.0,0.38,4.5,4.5,4.5,0.0,4.5,-153.2,-149.1,-147.0,-147.0,-147.0,-147.0,,,,,,,,0.17,,1.0,,2026-08-25,,,,,0.5,,,0.0
3380,WR1752,3552,3380,4136,4136,4135,4137,4025,4137,5297792,Leroy Lewis,ODU,WR,12.0,12.0,12.0,0.38,4.5,4.5,4.5,0.0,4.5,-153.2,-149.1,-147.0,-147.0,-147.0,-147.0,,,,,,,,0.21,,1.0,,2026-08-25,,,,,0.5,,,0.0
3381,WR1753,3554,3381,4138,4138,4137,4139,4027,4139,5369893,Nate Cichy,ILL,WR,12.0,12.0,12.0,0.38,4.5,4.5,4.5,0.0,4.5,-153.2,-149.1,-147.0,-147.0,-147.0,-147.0,,,,,,,,0.15,,1.0,,2026-08-25,,,,,0.5,,,0.0
3382,WR1754,3555,3382,4140,4140,4139,4141,4029,4141,5385742,Ace Cooper,BALL,WR,12.0,12.0,12.0,0.38,4.5,4.5,4.5,0.0,4.5,-153.2,-149.1,-147.0,-147.0,-147.0,-147.0,,,,,,,,0.24,,1.0,,2026-08-25,,,,,0.5,,,0.0
3383,TE541,2835,3383,3339,3339,3339,3339,3227,3339,5089450,Peyton Fox,ALA,TE,12.0,12.0,12.0,0.88,10.6,10.6,10.6,0.0,10.6,-147.1,-143.0,-147.1,-147.1,-147.1,-147.1,,,,,,,,0.29,,1.0,,2026-08-25,,,,,0.5,,,0.0
3384,TE542,2836,3384,3340,3340,3340,3340,3228,3340,5159858,Jaden Landrum,CSU,TE,12.0,12.0,12.0,0.88,10.6,10.6,10.6,0.0,10.6,-147.1,-143.0,-147.1,-147.1,-147.1,-147.1,,,,,,,,0.35,,1.0,,2026-08-25,,,,,0.5,,,0.0
3385,RB845,3467,3385,3341,3341,3341,3341,3229,3341,5207921,Tanner West,KSU,RB,12.0,12.0,12.0,0.88,10.6,10.6,10.6,0.0,10.6,-147.1,-148.6,-147.1,-147.1,-147.1,-147.1,,,,,,,,0.36,,1.0,,2026-08-25,,,,,0.5,,,0.0
3386,RB846,3468,3386,3342,3342,3342,3342,3230,3342,5216547,Synkwan Smith,PITT,RB,12.0,12.0,12.0,0.88,10.6,10.6,10.6,0.0,10.6,-147.1,-148.6,-147.1,-147.1,-147.1,-147.1,,,,,,,,0.33,,1.0,,2026-08-25,,,,,0.5,,,0.0
3387,RB847,3469,3387,3350,3350,3350,3350,3238,3350,5327238,Christian Ponti,ULM,RB,12.0,12.0,12.0,0.88,10.6,10.6,10.6,0.0,10.6,-147.1,-148.6,-147.1,-147.1,-147.1,-147.1,,,,,,,,0.4,,1.0,,2026-08-25,,,,,0.5,,,0.0
3388,WR1755,3563,3388,4146,4146,4144,4146,4034,4146,5269143,Jabarie Thornton,OKST,WR,12.0,12.0,12.0,0.37,4.4,4.4,4.4,0.0,4.4,-153.3,-149.2,-147.1,-147.1,-147.1,-147.1,,,,,,,,0.19,,1.0,,2026-08-25,,,,,0.5,,,0.0
3389,WR1756,3564,3389,4147,4147,4145,4147,4035,4147,5273821,Amarion Jackson,PSU,WR,12.0,12.0,12.0,0.37,4.4,4.4,4.4,0.0,4.4,-153.3,-149.2,-147.1,-147.1,-147.1,-147.1,,,,,,,,0.21,,1.0,,2026-08-25,,,,,0.5,,,0.0
3390,WR1757,3565,3390,4148,4148,4146,4148,4036,4148,5280791,Ty Sexton,SHSU,WR,12.0,12.0,12.0,0.37,4.4,4.4,4.4,0.0,4.4,-153.3,-149.2,-147.1,-147.1,-147.1,-147.1,,,,,,,,0.15,,1.0,,2026-08-25,,,,,0.5,,,0.0
3391,WR1758,3566,3391,4149,4149,4147,4149,4037,4149,5293583,Ben Jackson,ALA,WR,12.0,12.0,12.0,0.37,4.4,4.4,4.4,0.0,4.4,-153.3,-149.2,-147.1,-147.1,-147.1,-147.1,,,,,,,,0.12,,1.0,,2026-08-25,,,,,0.5,,,0.0
3392,WR1759,3568,3392,4153,4153,4151,4153,4041,4153,5302862,Zaire McKinney,NIU,WR,12.0,12.0,12.0,0.37,4.4,4.4,4.4,0.0,4.4,-153.3,-149.2,-147.1,-147.1,-147.1,-147.1,,,,,,,,0.25,,1.0,,2026-08-25,,,,,0.5,,,0.0
3393,WR1760,3569,3393,4154,4154,4152,4154,4042,4154,5327570,Braylon Agee,NIU,WR,12.0,12.0,12.0,0.37,4.4,4.4,4.4,0.0,4.4,-153.3,-149.2,-147.1,-147.1,-147.1,-147.1,,,,,,,,0.28,,1.0,,2026-08-25,,,,,0.5,,,0.0
3394,QB245,4243,3394,990,990,980,991,879,991,4695867,Grant Wilson,IU,QB,12.0,12.0,12.0,6.4,76.8,76.8,76.8,0.0,76.8,-168.3,-168.4,-151.5,-147.2,-147.2,-147.2,,,,,,,,0.6,,1.0,,2026-08-25,,,,,0.5,,,0.0
3395,TE543,2847,3395,3354,3354,3354,3354,3242,3354,5195483,Micah Jones,FLA,TE,12.0,12.0,12.0,0.88,10.5,10.5,10.5,0.0,10.5,-147.2,-143.1,-147.2,-147.2,-147.2,-147.2,,,,,,,,0.3,,1.0,,2026-08-25,,,,,0.5,,,0.0
3396,RB848,3482,3396,3356,3356,3356,3356,3244,3356,5219881,Darius Morant,WVU,RB,12.0,12.0,12.0,0.88,10.5,10.5,10.5,0.0,10.5,-147.2,-148.7,-147.2,-147.2,-147.2,-147.2,,,,,,,,0.24,,1.0,,2026-08-25,,,,,0.5,,,0.0
3397,WR1761,3573,3397,4158,4158,4156,4158,4046,4158,5219567,Fletcher Fierro,TCU,WR,12.0,12.0,12.0,0.36,4.3,4.3,4.3,0.0,4.3,-153.4,-149.3,-147.2,-147.2,-147.2,-147.2,,,,,,,,0.12,,1.0,,2026-08-25,,,,,0.5,,,0.0
3398,WR1762,3575,3398,4160,4160,4158,4160,4048,4160,5264800,Corbin Glasco,KU,WR,12.0,12.0,12.0,0.36,4.3,4.3,4.3,0.0,4.3,-153.4,-149.3,-147.2,-147.2,-147.2,-147.2,,,,,,,,0.19,,1.0,,2026-08-25,,,,,0.5,,,0.0
3399,WR1763,3576,3399,4161,4161,4159,4161,4049,4161,5271232,Tyren Parker,KU,WR,12.0,12.0,12.0,0.36,4.3,4.3,4.3,0.0,4.3,-153.4,-149.3,-147.2,-147.2,-147.2,-147.2,,,,,,,,0.19,,1.0,,2026-08-25,,,,,0.5,,,0.0
3400,WR1764,3578,3400,4163,4163,4161,4163,4051,4163,5297107,Wyatt Smiley,UTSA,WR,12.0,12.0,12.0,0.36,4.3,4.3,4.3,0.0,4.3,-153.4,-149.3,-147.2,-147.2,-147.2,-147.2,,,,,,,,0.19,,1.0,,2026-08-25,,,,,0.5,,,0.0
3401,WR1765,3579,3401,4164,4164,4162,4164,4052,4164,5325587,Cade Brooks,BGSU,WR,12.0,12.0,12.0,0.36,4.3,4.3,4.3,0.0,4.3,-153.4,-149.3,-147.2,-147.2,-147.2,-147.2,,,,,,,,0.24,,1.0,,2026-08-25,,,,,0.5,,,0.0
3402,WR1766,3580,3402,4165,4165,4163,4165,4053,4165,5326882,Joseph Saffold,BGSU,WR,12.0,12.0,12.0,0.36,4.3,4.3,4.3,0.0,4.3,-153.4,-149.3,-147.2,-147.2,-147.2,-147.2,,,,,,,,0.23,,1.0,,2026-08-25,,,,,0.5,,,0.0
3403,TE544,2852,3403,3359,3359,3359,3359,3247,3359,5210204,Willem Thurber,UVA,TE,12.0,12.0,12.0,0.87,10.4,10.4,10.4,0.0,10.4,-147.3,-143.2,-147.3,-147.3,-147.3,-147.3,,,,,,,,0.27,,1.0,,2026-08-25,,,,,0.5,,,0.0
3404,RB849,3503,3404,3360,3360,3360,3360,3248,3360,5226888,Stanley Jackson Jr.,OSU,RB,12.0,12.0,12.0,0.87,10.4,10.4,10.4,0.0,10.4,-147.3,-148.8,-147.3,-147.3,-147.3,-147.3,,,,,,,,0.22,,1.0,,2026-08-25,,,,,0.5,,,0.0
3405,RB850,3504,3405,3361,3361,3361,3361,3249,3361,5262650,Julius Gillick,FRES,RB,12.0,12.0,12.0,0.87,10.4,10.4,10.4,0.0,10.4,-147.3,-148.8,-147.3,-147.3,-147.3,-147.3,,,,,,,,0.38,,1.0,,2026-08-25,,,,,0.5,,,0.0
3406,RB851,3505,3406,3362,3362,3362,3362,3250,3362,5265175,Bronwyn Rios,NEV,RB,12.0,12.0,12.0,0.87,10.4,10.4,10.4,0.0,10.4,-147.3,-148.8,-147.3,-147.3,-147.3,-147.3,,,,,,,,0.34,,1.0,,2026-08-25,,,,,0.5,,,0.0
3407,WR1767,3584,3407,4169,4169,4167,4169,4057,4169,5210004,Isaiah Dillon,FRES,WR,12.0,12.0,12.0,0.35,4.2,4.2,4.2,0.0,4.2,-153.5,-149.4,-147.3,-147.3,-147.3,-147.3,,,,,,,,0.22,,1.0,,2026-08-25,,,,,0.5,,,0.0
3408,WR1768,3586,3408,4171,4171,4169,4171,4059,4171,5217190,Asa Thompson,WASH,WR,12.0,12.0,12.0,0.35,4.2,4.2,4.2,0.0,4.2,-153.5,-149.4,-147.3,-147.3,-147.3,-147.3,,,,,,,,0.21,,1.0,,2026-08-25,,,,,0.5,,,0.0
3409,WR1769,3588,3409,4173,4173,4171,4173,4061,4173,5221277,Langdon Nordgaard,WIS,WR,12.0,12.0,12.0,0.35,4.2,4.2,4.2,0.0,4.2,-153.5,-149.4,-147.3,-147.3,-147.3,-147.3,,,,,,,,0.17,,1.0,,2026-08-25,,,,,0.5,,,0.0
3410,WR1770,3589,3410,4174,4174,4172,4174,4062,4174,5279420,Jacob Butler,STAN,WR,12.0,12.0,12.0,0.35,4.2,4.2,4.2,0.0,4.2,-153.5,-149.4,-147.3,-147.3,-147.3,-147.3,,,,,,,,0.22,,1.0,,2026-08-25,,,,,0.5,,,0.0
3411,WR1771,3590,3411,4176,4176,4174,4176,4064,4176,5294067,Wils Jackson,VAN,WR,12.0,12.0,12.0,0.35,4.2,4.2,4.2,0.0,4.2,-153.5,-149.4,-147.3,-147.3,-147.3,-147.3,,,,,,,,0.14,,1.0,,2026-08-25,,,,,0.5,,,0.0
3412,WR1772,3591,3412,4177,4177,4175,4177,4065,4177,5294219,Atticus Joseph,STAN,WR,12.0,12.0,12.0,0.35,4.2,4.2,4.2,0.0,4.2,-153.5,-149.4,-147.3,-147.3,-147.3,-147.3,,,,,,,,0.22,,1.0,,2026-08-25,,,,,0.5,,,0.0
3413,WR1773,3592,3413,4178,4178,4176,4178,4066,4178,5297794,Ryan Thomas,ODU,WR,12.0,12.0,12.0,0.35,4.2,4.2,4.2,0.0,4.2,-153.5,-149.4,-147.3,-147.3,-147.3,-147.3,,,,,,,,0.21,,1.0,,2026-08-25,,,,,0.5,,,0.0
3414,RB852,3519,3414,3368,3368,3368,3368,3256,3368,5203609,Cedric Wyche II,ILL,RB,12.0,12.0,12.0,0.86,10.3,10.3,10.3,0.0,10.3,-147.4,-148.9,-147.4,-147.4,-147.4,-147.4,,,,,,,,0.34,,1.0,,2026-08-25,,,,,0.5,,,0.0
3415,TE545,2858,3415,3369,3369,3369,3369,3257,3369,5385741,Cole Coonrod,BALL,TE,12.0,12.0,12.0,0.86,10.3,10.3,10.3,0.0,10.3,-147.4,-143.3,-147.4,-147.4,-147.4,-147.4,,,,,,,,0.26,,1.0,,2026-08-25,,,,,0.5,,,0.0
3416,WR1774,3599,3416,4182,4182,4180,4183,4071,4183,5198322,Zion Legree,WIS,WR,12.0,12.0,12.0,0.34,4.1,4.1,4.1,0.0,4.1,-153.6,-149.5,-147.4,-147.4,-147.4,-147.4,,,,,,,,0.21,,1.0,,2026-08-25,,,,,0.5,,,0.0
3417,WR1775,3604,3417,4187,4187,4185,4188,4076,4188,5215218,Karon Brookins,PSU,WR,12.0,12.0,12.0,0.34,4.1,4.1,4.1,0.0,4.1,-153.6,-149.5,-147.4,-147.4,-147.4,-147.4,,,,,,,,0.2,,1.0,,2026-08-25,,,,,0.5,,,0.0
3418,WR1776,3605,3418,4188,4188,4186,4189,4077,4189,5271148,Xavier Stinson,IOWA,WR,12.0,12.0,12.0,0.34,4.1,4.1,4.1,0.0,4.1,-153.6,-149.5,-147.4,-147.4,-147.4,-147.4,,,,,,,,0.19,,1.0,,2026-08-25,,,,,0.5,,,0.0
3419,WR1777,3610,3419,4194,4194,4192,4195,4083,4195,5297036,Nate Edwards,SYR,WR,12.0,12.0,12.0,0.34,4.1,4.1,4.1,0.0,4.1,-153.6,-149.5,-147.4,-147.4,-147.4,-147.4,,,,,,,,0.11,,1.0,,2026-08-25,,,,,0.5,,,0.0
3420,WR1778,3611,3420,4195,4195,4193,4196,4084,4196,5383005,Carter Harris,LT,WR,12.0,12.0,12.0,0.34,4.1,4.1,4.1,0.0,4.1,-153.6,-149.5,-147.4,-147.4,-147.4,-147.4,,,,,,,,0.19,,1.0,,2026-08-25,,,,,0.5,,,0.0
3421,TE546,2860,3421,3371,3371,3371,3371,3259,3371,5220460,Luke Logan,OKST,TE,12.0,12.0,12.0,0.85,10.2,10.2,10.2,0.0,10.2,-147.5,-143.4,-147.5,-147.5,-147.5,-147.5,,,,,,,,0.33,,1.0,,2026-08-25,,,,,0.5,,,0.0
3422,TE547,2861,3422,3372,3372,3372,3372,3260,3372,5238341,Jackson Kohl,CCU,TE,12.0,12.0,12.0,0.85,10.2,10.2,10.2,0.0,10.2,-147.5,-143.4,-147.5,-147.5,-147.5,-147.5,,,,,,,,0.36,,1.0,,2026-08-25,,,,,0.5,,,0.0
3423,WR1779,3614,3423,4200,4200,4199,4201,4089,4201,5209416,Jaylen Pile,MICH,WR,12.0,12.0,12.0,0.33,4.0,4.0,4.0,0.0,4.0,-153.7,-149.6,-147.5,-147.5,-147.5,-147.5,,,,,,,,0.19,,1.0,,2026-08-25,,,,,0.5,,,0.0
3424,WR1780,3616,3424,4202,4202,4201,4203,4091,4203,5220344,Brayden Curry,LT,WR,12.0,12.0,12.0,0.33,4.0,4.0,4.0,0.0,4.0,-153.7,-149.6,-147.5,-147.5,-147.5,-147.5,,,,,,,,0.15,,1.0,,2026-08-25,,,,,0.5,,,0.0
3425,WR1781,3618,3425,4204,4204,4203,4205,4093,4205,5261754,Derick Brazil,APP,WR,12.0,12.0,12.0,0.33,4.0,4.0,4.0,0.0,4.0,-153.7,-149.6,-147.5,-147.5,-147.5,-147.5,,,,,,,,0.21,,1.0,,2026-08-25,,,,,0.5,,,0.0
3426,WR1782,3620,3426,4206,4206,4205,4207,4095,4207,5265567,Rashad Perry,OHIO,WR,12.0,12.0,12.0,0.33,4.0,4.0,4.0,0.0,4.0,-153.7,-149.6,-147.5,-147.5,-147.5,-147.5,,,,,,,,0.26,,1.0,,2026-08-25,,,,,0.5,,,0.0
3427,WR1783,3623,3427,4210,4210,4209,4211,4099,4211,5295322,Cameron Sermons,USC,WR,12.0,12.0,12.0,0.33,4.0,4.0,4.0,0.0,4.0,-153.7,-149.6,-147.5,-147.5,-147.5,-147.5,,,,,,,,0.16,,1.0,,2026-08-25,,,,,0.5,,,0.0
3428,WR1784,3624,3428,4211,4211,4210,4212,4100,4212,5295632,Brayden Carroll,TENN,WR,12.0,12.0,12.0,0.33,4.0,4.0,4.0,0.0,4.0,-153.7,-149.6,-147.5,-147.5,-147.5,-147.5,,,,,,,,0.15,,1.0,,2026-08-25,,,,,0.5,,,0.0
3429,WR1785,3625,3429,4212,4212,4211,4213,4101,4213,5296065,Sam Dodd,NCSU,WR,12.0,12.0,12.0,0.33,4.0,4.0,4.0,0.0,4.0,-153.7,-149.6,-147.5,-147.5,-147.5,-147.5,,,,,,,,0.11,,1.0,,2026-08-25,,,,,0.5,,,0.0
3430,WR1786,3626,3430,4213,4213,4212,4214,4102,4214,5333433,Jacolby Cooper,TENN,WR,12.0,12.0,12.0,0.33,4.0,4.0,4.0,0.0,4.0,-153.7,-149.6,-147.5,-147.5,-147.5,-147.5,,,,,,,,0.15,,1.0,,2026-08-25,,,,,0.5,,,0.0
3431,QB246,4244,3431,995,995,986,996,884,996,5085066,Mason Cumbie,BUF,QB,12.0,12.0,12.0,6.37,76.4,76.4,76.4,0.0,76.4,-168.7,-168.8,-151.9,-147.6,-147.6,-147.6,,,,,,,,0.61,,1.0,,2026-08-25,,,,,0.5,,,0.0
3432,RB853,3541,3432,3377,3377,3377,3377,3265,3377,5176079,Dylan McCoy,NCSU,RB,12.0,12.0,12.0,0.84,10.1,10.1,10.1,0.0,10.1,-147.6,-149.1,-147.6,-147.6,-147.6,-147.6,,,,,,,,0.31,,1.0,,2026-08-25,,,,,0.5,,,0.0
3433,RB854,3542,3433,3378,3378,3378,3378,3266,3378,5200377,Ke'Rynn Smith,UL,RB,12.0,12.0,12.0,0.84,10.1,10.1,10.1,0.0,10.1,-147.6,-149.1,-147.6,-147.6,-147.6,-147.6,,,,,,,,0.4,,1.0,,2026-08-25,,,,,0.5,,,0.0
3434,TE548,2869,3434,3380,3380,3380,3380,3268,3380,5238340,Jamal Frilot,UTEP,TE,12.0,12.0,12.0,0.84,10.1,10.1,10.1,0.0,10.1,-147.6,-143.5,-147.6,-147.6,-147.6,-147.6,,,,,,,,0.33,,1.0,,2026-08-25,,,,,0.5,,,0.0
3435,WR1787,3632,3435,4217,4218,4216,4218,4106,4218,5221041,Seth Zamora,USC,WR,12.0,12.0,12.0,0.32,3.9,3.9,3.9,0.0,3.9,-153.8,-149.7,-147.6,-147.6,-147.6,-147.6,,,,,,,,0.1,,1.0,,2026-08-25,,,,,0.5,,,0.0
3436,WR1788,3633,3436,4218,4219,4217,4219,4107,4219,5226970,Brennan Burton,MIA,WR,12.0,12.0,12.0,0.32,3.9,3.9,3.9,0.0,3.9,-153.8,-149.7,-147.6,-147.6,-147.6,-147.6,,,,,,,,0.1,,1.0,,2026-08-25,,,,,0.5,,,0.0
3437,WR1789,3635,3437,4221,4222,4220,4222,4110,4222,5272774,Brody Schaffer,IOWA,WR,12.0,12.0,12.0,0.32,3.9,3.9,3.9,0.0,3.9,-153.8,-149.7,-147.6,-147.6,-147.6,-147.6,,,,,,,,0.18,,1.0,,2026-08-25,,,,,0.5,,,0.0
3438,WR1790,3641,3438,4227,4228,4226,4228,4116,4228,5292878,Major Pride,UCLA,WR,12.0,12.0,12.0,0.32,3.9,3.9,3.9,0.0,3.9,-153.8,-149.7,-147.6,-147.6,-147.6,-147.6,,,,,,,,0.19,,1.0,,2026-08-25,,,,,0.5,,,0.0
3439,WR1791,3642,3439,4229,4230,4228,4230,4118,4230,5299898,Prince Hall,UTSA,WR,12.0,12.0,12.0,0.32,3.9,3.9,3.9,0.0,3.9,-153.8,-149.7,-147.6,-147.6,-147.6,-147.6,,,,,,,,0.17,,1.0,,2026-08-25,,,,,0.5,,,0.0
3440,WR1792,3643,3440,4230,4231,4229,4231,4119,4231,5326398,Damien Durrette,APP,WR,12.0,12.0,12.0,0.32,3.9,3.9,3.9,0.0,3.9,-153.8,-149.7,-147.6,-147.6,-147.6,-147.6,,,,,,,,0.2,,1.0,,2026-08-25,,,,,0.5,,,0.0
3441,WR1793,3645,3441,4233,4234,4232,4234,4122,4234,5390345,Riley Reed,ARMY,WR,12.0,12.0,12.0,0.32,3.9,3.9,3.9,0.0,3.9,-153.8,-149.7,-147.6,-147.6,-147.6,-147.6,,,,,,,,0.19,,1.0,,2026-08-25,,,,,0.5,,,0.0
3442,RB855,3556,3442,3382,3382,3382,3382,3270,3382,5125780,Brady Hultman,MIZ,RB,12.0,12.0,12.0,0.83,10.0,10.0,10.0,0.0,10.0,-147.7,-149.2,-147.7,-147.7,-147.7,-147.7,,,,,,,,0.24,,1.0,,2026-08-25,,,,,0.5,,,0.0
3443,TE549,2872,3443,3383,3383,3383,3383,3271,3383,5146766,Charlie Crowell,WASH,TE,12.0,12.0,12.0,0.83,10.0,10.0,10.0,0.0,10.0,-147.7,-143.6,-147.7,-147.7,-147.7,-147.7,,,,,,,,0.34,,1.0,,2026-08-25,,,,,0.5,,,0.0
3444,TE550,2873,3444,3384,3384,3384,3384,3272,3384,5148827,Kaleb Thomas,HOU,TE,12.0,12.0,12.0,0.83,10.0,10.0,10.0,0.0,10.0,-147.7,-143.6,-147.7,-147.7,-147.7,-147.7,,,,,,,,0.26,,1.0,,2026-08-25,,,,,0.5,,,0.0
3445,RB856,3557,3445,3385,3385,3385,3385,3273,3385,5161830,Sean Morris II,NU,RB,12.0,12.0,12.0,0.83,10.0,10.0,10.0,0.0,10.0,-147.7,-149.2,-147.7,-147.7,-147.7,-147.7,,,,,,,,0.29,,1.0,,2026-08-25,,,,,0.5,,,0.0
3446,RB857,3558,3446,3386,3386,3386,3386,3274,3386,5162721,D'Antae Sheffey,PSU,RB,12.0,12.0,12.0,0.83,10.0,10.0,10.0,0.0,10.0,-147.7,-149.2,-147.7,-147.7,-147.7,-147.7,,,,,,,,0.31,,1.0,,2026-08-25,,,,,0.5,,,0.0
3447,TE551,2876,3447,3389,3389,3389,3389,3277,3389,5210485,Braiden Bachich-Dixon,SJSU,TE,12.0,12.0,12.0,0.83,10.0,10.0,10.0,0.0,10.0,-147.7,-143.6,-147.7,-147.7,-147.7,-147.7,,,,,,,,0.36,,1.0,,2026-08-25,,,,,0.5,,,0.0
3448,TE552,2877,3448,3390,3390,3390,3390,3278,3390,5215221,Connor Roush,GT,TE,12.0,12.0,12.0,0.83,10.0,10.0,10.0,0.0,10.0,-147.7,-143.6,-147.7,-147.7,-147.7,-147.7,,,,,,,,0.32,,1.0,,2026-08-25,,,,,0.5,,,0.0
3449,TE553,2879,3449,3393,3393,3393,3393,3281,3393,5259827,Maddox Lynch,USA,TE,12.0,12.0,12.0,0.83,10.0,10.0,10.0,0.0,10.0,-147.7,-143.6,-147.7,-147.7,-147.7,-147.7,,,,,,,,0.29,,1.0,,2026-08-25,,,,,0.5,,,0.0
3450,RB858,3559,3450,3398,3398,3398,3398,3286,3398,5331727,Javen Hall,OKST,RB,12.0,12.0,12.0,0.83,10.0,10.0,10.0,0.0,10.0,-147.7,-149.2,-147.7,-147.7,-147.7,-147.7,,,,,,,,0.34,,1.0,,2026-08-25,,,,,0.5,,,0.0
3451,TE554,2883,3451,3400,3400,3400,3400,3288,3400,5388956,Colten Gunderson,NDSU,TE,12.0,12.0,12.0,0.83,10.0,10.0,10.0,0.0,10.0,-147.7,-143.6,-147.7,-147.7,-147.7,-147.7,,,,,,,,0.29,,1.0,,2026-08-25,,,,,0.5,,,0.0
3452,WR1794,3649,3452,4237,4237,4235,4237,4125,4237,5215238,Johnnie Thiel IV,LT,WR,12.0,12.0,12.0,0.32,3.8,3.8,3.8,0.0,3.8,-153.9,-149.8,-147.7,-147.7,-147.7,-147.7,,,,,,,,0.2,,1.0,,2026-08-25,,,,,0.5,,,0.0
3453,WR1795,3650,3453,4238,4238,4236,4238,4126,4238,5219243,Owen van Loben Sels,STAN,WR,12.0,12.0,12.0,0.32,3.8,3.8,3.8,0.0,3.8,-153.9,-149.8,-147.7,-147.7,-147.7,-147.7,,,,,,,,0.14,,1.0,,2026-08-25,,,,,0.5,,,0.0
3454,WR1796,3652,3454,4240,4240,4238,4240,4128,4240,5229357,Karson Kaiser,ILL,WR,12.0,12.0,12.0,0.32,3.8,3.8,3.8,0.0,3.8,-153.9,-149.8,-147.7,-147.7,-147.7,-147.7,,,,,,,,0.12,,1.0,,2026-08-25,,,,,0.5,,,0.0
3455,WR1797,3653,3455,4241,4241,4239,4241,4129,4241,5258475,Mack Kump,NEV,WR,12.0,12.0,12.0,0.32,3.8,3.8,3.8,0.0,3.8,-153.9,-149.8,-147.7,-147.7,-147.7,-147.7,,,,,,,,0.18,,1.0,,2026-08-25,,,,,0.5,,,0.0
3456,WR1798,3654,3456,4242,4242,4240,4242,4130,4242,5293707,Adam Buffington,ARMY,WR,12.0,12.0,12.0,0.32,3.8,3.8,3.8,0.0,3.8,-153.9,-149.8,-147.7,-147.7,-147.7,-147.7,,,,,,,,0.13,,1.0,,2026-08-25,,,,,0.5,,,0.0
3457,WR1799,3655,3457,4243,4243,4241,4243,4131,4243,5293729,Kofi Eduful,ARMY,WR,12.0,12.0,12.0,0.32,3.8,3.8,3.8,0.0,3.8,-153.9,-149.8,-147.7,-147.7,-147.7,-147.7,,,,,,,,0.13,,1.0,,2026-08-25,,,,,0.5,,,0.0
3458,WR1800,3657,3458,4245,4245,4243,4245,4133,4245,5308211,Steven Bengu,ODU,WR,12.0,12.0,12.0,0.32,3.8,3.8,3.8,0.0,3.8,-153.9,-149.8,-147.7,-147.7,-147.7,-147.7,,,,,,,,0.19,,1.0,,2026-08-25,,,,,0.5,,,0.0
3459,WR1801,3659,3459,4247,4247,4245,4247,4135,4247,5327675,Jayden Skelton,UAB,WR,12.0,12.0,12.0,0.32,3.8,3.8,3.8,0.0,3.8,-153.9,-149.8,-147.7,-147.7,-147.7,-147.7,,,,,,,,0.16,,1.0,,2026-08-25,,,,,0.5,,,0.0
3460,WR1802,3660,3460,4249,4249,4247,4249,4137,4249,5379956,Jack Lesniewicz,PITT,WR,12.0,12.0,12.0,0.32,3.8,3.8,3.8,0.0,3.8,-153.9,-149.8,-147.7,-147.7,-147.7,-147.7,,,,,,,,0.15,,1.0,,2026-08-25,,,,,0.5,,,0.0
3461,WR1803,3662,3461,4254,4254,4252,4254,4142,4254,5393814,Bradley Wainwright,UAB,WR,12.0,12.0,12.0,0.32,3.8,3.8,3.8,0.0,3.8,-153.9,-149.8,-147.7,-147.7,-147.7,-147.7,,,,,,,,0.16,,1.0,,2026-08-25,,,,,0.5,,,0.0
3462,TE555,2885,3462,3402,3402,3402,3402,3290,3402,5151037,Jason Jeffares,CLT,TE,12.0,12.0,12.0,0.82,9.9,9.9,9.9,0.0,9.9,-147.8,-143.7,-147.8,-147.8,-147.8,-147.8,,,,,,,,0.26,,1.0,,2026-08-25,,,,,0.5,,,0.0
3463,TE556,2888,3463,3405,3405,3405,3405,3293,3405,5203714,Gabriel Cline,UAB,TE,12.0,12.0,12.0,0.82,9.9,9.9,9.9,0.0,9.9,-147.8,-143.7,-147.8,-147.8,-147.8,-147.8,,,,,,,,0.33,,1.0,,2026-08-25,,,,,0.5,,,0.0
3464,TE557,2892,3464,3409,3409,3409,3409,3297,3409,5382849,Dalen Huston,ULM,TE,12.0,12.0,12.0,0.82,9.9,9.9,9.9,0.0,9.9,-147.8,-143.7,-147.8,-147.8,-147.8,-147.8,,,,,,,,0.22,,1.0,,2026-08-25,,,,,0.5,,,0.0
3465,WR1804,3668,3465,4260,4260,4258,4260,4148,4260,5281381,Blaise LaVista,WASH,WR,12.0,12.0,12.0,0.31,3.7,3.7,3.7,0.0,3.7,-154.0,-149.9,-147.8,-147.8,-147.8,-147.8,,,,,,,,0.2,,1.0,,2026-08-25,,,,,0.5,,,0.0
3466,WR1805,3670,3466,4262,4262,4260,4262,4150,4262,5295973,Will Hargett,TA&M,WR,12.0,12.0,12.0,0.31,3.7,3.7,3.7,0.0,3.7,-154.0,-149.9,-147.8,-147.8,-147.8,-147.8,,,,,,,,0.16,,1.0,,2026-08-25,,,,,0.5,,,0.0
3467,WR1806,3671,3467,4263,4263,4261,4263,4151,4263,5295974,Kade Stewart,TA&M,WR,12.0,12.0,12.0,0.31,3.7,3.7,3.7,0.0,3.7,-154.0,-149.9,-147.8,-147.8,-147.8,-147.8,,,,,,,,0.16,,1.0,,2026-08-25,,,,,0.5,,,0.0
3468,WR1807,3673,3468,4265,4265,4263,4265,4153,4265,5303264,Dameon Crowe,TXST,WR,12.0,12.0,12.0,0.31,3.7,3.7,3.7,0.0,3.7,-154.0,-149.9,-147.8,-147.8,-147.8,-147.8,,,,,,,,0.17,,1.0,,2026-08-25,,,,,0.5,,,0.0
3469,WR1808,3674,3469,4266,4266,4264,4266,4154,4266,5378096,Landon Thompson,NCSU,WR,12.0,12.0,12.0,0.31,3.7,3.7,3.7,0.0,3.7,-154.0,-149.9,-147.8,-147.8,-147.8,-147.8,,,,,,,,0.11,,1.0,,2026-08-25,,,,,0.5,,,0.0
3470,QB247,4245,3470,1002,1002,993,1003,891,1003,5086182,Jack Capaldi,MD,QB,12.0,12.0,12.0,6.34,76.1,76.1,76.1,0.0,76.1,-169.0,-169.1,-152.2,-147.9,-147.9,-147.9,,,,,,,,0.67,,1.0,,2026-08-25,,,,,0.5,,,0.0
3471,TE558,2896,3471,3410,3410,3410,3410,3298,3410,5155870,Will Loerzel,WAKE,TE,12.0,12.0,12.0,0.82,9.8,9.8,9.8,0.0,9.8,-147.9,-143.8,-147.9,-147.9,-147.9,-147.9,,,,,,,,0.29,,1.0,,2026-08-25,,,,,0.5,,,0.0
3472,TE559,2899,3472,3413,3413,3413,3413,3301,3413,5215626,Jonathan Harding,MEM,TE,12.0,12.0,12.0,0.82,9.8,9.8,9.8,0.0,9.8,-147.9,-143.8,-147.9,-147.9,-147.9,-147.9,,,,,,,,0.32,,1.0,,2026-08-25,,,,,0.5,,,0.0
3473,TE560,2901,3473,3415,3415,3415,3415,3303,3415,5219250,Aiden Black,STAN,TE,12.0,12.0,12.0,0.82,9.8,9.8,9.8,0.0,9.8,-147.9,-143.8,-147.9,-147.9,-147.9,-147.9,,,,,,,,0.28,,1.0,,2026-08-25,,,,,0.5,,,0.0
3474,TE561,2902,3474,3416,3416,3416,3416,3304,3416,5219468,Tex Brannan,ARMY,TE,12.0,12.0,12.0,0.82,9.8,9.8,9.8,0.0,9.8,-147.9,-143.8,-147.9,-147.9,-147.9,-147.9,,,,,,,,0.26,,1.0,,2026-08-25,,,,,0.5,,,0.0
3475,TE562,2904,3475,3418,3418,3418,3418,3306,3418,5273782,Zayion Cotton,MSST,TE,12.0,12.0,12.0,0.82,9.8,9.8,9.8,0.0,9.8,-147.9,-143.8,-147.9,-147.9,-147.9,-147.9,,,,,,,,0.32,,1.0,,2026-08-25,,,,,0.5,,,0.0
3476,RB859,3582,3476,3421,3421,3421,3421,3309,3421,5292031,Xavier Butler,GAST,RB,12.0,12.0,12.0,0.82,9.8,9.8,9.8,0.0,9.8,-147.9,-149.4,-147.9,-147.9,-147.9,-147.9,,,,,,,,0.31,,1.0,,2026-08-25,,,,,0.5,,,0.0
3477,WR1809,3682,3477,4272,4272,4270,4272,4160,4272,5230255,Israel Hairston,VT,WR,12.0,12.0,12.0,0.3,3.6,3.6,3.6,0.0,3.6,-154.1,-150.0,-147.9,-147.9,-147.9,-147.9,,,,,,,,0.15,,1.0,,2026-08-25,,,,,0.5,,,0.0
3478,WR1810,3683,3478,4273,4273,4271,4273,4161,4273,5264243,Keynan Cotton,FRES,WR,12.0,12.0,12.0,0.3,3.6,3.6,3.6,0.0,3.6,-154.1,-150.0,-147.9,-147.9,-147.9,-147.9,,,,,,,,0.19,,1.0,,2026-08-25,,,,,0.5,,,0.0
3479,WR1811,3684,3479,4274,4274,4272,4274,4162,4274,5278420,Kortez Rupert,IU,WR,12.0,12.0,12.0,0.3,3.6,3.6,3.6,0.0,3.6,-154.1,-150.0,-147.9,-147.9,-147.9,-147.9,,,,,,,,0.2,,1.0,,2026-08-25,,,,,0.5,,,0.0
3480,WR1812,3685,3480,4275,4275,4273,4275,4163,4275,5281243,Justen Hodge,M-OH,WR,12.0,12.0,12.0,0.3,3.6,3.6,3.6,0.0,3.6,-154.1,-150.0,-147.9,-147.9,-147.9,-147.9,,,,,,,,0.19,,1.0,,2026-08-25,,,,,0.5,,,0.0
3481,WR1813,3686,3481,4276,4276,4274,4276,4164,4276,5290856,Joe Stimpson,NEV,WR,12.0,12.0,12.0,0.3,3.6,3.6,3.6,0.0,3.6,-154.1,-150.0,-147.9,-147.9,-147.9,-147.9,,,,,,,,0.18,,1.0,,2026-08-25,,,,,0.5,,,0.0
3482,WR1814,3687,3482,4277,4277,4275,4277,4165,4277,5292857,Tristan Reed,M-OH,WR,12.0,12.0,12.0,0.3,3.6,3.6,3.6,0.0,3.6,-154.1,-150.0,-147.9,-147.9,-147.9,-147.9,,,,,,,,0.19,,1.0,,2026-08-25,,,,,0.5,,,0.0
3483,WR1815,3688,3483,4278,4278,4276,4278,4166,4278,5293035,Scoop Smith,M-OH,WR,12.0,12.0,12.0,0.3,3.6,3.6,3.6,0.0,3.6,-154.1,-150.0,-147.9,-147.9,-147.9,-147.9,,,,,,,,0.19,,1.0,,2026-08-25,,,,,0.5,,,0.0
3484,WR1816,3690,3484,4280,4280,4278,4280,4168,4280,5327542,Brayden Myovela,ODU,WR,12.0,12.0,12.0,0.3,3.6,3.6,3.6,0.0,3.6,-154.1,-150.0,-147.9,-147.9,-147.9,-147.9,,,,,,,,0.18,,1.0,,2026-08-25,,,,,0.5,,,0.0
3485,WR1817,3691,3485,4281,4281,4279,4281,4169,4281,5327572,Justin Faulkner,NIU,WR,12.0,12.0,12.0,0.3,3.6,3.6,3.6,0.0,3.6,-154.1,-150.0,-147.9,-147.9,-147.9,-147.9,,,,,,,,0.23,,1.0,,2026-08-25,,,,,0.5,,,0.0
3486,WR1818,3692,3486,4282,4282,4280,4282,4170,4282,5383008,Zach Eskildsen,ISU,WR,12.0,12.0,12.0,0.3,3.6,3.6,3.6,0.0,3.6,-154.1,-150.0,-147.9,-147.9,-147.9,-147.9,,,,,,,,0.18,,1.0,,2026-08-25,,,,,0.5,,,0.0
3487,WR1819,3693,3487,4283,4283,4281,4283,4171,4283,5385850,Colin Charles,MSU,WR,12.0,12.0,12.0,0.3,3.6,3.6,3.6,0.0,3.6,-154.1,-150.0,-147.9,-147.9,-147.9,-147.9,,,,,,,,0.18,,1.0,,2026-08-25,,,,,0.5,,,0.0
3488,RB860,3595,3488,3425,3425,3425,3425,3313,3425,5141392,D'Aryhian Clemons,WASH,RB,12.0,12.0,12.0,0.81,9.7,9.7,9.7,0.0,9.7,-148.0,-149.5,-148.0,-148.0,-148.0,-148.0,,,,,,,,0.32,,1.0,,2026-08-25,,,,,0.5,,,0.0
3489,TE563,2913,3489,3427,3427,3427,3427,3315,3427,5146770,Khalil Witherspoon,AKR,TE,12.0,12.0,12.0,0.81,9.7,9.7,9.7,0.0,9.7,-148.0,-143.9,-148.0,-148.0,-148.0,-148.0,,,,,,,,0.32,,1.0,,2026-08-25,,,,,0.5,,,0.0
3490,TE564,2915,3490,3429,3429,3429,3429,3317,3429,5221306,Jake Furtney,OHIO,TE,12.0,12.0,12.0,0.81,9.7,9.7,9.7,0.0,9.7,-148.0,-143.9,-148.0,-148.0,-148.0,-148.0,,,,,,,,0.37,,1.0,,2026-08-25,,,,,0.5,,,0.0
3491,TE565,2916,3491,3430,3430,3430,3430,3318,3430,5228129,Caston Brown,USM,TE,12.0,12.0,12.0,0.81,9.7,9.7,9.7,0.0,9.7,-148.0,-143.9,-148.0,-148.0,-148.0,-148.0,,,,,,,,0.25,,1.0,,2026-08-25,,,,,0.5,,,0.0
3492,TE566,2917,3492,3431,3431,3431,3431,3319,3431,5255696,Tayveon Wilson,CLEM,TE,12.0,12.0,12.0,0.81,9.7,9.7,9.7,0.0,9.7,-148.0,-143.9,-148.0,-148.0,-148.0,-148.0,,,,,,,,0.27,,1.0,,2026-08-25,,,,,0.5,,,0.0
3493,TE567,2919,3493,3433,3433,3433,3433,3321,3433,5297942,Isaac Ellison,NDSU,TE,12.0,12.0,12.0,0.81,9.7,9.7,9.7,0.0,9.7,-148.0,-143.9,-148.0,-148.0,-148.0,-148.0,,,,,,,,0.28,,1.0,,2026-08-25,,,,,0.5,,,0.0
3494,RB861,3596,3494,3434,3434,3434,3434,3322,3434,5303260,CJ Jackson III,ODU,RB,12.0,12.0,12.0,0.81,9.7,9.7,9.7,0.0,9.7,-148.0,-149.5,-148.0,-148.0,-148.0,-148.0,,,,,,,,0.34,,1.0,,2026-08-25,,,,,0.5,,,0.0
3495,RB862,3597,3495,3435,3435,3435,3435,3323,3435,5382265,Malachi Drayton,CLT,RB,12.0,12.0,12.0,0.81,9.7,9.7,9.7,0.0,9.7,-148.0,-149.5,-148.0,-148.0,-148.0,-148.0,,,,,,,,0.32,,1.0,,2026-08-25,,,,,0.5,,,0.0
3496,WR1820,3702,3496,4293,4293,4291,4293,4181,4293,5296264,A.J. Brand,VT,WR,12.0,12.0,12.0,0.29,3.5,3.5,3.5,0.0,3.5,-154.2,-150.1,-148.0,-148.0,-148.0,-148.0,,,,,,,,0.2,,1.0,,2026-08-25,,,,,0.5,,,0.0
3497,WR1821,3703,3497,4294,4294,4292,4294,4182,4294,5296620,Jeremiah Fung,SJSU,WR,12.0,12.0,12.0,0.29,3.5,3.5,3.5,0.0,3.5,-154.2,-150.1,-148.0,-148.0,-148.0,-148.0,,,,,,,,0.19,,1.0,,2026-08-25,,,,,0.5,,,0.0
3498,TE568,2922,3498,3436,3436,3436,3436,3324,3436,5150581,Tony Boggs,DUKE,TE,12.0,12.0,12.0,0.8,9.6,9.6,9.6,0.0,9.6,-148.1,-144.0,-148.1,-148.1,-148.1,-148.1,,,,,,,,0.22,,1.0,,2026-08-25,,,,,0.5,,,0.0
3499,TE569,2924,3499,3439,3439,3439,3439,3327,3439,5290688,Aveon Williams,UNLV,TE,12.0,12.0,12.0,0.8,9.6,9.6,9.6,0.0,9.6,-148.1,-144.0,-148.1,-148.1,-148.1,-148.1,,,,,,,,0.33,,1.0,,2026-08-25,,,,,0.5,,,0.0
3500,RB863,3612,3500,3441,3441,3441,3441,3329,3441,5291180,Jaidaun Cranford,NIU,RB,12.0,12.0,12.0,0.8,9.6,9.6,9.6,0.0,9.6,-148.1,-149.6,-148.1,-148.1,-148.1,-148.1,,,,,,,,0.39,,1.0,,2026-08-25,,,,,0.5,,,0.0
3501,TE570,2925,3501,3442,3442,3442,3442,3330,3442,5297937,Gabriel Cunningham,NDSU,TE,12.0,12.0,12.0,0.8,9.6,9.6,9.6,0.0,9.6,-148.1,-144.0,-148.1,-148.1,-148.1,-148.1,,,,,,,,0.29,,1.0,,2026-08-25,,,,,0.5,,,0.0
3502,RB864,3613,3502,3443,3443,3443,3443,3331,3443,5323360,CJ Toney,WSU,RB,12.0,12.0,12.0,0.8,9.6,9.6,9.6,0.0,9.6,-148.1,-149.6,-148.1,-148.1,-148.1,-148.1,,,,,,,,0.31,,1.0,,2026-08-25,,,,,0.5,,,0.0
3503,WR1822,3713,3503,4306,4306,4304,4306,4194,4306,5293730,Brian Ray III,ARMY,WR,12.0,12.0,12.0,0.28,3.4,3.4,3.4,0.0,3.4,-154.3,-150.2,-148.1,-148.1,-148.1,-148.1,,,,,,,,0.13,,1.0,,2026-08-25,,,,,0.5,,,0.0
3504,WR1823,3714,3504,4307,4307,4305,4307,4195,4307,5293735,Jakiel Kendricks,ARMY,WR,12.0,12.0,12.0,0.28,3.4,3.4,3.4,0.0,3.4,-154.3,-150.2,-148.1,-148.1,-148.1,-148.1,,,,,,,,0.13,,1.0,,2026-08-25,,,,,0.5,,,0.0
3505,WR1824,3715,3505,4308,4308,4306,4308,4196,4308,5294119,Deji Ajose,WASH,WR,12.0,12.0,12.0,0.28,3.4,3.4,3.4,0.0,3.4,-154.3,-150.2,-148.1,-148.1,-148.1,-148.1,,,,,,,,0.18,,1.0,,2026-08-25,,,,,0.5,,,0.0
3506,WR1825,3716,3506,4309,4309,4307,4309,4197,4309,5295212,Malakai Sumter,FRES,WR,12.0,12.0,12.0,0.28,3.4,3.4,3.4,0.0,3.4,-154.3,-150.2,-148.1,-148.1,-148.1,-148.1,,,,,,,,0.14,,1.0,,2026-08-25,,,,,0.5,,,0.0
3507,WR1826,3717,3507,4310,4310,4308,4310,4198,4310,5302777,Jakobe DeJesus,LIB,WR,12.0,12.0,12.0,0.28,3.4,3.4,3.4,0.0,3.4,-154.3,-150.2,-148.1,-148.1,-148.1,-148.1,,,,,,,,0.2,,1.0,,2026-08-25,,,,,0.5,,,0.0
3508,WR1827,3719,3508,4312,4312,4310,4312,4200,4312,5334184,Jacob Harvey,ILL,WR,12.0,12.0,12.0,0.28,3.4,3.4,3.4,0.0,3.4,-154.3,-150.2,-148.1,-148.1,-148.1,-148.1,,,,,,,,0.15,,1.0,,2026-08-25,,,,,0.5,,,0.0
3509,WR1828,3721,3509,4314,4314,4312,4314,4202,4314,5390429,Grayson Gibson,FAU,WR,12.0,12.0,12.0,0.28,3.4,3.4,3.4,0.0,3.4,-154.3,-150.2,-148.1,-148.1,-148.1,-148.1,,,,,,,,0.16,,1.0,,2026-08-25,,,,,0.5,,,0.0
3510,WR1829,3722,3510,4315,4315,4313,4315,4203,4315,5390430,Spencer Martin,FAU,WR,12.0,12.0,12.0,0.28,3.4,3.4,3.4,0.0,3.4,-154.3,-150.2,-148.1,-148.1,-148.1,-148.1,,,,,,,,0.16,,1.0,,2026-08-25,,,,,0.5,,,0.0
3511,RB865,3627,3511,3450,3450,3450,3450,3338,3450,5217180,Izayah Lee,VAN,RB,12.0,12.0,12.0,0.79,9.5,9.5,9.5,0.0,9.5,-148.2,-149.7,-148.2,-148.2,-148.2,-148.2,,,,,,,,0.32,,1.0,,2026-08-25,,,,,0.5,,,0.0
3512,RB866,3628,3512,3451,3451,3451,3451,3339,3451,5269391,Michael Dukes III,RUTG,RB,12.0,12.0,12.0,0.79,9.5,9.5,9.5,0.0,9.5,-148.2,-149.7,-148.2,-148.2,-148.2,-148.2,,,,,,,,0.31,,1.0,,2026-08-25,,,,,0.5,,,0.0
3513,WR1830,3729,3513,4317,4317,4316,4317,4205,4317,5216964,Myles Kendrick,IU,WR,12.0,12.0,12.0,0.27,3.3,3.3,3.3,0.0,3.3,-154.4,-150.3,-148.2,-148.2,-148.2,-148.2,,,,,,,,0.18,,1.0,,2026-08-25,,,,,0.5,,,0.0
3514,WR1831,3730,3514,4318,4318,4317,4318,4206,4318,5274281,Jarvis Washington Jr,USA,WR,12.0,12.0,12.0,0.27,3.3,3.3,3.3,0.0,3.3,-154.4,-150.3,-148.2,-148.2,-148.2,-148.2,,,,,,,,0.21,,1.0,,2026-08-25,,,,,0.5,,,0.0
3515,WR1832,3731,3515,4319,4319,4318,4319,4207,4319,5282032,Maxwell Young,FRES,WR,12.0,12.0,12.0,0.27,3.3,3.3,3.3,0.0,3.3,-154.4,-150.3,-148.2,-148.2,-148.2,-148.2,,,,,,,,0.17,,1.0,,2026-08-25,,,,,0.5,,,0.0
3516,WR1833,3733,3516,4321,4321,4320,4321,4209,4321,5296446,Jordan Manuel,MOST,WR,12.0,12.0,12.0,0.27,3.3,3.3,3.3,0.0,3.3,-154.4,-150.3,-148.2,-148.2,-148.2,-148.2,,,,,,,,0.17,,1.0,,2026-08-25,,,,,0.5,,,0.0
3517,WR1834,3734,3517,4322,4322,4321,4322,4210,4322,5306284,Jessie Primer IV,MSST,WR,12.0,12.0,12.0,0.27,3.3,3.3,3.3,0.0,3.3,-154.4,-150.3,-148.2,-148.2,-148.2,-148.2,,,,,,,,0.13,,1.0,,2026-08-25,,,,,0.5,,,0.0
3518,WR1835,3735,3518,4323,4323,4322,4323,4211,4323,5326947,Bailen George,UNM,WR,12.0,12.0,12.0,0.27,3.3,3.3,3.3,0.0,3.3,-154.4,-150.3,-148.2,-148.2,-148.2,-148.2,,,,,,,,0.16,,1.0,,2026-08-25,,,,,0.5,,,0.0
3519,WR1836,3736,3519,4324,4324,4323,4324,4212,4324,5326949,Jacob Maldonado,UNM,WR,12.0,12.0,12.0,0.27,3.3,3.3,3.3,0.0,3.3,-154.4,-150.3,-148.2,-148.2,-148.2,-148.2,,,,,,,,0.16,,1.0,,2026-08-25,,,,,0.5,,,0.0
3520,WR1837,3737,3520,4325,4325,4324,4325,4213,4325,5334131,Dayvon Standard,OKST,WR,12.0,12.0,12.0,0.27,3.3,3.3,3.3,0.0,3.3,-154.4,-150.3,-148.2,-148.2,-148.2,-148.2,,,,,,,,0.14,,1.0,,2026-08-25,,,,,0.5,,,0.0
3521,WR1838,3738,3521,4326,4326,4325,4326,4214,4326,5382284,Lincoln Dunn,BOIS,WR,12.0,12.0,12.0,0.27,3.3,3.3,3.3,0.0,3.3,-154.4,-150.3,-148.2,-148.2,-148.2,-148.2,,,,,,,,0.11,,1.0,,2026-08-25,,,,,0.5,,,0.0
3522,QB248,4246,3522,1005,1005,996,1006,894,1006,4592531,Ari Patu,DUKE,QB,12.0,12.0,12.0,6.31,75.7,75.7,75.7,0.0,75.7,-169.4,-169.5,-152.6,-148.3,-148.3,-148.3,,,,,,,,0.62,,1.0,,2026-08-25,,,,,0.5,,,0.0
3523,RB867,3647,3523,3455,3455,3455,3455,3343,3455,5218656,Jake Balis,VAN,RB,12.0,12.0,12.0,0.78,9.4,9.4,9.4,0.0,9.4,-148.3,-149.8,-148.3,-148.3,-148.3,-148.3,,,,,,,,0.18,,1.0,,2026-08-25,,,,,0.5,,,0.0
3524,RB868,3648,3524,3458,3458,3458,3458,3346,3458,5379732,Chavel Williams,ARST,RB,12.0,12.0,12.0,0.78,9.4,9.4,9.4,0.0,9.4,-148.3,-149.8,-148.3,-148.3,-148.3,-148.3,,,,,,,,0.27,,1.0,,2026-08-25,,,,,0.5,,,0.0
3525,TE571,2938,3525,3460,3460,3460,3460,3348,3460,5388951,Cash Danner,NDSU,TE,12.0,12.0,12.0,0.78,9.4,9.4,9.4,0.0,9.4,-148.3,-144.2,-148.3,-148.3,-148.3,-148.3,,,,,,,,0.3,,1.0,,2026-08-25,,,,,0.5,,,0.0
3526,TE572,2939,3526,3461,3461,3461,3461,3349,3461,5388954,Caden Ward,NDSU,TE,12.0,12.0,12.0,0.78,9.4,9.4,9.4,0.0,9.4,-148.3,-144.2,-148.3,-148.3,-148.3,-148.3,,,,,,,,0.3,,1.0,,2026-08-25,,,,,0.5,,,0.0
3527,WR1839,3744,3527,4333,4333,4332,4334,4222,4334,5369900,Leslie Mosley Jr.,ILL,WR,12.0,12.0,12.0,0.27,3.2,3.2,3.2,0.0,3.2,-154.5,-150.4,-148.3,-148.3,-148.3,-148.3,,,,,,,,0.14,,1.0,,2026-08-25,,,,,0.5,,,0.0
3528,TE573,2940,3528,3464,3464,3464,3464,3352,3464,5193285,Joe Stein,NIU,TE,12.0,12.0,12.0,0.78,9.3,9.3,9.3,0.0,9.3,-148.4,-144.3,-148.4,-148.4,-148.4,-148.4,,,,,,,,0.34,,1.0,,2026-08-25,,,,,0.5,,,0.0
3529,TE574,2943,3529,3467,3467,3467,3467,3355,3467,5228772,Aiden Lowery,OHIO,TE,12.0,12.0,12.0,0.78,9.3,9.3,9.3,0.0,9.3,-148.4,-144.3,-148.4,-148.4,-148.4,-148.4,,,,,,,,0.37,,1.0,,2026-08-25,,,,,0.5,,,0.0
3530,TE575,2944,3530,3468,3468,3468,3468,3356,3468,5228783,AJ Miller,OHIO,TE,12.0,12.0,12.0,0.78,9.3,9.3,9.3,0.0,9.3,-148.4,-144.3,-148.4,-148.4,-148.4,-148.4,,,,,,,,0.31,,1.0,,2026-08-25,,,,,0.5,,,0.0
3531,TE576,2945,3531,3469,3469,3469,3469,3357,3469,5244731,Roman Voss,MINN,TE,12.0,12.0,12.0,0.78,9.3,9.3,9.3,0.0,9.3,-148.4,-144.3,-148.4,-148.4,-148.4,-148.4,,,,,,,,0.32,,1.0,,2026-08-25,,,,,0.5,,,0.0
3532,RB869,3663,3532,3475,3475,3475,3475,3363,3475,5388923,Da'sean Howard,NIU,RB,12.0,12.0,12.0,0.78,9.3,9.3,9.3,0.0,9.3,-148.4,-149.9,-148.4,-148.4,-148.4,-148.4,,,,,,,,0.33,,1.0,,2026-08-25,,,,,0.5,,,0.0
3533,WR1840,3753,3533,4339,4339,4338,4340,4228,4340,5274378,Khatori Marion,USA,WR,12.0,12.0,12.0,0.26,3.1,3.1,3.1,0.0,3.1,-154.6,-150.5,-148.4,-148.4,-148.4,-148.4,,,,,,,,0.2,,1.0,,2026-08-25,,,,,0.5,,,0.0
3534,WR1841,3757,3534,4343,4343,4342,4344,4232,4344,5293738,Charlie Daly,ARMY,WR,12.0,12.0,12.0,0.26,3.1,3.1,3.1,0.0,3.1,-154.6,-150.5,-148.4,-148.4,-148.4,-148.4,,,,,,,,0.12,,1.0,,2026-08-25,,,,,0.5,,,0.0
3535,WR1842,3758,3535,4344,4344,4343,4345,4233,4345,5295886,Kris Willis Jr.,TXST,WR,12.0,12.0,12.0,0.26,3.1,3.1,3.1,0.0,3.1,-154.6,-150.5,-148.4,-148.4,-148.4,-148.4,,,,,,,,0.11,,1.0,,2026-08-25,,,,,0.5,,,0.0
3536,WR1843,3759,3536,4345,4345,4344,4346,4234,4346,5296249,Camdon Pitchford,JXST,WR,12.0,12.0,12.0,0.26,3.1,3.1,3.1,0.0,3.1,-154.6,-150.5,-148.4,-148.4,-148.4,-148.4,,,,,,,,0.13,,1.0,,2026-08-25,,,,,0.5,,,0.0
3537,WR1844,3760,3537,4346,4346,4345,4347,4235,4347,5302839,Avin Robinson,CMU,WR,12.0,12.0,12.0,0.26,3.1,3.1,3.1,0.0,3.1,-154.6,-150.5,-148.4,-148.4,-148.4,-148.4,,,,,,,,0.18,,1.0,,2026-08-25,,,,,0.5,,,0.0
3538,WR1845,3762,3538,4348,4348,4347,4349,4237,4349,5372140,Jackson Maggiore,DUKE,WR,12.0,12.0,12.0,0.26,3.1,3.1,3.1,0.0,3.1,-154.6,-150.5,-148.4,-148.4,-148.4,-148.4,,,,,,,,0.09,,1.0,,2026-08-25,,,,,0.5,,,0.0
3539,TE577,2954,3539,3478,3478,3478,3478,3366,3478,5181572,Trynae Washington,OU,TE,12.0,12.0,12.0,0.77,9.2,9.2,9.2,0.0,9.2,-148.5,-144.4,-148.5,-148.5,-148.5,-148.5,,,,,,,,0.32,,1.0,,2026-08-25,,,,,0.5,,,0.0
3540,TE578,2957,3540,3481,3481,3481,3481,3369,3481,5216526,Ben Rothhaar,RUTG,TE,12.0,12.0,12.0,0.77,9.2,9.2,9.2,0.0,9.2,-148.5,-144.4,-148.5,-148.5,-148.5,-148.5,,,,,,,,0.23,,1.0,,2026-08-25,,,,,0.5,,,0.0
3541,RB870,3676,3541,3482,3482,3482,3482,3370,3482,5265174,Caleb Francois,ISU,RB,12.0,12.0,12.0,0.77,9.2,9.2,9.2,0.0,9.2,-148.5,-150.0,-148.5,-148.5,-148.5,-148.5,,,,,,,,0.3,,1.0,,2026-08-25,,,,,0.5,,,0.0
3542,RB871,3677,3542,3483,3483,3483,3483,3371,3483,5278427,Hudson Higgins,UAB,RB,12.0,12.0,12.0,0.77,9.2,9.2,9.2,0.0,9.2,-148.5,-150.0,-148.5,-148.5,-148.5,-148.5,,,,,,,,0.27,,1.0,,2026-08-25,,,,,0.5,,,0.0
3543,RB872,3678,3543,3486,3486,3486,3486,3374,3486,5296304,Tristin Blackmon,BGSU,RB,12.0,12.0,12.0,0.77,9.2,9.2,9.2,0.0,9.2,-148.5,-150.0,-148.5,-148.5,-148.5,-148.5,,,,,,,,0.35,,1.0,,2026-08-25,,,,,0.5,,,0.0
3544,TE579,2960,3544,3488,3488,3488,3488,3376,3488,5383059,Jadin Hambrick,MTSU,TE,12.0,12.0,12.0,0.77,9.2,9.2,9.2,0.0,9.2,-148.5,-144.4,-148.5,-148.5,-148.5,-148.5,,,,,,,,0.23,,1.0,,2026-08-25,,,,,0.5,,,0.0
3545,RB873,3679,3545,3490,3490,3490,3490,3378,3490,5385754,Marceles Carey,BGSU,RB,12.0,12.0,12.0,0.77,9.2,9.2,9.2,0.0,9.2,-148.5,-150.0,-148.5,-148.5,-148.5,-148.5,,,,,,,,0.35,,1.0,,2026-08-25,,,,,0.5,,,0.0
3546,WR1846,3768,3546,4354,4355,4354,4356,4244,4356,5160504,Cynai Thomas,ORST,WR,12.0,12.0,12.0,0.25,3.0,3.0,3.0,0.0,3.0,-154.7,-150.6,-148.5,-148.5,-148.5,-148.5,,,,,,,,0.23,,1.0,,2026-08-25,,,,,0.5,,,0.0
3547,WR1847,3769,3547,4355,4356,4355,4357,4245,4357,5209415,Jameson Powell,ORST,WR,12.0,12.0,12.0,0.25,3.0,3.0,3.0,0.0,3.0,-154.7,-150.6,-148.5,-148.5,-148.5,-148.5,,,,,,,,0.23,,1.0,,2026-08-25,,,,,0.5,,,0.0
3548,WR1848,3770,3548,4356,4357,4356,4358,4246,4358,5229094,Luke Stuewe,VT,WR,12.0,12.0,12.0,0.25,3.0,3.0,3.0,0.0,3.0,-154.7,-150.6,-148.5,-148.5,-148.5,-148.5,,,,,,,,0.21,,1.0,,2026-08-25,,,,,0.5,,,0.0
3549,WR1849,3772,3549,4358,4359,4358,4360,4248,4360,5296079,Andrea Parisi,UCF,WR,12.0,12.0,12.0,0.25,3.0,3.0,3.0,0.0,3.0,-154.7,-150.6,-148.5,-148.5,-148.5,-148.5,,,,,,,,0.08,,1.0,,2026-08-25,,,,,0.5,,,0.0
3550,WR1850,3774,3550,4360,4361,4360,4362,4250,4362,5302873,Elijah Lucas,WMU,WR,12.0,12.0,12.0,0.25,3.0,3.0,3.0,0.0,3.0,-154.7,-150.6,-148.5,-148.5,-148.5,-148.5,,,,,,,,0.24,,1.0,,2026-08-25,,,,,0.5,,,0.0
3551,WR1851,3775,3551,4361,4362,4361,4363,4251,4363,5311782,Angelo Chapman,WMU,WR,12.0,12.0,12.0,0.25,3.0,3.0,3.0,0.0,3.0,-154.7,-150.6,-148.5,-148.5,-148.5,-148.5,,,,,,,,0.24,,1.0,,2026-08-25,,,,,0.5,,,0.0
3552,WR1852,3776,3552,4362,4363,4362,4364,4252,4364,5375124,Amari Valerio-Hudson,OSU,WR,12.0,12.0,12.0,0.25,3.0,3.0,3.0,0.0,3.0,-154.7,-150.6,-148.5,-148.5,-148.5,-148.5,,,,,,,,0.1,,1.0,,2026-08-25,,,,,0.5,,,0.0
3553,WR1853,3777,3553,4363,4364,4363,4365,4253,4365,5375125,Ryan Seimetz,OSU,WR,12.0,12.0,12.0,0.25,3.0,3.0,3.0,0.0,3.0,-154.7,-150.6,-148.5,-148.5,-148.5,-148.5,,,,,,,,0.1,,1.0,,2026-08-25,,,,,0.5,,,0.0
3554,TE580,2962,3554,3492,3492,3492,3492,3380,3492,5218912,Blake Ragsdale,GT,TE,12.0,12.0,12.0,0.76,9.1,9.1,9.1,0.0,9.1,-148.6,-144.5,-148.6,-148.6,-148.6,-148.6,,,,,,,,0.25,,1.0,,2026-08-25,,,,,0.5,,,0.0
3555,TE581,2964,3555,3494,3494,3494,3494,3382,3494,5274310,Tyler Ruxer,OU,TE,12.0,12.0,12.0,0.76,9.1,9.1,9.1,0.0,9.1,-148.6,-144.5,-148.6,-148.6,-148.6,-148.6,,,,,,,,0.34,,1.0,,2026-08-25,,,,,0.5,,,0.0
3556,WR1854,3785,3556,4369,4369,4368,4370,4258,4370,5289510,Jesse Legree,ORST,WR,12.0,12.0,12.0,0.24,2.9,2.9,2.9,0.0,2.9,-154.8,-150.7,-148.6,-148.6,-148.6,-148.6,,,,,,,,0.22,,1.0,,2026-08-25,,,,,0.5,,,0.0
3557,WR1855,3789,3557,4373,4373,4372,4374,4262,4374,5296450,Brycen Dorsey,MOST,WR,12.0,12.0,12.0,0.24,2.9,2.9,2.9,0.0,2.9,-154.8,-150.7,-148.6,-148.6,-148.6,-148.6,,,,,,,,0.15,,1.0,,2026-08-25,,,,,0.5,,,0.0
3558,WR1856,3792,3558,4377,4377,4376,4378,4266,4378,5369937,Jack Ellenburg,AUB,WR,12.0,12.0,12.0,0.24,2.9,2.9,2.9,0.0,2.9,-154.8,-150.7,-148.6,-148.6,-148.6,-148.6,,,,,,,,0.17,,1.0,,2026-08-25,,,,,0.5,,,0.0
3559,TE582,2969,3559,3499,3499,3499,3499,3387,3499,4781743,Chase Tuatagaloa,USU,TE,12.0,12.0,12.0,0.75,9.0,9.0,9.0,0.0,9.0,-148.7,-144.6,-148.7,-148.7,-148.7,-148.7,,,,,,,,0.25,,1.0,,2026-08-25,,,,,0.5,,,0.0
3560,TE583,2973,3560,3503,3503,3503,3503,3391,3503,5212635,Mikkel Skinner,UK,TE,12.0,12.0,12.0,0.75,9.0,9.0,9.0,0.0,9.0,-148.7,-144.6,-148.7,-148.7,-148.7,-148.7,,,,,,,,0.34,,1.0,,2026-08-25,,,,,0.5,,,0.0
3561,RB874,3706,3561,3510,3510,3510,3510,3398,3510,5306795,Solomon Foye,MD,RB,12.0,12.0,12.0,0.75,9.0,9.0,9.0,0.0,9.0,-148.7,-150.2,-148.7,-148.7,-148.7,-148.7,,,,,,,,0.26,,1.0,,2026-08-25,,,,,0.5,,,0.0
3562,WR1857,3799,3562,4383,4383,4382,4385,4273,4385,5279651,Dominic White,USA,WR,12.0,12.0,12.0,0.23,2.8,2.8,2.8,0.0,2.8,-154.9,-150.8,-148.7,-148.7,-148.7,-148.7,,,,,,,,0.18,,1.0,,2026-08-25,,,,,0.5,,,0.0
3563,WR1858,3800,3563,4384,4384,4383,4386,4274,4386,5290214,Drew Williams,MRSH,WR,12.0,12.0,12.0,0.23,2.8,2.8,2.8,0.0,2.8,-154.9,-150.8,-148.7,-148.7,-148.7,-148.7,,,,,,,,0.15,,1.0,,2026-08-25,,,,,0.5,,,0.0
3564,WR1859,3803,3564,4387,4387,4386,4389,4277,4389,5292044,Amari Nash,NEV,WR,12.0,12.0,12.0,0.23,2.8,2.8,2.8,0.0,2.8,-154.9,-150.8,-148.7,-148.7,-148.7,-148.7,,,,,,,,0.14,,1.0,,2026-08-25,,,,,0.5,,,0.0
3565,WR1860,3804,3565,4388,4388,4387,4390,4278,4390,5296157,Taizaun Burns,CIN,WR,12.0,12.0,12.0,0.23,2.8,2.8,2.8,0.0,2.8,-154.9,-150.8,-148.7,-148.7,-148.7,-148.7,,,,,,,,0.08,,1.0,,2026-08-25,,,,,0.5,,,0.0
3566,WR1861,3805,3566,4389,4389,4388,4391,4279,4391,5302780,Johnny Casey Jr.,LT,WR,12.0,12.0,12.0,0.23,2.8,2.8,2.8,0.0,2.8,-154.9,-150.8,-148.7,-148.7,-148.7,-148.7,,,,,,,,0.16,,1.0,,2026-08-25,,,,,0.5,,,0.0
3567,WR1862,3806,3567,4390,4390,4389,4392,4280,4392,5327593,Da'Shon Febres,CMU,WR,12.0,12.0,12.0,0.23,2.8,2.8,2.8,0.0,2.8,-154.9,-150.8,-148.7,-148.7,-148.7,-148.7,,,,,,,,0.16,,1.0,,2026-08-25,,,,,0.5,,,0.0
3568,RB875,3723,3568,3516,3516,3516,3516,3404,3516,5215030,Zion Gist,MSU,RB,12.0,12.0,12.0,0.74,8.9,8.9,8.9,0.0,8.9,-148.8,-150.3,-148.8,-148.8,-148.8,-148.8,,,,,,,,0.26,,1.0,,2026-08-25,,,,,0.5,,,0.0
3569,TE584,2984,3569,3517,3517,3517,3517,3405,3517,5217177,Taimane Purcell,CAL,TE,12.0,12.0,12.0,0.74,8.9,8.9,8.9,0.0,8.9,-148.8,-144.7,-148.8,-148.8,-148.8,-148.8,,,,,,,,0.3,,1.0,,2026-08-25,,,,,0.5,,,0.0
3570,RB876,3724,3570,3518,3518,3518,3518,3406,3518,5245128,Evan Hampton,VAN,RB,12.0,12.0,12.0,0.74,8.9,8.9,8.9,0.0,8.9,-148.8,-150.3,-148.8,-148.8,-148.8,-148.8,,,,,,,,0.34,,1.0,,2026-08-25,,,,,0.5,,,0.0
3571,RB877,3725,3571,3520,3520,3520,3520,3408,3520,5327442,Tre Hill Jr.,WSU,RB,12.0,12.0,12.0,0.74,8.9,8.9,8.9,0.0,8.9,-148.8,-150.3,-148.8,-148.8,-148.8,-148.8,,,,,,,,0.29,,1.0,,2026-08-25,,,,,0.5,,,0.0
3572,RB878,3726,3572,3521,3521,3521,3521,3409,3521,5328582,Anthony McMullen,BALL,RB,12.0,12.0,12.0,0.74,8.9,8.9,8.9,0.0,8.9,-148.8,-150.3,-148.8,-148.8,-148.8,-148.8,,,,,,,,0.34,,1.0,,2026-08-25,,,,,0.5,,,0.0
3573,RB879,3727,3573,3522,3522,3522,3522,3410,3522,5373941,Ethan Kellum,SC,RB,12.0,12.0,12.0,0.74,8.9,8.9,8.9,0.0,8.9,-148.8,-150.3,-148.8,-148.8,-148.8,-148.8,,,,,,,,0.3,,1.0,,2026-08-25,,,,,0.5,,,0.0
3574,WR1863,3809,3574,4392,4393,4391,4394,4282,4394,5158995,Jalen Lott,ORE,WR,12.0,12.0,12.0,0.22,2.7,2.7,2.7,0.0,2.7,-155.0,-150.9,-148.8,-148.8,-148.8,-148.8,,,,,,,,0.16,,1.0,,2026-08-25,,,,,0.5,,,0.0
3575,WR1864,3810,3575,4393,4394,4392,4395,4283,4395,5207580,Dylan Faison,ND,WR,12.0,12.0,12.0,0.22,2.7,2.7,2.7,0.0,2.7,-155.0,-150.9,-148.8,-148.8,-148.8,-148.8,,,,,,,,0.17,,1.0,,2026-08-25,,,,,0.5,,,0.0
3576,WR1865,3811,3576,4394,4395,4393,4396,4284,4396,5302882,Kash Brock,WIS,WR,12.0,12.0,12.0,0.22,2.7,2.7,2.7,0.0,2.7,-155.0,-150.9,-148.8,-148.8,-148.8,-148.8,,,,,,,,0.15,,1.0,,2026-08-25,,,,,0.5,,,0.0
3577,WR1866,3814,3577,4397,4398,4396,4399,4287,4399,5326943,Chris Dupree,UTSA,WR,12.0,12.0,12.0,0.22,2.7,2.7,2.7,0.0,2.7,-155.0,-150.9,-148.8,-148.8,-148.8,-148.8,,,,,,,,0.12,,1.0,,2026-08-25,,,,,0.5,,,0.0
3578,WR1867,3815,3578,4398,4399,4397,4400,4288,4400,5384729,AJ Carey,NMSU,WR,12.0,12.0,12.0,0.22,2.7,2.7,2.7,0.0,2.7,-155.0,-150.9,-148.8,-148.8,-148.8,-148.8,,,,,,,,0.14,,1.0,,2026-08-25,,,,,0.5,,,0.0
3579,TE585,2990,3579,3529,3529,3529,3529,3417,3529,5215185,Isaiah Butler-Tanner,UTSA,TE,12.0,12.0,12.0,0.73,8.8,8.8,8.8,0.0,8.8,-148.9,-144.8,-148.9,-148.9,-148.9,-148.9,,,,,,,,0.26,,1.0,,2026-08-25,,,,,0.5,,,0.0
3580,WR1868,3820,3580,4403,4403,4402,4406,4294,4406,5290570,Kristion Brooks,UL,WR,12.0,12.0,12.0,0.22,2.6,2.6,2.6,0.0,2.6,-155.1,-151.0,-148.9,-148.9,-148.9,-148.9,,,,,,,,0.19,,1.0,,2026-08-25,,,,,0.5,,,0.0
3581,WR1869,3822,3581,4405,4405,4404,4408,4296,4408,5312211,Bull Mitchell,MSST,WR,12.0,12.0,12.0,0.22,2.6,2.6,2.6,0.0,2.6,-155.1,-151.0,-148.9,-148.9,-148.9,-148.9,,,,,,,,0.1,,1.0,,2026-08-25,,,,,0.5,,,0.0
3582,WR1870,3824,3582,4407,4407,4406,4410,4298,4410,5327660,Jayden Padgett,ORST,WR,12.0,12.0,12.0,0.22,2.6,2.6,2.6,0.0,2.6,-155.1,-151.0,-148.9,-148.9,-148.9,-148.9,,,,,,,,0.2,,1.0,,2026-08-25,,,,,0.5,,,0.0
3583,WR1871,3825,3583,4408,4408,4407,4411,4299,4411,5372135,Fisher Southall,MSST,WR,12.0,12.0,12.0,0.22,2.6,2.6,2.6,0.0,2.6,-155.1,-151.0,-148.9,-148.9,-148.9,-148.9,,,,,,,,0.1,,1.0,,2026-08-25,,,,,0.5,,,0.0
3584,WR1872,3826,3584,4409,4409,4408,4412,4300,4412,5384688,Nash Morrison,KSU,WR,12.0,12.0,12.0,0.22,2.6,2.6,2.6,0.0,2.6,-155.1,-151.0,-148.9,-148.9,-148.9,-148.9,,,,,,,,0.15,,1.0,,2026-08-25,,,,,0.5,,,0.0
3585,WR1873,3827,3585,4410,4410,4409,4413,4301,4413,5393660,MJ Kennybrew,ORST,WR,12.0,12.0,12.0,0.22,2.6,2.6,2.6,0.0,2.6,-155.1,-151.0,-148.9,-148.9,-148.9,-148.9,,,,,,,,0.2,,1.0,,2026-08-25,,,,,0.5,,,0.0
3586,TE586,2999,3586,3537,3537,3537,3537,3425,3537,5141588,Eli Owens,MICH,TE,12.0,12.0,12.0,0.72,8.7,8.7,8.7,0.0,8.7,-149.0,-144.9,-149.0,-149.0,-149.0,-149.0,,,,,,,,0.27,,1.0,,2026-08-25,,,,,0.5,,,0.0
3587,TE587,3000,3587,3538,3538,3538,3538,3426,3538,5147734,Cole Snodgrass,TXST,TE,12.0,12.0,12.0,0.72,8.7,8.7,8.7,0.0,8.7,-149.0,-144.9,-149.0,-149.0,-149.0,-149.0,,,,,,,,0.24,,1.0,,2026-08-25,,,,,0.5,,,0.0
3588,TE588,3001,3588,3539,3539,3539,3539,3427,3539,5148412,Michael Burt,IOWA,TE,12.0,12.0,12.0,0.72,8.7,8.7,8.7,0.0,8.7,-149.0,-144.9,-149.0,-149.0,-149.0,-149.0,,,,,,,,0.22,,1.0,,2026-08-25,,,,,0.5,,,0.0
3589,TE589,3005,3589,3544,3544,3544,3544,3432,3544,5219544,Landon Swanson,CMU,TE,12.0,12.0,12.0,0.72,8.7,8.7,8.7,0.0,8.7,-149.0,-144.9,-149.0,-149.0,-149.0,-149.0,,,,,,,,0.33,,1.0,,2026-08-25,,,,,0.5,,,0.0
3590,TE590,3006,3590,3545,3545,3545,3545,3433,3545,5220155,Nathan Sines,WMU,TE,12.0,12.0,12.0,0.72,8.7,8.7,8.7,0.0,8.7,-149.0,-144.9,-149.0,-149.0,-149.0,-149.0,,,,,,,,0.21,,1.0,,2026-08-25,,,,,0.5,,,0.0
3591,TE591,3007,3591,3546,3546,3546,3546,3434,3546,5220360,Ryder Post,JMU,TE,12.0,12.0,12.0,0.72,8.7,8.7,8.7,0.0,8.7,-149.0,-144.9,-149.0,-149.0,-149.0,-149.0,,,,,,,,0.26,,1.0,,2026-08-25,,,,,0.5,,,0.0
3592,RB880,3746,3592,3548,3548,3548,3548,3436,3548,5281455,Jonathan Brown,MICH,RB,12.0,12.0,12.0,0.72,8.7,8.7,8.7,0.0,8.7,-149.0,-150.5,-149.0,-149.0,-149.0,-149.0,,,,,,,,0.33,,1.0,,2026-08-25,,,,,0.5,,,0.0
3593,RB881,3747,3593,3550,3550,3550,3550,3438,3550,5295817,Brian Case,FLA,RB,12.0,12.0,12.0,0.72,8.7,8.7,8.7,0.0,8.7,-149.0,-150.5,-149.0,-149.0,-149.0,-149.0,,,,,,,,0.29,,1.0,,2026-08-25,,,,,0.5,,,0.0
3594,RB882,3748,3594,3551,3551,3551,3551,3439,3551,5327501,Char'Rese Breveard,BALL,RB,12.0,12.0,12.0,0.72,8.7,8.7,8.7,0.0,8.7,-149.0,-150.5,-149.0,-149.0,-149.0,-149.0,,,,,,,,0.34,,1.0,,2026-08-25,,,,,0.5,,,0.0
3595,WR1874,3829,3595,4412,4412,4410,4414,4302,4414,5159001,Xavier McDonald,JMU,WR,12.0,12.0,12.0,0.21,2.5,2.5,2.5,0.0,2.5,-155.2,-151.1,-149.0,-149.0,-149.0,-149.0,,,,,,,,0.17,,1.0,,2026-08-25,,,,,0.5,,,0.0
3596,WR1875,3830,3596,4413,4413,4411,4415,4303,4415,5165803,Corey Scott,JMU,WR,12.0,12.0,12.0,0.21,2.5,2.5,2.5,0.0,2.5,-155.2,-151.1,-149.0,-149.0,-149.0,-149.0,,,,,,,,0.05,,1.0,,2026-08-25,,,,,0.5,,,0.0
3597,WR1876,3831,3597,4414,4414,4412,4416,4304,4416,5218513,Xavier Southall,ND,WR,12.0,12.0,12.0,0.21,2.5,2.5,2.5,0.0,2.5,-155.2,-151.1,-149.0,-149.0,-149.0,-149.0,,,,,,,,0.11,,1.0,,2026-08-25,,,,,0.5,,,0.0
3598,WR1877,3832,3598,4415,4415,4413,4417,4305,4417,5226578,Eli Adams,WIS,WR,12.0,12.0,12.0,0.21,2.5,2.5,2.5,0.0,2.5,-155.2,-151.1,-149.0,-149.0,-149.0,-149.0,,,,,,,,0.1,,1.0,,2026-08-25,,,,,0.5,,,0.0
3599,WR1878,3835,3599,4418,4418,4416,4420,4308,4420,5278402,Oliver Bender,WSU,WR,12.0,12.0,12.0,0.21,2.5,2.5,2.5,0.0,2.5,-155.2,-151.1,-149.0,-149.0,-149.0,-149.0,,,,,,,,0.17,,1.0,,2026-08-25,,,,,0.5,,,0.0
3600,WR1879,3836,3600,4419,4419,4417,4421,4309,4421,5279906,Dmari Roberts,USF,WR,12.0,12.0,12.0,0.21,2.5,2.5,2.5,0.0,2.5,-155.2,-151.1,-149.0,-149.0,-149.0,-149.0,,,,,,,,0.13,,1.0,,2026-08-25,,,,,0.5,,,0.0
3601,WR1880,3838,3601,4421,4421,4419,4423,4311,4423,5295544,Apollo Payne,IOWA,WR,12.0,12.0,12.0,0.21,2.5,2.5,2.5,0.0,2.5,-155.2,-151.1,-149.0,-149.0,-149.0,-149.0,,,,,,,,0.09,,1.0,,2026-08-25,,,,,0.5,,,0.0
3602,WR1881,3840,3602,4423,4423,4421,4425,4313,4425,5296613,Ryker Ruelas,SJSU,WR,12.0,12.0,12.0,0.21,2.5,2.5,2.5,0.0,2.5,-155.2,-151.1,-149.0,-149.0,-149.0,-149.0,,,,,,,,0.17,,1.0,,2026-08-25,,,,,0.5,,,0.0
3603,WR1882,3842,3603,4426,4426,4424,4428,4316,4428,5387624,Jack Eskridge,BUF,WR,12.0,12.0,12.0,0.21,2.5,2.5,2.5,0.0,2.5,-155.2,-151.1,-149.0,-149.0,-149.0,-149.0,,,,,,,,0.14,,1.0,,2026-08-25,,,,,0.5,,,0.0
3604,TE592,3012,3604,3552,3552,3552,3552,3440,3552,5219293,Henry Omohundro,UVA,TE,12.0,12.0,12.0,0.72,8.6,8.6,8.6,0.0,8.6,-149.1,-145.0,-149.1,-149.1,-149.1,-149.1,,,,,,,,0.22,,1.0,,2026-08-25,,,,,0.5,,,0.0
3605,TE593,3013,3605,3553,3553,3553,3553,3441,3553,5220787,Ethan Wood,BYU,TE,12.0,12.0,12.0,0.72,8.6,8.6,8.6,0.0,8.6,-149.1,-145.0,-149.1,-149.1,-149.1,-149.1,,,,,,,,0.18,,1.0,,2026-08-25,,,,,0.5,,,0.0
3606,TE594,3017,3606,3557,3557,3557,3557,3445,3557,5290659,Jack Richerson,GT,TE,12.0,12.0,12.0,0.72,8.6,8.6,8.6,0.0,8.6,-149.1,-145.0,-149.1,-149.1,-149.1,-149.1,,,,,,,,0.27,,1.0,,2026-08-25,,,,,0.5,,,0.0
3607,RB883,3765,3607,3560,3560,3560,3560,3448,3560,5390364,Finbar Malloy,ARMY,RB,12.0,12.0,12.0,0.72,8.6,8.6,8.6,0.0,8.6,-149.1,-150.6,-149.1,-149.1,-149.1,-149.1,,,,,,,,0.32,,1.0,,2026-08-25,,,,,0.5,,,0.0
3608,TE595,3020,3608,3561,3561,3561,3561,3449,3561,5395313,Cam McFarlin,USA,TE,12.0,12.0,12.0,0.72,8.6,8.6,8.6,0.0,8.6,-149.1,-145.0,-149.1,-149.1,-149.1,-149.1,,,,,,,,0.2,,1.0,,2026-08-25,,,,,0.5,,,0.0
3609,WR1883,3846,3609,4428,4428,4426,4431,4319,4431,5281383,Kaden Page,OHIO,WR,12.0,12.0,12.0,0.2,2.4,2.4,2.4,0.0,2.4,-155.3,-151.2,-149.1,-149.1,-149.1,-149.1,,,,,,,,0.23,,1.0,,2026-08-25,,,,,0.5,,,0.0
3610,WR1884,3847,3610,4429,4429,4427,4432,4320,4432,5295478,Scotty Brennan,ARIZ,WR,12.0,12.0,12.0,0.2,2.4,2.4,2.4,0.0,2.4,-155.3,-151.2,-149.1,-149.1,-149.1,-149.1,,,,,,,,0.13,,1.0,,2026-08-25,,,,,0.5,,,0.0
3611,WR1885,3848,3611,4431,4431,4429,4434,4322,4434,5381512,Jordyn Adams,SMU,WR,12.0,12.0,12.0,0.2,2.4,2.4,2.4,0.0,2.4,-155.3,-151.2,-149.1,-149.1,-149.1,-149.1,,,,,,,,0.11,,1.0,,2026-08-25,,,,,0.5,,,0.0
3612,WR1886,3849,3612,4433,4433,4431,4436,4324,4436,5382946,Nathanael Dates,LIB,WR,12.0,12.0,12.0,0.2,2.4,2.4,2.4,0.0,2.4,-155.3,-151.2,-149.1,-149.1,-149.1,-149.1,,,,,,,,0.14,,1.0,,2026-08-25,,,,,0.5,,,0.0
3613,WR1887,3850,3613,4435,4435,4433,4438,4326,4438,5390297,Kainon Gibson,TLSA,WR,12.0,12.0,12.0,0.2,2.4,2.4,2.4,0.0,2.4,-155.3,-151.2,-149.1,-149.1,-149.1,-149.1,,,,,,,,0.14,,1.0,,2026-08-25,,,,,0.5,,,0.0
3614,TE596,3022,3614,3562,3562,3562,3562,3450,3562,5196433,Zach Giuliano,STAN,TE,12.0,12.0,12.0,0.71,8.5,8.5,8.5,0.0,8.5,-149.2,-145.1,-149.2,-149.2,-149.2,-149.2,,,,,,,,0.35,,1.0,,2026-08-25,,,,,0.5,,,0.0
3615,TE597,3025,3615,3565,3565,3565,3565,3453,3565,5217701,Jackson Shockley,TLSA,TE,12.0,12.0,12.0,0.71,8.5,8.5,8.5,0.0,8.5,-149.2,-145.1,-149.2,-149.2,-149.2,-149.2,,,,,,,,0.31,,1.0,,2026-08-25,,,,,0.5,,,0.0
3616,RB884,3781,3616,3568,3568,3568,3568,3456,3568,5280802,Gabriel Wilson,ISU,RB,12.0,12.0,12.0,0.71,8.5,8.5,8.5,0.0,8.5,-149.2,-150.7,-149.2,-149.2,-149.2,-149.2,,,,,,,,0.28,,1.0,,2026-08-25,,,,,0.5,,,0.0
3617,TE598,3029,3617,3572,3572,3572,3572,3460,3572,5301047,Elijah Huddle,SAC,TE,12.0,12.0,12.0,0.71,8.5,8.5,8.5,0.0,8.5,-149.2,-145.1,-149.2,-149.2,-149.2,-149.2,,,,,,,,0.27,,1.0,,2026-08-25,,,,,0.5,,,0.0
3618,RB885,3782,3618,3573,3573,3573,3573,3461,3573,5327140,Niko Castillo,MINN,RB,12.0,12.0,12.0,0.71,8.5,8.5,8.5,0.0,8.5,-149.2,-150.7,-149.2,-149.2,-149.2,-149.2,,,,,,,,0.25,,1.0,,2026-08-25,,,,,0.5,,,0.0
3619,WR1888,3854,3619,4436,4438,4434,4439,4327,4439,5159013,Salesi Moa,MICH,WR,12.0,12.0,12.0,0.19,2.3,2.3,2.3,0.0,2.3,-155.4,-151.3,-149.2,-149.2,-149.2,-149.2,,,,,,,,0.15,,1.0,,2026-08-25,,,,,0.5,,,0.0
3620,WR1889,3855,3620,4437,4439,4435,4440,4328,4440,5211889,Messiah Hampton,ORE,WR,12.0,12.0,12.0,0.19,2.3,2.3,2.3,0.0,2.3,-155.4,-151.3,-149.2,-149.2,-149.2,-149.2,,,,,,,,0.14,,1.0,,2026-08-25,,,,,0.5,,,0.0
3621,WR1890,3857,3621,4439,4441,4437,4442,4330,4442,5225254,Dominic Monz,AKR,WR,12.0,12.0,12.0,0.19,2.3,2.3,2.3,0.0,2.3,-155.4,-151.3,-149.2,-149.2,-149.2,-149.2,,,,,,,,0.19,,1.0,,2026-08-25,,,,,0.5,,,0.0
3622,WR1891,3863,3622,4445,4447,4443,4448,4336,4448,5293959,Ben Petermann,TENN,WR,12.0,12.0,12.0,0.19,2.3,2.3,2.3,0.0,2.3,-155.4,-151.3,-149.2,-149.2,-149.2,-149.2,,,,,,,,0.1,,1.0,,2026-08-25,,,,,0.5,,,0.0
3623,WR1892,3864,3623,4447,4449,4445,4450,4338,4450,5296429,Chase Davis,MTSU,WR,12.0,12.0,12.0,0.19,2.3,2.3,2.3,0.0,2.3,-155.4,-151.3,-149.2,-149.2,-149.2,-149.2,,,,,,,,0.15,,1.0,,2026-08-25,,,,,0.5,,,0.0
3624,WR1893,3865,3624,4449,4451,4447,4452,4340,4452,5372203,Tony Bland,FSU,WR,12.0,12.0,12.0,0.19,2.3,2.3,2.3,0.0,2.3,-155.4,-151.3,-149.2,-149.2,-149.2,-149.2,,,,,,,,0.12,,1.0,,2026-08-25,,,,,0.5,,,0.0
3625,WR1894,3867,3625,4451,4453,4449,4454,4342,4454,5394425,Jayden Lewis,UL,WR,12.0,12.0,12.0,0.19,2.3,2.3,2.3,0.0,2.3,-155.4,-151.3,-149.2,-149.2,-149.2,-149.2,,,,,,,,0.17,,1.0,,2026-08-25,,,,,0.5,,,0.0
3626,QB249,4247,3626,1025,1025,1016,1026,914,1026,5155039,Aidan Warner,FLA,QB,12.0,12.0,12.0,6.22,74.7,74.7,74.7,0.0,74.7,-170.4,-170.5,-153.6,-149.3,-149.3,-149.3,,,,,,,,0.66,,1.0,,2026-08-25,,,,,0.5,,,0.0
3627,TE599,3032,3627,3577,3577,3577,3577,3465,3577,5158916,Matthew Bailiff,HAW,TE,12.0,12.0,12.0,0.7,8.4,8.4,8.4,0.0,8.4,-149.3,-145.2,-149.3,-149.3,-149.3,-149.3,,,,,,,,0.21,,1.0,,2026-08-25,,,,,0.5,,,0.0
3628,TE600,3034,3628,3579,3579,3579,3579,3467,3579,5222252,Max Hunt,PITT,TE,12.0,12.0,12.0,0.7,8.4,8.4,8.4,0.0,8.4,-149.3,-145.2,-149.3,-149.3,-149.3,-149.3,,,,,,,,0.24,,1.0,,2026-08-25,,,,,0.5,,,0.0
3629,TE601,3035,3629,3580,3580,3580,3580,3468,3580,5227760,David Wise,TEM,TE,12.0,12.0,12.0,0.7,8.4,8.4,8.4,0.0,8.4,-149.3,-145.2,-149.3,-149.3,-149.3,-149.3,,,,,,,,0.21,,1.0,,2026-08-25,,,,,0.5,,,0.0
3630,TE602,3036,3630,3581,3581,3581,3581,3469,3581,5268642,Braden Bach,TCU,TE,12.0,12.0,12.0,0.7,8.4,8.4,8.4,0.0,8.4,-149.3,-145.2,-149.3,-149.3,-149.3,-149.3,,,,,,,,0.27,,1.0,,2026-08-25,,,,,0.5,,,0.0
3631,RB886,3794,3631,3586,3586,3586,3586,3474,3586,5294267,Mateaki Helu,UTAH,RB,12.0,12.0,12.0,0.7,8.4,8.4,8.4,0.0,8.4,-149.3,-150.8,-149.3,-149.3,-149.3,-149.3,,,,,,,,0.21,,1.0,,2026-08-25,,,,,0.5,,,0.0
3632,RB887,3795,3632,3588,3588,3588,3588,3476,3588,5394601,John Ford,USM,RB,12.0,12.0,12.0,0.7,8.4,8.4,8.4,0.0,8.4,-149.3,-150.8,-149.3,-149.3,-149.3,-149.3,,,,,,,,0.31,,1.0,,2026-08-25,,,,,0.5,,,0.0
3633,WR1895,3877,3633,4461,4462,4458,4462,4350,4462,5292277,Brennan Chambers,MRSH,WR,12.0,12.0,12.0,0.18,2.2,2.2,2.2,0.0,2.2,-155.5,-151.4,-149.3,-149.3,-149.3,-149.3,,,,,,,,0.12,,1.0,,2026-08-25,,,,,0.5,,,0.0
3634,WR1896,3878,3634,4462,4463,4459,4463,4351,4463,5295781,Khalil Quinn,GAST,WR,12.0,12.0,12.0,0.18,2.2,2.2,2.2,0.0,2.2,-155.5,-151.4,-149.3,-149.3,-149.3,-149.3,,,,,,,,0.13,,1.0,,2026-08-25,,,,,0.5,,,0.0
3635,WR1897,3880,3635,4464,4465,4461,4465,4353,4465,5320928,Aiden Burke,MRSH,WR,12.0,12.0,12.0,0.18,2.2,2.2,2.2,0.0,2.2,-155.5,-151.4,-149.3,-149.3,-149.3,-149.3,,,,,,,,0.12,,1.0,,2026-08-25,,,,,0.5,,,0.0
3636,WR1898,3881,3636,4465,4466,4462,4466,4354,4466,5326061,Deven Vigue,NEV,WR,12.0,12.0,12.0,0.18,2.2,2.2,2.2,0.0,2.2,-155.5,-151.4,-149.3,-149.3,-149.3,-149.3,,,,,,,,0.11,,1.0,,2026-08-25,,,,,0.5,,,0.0
3637,TE603,3047,3637,3593,3593,3593,3593,3481,3593,5214449,Joeseph Skipworth,MSST,TE,12.0,12.0,12.0,0.69,8.3,8.3,8.3,0.0,8.3,-149.4,-145.3,-149.4,-149.4,-149.4,-149.4,,,,,,,,0.28,,1.0,,2026-08-25,,,,,0.5,,,0.0
3638,TE604,3048,3638,3595,3595,3595,3595,3483,3595,5220393,Sawyer Lovvorn,MTSU,TE,12.0,12.0,12.0,0.69,8.3,8.3,8.3,0.0,8.3,-149.4,-145.3,-149.4,-149.4,-149.4,-149.4,,,,,,,,0.29,,1.0,,2026-08-25,,,,,0.5,,,0.0
3639,RB888,3807,3639,3601,3601,3601,3601,3489,3601,5327591,Ryken Banks,WYO,RB,12.0,12.0,12.0,0.69,8.3,8.3,8.3,0.0,8.3,-149.4,-150.9,-149.4,-149.4,-149.4,-149.4,,,,,,,,0.24,,1.0,,2026-08-25,,,,,0.5,,,0.0
3640,RB889,3808,3640,3603,3603,3603,3603,3491,3603,5379830,Kente Edawards,CCU,RB,12.0,12.0,12.0,0.69,8.3,8.3,8.3,0.0,8.3,-149.4,-150.9,-149.4,-149.4,-149.4,-149.4,,,,,,,,0.35,,1.0,,2026-08-25,,,,,0.5,,,0.0
3641,WR1899,3882,3641,4467,4468,4464,4468,4356,4468,5268751,Blake Mclane,TXST,WR,12.0,12.0,12.0,0.18,2.1,2.1,2.1,0.0,2.1,-155.6,-151.5,-149.4,-149.4,-149.4,-149.4,,,,,,,,0.15,,1.0,,2026-08-25,,,,,0.5,,,0.0
3642,WR1900,3883,3642,4468,4469,4465,4469,4357,4469,5282366,Hudson Lewis,ORE,WR,12.0,12.0,12.0,0.18,2.1,2.1,2.1,0.0,2.1,-155.6,-151.5,-149.4,-149.4,-149.4,-149.4,,,,,,,,0.14,,1.0,,2026-08-25,,,,,0.5,,,0.0
3643,WR1901,3884,3643,4469,4470,4466,4470,4358,4470,5287644,Gabe Legrand,USF,WR,12.0,12.0,12.0,0.18,2.1,2.1,2.1,0.0,2.1,-155.6,-151.5,-149.4,-149.4,-149.4,-149.4,,,,,,,,0.11,,1.0,,2026-08-25,,,,,0.5,,,0.0
3644,WR1902,3885,3644,4470,4471,4467,4471,4359,4471,5302804,Zach Hackleman,OHIO,WR,12.0,12.0,12.0,0.18,2.1,2.1,2.1,0.0,2.1,-155.6,-151.5,-149.4,-149.4,-149.4,-149.4,,,,,,,,0.2,,1.0,,2026-08-25,,,,,0.5,,,0.0
3645,WR1903,3886,3645,4471,4472,4468,4472,4360,4472,5327560,Marcus Hughbanks,OHIO,WR,12.0,12.0,12.0,0.18,2.1,2.1,2.1,0.0,2.1,-155.6,-151.5,-149.4,-149.4,-149.4,-149.4,,,,,,,,0.2,,1.0,,2026-08-25,,,,,0.5,,,0.0
3646,WR1904,3887,3646,4472,4473,4469,4473,4361,4473,5384823,Armoni Weaver-Bomar,WVU,WR,12.0,12.0,12.0,0.18,2.1,2.1,2.1,0.0,2.1,-155.6,-151.5,-149.4,-149.4,-149.4,-149.4,,,,,,,,0.12,,1.0,,2026-08-25,,,,,0.5,,,0.0
3647,RB890,3817,3647,3606,3606,3606,3606,3494,3606,5281457,Carson Lovett,BGSU,RB,12.0,12.0,12.0,0.68,8.2,8.2,8.2,0.0,8.2,-149.5,-151.0,-149.5,-149.5,-149.5,-149.5,,,,,,,,0.4,,1.0,,2026-08-25,,,,,0.5,,,0.0
3648,WR1905,3898,3648,4482,4482,4478,4482,4370,4482,5391321,Truman Brasfield,NAVY,WR,12.0,12.0,12.0,0.17,2.0,2.0,2.0,0.0,2.0,-155.7,-151.6,-149.5,-149.5,-149.5,-149.5,,,,,,,,0.14,,1.0,,2026-08-25,,,,,0.5,,,0.0
3649,WR1906,3899,3649,4483,4483,4479,4483,4371,4483,5391323,JP Donovan,NAVY,WR,12.0,12.0,12.0,0.17,2.0,2.0,2.0,0.0,2.0,-155.7,-151.6,-149.5,-149.5,-149.5,-149.5,,,,,,,,0.14,,1.0,,2026-08-25,,,,,0.5,,,0.0
3650,WR1907,3900,3650,4484,4484,4480,4484,4372,4484,5391326,Bash Bodily,NAVY,WR,12.0,12.0,12.0,0.17,2.0,2.0,2.0,0.0,2.0,-155.7,-151.6,-149.5,-149.5,-149.5,-149.5,,,,,,,,0.14,,1.0,,2026-08-25,,,,,0.5,,,0.0
3651,WR1908,3901,3651,4485,4485,4481,4485,4373,4485,5391332,Gus Anderson,NAVY,WR,12.0,12.0,12.0,0.17,2.0,2.0,2.0,0.0,2.0,-155.7,-151.6,-149.5,-149.5,-149.5,-149.5,,,,,,,,0.14,,1.0,,2026-08-25,,,,,0.5,,,0.0
3652,WR1909,3902,3652,4486,4486,4482,4486,4374,4486,5391337,Tyler Breedlove,NAVY,WR,12.0,12.0,12.0,0.17,2.0,2.0,2.0,0.0,2.0,-155.7,-151.6,-149.5,-149.5,-149.5,-149.5,,,,,,,,0.14,,1.0,,2026-08-25,,,,,0.5,,,0.0
3653,WR1910,3903,3653,4487,4487,4483,4487,4375,4487,5391339,James Cusick II,NAVY,WR,12.0,12.0,12.0,0.17,2.0,2.0,2.0,0.0,2.0,-155.7,-151.6,-149.5,-149.5,-149.5,-149.5,,,,,,,,0.14,,1.0,,2026-08-25,,,,,0.5,,,0.0
3654,WR1911,3904,3654,4488,4488,4484,4488,4376,4488,5391346,Ihsaan Alozie,NAVY,WR,12.0,12.0,12.0,0.17,2.0,2.0,2.0,0.0,2.0,-155.7,-151.6,-149.5,-149.5,-149.5,-149.5,,,,,,,,0.14,,1.0,,2026-08-25,,,,,0.5,,,0.0
3655,WR1912,3905,3655,4489,4489,4485,4489,4377,4489,5391348,Armoni Spurlock,NAVY,WR,12.0,12.0,12.0,0.17,2.0,2.0,2.0,0.0,2.0,-155.7,-151.6,-149.5,-149.5,-149.5,-149.5,,,,,,,,0.14,,1.0,,2026-08-25,,,,,0.5,,,0.0
3656,WR1913,3906,3656,4490,4490,4486,4490,4378,4490,5395311,JJ Williams,USA,WR,12.0,12.0,12.0,0.17,2.0,2.0,2.0,0.0,2.0,-155.7,-151.6,-149.5,-149.5,-149.5,-149.5,,,,,,,,0.13,,1.0,,2026-08-25,,,,,0.5,,,0.0
3657,QB250,4248,3657,1031,1031,1022,1032,920,1032,4875125,Max Brown,WVU,QB,12.0,12.0,12.0,6.2,74.4,74.4,74.4,0.0,74.4,-170.7,-170.8,-153.9,-149.6,-149.6,-149.6,,,,,,,,0.65,,1.0,,2026-08-25,,,,,0.5,,,0.0
3658,TE605,3064,3658,3612,3612,3612,3612,3500,3612,5193325,Jake Wilson,WYO,TE,12.0,12.0,12.0,0.68,8.1,8.1,8.1,0.0,8.1,-149.6,-145.5,-149.6,-149.6,-149.6,-149.6,,,,,,,,0.22,,1.0,,2026-08-25,,,,,0.5,,,0.0
3659,RB891,3828,3659,3617,3617,3617,3617,3505,3617,5390471,Cam Netwon,COLO,RB,12.0,12.0,12.0,0.68,8.1,8.1,8.1,0.0,8.1,-149.6,-151.1,-149.6,-149.6,-149.6,-149.6,,,,,,,,0.28,,1.0,,2026-08-25,,,,,0.5,,,0.0
3660,WR1914,3908,3660,4491,4491,4487,4491,4379,4491,5226983,Nick Thomas,MIA,WR,12.0,12.0,12.0,0.16,1.9,1.9,1.9,0.0,1.9,-155.8,-151.7,-149.6,-149.6,-149.6,-149.6,,,,,,,,0.05,,1.0,,2026-08-25,,,,,0.5,,,0.0
3661,WR1915,3909,3661,4492,4492,4488,4492,4380,4492,5290246,Elijah Moss,JMU,WR,12.0,12.0,12.0,0.16,1.9,1.9,1.9,0.0,1.9,-155.8,-151.7,-149.6,-149.6,-149.6,-149.6,,,,,,,,0.12,,1.0,,2026-08-25,,,,,0.5,,,0.0
3662,WR1916,3910,3662,4493,4493,4489,4493,4381,4493,5290622,Trace Burney,JMU,WR,12.0,12.0,12.0,0.16,1.9,1.9,1.9,0.0,1.9,-155.8,-151.7,-149.6,-149.6,-149.6,-149.6,,,,,,,,0.12,,1.0,,2026-08-25,,,,,0.5,,,0.0
3663,WR1917,3912,3663,4495,4495,4491,4495,4383,4495,5295187,Luke Sivon,AKR,WR,12.0,12.0,12.0,0.16,1.9,1.9,1.9,0.0,1.9,-155.8,-151.7,-149.6,-149.6,-149.6,-149.6,,,,,,,,0.16,,1.0,,2026-08-25,,,,,0.5,,,0.0
3664,WR1918,3913,3664,4496,4496,4492,4496,4384,4496,5334189,Kaleb Smith,JMU,WR,12.0,12.0,12.0,0.16,1.9,1.9,1.9,0.0,1.9,-155.8,-151.7,-149.6,-149.6,-149.6,-149.6,,,,,,,,0.15,,1.0,,2026-08-25,,,,,0.5,,,0.0
3665,WR1919,3915,3665,4498,4498,4494,4498,4386,4498,5386518,Grant Woods,USC,WR,12.0,12.0,12.0,0.16,1.9,1.9,1.9,0.0,1.9,-155.8,-151.7,-149.6,-149.6,-149.6,-149.6,,,,,,,,0.08,,1.0,,2026-08-25,,,,,0.5,,,0.0
3666,WR1920,3916,3666,4499,4499,4495,4499,4387,4499,5386521,Griffin Brahm,USC,WR,12.0,12.0,12.0,0.16,1.9,1.9,1.9,0.0,1.9,-155.8,-151.7,-149.6,-149.6,-149.6,-149.6,,,,,,,,0.08,,1.0,,2026-08-25,,,,,0.5,,,0.0
3667,WR1921,3918,3667,4501,4501,4497,4501,4389,4501,5394401,Blake Parker,OHIO,WR,12.0,12.0,12.0,0.16,1.9,1.9,1.9,0.0,1.9,-155.8,-151.7,-149.6,-149.6,-149.6,-149.6,,,,,,,,0.18,,1.0,,2026-08-25,,,,,0.5,,,0.0
3668,WR1922,3919,3668,4502,4502,4498,4502,4390,4502,5394408,MC Walker II,OHIO,WR,12.0,12.0,12.0,0.16,1.9,1.9,1.9,0.0,1.9,-155.8,-151.7,-149.6,-149.6,-149.6,-149.6,,,,,,,,0.18,,1.0,,2026-08-25,,,,,0.5,,,0.0
3669,TE606,3072,3669,3618,3618,3618,3618,3506,3618,5164338,Baron Naone,WASH,TE,12.0,12.0,12.0,0.67,8.0,8.0,8.0,0.0,8.0,-149.7,-145.6,-149.7,-149.7,-149.7,-149.7,,,,,,,,0.28,,1.0,,2026-08-25,,,,,0.5,,,0.0
3670,RB892,3843,3670,3619,3619,3619,3619,3507,3619,5210049,Chancellor Sparks,M-OH,RB,12.0,12.0,12.0,0.67,8.0,8.0,8.0,0.0,8.0,-149.7,-151.2,-149.7,-149.7,-149.7,-149.7,,,,,,,,0.29,,1.0,,2026-08-25,,,,,0.5,,,0.0
3671,TE607,3076,3671,3623,3623,3623,3623,3511,3623,5252196,Brock Camp,CSU,TE,12.0,12.0,12.0,0.67,8.0,8.0,8.0,0.0,8.0,-149.7,-145.6,-149.7,-149.7,-149.7,-149.7,,,,,,,,0.31,,1.0,,2026-08-25,,,,,0.5,,,0.0
3672,RB893,3844,3672,3631,3631,3631,3631,3519,3631,5369946,Zeke Bates,MINN,RB,12.0,12.0,12.0,0.67,8.0,8.0,8.0,0.0,8.0,-149.7,-151.2,-149.7,-149.7,-149.7,-149.7,,,,,,,,0.24,,1.0,,2026-08-25,,,,,0.5,,,0.0
3673,TE608,3083,3673,3632,3632,3632,3632,3520,3632,5379841,Ben Verges,CCU,TE,12.0,12.0,12.0,0.67,8.0,8.0,8.0,0.0,8.0,-149.7,-145.6,-149.7,-149.7,-149.7,-149.7,,,,,,,,0.24,,1.0,,2026-08-25,,,,,0.5,,,0.0
3674,TE609,3084,3674,3633,3633,3633,3633,3521,3633,5388937,Glen Weber,NIU,TE,12.0,12.0,12.0,0.67,8.0,8.0,8.0,0.0,8.0,-149.7,-145.6,-149.7,-149.7,-149.7,-149.7,,,,,,,,0.21,,1.0,,2026-08-25,,,,,0.5,,,0.0
3675,WR1923,3922,3675,4503,4503,4499,4504,4392,4504,5203607,Elijah Hardy,UCF,WR,12.0,12.0,12.0,0.15,1.8,1.8,1.8,0.0,1.8,-155.9,-151.8,-149.7,-149.7,-149.7,-149.7,,,,,,,,0.09,,1.0,,2026-08-25,,,,,0.5,,,0.0
3676,WR1924,3926,3676,4507,4507,4503,4508,4396,4508,5384731,Josiah Castillo,NMSU,WR,12.0,12.0,12.0,0.15,1.8,1.8,1.8,0.0,1.8,-155.9,-151.8,-149.7,-149.7,-149.7,-149.7,,,,,,,,0.09,,1.0,,2026-08-25,,,,,0.5,,,0.0
3677,WR1925,3927,3677,4508,4508,4504,4509,4397,4509,5388316,Wyatt Januska,KENT,WR,12.0,12.0,12.0,0.15,1.8,1.8,1.8,0.0,1.8,-155.9,-151.8,-149.7,-149.7,-149.7,-149.7,,,,,,,,0.13,,1.0,,2026-08-25,,,,,0.5,,,0.0
3678,WR1926,3928,3678,4509,4509,4505,4510,4398,4510,5388321,Aidan Stewart,KENT,WR,12.0,12.0,12.0,0.15,1.8,1.8,1.8,0.0,1.8,-155.9,-151.8,-149.7,-149.7,-149.7,-149.7,,,,,,,,0.13,,1.0,,2026-08-25,,,,,0.5,,,0.0
3679,WR1927,3929,3679,4510,4510,4506,4511,4399,4511,5394578,Ethan Masteller,WSU,WR,12.0,12.0,12.0,0.15,1.8,1.8,1.8,0.0,1.8,-155.9,-151.8,-149.7,-149.7,-149.7,-149.7,,,,,,,,0.14,,1.0,,2026-08-25,,,,,0.5,,,0.0
3680,RB894,3851,3680,3636,3636,3636,3636,3524,3636,5159065,Ansu Sanoe,WASH,RB,12.0,12.0,12.0,0.66,7.9,7.9,7.9,0.0,7.9,-149.8,-151.3,-149.8,-149.8,-149.8,-149.8,,,,,,,,0.31,,1.0,,2026-08-25,,,,,0.5,,,0.0
3681,RB895,3852,3681,3638,3638,3638,3638,3526,3638,5209431,Jett Walker,TEX,RB,12.0,12.0,12.0,0.66,7.9,7.9,7.9,0.0,7.9,-149.8,-151.3,-149.8,-149.8,-149.8,-149.8,,,,,,,,0.22,,1.0,,2026-08-25,,,,,0.5,,,0.0
3682,TE610,3088,3682,3639,3639,3639,3639,3527,3639,5209596,Cross Nimmo,WKU,TE,12.0,12.0,12.0,0.66,7.9,7.9,7.9,0.0,7.9,-149.8,-145.7,-149.8,-149.8,-149.8,-149.8,,,,,,,,0.24,,1.0,,2026-08-25,,,,,0.5,,,0.0
3683,TE611,3089,3683,3640,3640,3640,3640,3528,3640,5210412,Henry Gabalis,ARIZ,TE,12.0,12.0,12.0,0.66,7.9,7.9,7.9,0.0,7.9,-149.8,-145.7,-149.8,-149.8,-149.8,-149.8,,,,,,,,0.24,,1.0,,2026-08-25,,,,,0.5,,,0.0
3684,RB896,3853,3684,3641,3641,3641,3641,3529,3641,5214648,Jayreon Campbell,IU,RB,12.0,12.0,12.0,0.66,7.9,7.9,7.9,0.0,7.9,-149.8,-151.3,-149.8,-149.8,-149.8,-149.8,,,,,,,,0.32,,1.0,,2026-08-25,,,,,0.5,,,0.0
3685,TE612,3090,3685,3642,3642,3642,3642,3530,3642,5219723,DJ Cicero,TULN,TE,12.0,12.0,12.0,0.66,7.9,7.9,7.9,0.0,7.9,-149.8,-145.7,-149.8,-149.8,-149.8,-149.8,,,,,,,,0.21,,1.0,,2026-08-25,,,,,0.5,,,0.0
3686,TE613,3091,3686,3644,3644,3644,3644,3532,3644,5266581,Eddie Whiting,MSU,TE,12.0,12.0,12.0,0.66,7.9,7.9,7.9,0.0,7.9,-149.8,-145.7,-149.8,-149.8,-149.8,-149.8,,,,,,,,0.26,,1.0,,2026-08-25,,,,,0.5,,,0.0
3687,WR1928,3934,3687,4513,4514,4510,4514,4402,4514,5264660,Afy Ibekwe,NIU,WR,12.0,12.0,12.0,0.14,1.7,1.7,1.7,0.0,1.7,-156.0,-151.9,-149.8,-149.8,-149.8,-149.8,,,,,,,,0.17,,1.0,,2026-08-25,,,,,0.5,,,0.0
3688,WR1929,3935,3688,4514,4515,4511,4515,4403,4515,5295188,Troy Hazuda,AKR,WR,12.0,12.0,12.0,0.14,1.7,1.7,1.7,0.0,1.7,-156.0,-151.9,-149.8,-149.8,-149.8,-149.8,,,,,,,,0.14,,1.0,,2026-08-25,,,,,0.5,,,0.0
3689,WR1930,3937,3689,4516,4517,4513,4517,4405,4517,5382269,Sean Manuel,CLT,WR,12.0,12.0,12.0,0.14,1.7,1.7,1.7,0.0,1.7,-156.0,-151.9,-149.8,-149.8,-149.8,-149.8,,,,,,,,0.07,,1.0,,2026-08-25,,,,,0.5,,,0.0
3690,WR1931,3938,3690,4517,4518,4514,4518,4406,4518,5382279,Shelden Golliday,CLT,WR,12.0,12.0,12.0,0.14,1.7,1.7,1.7,0.0,1.7,-156.0,-151.9,-149.8,-149.8,-149.8,-149.8,,,,,,,,0.07,,1.0,,2026-08-25,,,,,0.5,,,0.0
3691,WR1932,3939,3691,4518,4519,4515,4519,4407,4519,5383052,Malachi Steele,MTSU,WR,12.0,12.0,12.0,0.14,1.7,1.7,1.7,0.0,1.7,-156.0,-151.9,-149.8,-149.8,-149.8,-149.8,,,,,,,,0.11,,1.0,,2026-08-25,,,,,0.5,,,0.0
3692,WR1933,3940,3692,4519,4520,4516,4520,4408,4520,5383067,Devin Staley,MOST,WR,12.0,12.0,12.0,0.14,1.7,1.7,1.7,0.0,1.7,-156.0,-151.9,-149.8,-149.8,-149.8,-149.8,,,,,,,,0.09,,1.0,,2026-08-25,,,,,0.5,,,0.0
3693,WR1934,3941,3693,4520,4521,4517,4521,4409,4521,5383073,Torrin Teague,MOST,WR,12.0,12.0,12.0,0.14,1.7,1.7,1.7,0.0,1.7,-156.0,-151.9,-149.8,-149.8,-149.8,-149.8,,,,,,,,0.09,,1.0,,2026-08-25,,,,,0.5,,,0.0
3694,TE614,3097,3694,3650,3650,3650,3650,3538,3650,5141371,Ethan Barbour,UGA,TE,12.0,12.0,12.0,0.65,7.8,7.8,7.8,0.0,7.8,-149.9,-145.8,-149.9,-149.9,-149.9,-149.9,,,,,,,,0.27,,1.0,,2026-08-25,,,,,0.5,,,0.0
3695,TE615,3100,3695,3653,3653,3653,3653,3541,3653,5219043,Justin Kattus,UK,TE,12.0,12.0,12.0,0.65,7.8,7.8,7.8,0.0,7.8,-149.9,-145.8,-149.9,-149.9,-149.9,-149.9,,,,,,,,0.25,,1.0,,2026-08-25,,,,,0.5,,,0.0
3696,TE616,3101,3696,3654,3654,3654,3654,3542,3654,5219261,Cash Hayden,ISU,TE,12.0,12.0,12.0,0.65,7.8,7.8,7.8,0.0,7.8,-149.9,-145.8,-149.9,-149.9,-149.9,-149.9,,,,,,,,0.24,,1.0,,2026-08-25,,,,,0.5,,,0.0
3697,RB897,3868,3697,3659,3659,3659,3659,3547,3659,5382271,Chris Najm,CLT,RB,12.0,12.0,12.0,0.65,7.8,7.8,7.8,0.0,7.8,-149.9,-151.4,-149.9,-149.9,-149.9,-149.9,,,,,,,,0.31,,1.0,,2026-08-25,,,,,0.5,,,0.0
3698,RB898,3869,3698,3660,3660,3660,3660,3548,3660,5388437,Ike Steward,M-OH,RB,12.0,12.0,12.0,0.65,7.8,7.8,7.8,0.0,7.8,-149.9,-151.4,-149.9,-149.9,-149.9,-149.9,,,,,,,,0.29,,1.0,,2026-08-25,,,,,0.5,,,0.0
3699,WR1935,3947,3699,4523,4524,4522,4525,4413,4525,5295885,Jonah Jones,TXST,WR,12.0,12.0,12.0,0.13,1.6,1.6,1.6,0.0,1.6,-156.1,-152.0,-149.9,-149.9,-149.9,-149.9,,,,,,,,0.13,,1.0,,2026-08-25,,,,,0.5,,,0.0
3700,WR1936,3948,3700,4524,4525,4523,4526,4414,4526,5296018,Nathan McCoy II,ORE,WR,12.0,12.0,12.0,0.13,1.6,1.6,1.6,0.0,1.6,-156.1,-152.0,-149.9,-149.9,-149.9,-149.9,,,,,,,,0.11,,1.0,,2026-08-25,,,,,0.5,,,0.0
3701,WR1937,3949,3701,4525,4526,4524,4527,4415,4527,5296019,Jovon McRae II,ORE,WR,12.0,12.0,12.0,0.13,1.6,1.6,1.6,0.0,1.6,-156.1,-152.0,-149.9,-149.9,-149.9,-149.9,,,,,,,,0.11,,1.0,,2026-08-25,,,,,0.5,,,0.0
3702,WR1938,3950,3702,4526,4527,4525,4528,4416,4528,5296047,Quinn Rosenkranz,PUR,WR,12.0,12.0,12.0,0.13,1.6,1.6,1.6,0.0,1.6,-156.1,-152.0,-149.9,-149.9,-149.9,-149.9,,,,,,,,0.1,,1.0,,2026-08-25,,,,,0.5,,,0.0
3703,WR1939,3951,3703,4527,4528,4526,4529,4417,4529,5381587,Darius Johnson,SYR,WR,12.0,12.0,12.0,0.13,1.6,1.6,1.6,0.0,1.6,-156.1,-152.0,-149.9,-149.9,-149.9,-149.9,,,,,,,,0.1,,1.0,,2026-08-25,,,,,0.5,,,0.0
3704,WR1940,3952,3704,4528,4529,4527,4530,4418,4530,5385755,Dom Woods,BGSU,WR,12.0,12.0,12.0,0.13,1.6,1.6,1.6,0.0,1.6,-156.1,-152.0,-149.9,-149.9,-149.9,-149.9,,,,,,,,0.19,,1.0,,2026-08-25,,,,,0.5,,,0.0
3705,QB251,4249,3705,1037,1037,1028,1038,926,1038,5328086,Elijah Holmes,BUF,QB,12.0,12.0,12.0,6.17,74.0,74.0,74.0,0.0,74.0,-171.1,-171.2,-154.3,-150.0,-150.0,-150.0,,,,,,,,0.54,,1.0,,2026-08-25,,,,,0.5,,,0.0
3706,TE617,3109,3706,3663,3663,3663,3663,3551,3663,5211206,Lincoln Watkins,UK,TE,12.0,12.0,12.0,0.64,7.7,7.7,7.7,0.0,7.7,-150.0,-145.9,-150.0,-150.0,-150.0,-150.0,,,,,,,,0.34,,1.0,,2026-08-25,,,,,0.5,,,0.0
3707,TE618,3110,3707,3664,3664,3664,3664,3552,3664,5213217,JT Taggart,MD,TE,12.0,12.0,12.0,0.64,7.7,7.7,7.7,0.0,7.7,-150.0,-145.9,-150.0,-150.0,-150.0,-150.0,,,,,,,,0.21,,1.0,,2026-08-25,,,,,0.5,,,0.0
3708,TE619,3111,3708,3665,3665,3665,3665,3553,3665,5228043,Truitt Brown,PITT,TE,12.0,12.0,12.0,0.64,7.7,7.7,7.7,0.0,7.7,-150.0,-145.9,-150.0,-150.0,-150.0,-150.0,,,,,,,,0.18,,1.0,,2026-08-25,,,,,0.5,,,0.0
3709,TE620,3114,3709,3668,3668,3668,3668,3556,3668,5266885,Nate Agyemang,GT,TE,12.0,12.0,12.0,0.64,7.7,7.7,7.7,0.0,7.7,-150.0,-145.9,-150.0,-150.0,-150.0,-150.0,,,,,,,,0.27,,1.0,,2026-08-25,,,,,0.5,,,0.0
3710,TE621,3119,3710,3673,3673,3673,3673,3561,3673,5302737,Owen Pollock,FAU,TE,12.0,12.0,12.0,0.64,7.7,7.7,7.7,0.0,7.7,-150.0,-145.9,-150.0,-150.0,-150.0,-150.0,,,,,,,,0.26,,1.0,,2026-08-25,,,,,0.5,,,0.0
3711,WR1941,3956,3711,4532,4533,4530,4533,4421,4533,5290575,Tre'Von Mcgory,WKU,WR,12.0,12.0,12.0,0.12,1.5,1.5,1.5,0.0,1.5,-156.2,-152.1,-150.0,-150.0,-150.0,-150.0,,,,,,,,0.06,,1.0,,2026-08-25,,,,,0.5,,,0.0
3712,WR1942,3957,3712,4533,4534,4531,4534,4422,4534,5290902,Jonathan Stafford Jr.,WKU,WR,12.0,12.0,12.0,0.12,1.5,1.5,1.5,0.0,1.5,-156.2,-152.1,-150.0,-150.0,-150.0,-150.0,,,,,,,,0.06,,1.0,,2026-08-25,,,,,0.5,,,0.0
3713,WR1943,3959,3713,4535,4536,4533,4536,4424,4536,5300524,Brody Tolbert,UGA,WR,12.0,12.0,12.0,0.12,1.5,1.5,1.5,0.0,1.5,-156.2,-152.1,-150.0,-150.0,-150.0,-150.0,,,,,,,,0.09,,1.0,,2026-08-25,,,,,0.5,,,0.0
3714,WR1944,3961,3714,4537,4538,4535,4538,4426,4538,5306314,Benjamin McElreath,UGA,WR,12.0,12.0,12.0,0.12,1.5,1.5,1.5,0.0,1.5,-156.2,-152.1,-150.0,-150.0,-150.0,-150.0,,,,,,,,0.09,,1.0,,2026-08-25,,,,,0.5,,,0.0
3715,WR1945,3962,3715,4538,4539,4536,4539,4427,4539,5315119,Zion Hudson,JMU,WR,12.0,12.0,12.0,0.12,1.5,1.5,1.5,0.0,1.5,-156.2,-152.1,-150.0,-150.0,-150.0,-150.0,,,,,,,,0.12,,1.0,,2026-08-25,,,,,0.5,,,0.0
3716,WR1946,3963,3716,4539,4540,4537,4540,4428,4540,5374920,Evan Enderlin,TEX,WR,12.0,12.0,12.0,0.12,1.5,1.5,1.5,0.0,1.5,-156.2,-152.1,-150.0,-150.0,-150.0,-150.0,,,,,,,,0.07,,1.0,,2026-08-25,,,,,0.5,,,0.0
3717,WR1947,3964,3717,4540,4541,4538,4541,4429,4541,5381513,David Kniffen Jr.,SMU,WR,12.0,12.0,12.0,0.12,1.5,1.5,1.5,0.0,1.5,-156.2,-152.1,-150.0,-150.0,-150.0,-150.0,,,,,,,,0.07,,1.0,,2026-08-25,,,,,0.5,,,0.0
3718,WR1948,3965,3718,4541,4542,4539,4542,4430,4542,5381514,Siler Cooke,SMU,WR,12.0,12.0,12.0,0.12,1.5,1.5,1.5,0.0,1.5,-156.2,-152.1,-150.0,-150.0,-150.0,-150.0,,,,,,,,0.07,,1.0,,2026-08-25,,,,,0.5,,,0.0
3719,WR1949,3966,3719,4542,4543,4540,4543,4431,4543,5381528,Pierce Ayers,CIN,WR,12.0,12.0,12.0,0.12,1.5,1.5,1.5,0.0,1.5,-156.2,-152.1,-150.0,-150.0,-150.0,-150.0,,,,,,,,0.03,,1.0,,2026-08-25,,,,,0.5,,,0.0
3720,TE622,3121,3720,3674,3674,3674,3674,3562,3674,5144956,Ryan Brotherton,WMU,TE,12.0,12.0,12.0,0.63,7.6,7.6,7.6,0.0,7.6,-150.1,-146.0,-150.1,-150.1,-150.1,-150.1,,,,,,,,0.27,,1.0,,2026-08-25,,,,,0.5,,,0.0
3721,TE623,3123,3721,3676,3676,3676,3676,3564,3676,5217042,Lincoln Keyes,UGA,TE,12.0,12.0,12.0,0.63,7.6,7.6,7.6,0.0,7.6,-150.1,-146.0,-150.1,-150.1,-150.1,-150.1,,,,,,,,0.28,,1.0,,2026-08-25,,,,,0.5,,,0.0
3722,RB899,3891,3722,3680,3680,3680,3680,3568,3680,5258292,DeDe Murray,TA&M,RB,12.0,12.0,12.0,0.63,7.6,7.6,7.6,0.0,7.6,-150.1,-151.6,-150.1,-150.1,-150.1,-150.1,,,,,,,,0.3,,1.0,,2026-08-25,,,,,0.5,,,0.0
3723,RB900,3892,3723,3683,3683,3683,3683,3571,3683,5290559,Jayson Franklin,USF,RB,12.0,12.0,12.0,0.63,7.6,7.6,7.6,0.0,7.6,-150.1,-151.6,-150.1,-150.1,-150.1,-150.1,,,,,,,,0.3,,1.0,,2026-08-25,,,,,0.5,,,0.0
3724,TE624,3128,3724,3684,3684,3684,3684,3572,3684,5290580,Liam Fuller,TEM,TE,12.0,12.0,12.0,0.63,7.6,7.6,7.6,0.0,7.6,-150.1,-146.0,-150.1,-150.1,-150.1,-150.1,,,,,,,,0.21,,1.0,,2026-08-25,,,,,0.5,,,0.0
3725,RB901,3893,3725,3690,3690,3690,3690,3578,3690,5390476,Cody Jordan,COLO,RB,12.0,12.0,12.0,0.63,7.6,7.6,7.6,0.0,7.6,-150.1,-151.6,-150.1,-150.1,-150.1,-150.1,,,,,,,,0.27,,1.0,,2026-08-25,,,,,0.5,,,0.0
3726,TE625,3136,3726,3691,3691,3691,3691,3579,3691,5156110,Kade Caton,USF,TE,12.0,12.0,12.0,0.62,7.5,7.5,7.5,0.0,7.5,-150.2,-146.1,-150.2,-150.2,-150.2,-150.2,,,,,,,,0.22,,1.0,,2026-08-25,,,,,0.5,,,0.0
3727,TE626,3138,3727,3693,3693,3693,3693,3581,3693,5210723,Corbin Laisure,COLO,TE,12.0,12.0,12.0,0.62,7.5,7.5,7.5,0.0,7.5,-150.2,-146.1,-150.2,-150.2,-150.2,-150.2,,,,,,,,0.21,,1.0,,2026-08-25,,,,,0.5,,,0.0
3728,TE627,3139,3728,3694,3694,3694,3694,3582,3694,5211746,Merrick Barlow,NAVY,TE,12.0,12.0,12.0,0.62,7.5,7.5,7.5,0.0,7.5,-150.2,-146.1,-150.2,-150.2,-150.2,-150.2,,,,,,,,0.25,,1.0,,2026-08-25,,,,,0.5,,,0.0
3729,TE628,3140,3729,3695,3695,3695,3695,3583,3695,5215629,Kevin Roche Jr.,GT,TE,12.0,12.0,12.0,0.62,7.5,7.5,7.5,0.0,7.5,-150.2,-146.1,-150.2,-150.2,-150.2,-150.2,,,,,,,,0.25,,1.0,,2026-08-25,,,,,0.5,,,0.0
3730,TE629,3142,3730,3698,3698,3698,3698,3586,3698,5219997,Kana'i Lopes,UTAH,TE,12.0,12.0,12.0,0.62,7.5,7.5,7.5,0.0,7.5,-150.2,-146.1,-150.2,-150.2,-150.2,-150.2,,,,,,,,0.23,,1.0,,2026-08-25,,,,,0.5,,,0.0
3731,TE630,3143,3731,3699,3699,3699,3699,3587,3699,5222568,Ka'Maurri Smith,CIN,TE,12.0,12.0,12.0,0.62,7.5,7.5,7.5,0.0,7.5,-150.2,-146.1,-150.2,-150.2,-150.2,-150.2,,,,,,,,0.26,,1.0,,2026-08-25,,,,,0.5,,,0.0
3732,TE631,3149,3732,3705,3705,3705,3705,3593,3705,5390432,Maika Kurkowski,FAU,TE,12.0,12.0,12.0,0.62,7.5,7.5,7.5,0.0,7.5,-150.2,-146.1,-150.2,-150.2,-150.2,-150.2,,,,,,,,0.17,,1.0,,2026-08-25,,,,,0.5,,,0.0
3733,WR1950,3978,3733,4551,4551,4549,4551,4439,4551,5280600,Derek Stevenson,SDSU,WR,12.0,12.0,12.0,0.11,1.3,1.3,1.3,0.0,1.3,-156.4,-152.3,-150.2,-150.2,-150.2,-150.2,,,,,,,,0.13,,1.0,,2026-08-25,,,,,0.5,,,0.0
3734,WR1951,3979,3734,4552,4552,4550,4552,4440,4552,5291794,Daishaun Davis,SDSU,WR,12.0,12.0,12.0,0.11,1.3,1.3,1.3,0.0,1.3,-156.4,-152.3,-150.2,-150.2,-150.2,-150.2,,,,,,,,0.13,,1.0,,2026-08-25,,,,,0.5,,,0.0
3735,WR1952,3980,3735,4553,4553,4551,4553,4441,4553,5291802,Carson Diehl,SDSU,WR,12.0,12.0,12.0,0.11,1.3,1.3,1.3,0.0,1.3,-156.4,-152.3,-150.2,-150.2,-150.2,-150.2,,,,,,,,0.13,,1.0,,2026-08-25,,,,,0.5,,,0.0
3736,WR1953,3983,3736,4556,4556,4554,4556,4444,4556,5388322,William Bierfeldt,KENT,WR,12.0,12.0,12.0,0.11,1.3,1.3,1.3,0.0,1.3,-156.4,-152.3,-150.2,-150.2,-150.2,-150.2,,,,,,,,0.09,,1.0,,2026-08-25,,,,,0.5,,,0.0
3737,WR1954,3984,3737,4557,4557,4555,4557,4445,4557,5388323,Luke Simms,KENT,WR,12.0,12.0,12.0,0.11,1.3,1.3,1.3,0.0,1.3,-156.4,-152.3,-150.2,-150.2,-150.2,-150.2,,,,,,,,0.09,,1.0,,2026-08-25,,,,,0.5,,,0.0
3738,WR1955,3986,3738,4559,4559,4557,4559,4447,4559,5394494,Craig Walker,SDSU,WR,12.0,12.0,12.0,0.11,1.3,1.3,1.3,0.0,1.3,-156.4,-152.3,-150.2,-150.2,-150.2,-150.2,,,,,,,,0.13,,1.0,,2026-08-25,,,,,0.5,,,0.0
3739,TE632,3154,3739,3710,3710,3710,3710,3598,3710,5268744,Jackson Stoner,UTEP,TE,12.0,12.0,12.0,0.62,7.4,7.4,7.4,0.0,7.4,-150.3,-146.2,-150.3,-150.3,-150.3,-150.3,,,,,,,,0.24,,1.0,,2026-08-25,,,,,0.5,,,0.0
3740,TE633,3155,3740,3711,3711,3711,3711,3599,3711,5271183,Jaivion Martin,HOU,TE,12.0,12.0,12.0,0.62,7.4,7.4,7.4,0.0,7.4,-150.3,-146.2,-150.3,-150.3,-150.3,-150.3,,,,,,,,0.23,,1.0,,2026-08-25,,,,,0.5,,,0.0
3741,RB902,3920,3741,3712,3712,3712,3712,3600,3712,5327601,Brandon White,KENT,RB,12.0,12.0,12.0,0.62,7.4,7.4,7.4,0.0,7.4,-150.3,-151.8,-150.3,-150.3,-150.3,-150.3,,,,,,,,0.32,,1.0,,2026-08-25,,,,,0.5,,,0.0
3742,RB903,3921,3742,3713,3713,3713,3713,3601,3713,5331728,Meliq Mcgowan,ECU,RB,12.0,12.0,12.0,0.62,7.4,7.4,7.4,0.0,7.4,-150.3,-151.8,-150.3,-150.3,-150.3,-150.3,,,,,,,,0.24,,1.0,,2026-08-25,,,,,0.5,,,0.0
3743,WR1956,3992,3743,4563,4563,4562,4563,4451,4563,5295268,Cade Kaiser,IU,WR,12.0,12.0,12.0,0.1,1.2,1.2,1.2,0.0,1.2,-156.5,-152.4,-150.3,-150.3,-150.3,-150.3,,,,,,,,0.13,,1.0,,2026-08-25,,,,,0.5,,,0.0
3744,WR1957,3993,3744,4564,4564,4563,4564,4452,4564,5295599,Andrew Bjorson,M-OH,WR,12.0,12.0,12.0,0.1,1.2,1.2,1.2,0.0,1.2,-156.5,-152.4,-150.3,-150.3,-150.3,-150.3,,,,,,,,0.11,,1.0,,2026-08-25,,,,,0.5,,,0.0
3745,WR1958,3994,3745,4565,4565,4564,4565,4453,4565,5295606,Wilson Roberts,M-OH,WR,12.0,12.0,12.0,0.1,1.2,1.2,1.2,0.0,1.2,-156.5,-152.4,-150.3,-150.3,-150.3,-150.3,,,,,,,,0.11,,1.0,,2026-08-25,,,,,0.5,,,0.0
3746,WR1959,3997,3746,4568,4568,4567,4568,4456,4568,5306316,Jackson St. Clair,UGA,WR,12.0,12.0,12.0,0.1,1.2,1.2,1.2,0.0,1.2,-156.5,-152.4,-150.3,-150.3,-150.3,-150.3,,,,,,,,0.09,,1.0,,2026-08-25,,,,,0.5,,,0.0
3747,WR1960,3998,3747,4569,4569,4568,4569,4457,4569,5379738,Brandon Golliday,ARST,WR,12.0,12.0,12.0,0.1,1.2,1.2,1.2,0.0,1.2,-156.5,-152.4,-150.3,-150.3,-150.3,-150.3,,,,,,,,0.11,,1.0,,2026-08-25,,,,,0.5,,,0.0
3748,WR1961,3999,3748,4570,4570,4569,4570,4458,4570,5381556,Dorian Barnes,HOU,WR,12.0,12.0,12.0,0.1,1.2,1.2,1.2,0.0,1.2,-156.5,-152.4,-150.3,-150.3,-150.3,-150.3,,,,,,,,0.09,,1.0,,2026-08-25,,,,,0.5,,,0.0
3749,WR1962,4000,3749,4571,4571,4570,4571,4459,4571,5381557,Braeden Robinson,HOU,WR,12.0,12.0,12.0,0.1,1.2,1.2,1.2,0.0,1.2,-156.5,-152.4,-150.3,-150.3,-150.3,-150.3,,,,,,,,0.09,,1.0,,2026-08-25,,,,,0.5,,,0.0
3750,WR1963,4001,3750,4572,4572,4571,4572,4460,4572,5381565,Jack Newhouse,HOU,WR,12.0,12.0,12.0,0.1,1.2,1.2,1.2,0.0,1.2,-156.5,-152.4,-150.3,-150.3,-150.3,-150.3,,,,,,,,0.09,,1.0,,2026-08-25,,,,,0.5,,,0.0
3751,WR1964,4002,3751,4573,4573,4572,4573,4461,4573,5384737,Michael Sifford,RICE,WR,12.0,12.0,12.0,0.1,1.2,1.2,1.2,0.0,1.2,-156.5,-152.4,-150.3,-150.3,-150.3,-150.3,,,,,,,,0.16,,1.0,,2026-08-25,,,,,0.5,,,0.0
3752,TE634,3160,3752,3716,3716,3716,3716,3604,3716,5219027,Hunter Ousley,AUB,TE,12.0,12.0,12.0,0.61,7.3,7.3,7.3,0.0,7.3,-150.4,-146.3,-150.4,-150.4,-150.4,-150.4,,,,,,,,0.22,,1.0,,2026-08-25,,,,,0.5,,,0.0
3753,TE635,3161,3753,3717,3717,3717,3717,3605,3717,5222570,Luke Tevis,TLSA,TE,12.0,12.0,12.0,0.61,7.3,7.3,7.3,0.0,7.3,-150.4,-146.3,-150.4,-150.4,-150.4,-150.4,,,,,,,,0.29,,1.0,,2026-08-25,,,,,0.5,,,0.0
3754,TE636,3163,3754,3719,3719,3719,3719,3607,3719,5265431,Brock Kuhl,SHSU,TE,12.0,12.0,12.0,0.61,7.3,7.3,7.3,0.0,7.3,-150.4,-146.3,-150.4,-150.4,-150.4,-150.4,,,,,,,,0.21,,1.0,,2026-08-25,,,,,0.5,,,0.0
3755,RB904,3931,3755,3722,3722,3722,3722,3610,3722,5296043,Drew Patterson,UAB,RB,12.0,12.0,12.0,0.61,7.3,7.3,7.3,0.0,7.3,-150.4,-151.9,-150.4,-150.4,-150.4,-150.4,,,,,,,,0.25,,1.0,,2026-08-25,,,,,0.5,,,0.0
3756,WR1965,4004,3756,4574,4574,4573,4574,4462,4574,5294141,Duke Brennan,BC,WR,12.0,12.0,12.0,0.09,1.1,1.1,1.1,0.0,1.1,-156.6,-152.5,-150.4,-150.4,-150.4,-150.4,,,,,,,,0.07,,1.0,,2026-08-25,,,,,0.5,,,0.0
3757,WR1966,4006,3757,4576,4576,4575,4576,4464,4576,5296815,Will Graves III,BC,WR,12.0,12.0,12.0,0.09,1.1,1.1,1.1,0.0,1.1,-156.6,-152.5,-150.4,-150.4,-150.4,-150.4,,,,,,,,0.07,,1.0,,2026-08-25,,,,,0.5,,,0.0
3758,WR1967,4008,3758,4578,4578,4577,4578,4466,4578,5383047,Eli Nikolas,UNT,WR,12.0,12.0,12.0,0.09,1.1,1.1,1.1,0.0,1.1,-156.6,-152.5,-150.4,-150.4,-150.4,-150.4,,,,,,,,0.04,,1.0,,2026-08-25,,,,,0.5,,,0.0
3759,TE637,3171,3759,3726,3726,3726,3726,3614,3726,5153623,Peter Bario,UCLA,TE,12.0,12.0,12.0,0.6,7.2,7.2,7.2,0.0,7.2,-150.5,-146.4,-150.5,-150.5,-150.5,-150.5,,,,,,,,0.2,,1.0,,2026-08-25,,,,,0.5,,,0.0
3760,RB905,3944,3760,3727,3727,3727,3727,3615,3727,5159106,Ryelan Morris,BAY,RB,12.0,12.0,12.0,0.6,7.2,7.2,7.2,0.0,7.2,-150.5,-152.0,-150.5,-150.5,-150.5,-150.5,,,,,,,,0.25,,1.0,,2026-08-25,,,,,0.5,,,0.0
3761,TE638,3173,3761,3729,3729,3729,3729,3617,3729,5209381,Matt Ludwig,TTU,TE,12.0,12.0,12.0,0.6,7.2,7.2,7.2,0.0,7.2,-150.5,-146.4,-150.5,-150.5,-150.5,-150.5,,,,,,,,0.25,,1.0,,2026-08-25,,,,,0.5,,,0.0
3762,TE639,3174,3762,3730,3730,3730,3730,3618,3730,5214446,Brody Lennon,OSU,TE,12.0,12.0,12.0,0.6,7.2,7.2,7.2,0.0,7.2,-150.5,-146.4,-150.5,-150.5,-150.5,-150.5,,,,,,,,0.31,,1.0,,2026-08-25,,,,,0.5,,,0.0
3763,TE640,3175,3763,3731,3731,3731,3731,3619,3731,5214452,Reiman Zebert,STAN,TE,12.0,12.0,12.0,0.6,7.2,7.2,7.2,0.0,7.2,-150.5,-146.4,-150.5,-150.5,-150.5,-150.5,,,,,,,,0.29,,1.0,,2026-08-25,,,,,0.5,,,0.0
3764,TE641,3176,3764,3732,3732,3732,3732,3620,3732,5276641,Julius Miles,LOU,TE,12.0,12.0,12.0,0.6,7.2,7.2,7.2,0.0,7.2,-150.5,-146.4,-150.5,-150.5,-150.5,-150.5,,,,,,,,0.28,,1.0,,2026-08-25,,,,,0.5,,,0.0
3765,RB906,3945,3765,3737,3737,3737,3737,3625,3737,5291741,Noah Moss,NCSU,RB,12.0,12.0,12.0,0.6,7.2,7.2,7.2,0.0,7.2,-150.5,-152.0,-150.5,-150.5,-150.5,-150.5,,,,,,,,0.22,,1.0,,2026-08-25,,,,,0.5,,,0.0
3766,RB907,3946,3766,3739,3739,3739,3739,3627,3739,5394570,Ryan Salcedo,WSU,RB,12.0,12.0,12.0,0.6,7.2,7.2,7.2,0.0,7.2,-150.5,-152.0,-150.5,-150.5,-150.5,-150.5,,,,,,,,0.28,,1.0,,2026-08-25,,,,,0.5,,,0.0
3767,WR1968,4014,3767,4582,4582,4581,4582,4470,4582,5314898,Aaron Bidwell,ORE,WR,12.0,12.0,12.0,0.08,1.0,1.0,1.0,0.0,1.0,-156.7,-152.6,-150.5,-150.5,-150.5,-150.5,,,,,,,,0.07,,1.0,,2026-08-25,,,,,0.5,,,0.0
3768,WR1969,4015,3768,4583,4583,4582,4583,4471,4583,5327431,Gatlin Bair,ORE,WR,12.0,12.0,12.0,0.08,1.0,1.0,1.0,0.0,1.0,-156.7,-152.6,-150.5,-150.5,-150.5,-150.5,,,,,,,,0.07,,1.0,,2026-08-25,,,,,0.5,,,0.0
3769,WR1970,4016,3769,4584,4584,4583,4584,4472,4584,5391527,Hunter Vaughn,ORE,WR,12.0,12.0,12.0,0.08,1.0,1.0,1.0,0.0,1.0,-156.7,-152.6,-150.5,-150.5,-150.5,-150.5,,,,,,,,0.07,,1.0,,2026-08-25,,,,,0.5,,,0.0
3770,TE642,3184,3770,3742,3742,3742,3742,3630,3742,5196644,Stephen Collier,ECU,TE,12.0,12.0,12.0,0.59,7.1,7.1,7.1,0.0,7.1,-150.6,-146.5,-150.6,-150.6,-150.6,-150.6,,,,,,,,0.18,,1.0,,2026-08-25,,,,,0.5,,,0.0
3771,TE643,3188,3771,3747,3747,3747,3747,3635,3747,5293915,Kaleb Morrow,ECU,TE,12.0,12.0,12.0,0.59,7.1,7.1,7.1,0.0,7.1,-150.6,-146.5,-150.6,-150.6,-150.6,-150.6,,,,,,,,0.18,,1.0,,2026-08-25,,,,,0.5,,,0.0
3772,TE644,3191,3772,3750,3750,3750,3750,3638,3750,5308461,Caden Ramsey,SC,TE,12.0,12.0,12.0,0.59,7.1,7.1,7.1,0.0,7.1,-150.6,-146.5,-150.6,-150.6,-150.6,-150.6,,,,,,,,0.23,,1.0,,2026-08-25,,,,,0.5,,,0.0
3773,RB908,3953,3773,3753,3753,3753,3753,3641,3753,5390368,Elijah Bechtel,ARMY,RB,12.0,12.0,12.0,0.59,7.1,7.1,7.1,0.0,7.1,-150.6,-152.1,-150.6,-150.6,-150.6,-150.6,,,,,,,,0.27,,1.0,,2026-08-25,,,,,0.5,,,0.0
3774,TE645,3194,3774,3754,3754,3754,3754,3642,3754,5391236,Kari Ashley,TCU,TE,12.0,12.0,12.0,0.59,7.1,7.1,7.1,0.0,7.1,-150.6,-146.5,-150.6,-150.6,-150.6,-150.6,,,,,,,,0.2,,1.0,,2026-08-25,,,,,0.5,,,0.0
3775,WR1971,4020,3775,4586,4586,4586,4586,4474,4586,5305895,Jalen Hightower,AKR,WR,12.0,12.0,12.0,0.08,0.9,0.9,0.9,0.0,0.9,-156.8,-152.7,-150.6,-150.6,-150.6,-150.6,,,,,,,,0.08,,1.0,,2026-08-25,,,,,0.5,,,0.0
3776,WR1972,4022,3776,4588,4588,4588,4588,4476,4588,5374299,Lane Cope,TENN,WR,12.0,12.0,12.0,0.08,0.9,0.9,0.9,0.0,0.9,-156.8,-152.7,-150.6,-150.6,-150.6,-150.6,,,,,,,,0.04,,1.0,,2026-08-25,,,,,0.5,,,0.0
3777,WR1973,4026,3777,4593,4592,4593,4593,4480,4592,5390346,Christian Cherilus,ARMY,WR,12.0,12.0,12.0,0.08,0.9,0.9,0.9,0.0,0.9,-156.8,-152.7,-150.6,-150.6,-150.6,-150.6,,,,,,,,0.1,,1.0,,2026-08-25,,,,,0.5,,,0.0
3778,WR1974,4027,3778,4594,4593,4594,4594,4481,4593,5390348,Noah Dolbin,ARMY,WR,12.0,12.0,12.0,0.08,0.9,0.9,0.9,0.0,0.9,-156.8,-152.7,-150.6,-150.6,-150.6,-150.6,,,,,,,,0.1,,1.0,,2026-08-25,,,,,0.5,,,0.0
3779,WR1975,4028,3779,4595,4594,4595,4595,4482,4594,5390350,Matthew Perkins,ARMY,WR,12.0,12.0,12.0,0.08,0.9,0.9,0.9,0.0,0.9,-156.8,-152.7,-150.6,-150.6,-150.6,-150.6,,,,,,,,0.1,,1.0,,2026-08-25,,,,,0.5,,,0.0
3780,WR1976,4029,3780,4596,4595,4596,4596,4483,4595,5390352,Josh Milhollin,ARMY,WR,12.0,12.0,12.0,0.08,0.9,0.9,0.9,0.0,0.9,-156.8,-152.7,-150.6,-150.6,-150.6,-150.6,,,,,,,,0.1,,1.0,,2026-08-25,,,,,0.5,,,0.0
3781,WR1977,4030,3781,4597,4596,4597,4597,4484,4596,5390355,Jackson Kreutzer,ARMY,WR,12.0,12.0,12.0,0.08,0.9,0.9,0.9,0.0,0.9,-156.8,-152.7,-150.6,-150.6,-150.6,-150.6,,,,,,,,0.1,,1.0,,2026-08-25,,,,,0.5,,,0.0
3782,WR1978,4031,3782,4598,4597,4598,4598,4485,4597,5390362,Aiden Burgy,ARMY,WR,12.0,12.0,12.0,0.08,0.9,0.9,0.9,0.0,0.9,-156.8,-152.7,-150.6,-150.6,-150.6,-150.6,,,,,,,,0.1,,1.0,,2026-08-25,,,,,0.5,,,0.0
3783,WR1979,4032,3783,4599,4598,4599,4599,4486,4598,5390386,Mark Andrzejewski,ARMY,WR,12.0,12.0,12.0,0.08,0.9,0.9,0.9,0.0,0.9,-156.8,-152.7,-150.6,-150.6,-150.6,-150.6,,,,,,,,0.1,,1.0,,2026-08-25,,,,,0.5,,,0.0
3784,WR1980,4035,3784,4602,4601,4602,4602,4489,4601,5394580,Isaiah Docken,WSU,WR,12.0,12.0,12.0,0.08,0.9,0.9,0.9,0.0,0.9,-156.8,-152.7,-150.6,-150.6,-150.6,-150.6,,,,,,,,0.07,,1.0,,2026-08-25,,,,,0.5,,,0.0
3785,QB252,4250,3785,1054,1054,1046,1055,943,1055,5295814,Tramell Jones Jr.,FLA,QB,12.0,12.0,12.0,6.11,73.3,73.3,73.3,0.0,73.3,-171.8,-171.9,-155.0,-150.7,-150.7,-150.7,,,,,,,,0.74,,1.0,,2026-08-25,,,,,0.5,,,0.0
3786,TE646,3197,3786,3756,3756,3756,3756,3644,3756,5141570,Sione Motuapuaka,UTAH,TE,12.0,12.0,12.0,0.58,7.0,7.0,7.0,0.0,7.0,-150.7,-146.6,-150.7,-150.7,-150.7,-150.7,,,,,,,,0.2,,1.0,,2026-08-25,,,,,0.5,,,0.0
3787,RB909,3967,3787,3761,3761,3761,3761,3649,3761,5225253,Luke Reed,AKR,RB,12.0,12.0,12.0,0.58,7.0,7.0,7.0,0.0,7.0,-150.7,-152.2,-150.7,-150.7,-150.7,-150.7,,,,,,,,0.33,,1.0,,2026-08-25,,,,,0.5,,,0.0
3788,TE647,3202,3788,3763,3763,3763,3763,3651,3763,5252596,Brayden Fogle,UGA,TE,12.0,12.0,12.0,0.58,7.0,7.0,7.0,0.0,7.0,-150.7,-146.6,-150.7,-150.7,-150.7,-150.7,,,,,,,,0.28,,1.0,,2026-08-25,,,,,0.5,,,0.0
3789,TE648,3203,3789,3764,3764,3764,3764,3652,3764,5290579,Preston Fryzel,ND,TE,12.0,12.0,12.0,0.58,7.0,7.0,7.0,0.0,7.0,-150.7,-146.6,-150.7,-150.7,-150.7,-150.7,,,,,,,,0.3,,1.0,,2026-08-25,,,,,0.5,,,0.0
3790,WR1981,4039,3790,4603,4603,4603,4603,4491,4603,5230251,L.J. Booker,VT,WR,12.0,12.0,12.0,0.07,0.8,0.8,0.8,0.0,0.8,-156.9,-152.8,-150.7,-150.7,-150.7,-150.7,,,,,,,,0.13,,1.0,,2026-08-25,,,,,0.5,,,0.0
3791,WR1982,4040,3791,4604,4604,4604,4604,4492,4604,5295269,Hunter Stroud,IU,WR,12.0,12.0,12.0,0.07,0.8,0.8,0.8,0.0,0.8,-156.9,-152.8,-150.7,-150.7,-150.7,-150.7,,,,,,,,0.09,,1.0,,2026-08-25,,,,,0.5,,,0.0
3792,WR1983,4041,3792,4605,4605,4605,4605,4493,4605,5295270,Bruno Massel IV,IU,WR,12.0,12.0,12.0,0.07,0.8,0.8,0.8,0.0,0.8,-156.9,-152.8,-150.7,-150.7,-150.7,-150.7,,,,,,,,0.09,,1.0,,2026-08-25,,,,,0.5,,,0.0
3793,WR1984,4042,3793,4606,4606,4606,4606,4494,4606,5295608,Ian Tepas,M-OH,WR,12.0,12.0,12.0,0.07,0.8,0.8,0.8,0.0,0.8,-156.9,-152.8,-150.7,-150.7,-150.7,-150.7,,,,,,,,0.11,,1.0,,2026-08-25,,,,,0.5,,,0.0
3794,WR1985,4043,3794,4607,4607,4607,4607,4495,4607,5301448,CJ Castner,M-OH,WR,12.0,12.0,12.0,0.07,0.8,0.8,0.8,0.0,0.8,-156.9,-152.8,-150.7,-150.7,-150.7,-150.7,,,,,,,,0.11,,1.0,,2026-08-25,,,,,0.5,,,0.0
3795,WR1986,4045,3795,4609,4609,4609,4609,4497,4609,5388439,Jackson Ruth,M-OH,WR,12.0,12.0,12.0,0.07,0.8,0.8,0.8,0.0,0.8,-156.9,-152.8,-150.7,-150.7,-150.7,-150.7,,,,,,,,0.11,,1.0,,2026-08-25,,,,,0.5,,,0.0
3796,TE649,3211,3796,3769,3769,3769,3769,3657,3769,5146893,Cole McConathy II,MIA,TE,12.0,12.0,12.0,0.58,6.9,6.9,6.9,0.0,6.9,-150.8,-146.7,-150.8,-150.8,-150.8,-150.8,,,,,,,,0.2,,1.0,,2026-08-25,,,,,0.5,,,0.0
3797,TE650,3214,3797,3772,3772,3772,3772,3660,3772,5205825,Brayden Boeing,M-OH,TE,12.0,12.0,12.0,0.58,6.9,6.9,6.9,0.0,6.9,-150.8,-146.7,-150.8,-150.8,-150.8,-150.8,,,,,,,,0.28,,1.0,,2026-08-25,,,,,0.5,,,0.0
3798,TE651,3215,3798,3773,3773,3773,3773,3661,3773,5211420,Landen Miree,ASU,TE,12.0,12.0,12.0,0.58,6.9,6.9,6.9,0.0,6.9,-150.8,-146.7,-150.8,-150.8,-150.8,-150.8,,,,,,,,0.22,,1.0,,2026-08-25,,,,,0.5,,,0.0
3799,RB910,3972,3799,3774,3774,3774,3774,3662,3774,5215246,Jeffrey Hairston Jr.,LIB,RB,12.0,12.0,12.0,0.58,6.9,6.9,6.9,0.0,6.9,-150.8,-152.3,-150.8,-150.8,-150.8,-150.8,,,,,,,,0.28,,1.0,,2026-08-25,,,,,0.5,,,0.0
3800,RB911,3973,3800,3775,3775,3775,3775,3663,3775,5223800,Jaden Lawrence,WYO,RB,12.0,12.0,12.0,0.58,6.9,6.9,6.9,0.0,6.9,-150.8,-152.3,-150.8,-150.8,-150.8,-150.8,,,,,,,,0.25,,1.0,,2026-08-25,,,,,0.5,,,0.0
3801,TE652,3216,3801,3776,3776,3776,3776,3664,3776,5228652,Grant Laskey,CLT,TE,12.0,12.0,12.0,0.58,6.9,6.9,6.9,0.0,6.9,-150.8,-146.7,-150.8,-150.8,-150.8,-150.8,,,,,,,,0.18,,1.0,,2026-08-25,,,,,0.5,,,0.0
3802,RB912,3974,3802,3779,3779,3779,3779,3667,3779,5291009,HD Davis,BAY,RB,12.0,12.0,12.0,0.58,6.9,6.9,6.9,0.0,6.9,-150.8,-152.3,-150.8,-150.8,-150.8,-150.8,,,,,,,,0.24,,1.0,,2026-08-25,,,,,0.5,,,0.0
3803,WR1987,4054,3803,4617,4617,4617,4617,4505,4617,5388929,Kelan McInerney,NIU,WR,12.0,12.0,12.0,0.06,0.7,0.7,0.7,0.0,0.7,-157.0,-152.9,-150.8,-150.8,-150.8,-150.8,,,,,,,,0.03,,1.0,,2026-08-25,,,,,0.5,,,0.0
3804,TE653,3222,3804,3781,3781,3781,3781,3669,3781,5141550,JD LaFleur,LSU,TE,12.0,12.0,12.0,0.57,6.8,6.8,6.8,0.0,6.8,-150.9,-146.8,-150.9,-150.9,-150.9,-150.9,,,,,,,,0.28,,1.0,,2026-08-25,,,,,0.5,,,0.0
3805,TE654,3226,3805,3785,3785,3785,3785,3673,3785,5219697,Brayden Johnson,UAB,TE,12.0,12.0,12.0,0.57,6.8,6.8,6.8,0.0,6.8,-150.9,-146.8,-150.9,-150.9,-150.9,-150.9,,,,,,,,0.2,,1.0,,2026-08-25,,,,,0.5,,,0.0
3806,TE655,3227,3806,3786,3786,3786,3786,3674,3786,5224785,Jackson Whitacre,DEL,TE,12.0,12.0,12.0,0.57,6.8,6.8,6.8,0.0,6.8,-150.9,-146.8,-150.9,-150.9,-150.9,-150.9,,,,,,,,0.16,,1.0,,2026-08-25,,,,,0.5,,,0.0
3807,TE656,3228,3807,3787,3787,3787,3787,3675,3787,5224786,Logan Klein,DEL,TE,12.0,12.0,12.0,0.57,6.8,6.8,6.8,0.0,6.8,-150.9,-146.8,-150.9,-150.9,-150.9,-150.9,,,,,,,,0.16,,1.0,,2026-08-25,,,,,0.5,,,0.0
3808,RB913,3987,3808,3790,3790,3790,3790,3678,3790,5291634,Phoenix Donghia,JMU,RB,12.0,12.0,12.0,0.57,6.8,6.8,6.8,0.0,6.8,-150.9,-152.4,-150.9,-150.9,-150.9,-150.9,,,,,,,,0.29,,1.0,,2026-08-25,,,,,0.5,,,0.0
3809,RB914,3988,3809,3797,3797,3797,3797,3685,3797,5393806,Rashad Robinson,UAB,RB,12.0,12.0,12.0,0.57,6.8,6.8,6.8,0.0,6.8,-150.9,-152.4,-150.9,-150.9,-150.9,-150.9,,,,,,,,0.24,,1.0,,2026-08-25,,,,,0.5,,,0.0
3810,WR1988,4062,3810,4620,4620,4620,4620,4508,4620,5296083,Zack Palmer,UCF,WR,12.0,12.0,12.0,0.05,0.6,0.6,0.6,0.0,0.6,-157.1,-153.0,-150.9,-150.9,-150.9,-150.9,,,,,,,,0.03,,1.0,,2026-08-25,,,,,0.5,,,0.0
3811,QB253,4251,3811,1057,1057,1049,1058,946,1058,4685488,MJ Morris,TEX,QB,12.0,12.0,12.0,6.08,73.0,73.0,73.0,0.0,73.0,-172.1,-172.2,-155.3,-151.0,-151.0,-151.0,,,,,,,,0.58,,1.0,,2026-08-25,,,,,0.5,,,0.0
3812,TE657,3242,3812,3802,3802,3802,3802,3690,3802,5210799,Evan Jacobson,TA&M,TE,12.0,12.0,12.0,0.56,6.7,6.7,6.7,0.0,6.7,-151.0,-146.9,-151.0,-151.0,-151.0,-151.0,,,,,,,,0.25,,1.0,,2026-08-25,,,,,0.5,,,0.0
3813,TE658,3243,3813,3803,3803,3803,3803,3691,3803,5215335,Sean Burke,FIU,TE,12.0,12.0,12.0,0.56,6.7,6.7,6.7,0.0,6.7,-151.0,-146.9,-151.0,-151.0,-151.0,-151.0,,,,,,,,0.21,,1.0,,2026-08-25,,,,,0.5,,,0.0
3814,TE659,3244,3814,3804,3804,3804,3804,3692,3804,5222599,Devin Habermehl,NIU,TE,12.0,12.0,12.0,0.56,6.7,6.7,6.7,0.0,6.7,-151.0,-146.9,-151.0,-151.0,-151.0,-151.0,,,,,,,,0.27,,1.0,,2026-08-25,,,,,0.5,,,0.0
3815,TE660,3250,3815,3812,3812,3812,3812,3700,3812,5297960,Noah Nelson,NDSU,TE,12.0,12.0,12.0,0.56,6.7,6.7,6.7,0.0,6.7,-151.0,-146.9,-151.0,-151.0,-151.0,-151.0,,,,,,,,0.23,,1.0,,2026-08-25,,,,,0.5,,,0.0
3816,RB915,4003,3816,3814,3814,3814,3814,3702,3814,5391395,Gary Stacy,MICH,RB,12.0,12.0,12.0,0.56,6.7,6.7,6.7,0.0,6.7,-151.0,-152.5,-151.0,-151.0,-151.0,-151.0,,,,,,,,0.19,,1.0,,2026-08-25,,,,,0.5,,,0.0
3817,WR1989,4070,3817,4623,4623,4623,4623,4511,4623,5296266,Joseph Hobbs,VT,WR,12.0,12.0,12.0,0.04,0.5,0.5,0.5,0.0,0.5,-157.2,-153.1,-151.0,-151.0,-151.0,-151.0,,,,,,,,0.09,,1.0,,2026-08-25,,,,,0.5,,,0.0
3818,WR1990,4071,3818,4624,4624,4624,4624,4512,4624,5306767,Drew Hube,VT,WR,12.0,12.0,12.0,0.04,0.5,0.5,0.5,0.0,0.5,-157.2,-153.1,-151.0,-151.0,-151.0,-151.0,,,,,,,,0.09,,1.0,,2026-08-25,,,,,0.5,,,0.0
3819,WR1991,4072,3819,4625,4625,4625,4625,4513,4625,5381629,Hudson Zell,VT,WR,12.0,12.0,12.0,0.04,0.5,0.5,0.5,0.0,0.5,-157.2,-153.1,-151.0,-151.0,-151.0,-151.0,,,,,,,,0.09,,1.0,,2026-08-25,,,,,0.5,,,0.0
3820,QB254,4252,3820,1058,1058,1050,1059,947,1059,5094040,Brogan McCaughey,EMU,QB,12.0,12.0,12.0,6.08,72.9,72.9,72.9,0.0,72.9,-172.2,-172.3,-155.4,-151.1,-151.1,-151.1,,,,,,,,0.74,,1.0,,2026-08-25,,,,,0.5,,,0.0
3821,TE661,3256,3821,3817,3817,3817,3818,3706,3818,5130409,Colton Heinrich,UGA,TE,12.0,12.0,12.0,0.55,6.6,6.6,6.6,0.0,6.6,-151.1,-147.0,-151.1,-151.1,-151.1,-151.1,,,,,,,,0.22,,1.0,,2026-08-25,,,,,0.5,,,0.0
3822,TE662,3265,3822,3827,3827,3827,3828,3716,3828,5382290,Keawe Browne,BOIS,TE,12.0,12.0,12.0,0.55,6.6,6.6,6.6,0.0,6.6,-151.1,-147.0,-151.1,-151.1,-151.1,-151.1,,,,,,,,0.2,,1.0,,2026-08-25,,,,,0.5,,,0.0
3823,RB916,4010,3823,3829,3829,3829,3830,3718,3830,5390370,Joe Callerame,ARMY,RB,12.0,12.0,12.0,0.55,6.6,6.6,6.6,0.0,6.6,-151.1,-152.6,-151.1,-151.1,-151.1,-151.1,,,,,,,,0.26,,1.0,,2026-08-25,,,,,0.5,,,0.0
3824,RB917,4011,3824,3830,3830,3830,3831,3719,3831,5390377,Gavin Madigan,ARMY,RB,12.0,12.0,12.0,0.55,6.6,6.6,6.6,0.0,6.6,-151.1,-152.6,-151.1,-151.1,-151.1,-151.1,,,,,,,,0.26,,1.0,,2026-08-25,,,,,0.5,,,0.0
3825,TE663,3277,3825,3838,3838,3838,3839,3727,3839,5302827,TJ Sabatucci,BUF,TE,12.0,12.0,12.0,0.54,6.5,6.5,6.5,0.0,6.5,-151.2,-147.1,-151.2,-151.2,-151.2,-151.2,,,,,,,,0.23,,1.0,,2026-08-25,,,,,0.5,,,0.0
3826,WR1992,4085,3826,4635,4635,4635,4635,4523,4635,5375165,Hank Lustig,PSU,WR,12.0,12.0,12.0,0.02,0.3,0.3,0.3,0.0,0.3,-157.4,-153.3,-151.2,-151.2,-151.2,-151.2,,,,,,,,0.02,,1.0,,2026-08-25,,,,,0.5,,,0.0
3827,QB255,4253,3827,1063,1063,1055,1064,952,1064,5145459,Nate Bennett,BAY,QB,12.0,12.0,12.0,6.06,72.7,72.7,72.7,0.0,72.7,-172.4,-172.5,-155.6,-151.3,-151.3,-151.3,,,,,,,,0.56,,1.0,,2026-08-25,,,,,0.5,,,0.0
3828,RB918,4036,3828,3841,3841,3841,3842,3730,3842,5158939,Tradarian Ball,ORE,RB,12.0,12.0,12.0,0.53,6.4,6.4,6.4,0.0,6.4,-151.3,-152.8,-151.3,-151.3,-151.3,-151.3,,,,,,,,0.28,,1.0,,2026-08-25,,,,,0.5,,,0.0
3829,TE664,3283,3829,3844,3844,3844,3845,3733,3845,5209345,JC Anderson,LSU,TE,12.0,12.0,12.0,0.53,6.4,6.4,6.4,0.0,6.4,-151.3,-147.2,-151.3,-151.3,-151.3,-151.3,,,,,,,,0.27,,1.0,,2026-08-25,,,,,0.5,,,0.0
3830,TE665,3287,3830,3848,3848,3848,3849,3737,3849,5219066,Danny King,NEB,TE,12.0,12.0,12.0,0.53,6.4,6.4,6.4,0.0,6.4,-151.3,-147.2,-151.3,-151.3,-151.3,-151.3,,,,,,,,0.21,,1.0,,2026-08-25,,,,,0.5,,,0.0
3831,TE666,3288,3831,3849,3849,3849,3850,3738,3850,5221130,Charlie Baker,MSU,TE,12.0,12.0,12.0,0.53,6.4,6.4,6.4,0.0,6.4,-151.3,-147.2,-151.3,-151.3,-151.3,-151.3,,,,,,,,0.22,,1.0,,2026-08-25,,,,,0.5,,,0.0
3832,RB919,4037,3832,3850,3850,3850,3851,3739,3851,5226985,Jack Whitehouse,MIA,RB,12.0,12.0,12.0,0.53,6.4,6.4,6.4,0.0,6.4,-151.3,-152.8,-151.3,-151.3,-151.3,-151.3,,,,,,,,0.17,,1.0,,2026-08-25,,,,,0.5,,,0.0
3833,RB920,4038,3833,3857,3857,3857,3858,3746,3858,5390378,Isaiah Linyear,ARMY,RB,12.0,12.0,12.0,0.53,6.4,6.4,6.4,0.0,6.4,-151.3,-152.8,-151.3,-151.3,-151.3,-151.3,,,,,,,,0.25,,1.0,,2026-08-25,,,,,0.5,,,0.0
3834,TE667,3295,3834,3859,3859,3859,3860,3748,3860,5148281,Rhys Phillips,RICE,TE,12.0,12.0,12.0,0.52,6.3,6.3,6.3,0.0,6.3,-151.4,-147.3,-151.4,-151.4,-151.4,-151.4,,,,,,,,0.22,,1.0,,2026-08-25,,,,,0.5,,,0.0
3835,TE668,3298,3835,3862,3862,3862,3863,3751,3863,5219598,Trace Estes,NEV,TE,12.0,12.0,12.0,0.52,6.3,6.3,6.3,0.0,6.3,-151.4,-147.3,-151.4,-151.4,-151.4,-151.4,,,,,,,,0.29,,1.0,,2026-08-25,,,,,0.5,,,0.0
3836,TE669,3299,3836,3863,3863,3863,3864,3752,3864,5219646,Will Zundel,BYU,TE,12.0,12.0,12.0,0.52,6.3,6.3,6.3,0.0,6.3,-151.4,-147.3,-151.4,-151.4,-151.4,-151.4,,,,,,,,0.19,,1.0,,2026-08-25,,,,,0.5,,,0.0
3837,TE670,3300,3837,3864,3864,3864,3865,3753,3865,5228138,Carter Braugh,TA&M,TE,12.0,12.0,12.0,0.52,6.3,6.3,6.3,0.0,6.3,-151.4,-147.3,-151.4,-151.4,-151.4,-151.4,,,,,,,,0.18,,1.0,,2026-08-25,,,,,0.5,,,0.0
3838,TE671,3303,3838,3868,3868,3868,3869,3757,3869,5290577,Ryan Brekke,BOIS,TE,12.0,12.0,12.0,0.52,6.3,6.3,6.3,0.0,6.3,-151.4,-147.3,-151.4,-151.4,-151.4,-151.4,,,,,,,,0.19,,1.0,,2026-08-25,,,,,0.5,,,0.0
3839,TE672,3306,3839,3871,3871,3871,3872,3760,3872,5328488,Luke Dehnicke,NU,TE,12.0,12.0,12.0,0.52,6.3,6.3,6.3,0.0,6.3,-151.4,-147.3,-151.4,-151.4,-151.4,-151.4,,,,,,,,0.23,,1.0,,2026-08-25,,,,,0.5,,,0.0
3840,RB921,4055,3840,3873,3873,3873,3874,3762,3874,5164330,Julian McMahan,WASH,RB,12.0,12.0,12.0,0.52,6.2,6.2,6.2,0.0,6.2,-151.5,-153.0,-151.5,-151.5,-151.5,-151.5,,,,,,,,0.24,,1.0,,2026-08-25,,,,,0.5,,,0.0
3841,TE673,3309,3841,3875,3875,3875,3876,3764,3876,5209576,Brendan Loftus,M-OH,TE,12.0,12.0,12.0,0.52,6.2,6.2,6.2,0.0,6.2,-151.5,-147.4,-151.5,-151.5,-151.5,-151.5,,,,,,,,0.29,,1.0,,2026-08-25,,,,,0.5,,,0.0
3842,RB922,4056,3842,3879,3879,3879,3880,3768,3880,5228203,Murphy Clement,ILL,RB,12.0,12.0,12.0,0.52,6.2,6.2,6.2,0.0,6.2,-151.5,-153.0,-151.5,-151.5,-151.5,-151.5,,,,,,,,0.21,,1.0,,2026-08-25,,,,,0.5,,,0.0
3843,RB923,4057,3843,3881,3881,3881,3882,3770,3882,5276633,Max Warner,MIZ,RB,12.0,12.0,12.0,0.52,6.2,6.2,6.2,0.0,6.2,-151.5,-153.0,-151.5,-151.5,-151.5,-151.5,,,,,,,,0.26,,1.0,,2026-08-25,,,,,0.5,,,0.0
3844,RB924,4058,3844,3883,3883,3883,3884,3772,3884,5325545,Tre Garrison,ORST,RB,12.0,12.0,12.0,0.52,6.2,6.2,6.2,0.0,6.2,-151.5,-153.0,-151.5,-151.5,-151.5,-151.5,,,,,,,,0.3,,1.0,,2026-08-25,,,,,0.5,,,0.0
3845,TE674,3314,3845,3884,3884,3884,3885,3773,3885,5331614,Ryley Zalusky,USF,TE,12.0,12.0,12.0,0.52,6.2,6.2,6.2,0.0,6.2,-151.5,-147.4,-151.5,-151.5,-151.5,-151.5,,,,,,,,0.16,,1.0,,2026-08-25,,,,,0.5,,,0.0
3846,RB925,4059,3846,3885,3885,3885,3886,3774,3886,5382994,Harrison Williams,LT,RB,12.0,12.0,12.0,0.52,6.2,6.2,6.2,0.0,6.2,-151.5,-153.0,-151.5,-151.5,-151.5,-151.5,,,,,,,,0.28,,1.0,,2026-08-25,,,,,0.5,,,0.0
3847,WR1993,4105,3847,4655,4655,4655,4655,4543,4655,5222247,Arrion Concepcion,JMU,WR,12.0,12.0,12.0,0.0,0.0,0.0,0.0,0.0,0.0,-157.7,-153.6,-151.5,-151.5,-151.5,-151.5,,,,,,,,0.0,,1.0,,2026-08-25,,,,,0.5,,,0.0
3848,WR1994,4113,3848,4666,4666,4666,4666,4554,4666,5291156,Devin Hamilton,WKU,WR,12.0,12.0,12.0,0.0,0.0,0.0,0.0,0.0,0.0,-157.7,-153.6,-151.5,-151.5,-151.5,-151.5,,,,,,,,0.0,,1.0,,2026-08-25,,,,,0.5,,,0.0
3849,WR1995,4114,3849,4667,4667,4667,4667,4555,4667,5293033,Quincy Shelton,OKST,WR,12.0,12.0,12.0,0.0,0.0,0.0,0.0,0.0,0.0,-157.7,-153.6,-151.5,-151.5,-151.5,-151.5,,,,,,,,0.0,,1.0,,2026-08-25,,,,,0.5,,,0.0
3850,WR1996,4115,3850,4669,4669,4669,4669,4557,4669,5294080,Quintaelyn Joyner,TTU,WR,12.0,12.0,12.0,0.0,0.0,0.0,0.0,0.0,0.0,-157.7,-153.6,-151.5,-151.5,-151.5,-151.5,,,,,,,,0.0,,1.0,,2026-08-25,,,,,0.5,,,0.0
3851,WR1997,4116,3851,4670,4670,4670,4670,4558,4670,5294112,Mason Kelley,WIS,WR,12.0,12.0,12.0,0.0,0.0,0.0,0.0,0.0,0.0,-157.7,-153.6,-151.5,-151.5,-151.5,-151.5,,,,,,,,0.0,,1.0,,2026-08-25,,,,,0.5,,,0.0
3852,WR1998,4117,3852,4672,4672,4672,4672,4560,4672,5294448,Levi Blount,MISS,WR,12.0,12.0,12.0,0.0,0.0,0.0,0.0,0.0,0.0,-157.7,-153.6,-151.5,-151.5,-151.5,-151.5,,,,,,,,0.0,,1.0,,2026-08-25,,,,,0.5,,,0.0
3853,WR1999,4118,3853,4673,4673,4673,4673,4561,4673,5295796,Miles Halbert,JMU,WR,12.0,12.0,12.0,0.0,0.0,0.0,0.0,0.0,0.0,-157.7,-153.6,-151.5,-151.5,-151.5,-151.5,,,,,,,,0.0,,1.0,,2026-08-25,,,,,0.5,,,0.0
3854,WR2000,4119,3854,4674,4674,4674,4674,4562,4674,5295799,Chase Pensyl,JMU,WR,12.0,12.0,12.0,0.0,0.0,0.0,0.0,0.0,0.0,-157.7,-153.6,-151.5,-151.5,-151.5,-151.5,,,,,,,,0.0,,1.0,,2026-08-25,,,,,0.5,,,0.0
3855,WR2001,4121,3855,4676,4676,4676,4676,4564,4676,5296084,Chase Hinshaw,UCF,WR,12.0,12.0,12.0,0.0,0.0,0.0,0.0,0.0,0.0,-157.7,-153.6,-151.5,-151.5,-151.5,-151.5,,,,,,,,0.0,,1.0,,2026-08-25,,,,,0.5,,,0.0
3856,WR2002,4123,3856,4683,4683,4683,4683,4571,4683,5306772,Kai Powell,TTU,WR,12.0,12.0,12.0,0.0,0.0,0.0,0.0,0.0,0.0,-157.7,-153.6,-151.5,-151.5,-151.5,-151.5,,,,,,,,0.0,,1.0,,2026-08-25,,,,,0.5,,,0.0
3857,WR2003,4125,3857,4687,4687,4687,4687,4575,4687,5332203,Marcus Harris,UCLA,WR,12.0,12.0,12.0,0.0,0.0,0.0,0.0,0.0,0.0,-157.7,-153.6,-151.5,-151.5,-151.5,-151.5,,,,,,,,0.0,,1.0,,2026-08-25,,,,,0.5,,,0.0
3858,WR2004,4126,3858,4688,4688,4688,4688,4576,4688,5369933,Isaiah Oliver,IOWA,WR,12.0,12.0,12.0,0.0,0.0,0.0,0.0,0.0,0.0,-157.7,-153.6,-151.5,-151.5,-151.5,-151.5,,,,,,,,0.0,,1.0,,2026-08-25,,,,,0.5,,,0.0
3859,WR2005,4129,3859,4692,4692,4692,4692,4580,4692,5376859,Dorsett Stecker,WIS,WR,12.0,12.0,12.0,0.0,0.0,0.0,0.0,0.0,0.0,-157.7,-153.6,-151.5,-151.5,-151.5,-151.5,,,,,,,,0.0,,1.0,,2026-08-25,,,,,0.5,,,0.0
3860,WR2006,4131,3860,4699,4699,4699,4699,4587,4699,5384631,Griffin Baker,KU,WR,12.0,12.0,12.0,0.0,0.0,0.0,0.0,0.0,0.0,-157.7,-153.6,-151.5,-151.5,-151.5,-151.5,,,,,,,,0.0,,1.0,,2026-08-25,,,,,0.5,,,0.0
3861,WR2007,4136,3861,4708,4708,4708,4708,4596,4708,5388803,Alex Grush,NEV,WR,12.0,12.0,12.0,0.0,0.0,0.0,0.0,0.0,0.0,-157.7,-153.6,-151.5,-151.5,-151.5,-151.5,,,,,,,,0.0,,1.0,,2026-08-25,,,,,0.5,,,0.0
3862,WR2008,4137,3862,4710,4710,4710,4710,4598,4710,5390459,Ty Watts,OKST,WR,12.0,12.0,12.0,0.0,0.0,0.0,0.0,0.0,0.0,-157.7,-153.6,-151.5,-151.5,-151.5,-151.5,,,,,,,,0.0,,1.0,,2026-08-25,,,,,0.5,,,0.0
3863,WR2009,4138,3863,4711,4711,4711,4711,4599,4711,5390460,Blake Hogshooter,OKST,WR,12.0,12.0,12.0,0.0,0.0,0.0,0.0,0.0,0.0,-157.7,-153.6,-151.5,-151.5,-151.5,-151.5,,,,,,,,0.0,,1.0,,2026-08-25,,,,,0.5,,,0.0
3864,WR2010,4139,3864,4712,4712,4712,4712,4600,4712,5390479,Braedon Brenner,COLO,WR,12.0,12.0,12.0,0.0,0.0,0.0,0.0,0.0,0.0,-157.7,-153.6,-151.5,-151.5,-151.5,-151.5,,,,,,,,0.0,,1.0,,2026-08-25,,,,,0.5,,,0.0
3865,QB256,4254,3865,1068,1068,1060,1069,957,1069,5219898,Drew Devillier,FAU,QB,12.0,12.0,12.0,6.03,72.4,72.4,72.4,0.0,72.4,-172.7,-172.8,-155.9,-151.6,-151.6,-151.6,,,,,,,,0.59,,1.0,,2026-08-25,,,,,0.5,,,0.0
3866,RB926,4064,3866,3886,3886,4006,3817,3705,3817,5142226,Xavier Williams,IOWA,RB,12.0,12.0,12.0,0.51,6.1,6.1,6.1,0.0,6.1,-151.6,-153.1,-151.6,-151.6,-151.6,-151.6,5.378,5.378,6.668,6.668,6.668,,0.023,0.83,,1.0,,2026-08-25,,,,,0.5,,,0.0
3867,RB927,4065,3867,3891,3891,3890,3891,3779,3891,5218583,Wade Penn,UGA,RB,12.0,12.0,12.0,0.51,6.1,6.1,6.1,0.0,6.1,-151.6,-153.1,-151.6,-151.6,-151.6,-151.6,,,,,,,,0.19,,1.0,,2026-08-25,,,,,0.5,,,0.0
3868,TE675,3323,3868,3895,3895,3894,3895,3783,3895,5293340,Ayden Passley,FIU,TE,12.0,12.0,12.0,0.51,6.1,6.1,6.1,0.0,6.1,-151.6,-147.5,-151.6,-151.6,-151.6,-151.6,,,,,,,,0.2,,1.0,,2026-08-25,,,,,0.5,,,0.0
3869,RB928,4066,3869,3901,3901,3900,3901,3789,3901,5327553,Cam Wood,LIB,RB,12.0,12.0,12.0,0.51,6.1,6.1,6.1,0.0,6.1,-151.6,-153.1,-151.6,-151.6,-151.6,-151.6,,,,,,,,0.25,,1.0,,2026-08-25,,,,,0.5,,,0.0
3870,RB929,4067,3870,3904,3904,3903,3904,3792,3904,5390381,Chevas Gregory,ARMY,RB,12.0,12.0,12.0,0.51,6.1,6.1,6.1,0.0,6.1,-151.6,-153.1,-151.6,-151.6,-151.6,-151.6,,,,,,,,0.24,,1.0,,2026-08-25,,,,,0.5,,,0.0
3871,RB930,4068,3871,3907,3907,3906,3907,3795,3907,5393807,Jayson Moll,UAB,RB,12.0,12.0,12.0,0.51,6.1,6.1,6.1,0.0,6.1,-151.6,-153.1,-151.6,-151.6,-151.6,-151.6,,,,,,,,0.22,,1.0,,2026-08-25,,,,,0.5,,,0.0
3872,RB931,4076,3872,3908,3908,3907,3908,3796,3908,5198506,Brandon Smith,ORE,RB,12.0,12.0,12.0,0.5,6.0,6.0,6.0,0.0,6.0,-151.7,-153.2,-151.7,-151.7,-151.7,-151.7,,,,,,,,0.26,,1.0,,2026-08-25,,,,,0.5,,,0.0
3873,TE676,3334,3873,3910,3910,3909,3910,3798,3910,5209130,Taniela Tupou,USC,TE,12.0,12.0,12.0,0.5,6.0,6.0,6.0,0.0,6.0,-151.7,-147.6,-151.7,-151.7,-151.7,-151.7,,,,,,,,0.25,,1.0,,2026-08-25,,,,,0.5,,,0.0
3874,TE677,3337,3874,3913,3913,3912,3913,3801,3913,5295939,Chris Warren,ODU,TE,12.0,12.0,12.0,0.5,6.0,6.0,6.0,0.0,6.0,-151.7,-147.6,-151.7,-151.7,-151.7,-151.7,,,,,,,,0.23,,1.0,,2026-08-25,,,,,0.5,,,0.0
3875,QB257,4255,3875,1071,1071,1063,1072,960,1072,5163532,Dominiq Ponder,COLO,QB,12.0,12.0,12.0,6.02,72.2,72.2,72.2,0.0,72.2,-172.9,-173.0,-156.1,-151.8,-151.8,-151.8,,,,,,,,0.65,,1.0,,2026-08-25,,,,,0.5,,,0.0
3876,TE678,3344,3876,3921,3921,3920,3921,3809,3921,5209426,Kellan Ford,ARIZ,TE,12.0,12.0,12.0,0.49,5.9,5.9,5.9,0.0,5.9,-151.8,-147.7,-151.8,-151.8,-151.8,-151.8,,,,,,,,0.2,,1.0,,2026-08-25,,,,,0.5,,,0.0
3877,TE679,3345,3877,3922,3922,3921,3922,3810,3922,5218677,Luke Braden,TA&M,TE,12.0,12.0,12.0,0.49,5.9,5.9,5.9,0.0,5.9,-151.8,-147.7,-151.8,-151.8,-151.8,-151.8,,,,,,,,0.17,,1.0,,2026-08-25,,,,,0.5,,,0.0
3878,TE680,3348,3878,3925,3925,3924,3925,3813,3925,5276956,Marshall Smith Jr.,MEM,TE,12.0,12.0,12.0,0.49,5.9,5.9,5.9,0.0,5.9,-151.8,-147.7,-151.8,-151.8,-151.8,-151.8,,,,,,,,0.2,,1.0,,2026-08-25,,,,,0.5,,,0.0
3879,TE681,3351,3879,3928,3928,3927,3928,3816,3928,5303242,JQ Crosby,GASO,TE,12.0,12.0,12.0,0.49,5.9,5.9,5.9,0.0,5.9,-151.8,-147.7,-151.8,-151.8,-151.8,-151.8,,,,,,,,0.18,,1.0,,2026-08-25,,,,,0.5,,,0.0
3880,RB932,4080,3880,3930,3930,3929,3930,3818,3930,5304411,Xavier Williams,RUTG,RB,12.0,12.0,12.0,0.49,5.9,5.9,5.9,0.0,5.9,-151.8,-153.3,-151.8,-151.8,-151.8,-151.8,,,,,,,,0.18,,1.0,,2026-08-25,,,,,0.5,,,0.0
3881,RB933,4081,3881,3931,3931,3930,3931,3819,3931,5315932,James Kelly,OHIO,RB,12.0,12.0,12.0,0.49,5.9,5.9,5.9,0.0,5.9,-151.8,-153.3,-151.8,-151.8,-151.8,-151.8,,,,,,,,0.31,,1.0,,2026-08-25,,,,,0.5,,,0.0
3882,TE682,3354,3882,3934,3934,3933,3934,3822,3934,5386520,Josiah Jefferson,USC,TE,12.0,12.0,12.0,0.49,5.9,5.9,5.9,0.0,5.9,-151.8,-147.7,-151.8,-151.8,-151.8,-151.8,,,,,,,,0.14,,1.0,,2026-08-25,,,,,0.5,,,0.0
3883,TE683,3359,3883,3937,3937,3936,3937,3825,3937,5211200,Dominick Barry,WAKE,TE,12.0,12.0,12.0,0.48,5.8,5.8,5.8,0.0,5.8,-151.9,-147.8,-151.9,-151.9,-151.9,-151.9,,,,,,,,0.2,,1.0,,2026-08-25,,,,,0.5,,,0.0
3884,TE684,3362,3884,3940,3940,3939,3940,3828,3940,5220484,Drew Hall,NAVY,TE,12.0,12.0,12.0,0.48,5.8,5.8,5.8,0.0,5.8,-151.9,-147.8,-151.9,-151.9,-151.9,-151.9,,,,,,,,0.17,,1.0,,2026-08-25,,,,,0.5,,,0.0
3885,TE685,3363,3885,3941,3941,3940,3941,3829,3941,5220496,Theo Elwell,NAVY,TE,12.0,12.0,12.0,0.48,5.8,5.8,5.8,0.0,5.8,-151.9,-147.8,-151.9,-151.9,-151.9,-151.9,,,,,,,,0.17,,1.0,,2026-08-25,,,,,0.5,,,0.0
3886,RB934,4089,3886,3942,3942,3941,3942,3830,3942,5245054,Josiah Lucas,SDSU,RB,12.0,12.0,12.0,0.48,5.8,5.8,5.8,0.0,5.8,-151.9,-153.4,-151.9,-151.9,-151.9,-151.9,,,,,,,,0.23,,1.0,,2026-08-25,,,,,0.5,,,0.0
3887,RB935,4090,3887,3946,3946,3945,3946,3834,3946,5393808,JR Mosley,UAB,RB,12.0,12.0,12.0,0.48,5.8,5.8,5.8,0.0,5.8,-151.9,-153.4,-151.9,-151.9,-151.9,-151.9,,,,,,,,0.22,,1.0,,2026-08-25,,,,,0.5,,,0.0
3888,TE686,3372,3888,3950,3950,3949,3950,3838,3950,5215176,Liam Russo,NIU,TE,12.0,12.0,12.0,0.48,5.7,5.7,5.7,0.0,5.7,-152.0,-147.9,-152.0,-152.0,-152.0,-152.0,,,,,,,,0.3,,1.0,,2026-08-25,,,,,0.5,,,0.0
3889,TE687,3373,3889,3951,3951,3950,3951,3839,3951,5222675,Danny Edgehille,BC,TE,12.0,12.0,12.0,0.48,5.7,5.7,5.7,0.0,5.7,-152.0,-147.9,-152.0,-152.0,-152.0,-152.0,,,,,,,,0.19,,1.0,,2026-08-25,,,,,0.5,,,0.0
3890,TE688,3374,3890,3952,3952,3951,3952,3840,3952,5236182,Gavin Garretson,ARK,TE,12.0,12.0,12.0,0.48,5.7,5.7,5.7,0.0,5.7,-152.0,-147.9,-152.0,-152.0,-152.0,-152.0,,,,,,,,0.21,,1.0,,2026-08-25,,,,,0.5,,,0.0
3891,TE689,3375,3891,3953,3953,3952,3953,3841,3953,5265499,Jameson Scissum,JXST,TE,12.0,12.0,12.0,0.48,5.7,5.7,5.7,0.0,5.7,-152.0,-147.9,-152.0,-152.0,-152.0,-152.0,,,,,,,,0.16,,1.0,,2026-08-25,,,,,0.5,,,0.0
3892,TE690,3379,3892,3957,3957,3956,3957,3845,3957,5327020,Andrevius Smith,JXST,TE,12.0,12.0,12.0,0.48,5.7,5.7,5.7,0.0,5.7,-152.0,-147.9,-152.0,-152.0,-152.0,-152.0,,,,,,,,0.17,,1.0,,2026-08-25,,,,,0.5,,,0.0
3893,TE691,3381,3893,3959,3959,3958,3959,3847,3959,5378098,Tex Vaughn,NCSU,TE,12.0,12.0,12.0,0.48,5.7,5.7,5.7,0.0,5.7,-152.0,-147.9,-152.0,-152.0,-152.0,-152.0,,,,,,,,0.2,,1.0,,2026-08-25,,,,,0.5,,,0.0
3894,RB936,4094,3894,3962,3962,3961,3962,3850,3962,5391228,Jacob Martinez,TCU,RB,12.0,12.0,12.0,0.48,5.7,5.7,5.7,0.0,5.7,-152.0,-153.5,-152.0,-152.0,-152.0,-152.0,,,,,,,,0.21,,1.0,,2026-08-25,,,,,0.5,,,0.0
3895,TE692,3391,3895,3970,3970,3969,3970,3858,3970,5375131,Nick Lautar,OSU,TE,12.0,12.0,12.0,0.47,5.6,5.6,5.6,0.0,5.6,-152.1,-148.0,-152.1,-152.1,-152.1,-152.1,,,,,,,,0.22,,1.0,,2026-08-25,,,,,0.5,,,0.0
3896,RB937,4141,3896,3978,3978,3977,3978,3866,3978,5219039,John Buetow,VT,RB,12.0,12.0,12.0,0.46,5.5,5.5,5.5,0.0,5.5,-152.2,-153.7,-152.2,-152.2,-152.2,-152.2,,,,,,,,0.22,,1.0,,2026-08-25,,,,,0.5,,,0.0
3897,TE693,3402,3897,3982,3982,3981,3982,3870,3982,5289265,Lucas Hoffmeyer,CMU,TE,12.0,12.0,12.0,0.46,5.5,5.5,5.5,0.0,5.5,-152.2,-148.1,-152.2,-152.2,-152.2,-152.2,,,,,,,,0.3,,1.0,,2026-08-25,,,,,0.5,,,0.0
3898,RB938,4142,3898,3992,3992,3991,3992,3880,3992,5391358,Jacob Williams,NAVY,RB,12.0,12.0,12.0,0.46,5.5,5.5,5.5,0.0,5.5,-152.2,-153.7,-152.2,-152.2,-152.2,-152.2,,,,,,,,0.21,,1.0,,2026-08-25,,,,,0.5,,,0.0
3899,TE694,3413,3899,3993,3993,3992,3993,3881,3993,5148656,Caden Piening,UCF,TE,12.0,12.0,12.0,0.45,5.4,5.4,5.4,0.0,5.4,-152.3,-148.2,-152.3,-152.3,-152.3,-152.3,,,,,,,,0.16,,1.0,,2026-08-25,,,,,0.5,,,0.0
3900,TE695,3416,3900,3996,3996,3995,3996,3884,3996,5218647,Carter Kuchenbuch,BOIS,TE,12.0,12.0,12.0,0.45,5.4,5.4,5.4,0.0,5.4,-152.3,-148.2,-152.3,-152.3,-152.3,-152.3,,,,,,,,0.16,,1.0,,2026-08-25,,,,,0.5,,,0.0
3901,TE696,3417,3901,3997,3997,3996,3997,3885,3997,5219020,Ocean Brabbs,BGSU,TE,12.0,12.0,12.0,0.45,5.4,5.4,5.4,0.0,5.4,-152.3,-148.2,-152.3,-152.3,-152.3,-152.3,,,,,,,,0.27,,1.0,,2026-08-25,,,,,0.5,,,0.0
3902,TE697,3418,3902,3998,3998,3997,3998,3886,3998,5221070,Ezra Burgess,ARST,TE,12.0,12.0,12.0,0.45,5.4,5.4,5.4,0.0,5.4,-152.3,-148.2,-152.3,-152.3,-152.3,-152.3,,,,,,,,0.15,,1.0,,2026-08-25,,,,,0.5,,,0.0
3903,TE698,3419,3903,3999,3999,3998,3999,3887,3999,5222635,Jon Grimmett,PUR,TE,12.0,12.0,12.0,0.45,5.4,5.4,5.4,0.0,5.4,-152.3,-148.2,-152.3,-152.3,-152.3,-152.3,,,,,,,,0.23,,1.0,,2026-08-25,,,,,0.5,,,0.0
3904,TE699,3420,3904,4000,4000,3999,4000,3888,4000,5233213,Breckan Kirby,LIB,TE,12.0,12.0,12.0,0.45,5.4,5.4,5.4,0.0,5.4,-152.3,-148.2,-152.3,-152.3,-152.3,-152.3,,,,,,,,0.2,,1.0,,2026-08-25,,,,,0.5,,,0.0
3905,TE700,3421,3905,4001,4001,4000,4001,3889,4001,5276970,Trevor Gibbs,IU,TE,12.0,12.0,12.0,0.45,5.4,5.4,5.4,0.0,5.4,-152.3,-148.2,-152.3,-152.3,-152.3,-152.3,,,,,,,,0.26,,1.0,,2026-08-25,,,,,0.5,,,0.0
3906,TE701,3422,3906,4002,4002,4001,4002,3890,4002,5281525,Beckham Hofland,BOIS,TE,12.0,12.0,12.0,0.45,5.4,5.4,5.4,0.0,5.4,-152.3,-148.2,-152.3,-152.3,-152.3,-152.3,,,,,,,,0.16,,1.0,,2026-08-25,,,,,0.5,,,0.0
3907,TE702,3423,3907,4003,4003,4002,4003,3891,4003,5290500,DJ Broughton Jr.,AUB,TE,12.0,12.0,12.0,0.45,5.4,5.4,5.4,0.0,5.4,-152.3,-148.2,-152.3,-152.3,-152.3,-152.3,,,,,,,,0.24,,1.0,,2026-08-25,,,,,0.5,,,0.0
3908,TE703,3424,3908,4005,4005,4004,4005,3893,4005,5309285,Colin Ford,WYO,TE,12.0,12.0,12.0,0.45,5.4,5.4,5.4,0.0,5.4,-152.3,-148.2,-152.3,-152.3,-152.3,-152.3,,,,,,,,0.22,,1.0,,2026-08-25,,,,,0.5,,,0.0
3909,TE704,3429,3909,4007,4007,4007,4007,3895,4007,5159083,Zack Turner,SMU,TE,12.0,12.0,12.0,0.44,5.3,5.3,5.3,0.0,5.3,-152.4,-148.3,-152.4,-152.4,-152.4,-152.4,,,,,,,,0.17,,1.0,,2026-08-25,,,,,0.5,,,0.0
3910,TE705,3430,3910,4008,4008,4008,4008,3896,4008,5209182,Andre Nickerson Jr.,SMU,TE,12.0,12.0,12.0,0.44,5.3,5.3,5.3,0.0,5.3,-152.4,-148.3,-152.4,-152.4,-152.4,-152.4,,,,,,,,0.17,,1.0,,2026-08-25,,,,,0.5,,,0.0
3911,TE706,3436,3911,4014,4014,4014,4014,3902,4014,5278411,Armaad Sharp,EMU,TE,12.0,12.0,12.0,0.44,5.3,5.3,5.3,0.0,5.3,-152.4,-148.3,-152.4,-152.4,-152.4,-152.4,,,,,,,,0.23,,1.0,,2026-08-25,,,,,0.5,,,0.0
3912,TE707,3438,3912,4016,4016,4016,4016,3904,4016,5282157,Garrett Essner,MEM,TE,12.0,12.0,12.0,0.44,5.3,5.3,5.3,0.0,5.3,-152.4,-148.3,-152.4,-152.4,-152.4,-152.4,,,,,,,,0.18,,1.0,,2026-08-25,,,,,0.5,,,0.0
3913,RB939,4143,3913,4019,4019,4019,4019,3907,4019,5296146,Reginald Craig,NIU,RB,12.0,12.0,12.0,0.44,5.3,5.3,5.3,0.0,5.3,-152.4,-153.9,-152.4,-152.4,-152.4,-152.4,,,,,,,,0.22,,1.0,,2026-08-25,,,,,0.5,,,0.0
3914,TE708,3441,3914,4020,4020,4020,4020,3908,4020,5304403,Ryan Bayoumy,RUTG,TE,12.0,12.0,12.0,0.44,5.3,5.3,5.3,0.0,5.3,-152.4,-148.3,-152.4,-152.4,-152.4,-152.4,,,,,,,,0.17,,1.0,,2026-08-25,,,,,0.5,,,0.0
3915,TE709,3442,3915,4021,4021,4021,4021,3909,4021,5334338,Shane Kiley,SJSU,TE,12.0,12.0,12.0,0.44,5.3,5.3,5.3,0.0,5.3,-152.4,-148.3,-152.4,-152.4,-152.4,-152.4,,,,,,,,0.2,,1.0,,2026-08-25,,,,,0.5,,,0.0
3916,TE710,3445,3916,4022,4022,4022,4022,3910,4022,5159086,Carson Sneed,UNC,TE,12.0,12.0,12.0,0.43,5.2,5.2,5.2,0.0,5.2,-152.5,-148.4,-152.5,-152.5,-152.5,-152.5,,,,,,,,0.2,,1.0,,2026-08-25,,,,,0.5,,,0.0
3917,RB940,4144,3917,4026,4026,4026,4026,3914,4026,5290676,Nelsyn Wheeler,ILL,RB,12.0,12.0,12.0,0.43,5.2,5.2,5.2,0.0,5.2,-152.5,-154.0,-152.5,-152.5,-152.5,-152.5,,,,,,,,0.23,,1.0,,2026-08-25,,,,,0.5,,,0.0
3918,TE711,3457,3918,4033,4033,4033,4034,3922,4034,5219228,Will Locke,SMU,TE,12.0,12.0,12.0,0.42,5.1,5.1,5.1,0.0,5.1,-152.6,-148.5,-152.6,-152.6,-152.6,-152.6,,,,,,,,0.14,,1.0,,2026-08-25,,,,,0.5,,,0.0
3919,TE712,3458,3919,4034,4034,4034,4035,3923,4035,5271116,Adam Land,MSST,TE,12.0,12.0,12.0,0.42,5.1,5.1,5.1,0.0,5.1,-152.6,-148.5,-152.6,-152.6,-152.6,-152.6,,,,,,,,0.17,,1.0,,2026-08-25,,,,,0.5,,,0.0
3920,TE713,3459,3920,4035,4035,4035,4036,3924,4036,5276676,Luke Sorensen,NEB,TE,12.0,12.0,12.0,0.42,5.1,5.1,5.1,0.0,5.1,-152.6,-148.5,-152.6,-152.6,-152.6,-152.6,,,,,,,,0.2,,1.0,,2026-08-25,,,,,0.5,,,0.0
3921,RB941,4145,3921,4039,4039,4039,4040,3928,4040,5294100,John Forster,ILL,RB,12.0,12.0,12.0,0.42,5.1,5.1,5.1,0.0,5.1,-152.6,-154.1,-152.6,-152.6,-152.6,-152.6,,,,,,,,0.22,,1.0,,2026-08-25,,,,,0.5,,,0.0
3922,TE714,3463,3922,4040,4040,4040,4041,3929,4041,5294281,Reno Roehm,SC,TE,12.0,12.0,12.0,0.42,5.1,5.1,5.1,0.0,5.1,-152.6,-148.5,-152.6,-152.6,-152.6,-152.6,,,,,,,,0.17,,1.0,,2026-08-25,,,,,0.5,,,0.0
3923,TE715,3465,3923,4042,4042,4042,4043,3931,4043,5296159,Kellen Davis,CIN,TE,12.0,12.0,12.0,0.42,5.1,5.1,5.1,0.0,5.1,-152.6,-148.5,-152.6,-152.6,-152.6,-152.6,,,,,,,,0.17,,1.0,,2026-08-25,,,,,0.5,,,0.0
3924,TE716,3471,3924,4047,4047,4047,4049,3937,4049,5214444,Tyler Kielmeyer,NU,TE,12.0,12.0,12.0,0.42,5.0,5.0,5.0,0.0,5.0,-152.7,-148.6,-152.7,-152.7,-152.7,-152.7,,,,,,,,0.22,,1.0,,2026-08-25,,,,,0.5,,,0.0
3925,TE717,3474,3925,4050,4050,4050,4052,3940,4052,5276675,Tilden Riley,VAN,TE,12.0,12.0,12.0,0.42,5.0,5.0,5.0,0.0,5.0,-152.7,-148.6,-152.7,-152.7,-152.7,-152.7,,,,,,,,0.21,,1.0,,2026-08-25,,,,,0.5,,,0.0
3926,TE718,3480,3926,4057,4057,4057,4059,3947,4059,5371965,Jack Wolf,CLEM,TE,12.0,12.0,12.0,0.42,5.0,5.0,5.0,0.0,5.0,-152.7,-148.6,-152.7,-152.7,-152.7,-152.7,,,,,,,,0.15,,1.0,,2026-08-25,,,,,0.5,,,0.0
3927,RB942,4147,3927,4058,4058,4058,4060,3948,4060,5381627,Gray Peterson,VT,RB,12.0,12.0,12.0,0.42,5.0,5.0,5.0,0.0,5.0,-152.7,-154.2,-152.7,-152.7,-152.7,-152.7,,,,,,,,0.2,,1.0,,2026-08-25,,,,,0.5,,,0.0
3928,QB258,4256,3928,1088,1088,1080,1089,977,1089,5152153,Tyler Mizzell,BALL,QB,12.0,12.0,12.0,5.93,71.2,71.2,71.2,0.0,71.2,-173.9,-174.0,-157.1,-152.8,-152.8,-152.8,,,,,,,,0.54,,1.0,,2026-08-25,,,,,0.5,,,0.0
3929,TE719,3486,3929,4063,4063,4063,4065,3953,4065,5209120,Stevie Amar Jr.,UCLA,TE,12.0,12.0,12.0,0.41,4.9,4.9,4.9,0.0,4.9,-152.8,-148.7,-152.8,-152.8,-152.8,-152.8,,,,,,,,0.24,,1.0,,2026-08-25,,,,,0.5,,,0.0
3930,TE720,3487,3930,4064,4064,4064,4066,3954,4066,5209367,Ryder Mix,OU,TE,12.0,12.0,12.0,0.41,4.9,4.9,4.9,0.0,4.9,-152.8,-148.7,-152.8,-152.8,-152.8,-152.8,,,,,,,,0.2,,1.0,,2026-08-25,,,,,0.5,,,0.0
3931,TE721,3492,3931,4069,4069,4069,4071,3959,4071,5238281,DJ Johnson,BC,TE,12.0,12.0,12.0,0.41,4.9,4.9,4.9,0.0,4.9,-152.8,-148.7,-152.8,-152.8,-152.8,-152.8,,,,,,,,0.18,,1.0,,2026-08-25,,,,,0.5,,,0.0
3932,TE722,3493,3932,4070,4070,4070,4072,3960,4072,5260419,Jacob Nye,BYU,TE,12.0,12.0,12.0,0.41,4.9,4.9,4.9,0.0,4.9,-152.8,-148.7,-152.8,-152.8,-152.8,-152.8,,,,,,,,0.21,,1.0,,2026-08-25,,,,,0.5,,,0.0
3933,RB943,4149,3933,4073,4073,4073,4075,3963,4075,5279202,Lavonte Cole,USA,RB,12.0,12.0,12.0,0.41,4.9,4.9,4.9,0.0,4.9,-152.8,-154.3,-152.8,-152.8,-152.8,-152.8,,,,,,,,0.23,,1.0,,2026-08-25,,,,,0.5,,,0.0
3934,RB944,4150,3934,4074,4074,4074,4076,3964,4076,5282663,Devaughn Eka,BYU,RB,12.0,12.0,12.0,0.41,4.9,4.9,4.9,0.0,4.9,-152.8,-154.3,-152.8,-152.8,-152.8,-152.8,,,,,,,,0.25,,1.0,,2026-08-25,,,,,0.5,,,0.0
3935,TE723,3496,3935,4075,4075,4075,4077,3965,4077,5290504,Wyatt Villarreal,PITT,TE,12.0,12.0,12.0,0.41,4.9,4.9,4.9,0.0,4.9,-152.8,-148.7,-152.8,-152.8,-152.8,-152.8,,,,,,,,0.15,,1.0,,2026-08-25,,,,,0.5,,,0.0
3936,RB945,4151,3936,4076,4076,4076,4078,3966,4078,5296225,Nehemiah Warmate,HOU,RB,12.0,12.0,12.0,0.41,4.9,4.9,4.9,0.0,4.9,-152.8,-154.3,-152.8,-152.8,-152.8,-152.8,,,,,,,,0.2,,1.0,,2026-08-25,,,,,0.5,,,0.0
3937,TE724,3497,3937,4077,4077,4077,4079,3967,4079,5296343,Jaxson Bowman,DEL,TE,12.0,12.0,12.0,0.41,4.9,4.9,4.9,0.0,4.9,-152.8,-148.7,-152.8,-152.8,-152.8,-152.8,,,,,,,,0.13,,1.0,,2026-08-25,,,,,0.5,,,0.0
3938,RB946,4152,3938,4081,4081,4081,4083,3971,4083,5333436,Preston Hatfield,MIZ,RB,12.0,12.0,12.0,0.41,4.9,4.9,4.9,0.0,4.9,-152.8,-154.3,-152.8,-152.8,-152.8,-152.8,,,,,,,,0.21,,1.0,,2026-08-25,,,,,0.5,,,0.0
3939,RB947,4153,3939,4084,4084,4084,4086,3974,4086,5394419,Owen Morris,UL,RB,12.0,12.0,12.0,0.41,4.9,4.9,4.9,0.0,4.9,-152.8,-154.3,-152.8,-152.8,-152.8,-152.8,,,,,,,,0.26,,1.0,,2026-08-25,,,,,0.5,,,0.0
3940,TE725,3507,3940,4086,4086,4086,4088,3976,4088,5150436,Wyatt Smalley,MISS,TE,12.0,12.0,12.0,0.4,4.8,4.8,4.8,0.0,4.8,-152.9,-148.8,-152.9,-152.9,-152.9,-152.9,,,,,,,,0.12,,1.0,,2026-08-25,,,,,0.5,,,0.0
3941,TE726,3511,3941,4090,4090,4090,4092,3980,4092,5210113,Charlie Wingfield,WAKE,TE,12.0,12.0,12.0,0.4,4.8,4.8,4.8,0.0,4.8,-152.9,-148.8,-152.9,-152.9,-152.9,-152.9,,,,,,,,0.17,,1.0,,2026-08-25,,,,,0.5,,,0.0
3942,TE727,3514,3942,4094,4094,4094,4096,3984,4096,5290200,Javonte Williams,MD,TE,12.0,12.0,12.0,0.4,4.8,4.8,4.8,0.0,4.8,-152.9,-148.8,-152.9,-152.9,-152.9,-152.9,,,,,,,,0.18,,1.0,,2026-08-25,,,,,0.5,,,0.0
3943,TE728,3515,3943,4095,4095,4095,4097,3985,4097,5290585,Gabe Weaver,MINN,TE,12.0,12.0,12.0,0.4,4.8,4.8,4.8,0.0,4.8,-152.9,-148.8,-152.9,-152.9,-152.9,-152.9,,,,,,,,0.22,,1.0,,2026-08-25,,,,,0.5,,,0.0
3944,TE729,3518,3944,4098,4098,4098,4100,3988,4100,5389953,Andreas Diaz-Nicolaidis,UNLV,TE,12.0,12.0,12.0,0.4,4.8,4.8,4.8,0.0,4.8,-152.9,-148.8,-152.9,-152.9,-152.9,-152.9,,,,,,,,0.18,,1.0,,2026-08-25,,,,,0.5,,,0.0
3945,RB948,4154,3945,4099,4099,4099,4101,3989,4101,5390389,Elzie Slaughter,ARMY,RB,12.0,12.0,12.0,0.4,4.8,4.8,4.8,0.0,4.8,-152.9,-154.4,-152.9,-152.9,-152.9,-152.9,,,,,,,,0.19,,1.0,,2026-08-25,,,,,0.5,,,0.0
3946,QB259,4257,3946,1095,1095,1087,1096,984,1096,5145788,Gael Ochoa,RICE,QB,12.0,12.0,12.0,5.92,71.0,71.0,71.0,0.0,71.0,-174.1,-174.2,-157.3,-153.0,-153.0,-153.0,,,,,,,,0.63,,1.0,,2026-08-25,,,,,0.5,,,0.0
3947,TE730,3520,3947,4100,4101,4100,4102,3990,4102,5085392,Matthew Fredrick,BYU,TE,12.0,12.0,12.0,0.39,4.7,4.7,4.7,0.0,4.7,-153.0,-148.9,-153.0,-153.0,-153.0,-153.0,,,,,,,,0.22,,1.0,,2026-08-25,,,,,0.5,,,0.0
3948,TE731,3521,3948,4101,4102,4101,4103,3991,4103,5203726,Cameron Roberts,TULN,TE,12.0,12.0,12.0,0.39,4.7,4.7,4.7,0.0,4.7,-153.0,-148.9,-153.0,-153.0,-153.0,-153.0,,,,,,,,0.18,,1.0,,2026-08-25,,,,,0.5,,,0.0
3949,TE732,3522,3949,4102,4103,4102,4104,3992,4104,5209007,Colby Simpson,TULN,TE,12.0,12.0,12.0,0.39,4.7,4.7,4.7,0.0,4.7,-153.0,-148.9,-153.0,-153.0,-153.0,-153.0,,,,,,,,0.18,,1.0,,2026-08-25,,,,,0.5,,,0.0
3950,TE733,3525,3950,4105,4106,4105,4107,3995,4107,5290182,Luca Wolf,TENN,TE,12.0,12.0,12.0,0.39,4.7,4.7,4.7,0.0,4.7,-153.0,-148.9,-153.0,-153.0,-153.0,-153.0,,,,,,,,0.2,,1.0,,2026-08-25,,,,,0.5,,,0.0
3951,TE734,3526,3951,4106,4107,4106,4108,3996,4108,5290850,Drake DeBaun,ISU,TE,12.0,12.0,12.0,0.39,4.7,4.7,4.7,0.0,4.7,-153.0,-148.9,-153.0,-153.0,-153.0,-153.0,,,,,,,,0.2,,1.0,,2026-08-25,,,,,0.5,,,0.0
3952,TE735,3527,3952,4107,4108,4107,4109,3997,4109,5293737,Josh Greer,ARMY,TE,12.0,12.0,12.0,0.39,4.7,4.7,4.7,0.0,4.7,-153.0,-148.9,-153.0,-153.0,-153.0,-153.0,,,,,,,,0.2,,1.0,,2026-08-25,,,,,0.5,,,0.0
3953,RB949,4156,3953,4108,4109,4108,4110,3998,4110,5334337,Mykha Green,UTSA,RB,12.0,12.0,12.0,0.39,4.7,4.7,4.7,0.0,4.7,-153.0,-154.5,-153.0,-153.0,-153.0,-153.0,,,,,,,,0.17,,1.0,,2026-08-25,,,,,0.5,,,0.0
3954,RB950,4157,3954,4109,4110,4109,4111,3999,4111,5384625,Jack Reeves,KU,RB,12.0,12.0,12.0,0.39,4.7,4.7,4.7,0.0,4.7,-153.0,-154.5,-153.0,-153.0,-153.0,-153.0,,,,,,,,0.22,,1.0,,2026-08-25,,,,,0.5,,,0.0
3955,TE736,3528,3955,4110,4111,4110,4112,4000,4112,5390024,Chance Bell,UTEP,TE,12.0,12.0,12.0,0.39,4.7,4.7,4.7,0.0,4.7,-153.0,-148.9,-153.0,-153.0,-153.0,-153.0,,,,,,,,0.14,,1.0,,2026-08-25,,,,,0.5,,,0.0
3956,RB951,4158,3956,4113,4100,4198,4047,3935,4047,5142261,Brevin Doll,IOWA,RB,12.0,12.0,12.0,0.39,4.6,4.6,4.6,0.0,4.6,-153.1,-154.6,-153.1,-153.1,-153.1,-153.1,4.091,4.091,5.073,5.073,5.073,,0.018,0.59,,1.0,,2026-08-25,,,,,0.5,,,0.0
3957,TE737,3530,3957,4115,4115,4114,4116,4004,4116,5211208,Brian Kortovich,PSU,TE,12.0,12.0,12.0,0.38,4.6,4.6,4.6,0.0,4.6,-153.1,-149.0,-153.1,-153.1,-153.1,-153.1,,,,,,,,0.2,,1.0,,2026-08-25,,,,,0.5,,,0.0
3958,TE738,3532,3958,4117,4117,4116,4118,4006,4118,5222699,Rocco Xerogeanes,GT,TE,12.0,12.0,12.0,0.38,4.6,4.6,4.6,0.0,4.6,-153.1,-149.0,-153.1,-153.1,-153.1,-153.1,,,,,,,,0.18,,1.0,,2026-08-25,,,,,0.5,,,0.0
3959,TE739,3533,3959,4118,4118,4117,4119,4007,4119,5239552,Gabe Lovorn,TULN,TE,12.0,12.0,12.0,0.38,4.6,4.6,4.6,0.0,4.6,-153.1,-149.0,-153.1,-153.1,-153.1,-153.1,,,,,,,,0.19,,1.0,,2026-08-25,,,,,0.5,,,0.0
3960,TE740,3534,3960,4119,4119,4118,4120,4008,4120,5245125,Israel Briggs,MIA,TE,12.0,12.0,12.0,0.38,4.6,4.6,4.6,0.0,4.6,-153.1,-149.0,-153.1,-153.1,-153.1,-153.1,,,,,,,,0.22,,1.0,,2026-08-25,,,,,0.5,,,0.0
3961,TE741,3535,3961,4120,4120,4119,4121,4009,4121,5257987,DaMari Witherspoon,CIN,TE,12.0,12.0,12.0,0.38,4.6,4.6,4.6,0.0,4.6,-153.1,-149.0,-153.1,-153.1,-153.1,-153.1,,,,,,,,0.17,,1.0,,2026-08-25,,,,,0.5,,,0.0
3962,TE742,3537,3962,4122,4122,4121,4123,4011,4123,5280829,Jalen Williams,CIN,TE,12.0,12.0,12.0,0.38,4.6,4.6,4.6,0.0,4.6,-153.1,-149.0,-153.1,-153.1,-153.1,-153.1,,,,,,,,0.17,,1.0,,2026-08-25,,,,,0.5,,,0.0
3963,TE743,3543,3963,4127,4127,4126,4128,4016,4128,5211118,Jordan Vyborny,ISU,TE,12.0,12.0,12.0,0.38,4.5,4.5,4.5,0.0,4.5,-153.2,-149.1,-153.2,-153.2,-153.2,-153.2,,,,,,,,0.19,,1.0,,2026-08-25,,,,,0.5,,,0.0
3964,TE744,3544,3964,4128,4128,4127,4129,4017,4129,5211180,Stephen Brown,NCSU,TE,12.0,12.0,12.0,0.38,4.5,4.5,4.5,0.0,4.5,-153.2,-149.1,-153.2,-153.2,-153.2,-153.2,,,,,,,,0.15,,1.0,,2026-08-25,,,,,0.5,,,0.0
3965,TE745,3546,3965,4130,4130,4129,4131,4019,4131,5222543,Wilson Hodges,MTSU,TE,12.0,12.0,12.0,0.38,4.5,4.5,4.5,0.0,4.5,-153.2,-149.1,-153.2,-153.2,-153.2,-153.2,,,,,,,,0.17,,1.0,,2026-08-25,,,,,0.5,,,0.0
3966,TE746,3547,3966,4131,4131,4130,4132,4020,4132,5276673,Mason Bonner,MICH,TE,12.0,12.0,12.0,0.38,4.5,4.5,4.5,0.0,4.5,-153.2,-149.1,-153.2,-153.2,-153.2,-153.2,,,,,,,,0.2,,1.0,,2026-08-25,,,,,0.5,,,0.0
3967,TE747,3548,3967,4132,4132,4131,4133,4021,4133,5278236,Charlie Jilek,TEX,TE,12.0,12.0,12.0,0.38,4.5,4.5,4.5,0.0,4.5,-153.2,-149.1,-153.2,-153.2,-153.2,-153.2,,,,,,,,0.18,,1.0,,2026-08-25,,,,,0.5,,,0.0
3968,TE748,3550,3968,4134,4134,4133,4135,4023,4135,5290582,Benjamin Moseley,DUKE,TE,12.0,12.0,12.0,0.38,4.5,4.5,4.5,0.0,4.5,-153.2,-149.1,-153.2,-153.2,-153.2,-153.2,,,,,,,,0.16,,1.0,,2026-08-25,,,,,0.5,,,0.0
3969,TE749,3553,3969,4137,4137,4136,4138,4026,4138,5307147,Max Tillfeldt Retsler,WAKE,TE,12.0,12.0,12.0,0.38,4.5,4.5,4.5,0.0,4.5,-153.2,-149.1,-153.2,-153.2,-153.2,-153.2,,,,,,,,0.17,,1.0,,2026-08-25,,,,,0.5,,,0.0
3970,RB952,4160,3970,4141,4141,4140,4142,4030,4142,5394635,Londen Bickham,UTSA,RB,12.0,12.0,12.0,0.38,4.5,4.5,4.5,0.0,4.5,-153.2,-154.7,-153.2,-153.2,-153.2,-153.2,,,,,,,,0.17,,1.0,,2026-08-25,,,,,0.5,,,0.0
3971,RB953,4161,3971,4142,4142,4351,4031,3919,4031,5126514,Harry Stewart III,BOIS,RB,12.0,12.0,12.0,0.37,4.5,4.5,4.5,0.0,4.5,-153.2,-154.7,-153.2,-153.2,-153.2,-153.2,3.049,4.065,4.065,5.16,5.16,,0.015,0.68,,1.0,,2026-08-25,,,,,0.5,,,0.0
3972,TE750,3560,3972,4143,4143,4141,4143,4031,4143,5161015,Corbyn Fordham,FSU,TE,12.0,12.0,12.0,0.37,4.4,4.4,4.4,0.0,4.4,-153.3,-149.2,-153.3,-153.3,-153.3,-153.3,,,,,,,,0.18,,1.0,,2026-08-25,,,,,0.5,,,0.0
3973,TE751,3561,3973,4144,4144,4142,4144,4032,4144,5203722,Eli Johnson,IOWA,TE,12.0,12.0,12.0,0.37,4.4,4.4,4.4,0.0,4.4,-153.3,-149.2,-153.3,-153.3,-153.3,-153.3,,,,,,,,0.17,,1.0,,2026-08-25,,,,,0.5,,,0.0
3974,TE752,3562,3974,4145,4145,4143,4145,4033,4145,5265496,Wes Ryan,JXST,TE,12.0,12.0,12.0,0.37,4.4,4.4,4.4,0.0,4.4,-153.3,-149.2,-153.3,-153.3,-153.3,-153.3,,,,,,,,0.17,,1.0,,2026-08-25,,,,,0.5,,,0.0
3975,TE753,3567,3975,4150,4150,4148,4150,4038,4150,5295221,Gavin Correia,FRES,TE,12.0,12.0,12.0,0.37,4.4,4.4,4.4,0.0,4.4,-153.3,-149.2,-153.3,-153.3,-153.3,-153.3,,,,,,,,0.2,,1.0,,2026-08-25,,,,,0.5,,,0.0
3976,RB954,4162,3976,4151,4151,4149,4151,4039,4151,5295653,Darrin Jones Jr.,MSU,RB,12.0,12.0,12.0,0.37,4.4,4.4,4.4,0.0,4.4,-153.3,-154.8,-153.3,-153.3,-153.3,-153.3,,,,,,,,0.2,,1.0,,2026-08-25,,,,,0.5,,,0.0
3977,QB260,4258,3977,1102,1102,1094,1103,991,1103,5207934,Austin Carlisle,ULM,QB,12.0,12.0,12.0,5.88,70.6,70.6,70.6,0.0,70.6,-174.5,-174.6,-157.7,-153.4,-153.4,-153.4,,,,,,,,0.71,,1.0,,2026-08-25,,,,,0.5,,,0.0
3978,TE754,3570,3978,4155,4155,4153,4155,4043,4155,5150674,Thomas McCluskey,MD,TE,12.0,12.0,12.0,0.36,4.3,4.3,4.3,0.0,4.3,-153.4,-149.3,-153.4,-153.4,-153.4,-153.4,,,,,,,,0.12,,1.0,,2026-08-25,,,,,0.5,,,0.0
3979,TE755,3571,3979,4156,4156,4154,4156,4044,4156,5159020,Damon Hall Jr.,MD,TE,12.0,12.0,12.0,0.36,4.3,4.3,4.3,0.0,4.3,-153.4,-149.3,-153.4,-153.4,-153.4,-153.4,,,,,,,,0.17,,1.0,,2026-08-25,,,,,0.5,,,0.0
3980,TE756,3572,3980,4157,4157,4155,4157,4045,4157,5161851,Caleb Tafua,TA&M,TE,12.0,12.0,12.0,0.36,4.3,4.3,4.3,0.0,4.3,-153.4,-149.3,-153.4,-153.4,-153.4,-153.4,,,,,,,,0.18,,1.0,,2026-08-25,,,,,0.5,,,0.0
3981,TE757,3574,3981,4159,4159,4157,4159,4047,4159,5236393,Shane King,ARIZ,TE,12.0,12.0,12.0,0.36,4.3,4.3,4.3,0.0,4.3,-153.4,-149.3,-153.4,-153.4,-153.4,-153.4,,,,,,,,0.15,,1.0,,2026-08-25,,,,,0.5,,,0.0
3982,TE758,3577,3982,4162,4162,4160,4162,4050,4162,5296394,Deven Muniz,LT,TE,12.0,12.0,12.0,0.36,4.3,4.3,4.3,0.0,4.3,-153.4,-149.3,-153.4,-153.4,-153.4,-153.4,,,,,,,,0.12,,1.0,,2026-08-25,,,,,0.5,,,0.0
3983,TE759,3581,3983,4166,4166,4164,4166,4054,4166,5387625,Aiden Howard,BUF,TE,12.0,12.0,12.0,0.36,4.3,4.3,4.3,0.0,4.3,-153.4,-149.3,-153.4,-153.4,-153.4,-153.4,,,,,,,,0.17,,1.0,,2026-08-25,,,,,0.5,,,0.0
3984,RB955,4163,3984,4167,4167,4165,4167,4055,4167,5393662,Rocco De La Rosa,ORST,RB,12.0,12.0,12.0,0.36,4.3,4.3,4.3,0.0,4.3,-153.4,-154.9,-153.4,-153.4,-153.4,-153.4,,,,,,,,0.28,,1.0,,2026-08-25,,,,,0.5,,,0.0
3985,TE760,3583,3985,4168,4168,4166,4168,4056,4168,5149909,Tanner Hollinger,ILL,TE,12.0,12.0,12.0,0.35,4.2,4.2,4.2,0.0,4.2,-153.5,-149.4,-153.5,-153.5,-153.5,-153.5,,,,,,,,0.13,,1.0,,2026-08-25,,,,,0.5,,,0.0
3986,TE761,3585,3986,4170,4170,4168,4170,4058,4170,5212620,Dream Rashad,UNC,TE,12.0,12.0,12.0,0.35,4.2,4.2,4.2,0.0,4.2,-153.5,-149.4,-153.5,-153.5,-153.5,-153.5,,,,,,,,0.19,,1.0,,2026-08-25,,,,,0.5,,,0.0
3987,TE762,3587,3987,4172,4172,4170,4172,4060,4172,5219600,Carter Eck,NEV,TE,12.0,12.0,12.0,0.35,4.2,4.2,4.2,0.0,4.2,-153.5,-149.4,-153.5,-153.5,-153.5,-153.5,,,,,,,,0.19,,1.0,,2026-08-25,,,,,0.5,,,0.0
3988,RB956,4164,3988,4175,4175,4173,4175,4063,4175,5289329,Amar'e Glover,PSU,RB,12.0,12.0,12.0,0.35,4.2,4.2,4.2,0.0,4.2,-153.5,-155.0,-153.5,-153.5,-153.5,-153.5,,,,,,,,0.18,,1.0,,2026-08-25,,,,,0.5,,,0.0
3989,TE763,3593,3989,4179,4179,4177,4179,4067,4179,5389040,Evan Mickow,TULN,TE,12.0,12.0,12.0,0.35,4.2,4.2,4.2,0.0,4.2,-153.5,-149.4,-153.5,-153.5,-153.5,-153.5,,,,,,,,0.17,,1.0,,2026-08-25,,,,,0.5,,,0.0
3990,TE764,3594,3990,4180,4180,4178,4180,4068,4180,5390047,Jack Berquist,GASO,TE,12.0,12.0,12.0,0.35,4.2,4.2,4.2,0.0,4.2,-153.5,-149.4,-153.5,-153.5,-153.5,-153.5,,,,,,,,0.14,,1.0,,2026-08-25,,,,,0.5,,,0.0
3991,QB261,4259,3991,1107,1107,1099,1108,996,1108,5079679,Ryan Puglisi,UGA,QB,12.0,12.0,12.0,5.87,70.4,70.4,70.4,0.0,70.4,-174.7,-174.8,-157.9,-153.6,-153.6,-153.6,,,,,,,,0.66,,1.0,,2026-08-25,,,,,0.5,,,0.0
3992,QB262,4260,3992,1108,1108,1100,1109,997,1109,5159874,Colson Brown,CLEM,QB,12.0,12.0,12.0,5.87,70.4,70.4,70.4,0.0,70.4,-174.7,-174.8,-157.9,-153.6,-153.6,-153.6,,,,,,,,0.5,,1.0,,2026-08-25,,,,,0.5,,,0.0
3993,TE765,3598,3993,4181,4181,4179,4182,4070,4182,5160164,Finn Furmanek,PSU,TE,12.0,12.0,12.0,0.34,4.1,4.1,4.1,0.0,4.1,-153.6,-149.5,-153.6,-153.6,-153.6,-153.6,,,,,,,,0.11,,1.0,,2026-08-25,,,,,0.5,,,0.0
3994,TE766,3600,3994,4183,4183,4181,4184,4072,4184,5210481,Zane Gerbo,FRES,TE,12.0,12.0,12.0,0.34,4.1,4.1,4.1,0.0,4.1,-153.6,-149.5,-153.6,-153.6,-153.6,-153.6,,,,,,,,0.21,,1.0,,2026-08-25,,,,,0.5,,,0.0
3995,TE767,3601,3995,4184,4184,4182,4185,4073,4185,5211862,Matt Henderson,VT,TE,12.0,12.0,12.0,0.34,4.1,4.1,4.1,0.0,4.1,-153.6,-149.5,-153.6,-153.6,-153.6,-153.6,,,,,,,,0.24,,1.0,,2026-08-25,,,,,0.5,,,0.0
3996,TE768,3602,3996,4185,4185,4183,4186,4074,4186,5214549,Mason Woods,IOWA,TE,12.0,12.0,12.0,0.34,4.1,4.1,4.1,0.0,4.1,-153.6,-149.5,-153.6,-153.6,-153.6,-153.6,,,,,,,,0.17,,1.0,,2026-08-25,,,,,0.5,,,0.0
3997,TE769,3603,3997,4186,4186,4184,4187,4075,4187,5214936,Dylan Sims,UCLA,TE,12.0,12.0,12.0,0.34,4.1,4.1,4.1,0.0,4.1,-153.6,-149.5,-153.6,-153.6,-153.6,-153.6,,,,,,,,0.22,,1.0,,2026-08-25,,,,,0.5,,,0.0
3998,TE770,3606,3998,4189,4189,4187,4190,4078,4190,5276063,Pierce Petersohn,VT,TE,12.0,12.0,12.0,0.34,4.1,4.1,4.1,0.0,4.1,-153.6,-149.5,-153.6,-153.6,-153.6,-153.6,,,,,,,,0.24,,1.0,,2026-08-25,,,,,0.5,,,0.0
3999,TE771,3607,3999,4190,4190,4188,4191,4079,4191,5291814,Davis Brown,FIU,TE,12.0,12.0,12.0,0.34,4.1,4.1,4.1,0.0,4.1,-153.6,-149.5,-153.6,-153.6,-153.6,-153.6,,,,,,,,0.17,,1.0,,2026-08-25,,,,,0.5,,,0.0
4000,TE772,3608,4000,4192,4192,4190,4193,4081,4193,5295450,Sean Persson,UAB,TE,12.0,12.0,12.0,0.34,4.1,4.1,4.1,0.0,4.1,-153.6,-149.5,-153.6,-153.6,-153.6,-153.6,,,,,,,,0.12,,1.0,,2026-08-25,,,,,0.5,,,0.0
4001,TE773,3609,4001,4193,4193,4191,4194,4082,4194,5295602,Eric Karner,M-OH,TE,12.0,12.0,12.0,0.34,4.1,4.1,4.1,0.0,4.1,-153.6,-149.5,-153.6,-153.6,-153.6,-153.6,,,,,,,,0.17,,1.0,,2026-08-25,,,,,0.5,,,0.0
4002,RB957,4165,4002,4196,4196,4194,4197,4085,4197,5384683,LJ McGhee,KSU,RB,12.0,12.0,12.0,0.34,4.1,4.1,4.1,0.0,4.1,-153.6,-155.1,-153.6,-153.6,-153.6,-153.6,,,,,,,,0.19,,1.0,,2026-08-25,,,,,0.5,,,0.0
4003,RB958,4166,4003,4197,4197,4195,4198,4086,4198,5387641,Jordan Stapleton,CMU,RB,12.0,12.0,12.0,0.34,4.1,4.1,4.1,0.0,4.1,-153.6,-155.1,-153.6,-153.6,-153.6,-153.6,,,,,,,,0.19,,1.0,,2026-08-25,,,,,0.5,,,0.0
4004,RB959,4167,4004,4198,4198,4196,4199,4087,4199,5391352,Jeremiah Wingfield,NAVY,RB,12.0,12.0,12.0,0.34,4.1,4.1,4.1,0.0,4.1,-153.6,-155.1,-153.6,-153.6,-153.6,-153.6,,,,,,,,0.21,,1.0,,2026-08-25,,,,,0.5,,,0.0
4005,RB960,4168,4005,4199,4199,4197,4200,4088,4200,5391355,Chris Daley II,NAVY,RB,12.0,12.0,12.0,0.34,4.1,4.1,4.1,0.0,4.1,-153.6,-155.1,-153.6,-153.6,-153.6,-153.6,,,,,,,,0.21,,1.0,,2026-08-25,,,,,0.5,,,0.0
4006,TE774,3615,4006,4201,4201,4200,4202,4090,4202,5210061,Trey Zvonar,M-OH,TE,12.0,12.0,12.0,0.33,4.0,4.0,4.0,0.0,4.0,-153.7,-149.6,-153.7,-153.7,-153.7,-153.7,,,,,,,,0.2,,1.0,,2026-08-25,,,,,0.5,,,0.0
4007,TE775,3617,4007,4203,4203,4202,4204,4092,4204,5261457,Cameron Kossmann,BC,TE,12.0,12.0,12.0,0.33,4.0,4.0,4.0,0.0,4.0,-153.7,-149.6,-153.7,-153.7,-153.7,-153.7,,,,,,,,0.15,,1.0,,2026-08-25,,,,,0.5,,,0.0
4008,TE776,3619,4008,4205,4205,4204,4206,4094,4206,5264241,Luke Galer,ISU,TE,12.0,12.0,12.0,0.33,4.0,4.0,4.0,0.0,4.0,-153.7,-149.6,-153.7,-153.7,-153.7,-153.7,,,,,,,,0.17,,1.0,,2026-08-25,,,,,0.5,,,0.0
4009,TE777,3621,4009,4207,4207,4206,4208,4096,4208,5279681,Jerious Singletary,UNT,TE,12.0,12.0,12.0,0.33,4.0,4.0,4.0,0.0,4.0,-153.7,-149.6,-153.7,-153.7,-153.7,-153.7,,,,,,,,0.14,,1.0,,2026-08-25,,,,,0.5,,,0.0
4010,TE778,3622,4010,4208,4208,4207,4209,4097,4209,5282062,Drew Byrd,ISU,TE,12.0,12.0,12.0,0.33,4.0,4.0,4.0,0.0,4.0,-153.7,-149.6,-153.7,-153.7,-153.7,-153.7,,,,,,,,0.17,,1.0,,2026-08-25,,,,,0.5,,,0.0
4011,TE779,3629,4011,4214,4215,4213,4215,4103,4215,5158989,Heze Kent,FLA,TE,12.0,12.0,12.0,0.32,3.9,3.9,3.9,0.0,3.9,-153.8,-149.7,-153.8,-153.8,-153.8,-153.8,,,,,,,,0.18,,1.0,,2026-08-25,,,,,0.5,,,0.0
4012,TE780,3630,4012,4215,4216,4214,4216,4104,4216,5195688,Landon Pace,WYO,TE,12.0,12.0,12.0,0.32,3.9,3.9,3.9,0.0,3.9,-153.8,-149.7,-153.8,-153.8,-153.8,-153.8,,,,,,,,0.17,,1.0,,2026-08-25,,,,,0.5,,,0.0
4013,TE781,3631,4013,4216,4217,4215,4217,4105,4217,5207594,Khristian Mackintrush,UL,TE,12.0,12.0,12.0,0.32,3.9,3.9,3.9,0.0,3.9,-153.8,-149.7,-153.8,-153.8,-153.8,-153.8,,,,,,,,0.23,,1.0,,2026-08-25,,,,,0.5,,,0.0
4014,TE782,3634,4014,4220,4221,4219,4221,4109,4221,5265135,Sam Hamilton,WVU,TE,12.0,12.0,12.0,0.32,3.9,3.9,3.9,0.0,3.9,-153.8,-149.7,-153.8,-153.8,-153.8,-153.8,,,,,,,,0.21,,1.0,,2026-08-25,,,,,0.5,,,0.0
4015,TE783,3636,4015,4222,4223,4221,4223,4111,4223,5274304,Broderick Peters,USM,TE,12.0,12.0,12.0,0.32,3.9,3.9,3.9,0.0,3.9,-153.8,-149.7,-153.8,-153.8,-153.8,-153.8,,,,,,,,0.16,,1.0,,2026-08-25,,,,,0.5,,,0.0
4016,TE784,3637,4016,4223,4224,4222,4224,4112,4224,5276670,Ar'mari Towns,PUR,TE,12.0,12.0,12.0,0.32,3.9,3.9,3.9,0.0,3.9,-153.8,-149.7,-153.8,-153.8,-153.8,-153.8,,,,,,,,0.16,,1.0,,2026-08-25,,,,,0.5,,,0.0
4017,TE785,3638,4017,4224,4225,4223,4225,4113,4225,5276682,Kevin Sullivan,KU,TE,12.0,12.0,12.0,0.32,3.9,3.9,3.9,0.0,3.9,-153.8,-149.7,-153.8,-153.8,-153.8,-153.8,,,,,,,,0.19,,1.0,,2026-08-25,,,,,0.5,,,0.0
4018,TE786,3639,4018,4225,4226,4224,4226,4114,4226,5289956,Arley Morrell,KSU,TE,12.0,12.0,12.0,0.32,3.9,3.9,3.9,0.0,3.9,-153.8,-149.7,-153.8,-153.8,-153.8,-153.8,,,,,,,,0.21,,1.0,,2026-08-25,,,,,0.5,,,0.0
4019,TE787,3640,4019,4226,4227,4225,4227,4115,4227,5290785,Marcus Monroe,STAN,TE,12.0,12.0,12.0,0.32,3.9,3.9,3.9,0.0,3.9,-153.8,-149.7,-153.8,-153.8,-153.8,-153.8,,,,,,,,0.18,,1.0,,2026-08-25,,,,,0.5,,,0.0
4020,RB961,4169,4020,4228,4229,4227,4229,4117,4229,5296275,Logan Payne,BYU,RB,12.0,12.0,12.0,0.32,3.9,3.9,3.9,0.0,3.9,-153.8,-155.3,-153.8,-153.8,-153.8,-153.8,,,,,,,,0.21,,1.0,,2026-08-25,,,,,0.5,,,0.0
4021,RB962,4170,4021,4231,4232,4230,4232,4120,4232,5385845,Cedric Williams Jr.,MSU,RB,12.0,12.0,12.0,0.32,3.9,3.9,3.9,0.0,3.9,-153.8,-155.3,-153.8,-153.8,-153.8,-153.8,,,,,,,,0.19,,1.0,,2026-08-25,,,,,0.5,,,0.0
4022,TE788,3644,4022,4232,4233,4231,4233,4121,4233,5388763,Nick Hampton,TROY,TE,12.0,12.0,12.0,0.32,3.9,3.9,3.9,0.0,3.9,-153.8,-149.7,-153.8,-153.8,-153.8,-153.8,,,,,,,,0.17,,1.0,,2026-08-25,,,,,0.5,,,0.0
4023,RB963,4171,4023,4234,4235,4233,4235,4123,4235,5391528,Killian Sombe,ORE,RB,12.0,12.0,12.0,0.32,3.9,3.9,3.9,0.0,3.9,-153.8,-155.3,-153.8,-153.8,-153.8,-153.8,,,,,,,,0.22,,1.0,,2026-08-25,,,,,0.5,,,0.0
4024,TE789,3646,4024,4235,4236,4234,4236,4124,4236,5394483,Kime Fangupo,SDSU,TE,12.0,12.0,12.0,0.32,3.9,3.9,3.9,0.0,3.9,-153.8,-149.7,-153.8,-153.8,-153.8,-153.8,,,,,,,,0.19,,1.0,,2026-08-25,,,,,0.5,,,0.0
4025,RB964,4172,4025,4236,4214,4314,4181,4069,4181,5246572,Nathan McNeil,IOWA,RB,12.0,12.0,12.0,0.32,3.8,3.8,3.8,0.0,3.8,-153.9,-155.4,-153.9,-153.9,-153.9,-153.9,3.386,3.386,4.198,4.198,4.198,,0.015,0.69,,1.0,,2026-08-25,,,,,0.5,,,0.0
4026,TE790,3651,4026,4239,4239,4237,4239,4127,4239,5220921,Jordan Williams,TXST,TE,12.0,12.0,12.0,0.32,3.8,3.8,3.8,0.0,3.8,-153.9,-149.8,-153.9,-153.9,-153.9,-153.9,,,,,,,,0.13,,1.0,,2026-08-25,,,,,0.5,,,0.0
4027,TE791,3656,4027,4244,4244,4242,4244,4132,4244,5302871,Gavin Gregory,CIN,TE,12.0,12.0,12.0,0.32,3.8,3.8,3.8,0.0,3.8,-153.9,-149.8,-153.9,-153.9,-153.9,-153.9,,,,,,,,0.15,,1.0,,2026-08-25,,,,,0.5,,,0.0
4028,TE792,3658,4028,4246,4246,4244,4246,4134,4246,5327427,Brooks Hall,UCF,TE,12.0,12.0,12.0,0.32,3.8,3.8,3.8,0.0,3.8,-153.9,-149.8,-153.9,-153.9,-153.9,-153.9,,,,,,,,0.13,,1.0,,2026-08-25,,,,,0.5,,,0.0
4029,RB965,4173,4029,4248,4248,4246,4248,4136,4248,5378094,RJ Boyd,NCSU,RB,12.0,12.0,12.0,0.32,3.8,3.8,3.8,0.0,3.8,-153.9,-155.4,-153.9,-153.9,-153.9,-153.9,,,,,,,,0.17,,1.0,,2026-08-25,,,,,0.5,,,0.0
4030,RB966,4174,4030,4250,4250,4248,4250,4138,4250,5382520,Maddox Merrill,FRES,RB,12.0,12.0,12.0,0.32,3.8,3.8,3.8,0.0,3.8,-153.9,-155.4,-153.9,-153.9,-153.9,-153.9,,,,,,,,0.2,,1.0,,2026-08-25,,,,,0.5,,,0.0
4031,TE793,3661,4031,4251,4251,4249,4251,4139,4251,5384810,Jack Merryman,SHSU,TE,12.0,12.0,12.0,0.32,3.8,3.8,3.8,0.0,3.8,-153.9,-149.8,-153.9,-153.9,-153.9,-153.9,,,,,,,,0.15,,1.0,,2026-08-25,,,,,0.5,,,0.0
4032,RB967,4175,4032,4252,4252,4250,4252,4140,4252,5393157,Journee Tonga,BYU,RB,12.0,12.0,12.0,0.32,3.8,3.8,3.8,0.0,3.8,-153.9,-155.4,-153.9,-153.9,-153.9,-153.9,,,,,,,,0.21,,1.0,,2026-08-25,,,,,0.5,,,0.0
4033,RB968,4176,4033,4253,4253,4251,4253,4141,4253,5393162,Micah Beckstead,BYU,RB,12.0,12.0,12.0,0.32,3.8,3.8,3.8,0.0,3.8,-153.9,-155.4,-153.9,-153.9,-153.9,-153.9,,,,,,,,0.21,,1.0,,2026-08-25,,,,,0.5,,,0.0
4034,TE794,3664,4034,4255,4255,4253,4255,4143,4255,5212628,Matthew Tybor,MASS,TE,12.0,12.0,12.0,0.31,3.7,3.7,3.7,0.0,3.7,-154.0,-149.9,-154.0,-154.0,-154.0,-154.0,,,,,,,,0.16,,1.0,,2026-08-25,,,,,0.5,,,0.0
4035,TE795,3665,4035,4256,4256,4254,4256,4144,4256,5246731,DJ Howerton,RUTG,TE,12.0,12.0,12.0,0.31,3.7,3.7,3.7,0.0,3.7,-154.0,-149.9,-154.0,-154.0,-154.0,-154.0,,,,,,,,0.15,,1.0,,2026-08-25,,,,,0.5,,,0.0
4036,TE796,3666,4036,4257,4257,4255,4257,4145,4257,5258035,Ethan Gurela,JMU,TE,12.0,12.0,12.0,0.31,3.7,3.7,3.7,0.0,3.7,-154.0,-149.9,-154.0,-154.0,-154.0,-154.0,,,,,,,,0.15,,1.0,,2026-08-25,,,,,0.5,,,0.0
4037,RB969,4177,4037,4258,4258,4256,4258,4146,4258,5276960,Donovan Triplett,WMU,RB,12.0,12.0,12.0,0.31,3.7,3.7,3.7,0.0,3.7,-154.0,-155.5,-154.0,-154.0,-154.0,-154.0,,,,,,,,0.24,,1.0,,2026-08-25,,,,,0.5,,,0.0
4038,TE797,3667,4038,4259,4259,4257,4259,4147,4259,5279211,Benny Okwura,UTEP,TE,12.0,12.0,12.0,0.31,3.7,3.7,3.7,0.0,3.7,-154.0,-149.9,-154.0,-154.0,-154.0,-154.0,,,,,,,,0.14,,1.0,,2026-08-25,,,,,0.5,,,0.0
4039,TE798,3669,4039,4261,4261,4259,4261,4149,4261,5295062,Owen Carlson,USA,TE,12.0,12.0,12.0,0.31,3.7,3.7,3.7,0.0,3.7,-154.0,-149.9,-154.0,-154.0,-154.0,-154.0,,,,,,,,0.14,,1.0,,2026-08-25,,,,,0.5,,,0.0
4040,TE799,3672,4040,4264,4264,4262,4264,4152,4264,5302778,Chase Tatum,KENN,TE,12.0,12.0,12.0,0.31,3.7,3.7,3.7,0.0,3.7,-154.0,-149.9,-154.0,-154.0,-154.0,-154.0,,,,,,,,0.14,,1.0,,2026-08-25,,,,,0.5,,,0.0
4041,RB970,4178,4041,4267,4267,4265,4267,4155,4267,5387642,Jayel Harris,CMU,RB,12.0,12.0,12.0,0.31,3.7,3.7,3.7,0.0,3.7,-154.0,-155.5,-154.0,-154.0,-154.0,-154.0,,,,,,,,0.17,,1.0,,2026-08-25,,,,,0.5,,,0.0
4042,RB971,4179,4042,4268,4268,4266,4268,4156,4268,5391356,Julian Turney,NAVY,RB,12.0,12.0,12.0,0.31,3.7,3.7,3.7,0.0,3.7,-154.0,-155.5,-154.0,-154.0,-154.0,-154.0,,,,,,,,0.19,,1.0,,2026-08-25,,,,,0.5,,,0.0
4043,TE800,3675,4043,4269,4269,4267,4269,4157,4269,5391553,Tripp Brown Jr.,FLA,TE,12.0,12.0,12.0,0.31,3.7,3.7,3.7,0.0,3.7,-154.0,-149.9,-154.0,-154.0,-154.0,-154.0,,,,,,,,0.19,,1.0,,2026-08-25,,,,,0.5,,,0.0
4044,TE801,3680,4044,4270,4270,4268,4270,4158,4270,5161821,Ben Gula,COLO,TE,12.0,12.0,12.0,0.3,3.6,3.6,3.6,0.0,3.6,-154.1,-150.0,-154.1,-154.1,-154.1,-154.1,,,,,,,,0.17,,1.0,,2026-08-25,,,,,0.5,,,0.0
4045,TE802,3681,4045,4271,4271,4269,4271,4159,4271,5213214,Wyatt Bowman,SYR,TE,12.0,12.0,12.0,0.3,3.6,3.6,3.6,0.0,3.6,-154.1,-150.0,-154.1,-154.1,-154.1,-154.1,,,,,,,,0.14,,1.0,,2026-08-25,,,,,0.5,,,0.0
4046,TE803,3689,4046,4279,4279,4277,4279,4167,4279,5311304,George Rohl,MINN,TE,12.0,12.0,12.0,0.3,3.6,3.6,3.6,0.0,3.6,-154.1,-150.0,-154.1,-154.1,-154.1,-154.1,,,,,,,,0.18,,1.0,,2026-08-25,,,,,0.5,,,0.0
4047,RB972,4181,4047,4284,4284,4282,4284,4172,4284,5388314,Cade Romanini,KENT,RB,12.0,12.0,12.0,0.3,3.6,3.6,3.6,0.0,3.6,-154.1,-155.6,-154.1,-154.1,-154.1,-154.1,,,,,,,,0.24,,1.0,,2026-08-25,,,,,0.5,,,0.0
4048,TE804,3694,4048,4285,4285,4283,4285,4173,4285,5394620,Drew Bilderback,USM,TE,12.0,12.0,12.0,0.3,3.6,3.6,3.6,0.0,3.6,-154.1,-150.0,-154.1,-154.1,-154.1,-154.1,,,,,,,,0.16,,1.0,,2026-08-25,,,,,0.5,,,0.0
4049,TE805,3696,4049,4286,4286,4284,4286,4174,4286,5163002,Jack Utz,KU,TE,12.0,12.0,12.0,0.29,3.5,3.5,3.5,0.0,3.5,-154.2,-150.1,-154.2,-154.2,-154.2,-154.2,,,,,,,,0.17,,1.0,,2026-08-25,,,,,0.5,,,0.0
4050,TE806,3697,4050,4287,4287,4285,4287,4175,4287,5226566,Jaxon Shuttlesworth,ALA,TE,12.0,12.0,12.0,0.29,3.5,3.5,3.5,0.0,3.5,-154.2,-150.1,-154.2,-154.2,-154.2,-154.2,,,,,,,,0.12,,1.0,,2026-08-25,,,,,0.5,,,0.0
4051,TE807,3698,4051,4288,4288,4286,4288,4176,4288,5281268,Cooper McCutchan,PUR,TE,12.0,12.0,12.0,0.29,3.5,3.5,3.5,0.0,3.5,-154.2,-150.1,-154.2,-154.2,-154.2,-154.2,,,,,,,,0.16,,1.0,,2026-08-25,,,,,0.5,,,0.0
4052,TE808,3699,4052,4289,4289,4287,4289,4177,4289,5289264,Carter Bashir,SYR,TE,12.0,12.0,12.0,0.29,3.5,3.5,3.5,0.0,3.5,-154.2,-150.1,-154.2,-154.2,-154.2,-154.2,,,,,,,,0.14,,1.0,,2026-08-25,,,,,0.5,,,0.0
4053,TE809,3700,4053,4290,4290,4288,4290,4178,4290,5289563,Brayden Marko,MD,TE,12.0,12.0,12.0,0.29,3.5,3.5,3.5,0.0,3.5,-154.2,-150.1,-154.2,-154.2,-154.2,-154.2,,,,,,,,0.16,,1.0,,2026-08-25,,,,,0.5,,,0.0
4054,TE810,3701,4054,4291,4291,4289,4291,4179,4291,5289654,Brady Owens,RUTG,TE,12.0,12.0,12.0,0.29,3.5,3.5,3.5,0.0,3.5,-154.2,-150.1,-154.2,-154.2,-154.2,-154.2,,,,,,,,0.15,,1.0,,2026-08-25,,,,,0.5,,,0.0
4055,RB973,4182,4055,4292,4292,4290,4292,4180,4292,5295631,Kevin Young,ARK,RB,12.0,12.0,12.0,0.29,3.5,3.5,3.5,0.0,3.5,-154.2,-155.7,-154.2,-154.2,-154.2,-154.2,,,,,,,,0.16,,1.0,,2026-08-25,,,,,0.5,,,0.0
4056,RB974,4183,4056,4295,4295,4293,4295,4183,4295,5296813,Tim Longo,BC,RB,12.0,12.0,12.0,0.29,3.5,3.5,3.5,0.0,3.5,-154.2,-155.7,-154.2,-154.2,-154.2,-154.2,,,,,,,,0.18,,1.0,,2026-08-25,,,,,0.5,,,0.0
4057,TE811,3704,4057,4296,4296,4294,4296,4184,4296,5387646,Myles Peters,CMU,TE,12.0,12.0,12.0,0.29,3.5,3.5,3.5,0.0,3.5,-154.2,-150.1,-154.2,-154.2,-154.2,-154.2,,,,,,,,0.17,,1.0,,2026-08-25,,,,,0.5,,,0.0
4058,TE812,3705,4058,4297,4297,4295,4297,4185,4297,5387647,Gavin Spillers,CMU,TE,12.0,12.0,12.0,0.29,3.5,3.5,3.5,0.0,3.5,-154.2,-150.1,-154.2,-154.2,-154.2,-154.2,,,,,,,,0.17,,1.0,,2026-08-25,,,,,0.5,,,0.0
4059,RB975,4184,4059,4298,4298,4296,4298,4186,4298,5391357,Tyler Wall,NAVY,RB,12.0,12.0,12.0,0.29,3.5,3.5,3.5,0.0,3.5,-154.2,-155.7,-154.2,-154.2,-154.2,-154.2,,,,,,,,0.18,,1.0,,2026-08-25,,,,,0.5,,,0.0
4060,TE813,3707,4060,4299,4299,4297,4299,4187,4299,5231027,Breylen Gilbert,ARK,TE,12.0,12.0,12.0,0.28,3.4,3.4,3.4,0.0,3.4,-154.3,-150.2,-154.3,-154.3,-154.3,-154.3,,,,,,,,0.12,,1.0,,2026-08-25,,,,,0.5,,,0.0
4061,TE814,3708,4061,4300,4300,4298,4300,4188,4300,5248198,Kentrell White,BGSU,TE,12.0,12.0,12.0,0.28,3.4,3.4,3.4,0.0,3.4,-154.3,-150.2,-154.3,-154.3,-154.3,-154.3,,,,,,,,0.2,,1.0,,2026-08-25,,,,,0.5,,,0.0
4062,TE815,3709,4062,4301,4301,4299,4301,4189,4301,5261625,Elijah Rooney,VAN,TE,12.0,12.0,12.0,0.28,3.4,3.4,3.4,0.0,3.4,-154.3,-150.2,-154.3,-154.3,-154.3,-154.3,,,,,,,,0.1,,1.0,,2026-08-25,,,,,0.5,,,0.0
4063,TE816,3710,4063,4302,4302,4300,4302,4190,4302,5265585,Dylan Stecker,IOWA,TE,12.0,12.0,12.0,0.28,3.4,3.4,3.4,0.0,3.4,-154.3,-150.2,-154.3,-154.3,-154.3,-154.3,,,,,,,,0.14,,1.0,,2026-08-25,,,,,0.5,,,0.0
4064,TE817,3711,4064,4303,4303,4301,4303,4191,4303,5281139,Darren Schmitt,NEV,TE,12.0,12.0,12.0,0.28,3.4,3.4,3.4,0.0,3.4,-154.3,-150.2,-154.3,-154.3,-154.3,-154.3,,,,,,,,0.19,,1.0,,2026-08-25,,,,,0.5,,,0.0
4065,TE818,3712,4065,4304,4304,4302,4304,4192,4304,5290262,Zack Wagner,CMU,TE,12.0,12.0,12.0,0.28,3.4,3.4,3.4,0.0,3.4,-154.3,-150.2,-154.3,-154.3,-154.3,-154.3,,,,,,,,0.2,,1.0,,2026-08-25,,,,,0.5,,,0.0
4066,RB976,4185,4066,4305,4305,4303,4305,4193,4305,5290624,Caleb Wynn,USA,RB,12.0,12.0,12.0,0.28,3.4,3.4,3.4,0.0,3.4,-154.3,-155.8,-154.3,-154.3,-154.3,-154.3,,,,,,,,0.21,,1.0,,2026-08-25,,,,,0.5,,,0.0
4067,TE819,3718,4067,4311,4311,4309,4311,4199,4311,5302884,Vainuupo Fanuaea,HAW,TE,12.0,12.0,12.0,0.28,3.4,3.4,3.4,0.0,3.4,-154.3,-150.2,-154.3,-154.3,-154.3,-154.3,,,,,,,,0.1,,1.0,,2026-08-25,,,,,0.5,,,0.0
4068,TE820,3720,4068,4313,4313,4311,4313,4201,4313,5382714,Remy Goins,FIU,TE,12.0,12.0,12.0,0.28,3.4,3.4,3.4,0.0,3.4,-154.3,-150.2,-154.3,-154.3,-154.3,-154.3,,,,,,,,0.17,,1.0,,2026-08-25,,,,,0.5,,,0.0
4069,TE821,3728,4069,4316,4316,4315,4316,4204,4316,5161644,Brody Jones,VT,TE,12.0,12.0,12.0,0.27,3.3,3.3,3.3,0.0,3.3,-154.4,-150.3,-154.4,-154.4,-154.4,-154.4,,,,,,,,0.09,,1.0,,2026-08-25,,,,,0.5,,,0.0
4070,TE822,3732,4070,4320,4320,4319,4320,4208,4320,5296332,Maddox Sills,DEL,TE,12.0,12.0,12.0,0.27,3.3,3.3,3.3,0.0,3.3,-154.4,-150.3,-154.4,-154.4,-154.4,-154.4,,,,,,,,0.12,,1.0,,2026-08-25,,,,,0.5,,,0.0
4071,TE823,3739,4071,4327,4327,4326,4327,4215,4327,5394443,Enese Tonga,WMU,TE,12.0,12.0,12.0,0.27,3.3,3.3,3.3,0.0,3.3,-154.4,-150.3,-154.4,-154.4,-154.4,-154.4,,,,,,,,0.17,,1.0,,2026-08-25,,,,,0.5,,,0.0
4072,TE824,3740,4072,4328,4328,4327,4329,4217,4329,5238267,John Tofi Jr.,CAL,TE,12.0,12.0,12.0,0.27,3.2,3.2,3.2,0.0,3.2,-154.5,-150.4,-154.5,-154.5,-154.5,-154.5,,,,,,,,0.14,,1.0,,2026-08-25,,,,,0.5,,,0.0
4073,TE825,3741,4073,4329,4329,4328,4330,4218,4330,5258474,Cash Landau,WSU,TE,12.0,12.0,12.0,0.27,3.2,3.2,3.2,0.0,3.2,-154.5,-150.4,-154.5,-154.5,-154.5,-154.5,,,,,,,,0.14,,1.0,,2026-08-25,,,,,0.5,,,0.0
4074,TE826,3742,4074,4330,4330,4329,4331,4219,4331,5269111,Ishmael Muhammad,WYO,TE,12.0,12.0,12.0,0.27,3.2,3.2,3.2,0.0,3.2,-154.5,-150.4,-154.5,-154.5,-154.5,-154.5,,,,,,,,0.15,,1.0,,2026-08-25,,,,,0.5,,,0.0
4075,RB977,4186,4075,4331,4331,4330,4332,4220,4332,5295774,Tayo Ashadele,GAST,RB,12.0,12.0,12.0,0.27,3.2,3.2,3.2,0.0,3.2,-154.5,-156.0,-154.5,-154.5,-154.5,-154.5,,,,,,,,0.2,,1.0,,2026-08-25,,,,,0.5,,,0.0
4076,TE827,3743,4076,4332,4332,4331,4333,4221,4333,5296203,Kam Taylor,LIB,TE,12.0,12.0,12.0,0.27,3.2,3.2,3.2,0.0,3.2,-154.5,-150.4,-154.5,-154.5,-154.5,-154.5,,,,,,,,0.15,,1.0,,2026-08-25,,,,,0.5,,,0.0
4077,TE828,3745,4077,4334,4334,4333,4335,4223,4335,5385851,Ethan Melville,MSU,TE,12.0,12.0,12.0,0.27,3.2,3.2,3.2,0.0,3.2,-154.5,-150.4,-154.5,-154.5,-154.5,-154.5,,,,,,,,0.16,,1.0,,2026-08-25,,,,,0.5,,,0.0
4078,TE829,3749,4078,4335,4335,4334,4336,4224,4336,5202459,Jack Sievers,WIS,TE,12.0,12.0,12.0,0.26,3.1,3.1,3.1,0.0,3.1,-154.6,-150.5,-154.6,-154.6,-154.6,-154.6,,,,,,,,0.17,,1.0,,2026-08-25,,,,,0.5,,,0.0
4079,TE830,3750,4079,4336,4336,4335,4337,4225,4337,5210428,Peyton Read,WSU,TE,12.0,12.0,12.0,0.26,3.1,3.1,3.1,0.0,3.1,-154.6,-150.5,-154.6,-154.6,-154.6,-154.6,,,,,,,,0.14,,1.0,,2026-08-25,,,,,0.5,,,0.0
4080,TE831,3751,4080,4337,4337,4336,4338,4226,4338,5216697,Miles Uter,SMU,TE,12.0,12.0,12.0,0.26,3.1,3.1,3.1,0.0,3.1,-154.6,-150.5,-154.6,-154.6,-154.6,-154.6,,,,,,,,0.11,,1.0,,2026-08-25,,,,,0.5,,,0.0
4081,TE832,3752,4081,4338,4338,4337,4339,4227,4339,5222150,Joshua Brantley,LT,TE,12.0,12.0,12.0,0.26,3.1,3.1,3.1,0.0,3.1,-154.6,-150.5,-154.6,-154.6,-154.6,-154.6,,,,,,,,0.2,,1.0,,2026-08-25,,,,,0.5,,,0.0
4082,TE833,3754,4082,4340,4340,4339,4341,4229,4341,5277094,Kade Bush,WVU,TE,12.0,12.0,12.0,0.26,3.1,3.1,3.1,0.0,3.1,-154.6,-150.5,-154.6,-154.6,-154.6,-154.6,,,,,,,,0.18,,1.0,,2026-08-25,,,,,0.5,,,0.0
4083,TE834,3755,4083,4341,4341,4340,4342,4230,4342,5290581,Adam Gehm,VAN,TE,12.0,12.0,12.0,0.26,3.1,3.1,3.1,0.0,3.1,-154.6,-150.5,-154.6,-154.6,-154.6,-154.6,,,,,,,,0.15,,1.0,,2026-08-25,,,,,0.5,,,0.0
4084,TE835,3756,4084,4342,4342,4341,4343,4231,4343,5291922,Jack Ellis,SDSU,TE,12.0,12.0,12.0,0.26,3.1,3.1,3.1,0.0,3.1,-154.6,-150.5,-154.6,-154.6,-154.6,-154.6,,,,,,,,0.31,,1.0,,2026-08-25,,,,,0.5,,,0.0
4085,TE836,3761,4085,4347,4347,4346,4348,4236,4348,5326881,Trysten Laughlin,UTSA,TE,12.0,12.0,12.0,0.26,3.1,3.1,3.1,0.0,3.1,-154.6,-150.5,-154.6,-154.6,-154.6,-154.6,,,,,,,,0.11,,1.0,,2026-08-25,,,,,0.5,,,0.0
4086,TE837,3763,4086,4349,4349,4348,4350,4238,4350,5383009,Carson Edney,ISU,TE,12.0,12.0,12.0,0.26,3.1,3.1,3.1,0.0,3.1,-154.6,-150.5,-154.6,-154.6,-154.6,-154.6,,,,,,,,0.16,,1.0,,2026-08-25,,,,,0.5,,,0.0
4087,TE838,3764,4087,4350,4350,4349,4351,4239,4351,5388770,Jayvin Bennett,TROY,TE,12.0,12.0,12.0,0.26,3.1,3.1,3.1,0.0,3.1,-154.6,-150.5,-154.6,-154.6,-154.6,-154.6,,,,,,,,0.12,,1.0,,2026-08-25,,,,,0.5,,,0.0
4088,RB978,4187,4088,4351,4351,4350,4352,4240,4352,5395310,Donovan Crow,USA,RB,12.0,12.0,12.0,0.26,3.1,3.1,3.1,0.0,3.1,-154.6,-156.1,-154.6,-154.6,-154.6,-154.6,,,,,,,,0.2,,1.0,,2026-08-25,,,,,0.5,,,0.0
4089,QB263,4261,4089,1122,1122,1115,1123,1011,1123,4685391,Walker Howard,MISS,QB,12.0,12.0,12.0,5.78,69.3,69.3,69.3,0.0,69.3,-175.8,-175.9,-159.0,-154.7,-154.7,-154.7,,,,,,,,0.62,,1.0,,2026-08-25,,,,,0.5,,,0.0
4090,TE839,3766,4090,4352,4353,4352,4354,4242,4354,5150383,David Lalaian,UGA,TE,12.0,12.0,12.0,0.25,3.0,3.0,3.0,0.0,3.0,-154.7,-150.6,-154.7,-154.7,-154.7,-154.7,,,,,,,,0.07,,1.0,,2026-08-25,,,,,0.5,,,0.0
4091,TE840,3767,4091,4353,4354,4353,4355,4243,4355,5151017,Travis Egan,LOU,TE,12.0,12.0,12.0,0.25,3.0,3.0,3.0,0.0,3.0,-154.7,-150.6,-154.7,-154.7,-154.7,-154.7,,,,,,,,0.09,,1.0,,2026-08-25,,,,,0.5,,,0.0
4092,TE841,3771,4092,4357,4358,4357,4359,4247,4359,5295956,Brandon Hettwer,MRSH,TE,12.0,12.0,12.0,0.25,3.0,3.0,3.0,0.0,3.0,-154.7,-150.6,-154.7,-154.7,-154.7,-154.7,,,,,,,,0.15,,1.0,,2026-08-25,,,,,0.5,,,0.0
4093,TE842,3773,4093,4359,4360,4359,4361,4249,4361,5302734,Brody Dawyot,CLT,TE,12.0,12.0,12.0,0.25,3.0,3.0,3.0,0.0,3.0,-154.7,-150.6,-154.7,-154.7,-154.7,-154.7,,,,,,,,0.13,,1.0,,2026-08-25,,,,,0.5,,,0.0
4094,TE843,3778,4094,4364,4365,4364,4366,4254,4366,5390431,Peter Cannon,FAU,TE,12.0,12.0,12.0,0.25,3.0,3.0,3.0,0.0,3.0,-154.7,-150.6,-154.7,-154.7,-154.7,-154.7,,,,,,,,0.1,,1.0,,2026-08-25,,,,,0.5,,,0.0
4095,TE844,3779,4095,4365,4366,4365,4367,4255,4367,5394648,Will Traylor,UTSA,TE,12.0,12.0,12.0,0.25,3.0,3.0,3.0,0.0,3.0,-154.7,-150.6,-154.7,-154.7,-154.7,-154.7,,,,,,,,0.11,,1.0,,2026-08-25,,,,,0.5,,,0.0
4096,RB979,4189,4096,4366,4352,4399,4328,4216,4328,5198313,O'Lontae Dean,IOWA,RB,12.0,12.0,12.0,0.25,2.9,2.9,2.9,0.0,2.9,-154.8,-156.3,-154.8,-154.8,-154.8,-154.8,2.601,2.601,3.225,3.225,3.225,,0.011,0.51,,1.0,,2026-08-25,,,,,0.5,,,0.0
4097,TE845,3783,4097,4367,4367,4366,4368,4256,4368,5207799,Wyatt Herbel,HOU,TE,12.0,12.0,12.0,0.24,2.9,2.9,2.9,0.0,2.9,-154.8,-150.7,-154.8,-154.8,-154.8,-154.8,,,,,,,,0.12,,1.0,,2026-08-25,,,,,0.5,,,0.0
4098,TE846,3784,4098,4368,4368,4367,4369,4257,4369,5215578,Jacory Thurman,HOU,TE,12.0,12.0,12.0,0.24,2.9,2.9,2.9,0.0,2.9,-154.8,-150.7,-154.8,-154.8,-154.8,-154.8,,,,,,,,0.12,,1.0,,2026-08-25,,,,,0.5,,,0.0
4099,TE847,3786,4099,4370,4370,4369,4371,4259,4371,5294070,Gavin Markey,FSU,TE,12.0,12.0,12.0,0.24,2.9,2.9,2.9,0.0,2.9,-154.8,-150.7,-154.8,-154.8,-154.8,-154.8,,,,,,,,0.13,,1.0,,2026-08-25,,,,,0.5,,,0.0
4100,TE848,3787,4100,4371,4371,4370,4372,4260,4372,5294274,Broderick Redden,UTAH,TE,12.0,12.0,12.0,0.24,2.9,2.9,2.9,0.0,2.9,-154.8,-150.7,-154.8,-154.8,-154.8,-154.8,,,,,,,,0.13,,1.0,,2026-08-25,,,,,0.5,,,0.0
4101,TE849,3788,4101,4372,4372,4371,4373,4261,4373,5295319,Fisher Melton,USC,TE,12.0,12.0,12.0,0.24,2.9,2.9,2.9,0.0,2.9,-154.8,-150.7,-154.8,-154.8,-154.8,-154.8,,,,,,,,0.11,,1.0,,2026-08-25,,,,,0.5,,,0.0
4102,TE850,3790,4102,4374,4374,4373,4375,4263,4375,5306733,Mitch Nielsen,UTAH,TE,12.0,12.0,12.0,0.24,2.9,2.9,2.9,0.0,2.9,-154.8,-150.7,-154.8,-154.8,-154.8,-154.8,,,,,,,,0.13,,1.0,,2026-08-25,,,,,0.5,,,0.0
4103,TE851,3791,4103,4375,4375,4374,4376,4264,4376,5326942,Maddox Hunstad,BGSU,TE,12.0,12.0,12.0,0.24,2.9,2.9,2.9,0.0,2.9,-154.8,-150.7,-154.8,-154.8,-154.8,-154.8,,,,,,,,0.19,,1.0,,2026-08-25,,,,,0.5,,,0.0
4104,RB980,4190,4104,4376,4376,4375,4377,4265,4377,5369936,Stuart Andrews,AUB,RB,12.0,12.0,12.0,0.24,2.9,2.9,2.9,0.0,2.9,-154.8,-156.3,-154.8,-154.8,-154.8,-154.8,,,,,,,,0.18,,1.0,,2026-08-25,,,,,0.5,,,0.0
4105,RB981,4191,4105,4378,4378,4377,4379,4267,4379,5376855,Juju Pope,WIS,RB,12.0,12.0,12.0,0.24,2.9,2.9,2.9,0.0,2.9,-154.8,-156.3,-154.8,-154.8,-154.8,-154.8,,,,,,,,0.26,,1.0,,2026-08-25,,,,,0.5,,,0.0
4106,QB264,4262,4106,1126,1126,1119,1127,1015,1127,4879824,Callum Wither,UK,QB,12.0,12.0,12.0,5.76,69.1,69.1,69.1,0.0,69.1,-176.0,-176.1,-159.2,-154.9,-154.9,-154.9,,,,,,,,0.56,,1.0,,2026-08-25,,,,,0.5,,,0.0
4107,TE852,3796,4107,4380,4380,4379,4382,4270,4382,5141751,T'Andre Waverly,ORST,TE,12.0,12.0,12.0,0.23,2.8,2.8,2.8,0.0,2.8,-154.9,-150.8,-154.9,-154.9,-154.9,-154.9,,,,,,,,0.15,,1.0,,2026-08-25,,,,,0.5,,,0.0
4108,TE853,3797,4108,4381,4381,4380,4383,4271,4383,5214442,Nizyi Davis,WIS,TE,12.0,12.0,12.0,0.23,2.8,2.8,2.8,0.0,2.8,-154.9,-150.8,-154.9,-154.9,-154.9,-154.9,,,,,,,,0.17,,1.0,,2026-08-25,,,,,0.5,,,0.0
4109,TE854,3798,4109,4382,4382,4381,4384,4272,4384,5258483,Will Swartz,RICE,TE,12.0,12.0,12.0,0.23,2.8,2.8,2.8,0.0,2.8,-154.9,-150.8,-154.9,-154.9,-154.9,-154.9,,,,,,,,0.1,,1.0,,2026-08-25,,,,,0.5,,,0.0
4110,TE855,3801,4110,4385,4385,4384,4387,4275,4387,5291630,Luke Hutchinson,MSST,TE,12.0,12.0,12.0,0.23,2.8,2.8,2.8,0.0,2.8,-154.9,-150.8,-154.9,-154.9,-154.9,-154.9,,,,,,,,0.1,,1.0,,2026-08-25,,,,,0.5,,,0.0
4111,TE856,3802,4111,4386,4386,4385,4388,4276,4388,5291805,Arlando Crafton Jr.,WKU,TE,12.0,12.0,12.0,0.23,2.8,2.8,2.8,0.0,2.8,-154.9,-150.8,-154.9,-154.9,-154.9,-154.9,,,,,,,,0.11,,1.0,,2026-08-25,,,,,0.5,,,0.0
4112,RB982,4192,4112,4391,4391,4390,4393,4281,4393,5376776,Kurt Smith,ND,RB,12.0,12.0,12.0,0.23,2.8,2.8,2.8,0.0,2.8,-154.9,-156.4,-154.9,-154.9,-154.9,-154.9,,,,,,,,0.12,,1.0,,2026-08-25,,,,,0.5,,,0.0
4113,QB265,4263,4113,1130,1130,1123,1131,1019,1131,5159873,Ben Guthrie,GT,QB,12.0,12.0,12.0,5.75,69.0,69.0,69.0,0.0,69.0,-176.1,-176.2,-159.3,-155.0,-155.0,-155.0,,,,,,,,0.5,,1.0,,2026-08-25,,,,,0.5,,,0.0
4114,TE857,3812,4114,4395,4396,4394,4397,4285,4397,5303248,Max Roche,JMU,TE,12.0,12.0,12.0,0.22,2.7,2.7,2.7,0.0,2.7,-155.0,-150.9,-155.0,-155.0,-155.0,-155.0,,,,,,,,0.12,,1.0,,2026-08-25,,,,,0.5,,,0.0
4115,TE858,3813,4115,4396,4397,4395,4398,4286,4398,5310763,Taysean Jones,ODU,TE,12.0,12.0,12.0,0.22,2.7,2.7,2.7,0.0,2.7,-155.0,-150.9,-155.0,-155.0,-155.0,-155.0,,,,,,,,0.14,,1.0,,2026-08-25,,,,,0.5,,,0.0
4116,TE859,3816,4116,4399,4400,4398,4401,4289,4401,5388750,Anthony Hickman,HAW,TE,12.0,12.0,12.0,0.22,2.7,2.7,2.7,0.0,2.7,-155.0,-150.9,-155.0,-155.0,-155.0,-155.0,,,,,,,,0.07,,1.0,,2026-08-25,,,,,0.5,,,0.0
4117,RB983,4194,4117,4400,4411,4450,4381,4269,4381,5295539,Braeden Jackson,IOWA,RB,12.0,12.0,12.0,0.21,2.6,2.6,2.6,0.0,2.6,-155.1,-156.6,-155.1,-155.1,-155.1,-155.1,2.271,2.271,2.815,2.815,2.815,,0.01,0.15,,1.0,,2026-08-25,,,,,0.5,,,0.0
4118,TE860,3818,4118,4401,4401,4400,4404,4292,4404,5258036,Brian Hnat,JMU,TE,12.0,12.0,12.0,0.22,2.6,2.6,2.6,0.0,2.6,-155.1,-151.0,-155.1,-155.1,-155.1,-155.1,,,,,,,,0.11,,1.0,,2026-08-25,,,,,0.5,,,0.0
4119,TE861,3819,4119,4402,4402,4401,4405,4293,4405,5279966,Luke Brewer,IOWA,TE,12.0,12.0,12.0,0.22,2.6,2.6,2.6,0.0,2.6,-155.1,-151.0,-155.1,-155.1,-155.1,-155.1,,,,,,,,0.2,,1.0,,2026-08-25,,,,,0.5,,,0.0
4120,TE862,3821,4120,4404,4404,4403,4407,4295,4407,5290753,Xavier Anderson,WVU,TE,12.0,12.0,12.0,0.22,2.6,2.6,2.6,0.0,2.6,-155.1,-151.0,-155.1,-155.1,-155.1,-155.1,,,,,,,,0.15,,1.0,,2026-08-25,,,,,0.5,,,0.0
4121,TE863,3823,4121,4406,4406,4405,4409,4297,4409,5319137,Palmer Riley,VAN,TE,12.0,12.0,12.0,0.22,2.6,2.6,2.6,0.0,2.6,-155.1,-151.0,-155.1,-155.1,-155.1,-155.1,,,,,,,,0.13,,1.0,,2026-08-25,,,,,0.5,,,0.0
4122,RB984,4195,4122,4411,4392,4507,4353,4241,4353,5244754,Keilan Chavies,BOIS,RB,12.0,12.0,12.0,0.22,2.6,2.6,2.6,0.0,2.6,-155.1,-156.6,-155.1,-155.1,-155.1,-155.1,1.781,2.375,2.375,3.014,3.014,,0.009,0.36,,1.0,,2026-08-25,,,,,0.5,,,0.0
4123,TE864,3833,4123,4416,4416,4414,4418,4306,4418,5244226,Caleb Haack,NIU,TE,12.0,12.0,12.0,0.21,2.5,2.5,2.5,0.0,2.5,-155.2,-151.1,-155.2,-155.2,-155.2,-155.2,,,,,,,,0.15,,1.0,,2026-08-25,,,,,0.5,,,0.0
4124,TE865,3834,4124,4417,4417,4415,4419,4307,4419,5246590,Derron Gray Jr.,BGSU,TE,12.0,12.0,12.0,0.21,2.5,2.5,2.5,0.0,2.5,-155.2,-151.1,-155.2,-155.2,-155.2,-155.2,,,,,,,,0.15,,1.0,,2026-08-25,,,,,0.5,,,0.0
4125,TE866,3837,4125,4420,4420,4418,4422,4310,4422,5294099,Logan Farrell,ILL,TE,12.0,12.0,12.0,0.21,2.5,2.5,2.5,0.0,2.5,-155.2,-151.1,-155.2,-155.2,-155.2,-155.2,,,,,,,,0.14,,1.0,,2026-08-25,,,,,0.5,,,0.0
4126,TE867,3839,4126,4422,4422,4420,4424,4312,4424,5295783,Kyle Mullenix,GAST,TE,12.0,12.0,12.0,0.21,2.5,2.5,2.5,0.0,2.5,-155.2,-151.1,-155.2,-155.2,-155.2,-155.2,,,,,,,,0.16,,1.0,,2026-08-25,,,,,0.5,,,0.0
4127,RB985,4196,4127,4424,4424,4422,4426,4314,4426,5375166,Jeremy Washington,PSU,RB,12.0,12.0,12.0,0.21,2.5,2.5,2.5,0.0,2.5,-155.2,-156.7,-155.2,-155.2,-155.2,-155.2,,,,,,,,0.14,,1.0,,2026-08-25,,,,,0.5,,,0.0
4128,TE868,3841,4128,4425,4425,4423,4427,4315,4427,5377780,Lachlan Teissier,ARIZ,TE,12.0,12.0,12.0,0.21,2.5,2.5,2.5,0.0,2.5,-155.2,-151.1,-155.2,-155.2,-155.2,-155.2,,,,,,,,0.11,,1.0,,2026-08-25,,,,,0.5,,,0.0
4129,TE869,3845,4129,4427,4427,4425,4430,4318,4430,5216333,Noah LaPorte,NU,TE,12.0,12.0,12.0,0.2,2.4,2.4,2.4,0.0,2.4,-155.3,-151.2,-155.3,-155.3,-155.3,-155.3,,,,,,,,0.14,,1.0,,2026-08-25,,,,,0.5,,,0.0
4130,RB986,4197,4130,4430,4430,4428,4433,4321,4433,5369750,Billy Barrett,BC,RB,12.0,12.0,12.0,0.2,2.4,2.4,2.4,0.0,2.4,-155.3,-156.8,-155.3,-155.3,-155.3,-155.3,,,,,,,,0.13,,1.0,,2026-08-25,,,,,0.5,,,0.0
4131,RB987,4198,4131,4432,4432,4430,4435,4323,4435,5382521,Jalen Harris,FRES,RB,12.0,12.0,12.0,0.2,2.4,2.4,2.4,0.0,2.4,-155.3,-156.8,-155.3,-155.3,-155.3,-155.3,,,,,,,,0.17,,1.0,,2026-08-25,,,,,0.5,,,0.0
4132,TE870,3856,4132,4438,4440,4436,4441,4329,4441,5221109,Teddy Gawlik,UL,TE,12.0,12.0,12.0,0.19,2.3,2.3,2.3,0.0,2.3,-155.4,-151.3,-155.4,-155.4,-155.4,-155.4,,,,,,,,0.11,,1.0,,2026-08-25,,,,,0.5,,,0.0
4133,TE871,3858,4133,4440,4442,4438,4443,4331,4443,5278121,Eli Wilt,WKU,TE,12.0,12.0,12.0,0.19,2.3,2.3,2.3,0.0,2.3,-155.4,-151.3,-155.4,-155.4,-155.4,-155.4,,,,,,,,0.09,,1.0,,2026-08-25,,,,,0.5,,,0.0
4134,TE872,3859,4134,4441,4443,4439,4444,4332,4444,5289617,Nathan Piggott,EMU,TE,12.0,12.0,12.0,0.19,2.3,2.3,2.3,0.0,2.3,-155.4,-151.3,-155.4,-155.4,-155.4,-155.4,,,,,,,,0.1,,1.0,,2026-08-25,,,,,0.5,,,0.0
4135,TE873,3860,4135,4442,4444,4440,4445,4333,4445,5290973,Robert Lucero,FRES,TE,12.0,12.0,12.0,0.19,2.3,2.3,2.3,0.0,2.3,-155.4,-151.3,-155.4,-155.4,-155.4,-155.4,,,,,,,,0.12,,1.0,,2026-08-25,,,,,0.5,,,0.0
4136,TE874,3861,4136,4443,4445,4441,4446,4334,4446,5291638,Bear Fisher,UTAH,TE,12.0,12.0,12.0,0.19,2.3,2.3,2.3,0.0,2.3,-155.4,-151.3,-155.4,-155.4,-155.4,-155.4,,,,,,,,0.11,,1.0,,2026-08-25,,,,,0.5,,,0.0
4137,TE875,3862,4137,4444,4446,4442,4447,4335,4447,5291743,Dallas Gaius-Anyaegbu,FRES,TE,12.0,12.0,12.0,0.19,2.3,2.3,2.3,0.0,2.3,-155.4,-151.3,-155.4,-155.4,-155.4,-155.4,,,,,,,,0.14,,1.0,,2026-08-25,,,,,0.5,,,0.0
4138,RB988,4199,4138,4446,4448,4444,4449,4337,4449,5296164,Chase Dawkins,WMU,RB,12.0,12.0,12.0,0.19,2.3,2.3,2.3,0.0,2.3,-155.4,-156.9,-155.4,-155.4,-155.4,-155.4,,,,,,,,0.22,,1.0,,2026-08-25,,,,,0.5,,,0.0
4139,TE876,3866,4139,4450,4452,4448,4453,4341,4453,5393164,Josh Davis,BYU,TE,12.0,12.0,12.0,0.19,2.3,2.3,2.3,0.0,2.3,-155.4,-151.3,-155.4,-155.4,-155.4,-155.4,,,,,,,,0.13,,1.0,,2026-08-25,,,,,0.5,,,0.0
4140,RB989,4200,4140,4452,4436,4520,4402,4290,4402,5290564,Ashton Rowden,TTU,RB,12.0,12.0,12.0,0.19,2.3,2.3,2.3,0.0,2.3,-155.4,-156.9,-155.4,-155.4,-155.4,-155.4,1.668,2.066,2.066,2.612,2.612,,0.006,0.41,,1.0,,2026-08-25,,,,,0.5,,,0.0
4141,RB990,4201,4141,4453,4437,4521,4403,4291,4403,5310308,Loic Tshibangu,TTU,RB,12.0,12.0,12.0,0.19,2.3,2.3,2.3,0.0,2.3,-155.4,-156.9,-155.4,-155.4,-155.4,-155.4,1.666,2.064,2.064,2.609,2.609,,0.006,0.26,,1.0,,2026-08-25,,,,,0.5,,,0.0
4142,TE877,3870,4142,4454,4455,4451,4455,4343,4455,5216840,Cody Siegner,ORST,TE,12.0,12.0,12.0,0.18,2.2,2.2,2.2,0.0,2.2,-155.5,-151.4,-155.5,-155.5,-155.5,-155.5,,,,,,,,0.12,,1.0,,2026-08-25,,,,,0.5,,,0.0
4143,TE878,3871,4143,4455,4456,4452,4456,4344,4456,5217049,Jude Cascone,ALA,TE,12.0,12.0,12.0,0.18,2.2,2.2,2.2,0.0,2.2,-155.5,-151.4,-155.5,-155.5,-155.5,-155.5,,,,,,,,0.1,,1.0,,2026-08-25,,,,,0.5,,,0.0
4144,TE879,3872,4144,4456,4457,4453,4457,4345,4457,5236285,Sebastien Boydell,FRES,TE,12.0,12.0,12.0,0.18,2.2,2.2,2.2,0.0,2.2,-155.5,-151.4,-155.5,-155.5,-155.5,-155.5,,,,,,,,0.12,,1.0,,2026-08-25,,,,,0.5,,,0.0
4145,TE880,3873,4145,4457,4458,4454,4458,4346,4458,5246775,Tom McGlinchey,NU,TE,12.0,12.0,12.0,0.18,2.2,2.2,2.2,0.0,2.2,-155.5,-151.4,-155.5,-155.5,-155.5,-155.5,,,,,,,,0.14,,1.0,,2026-08-25,,,,,0.5,,,0.0
4146,TE881,3874,4146,4458,4459,4455,4459,4347,4459,5279136,Zach Becker,BALL,TE,12.0,12.0,12.0,0.18,2.2,2.2,2.2,0.0,2.2,-155.5,-151.4,-155.5,-155.5,-155.5,-155.5,,,,,,,,0.13,,1.0,,2026-08-25,,,,,0.5,,,0.0
4147,TE882,3875,4147,4459,4460,4456,4460,4348,4460,5290584,Will Vala III,ILL,TE,12.0,12.0,12.0,0.18,2.2,2.2,2.2,0.0,2.2,-155.5,-151.4,-155.5,-155.5,-155.5,-155.5,,,,,,,,0.13,,1.0,,2026-08-25,,,,,0.5,,,0.0
4148,TE883,3876,4148,4460,4461,4457,4461,4349,4461,5290687,Brady Shelton,EMU,TE,12.0,12.0,12.0,0.18,2.2,2.2,2.2,0.0,2.2,-155.5,-151.4,-155.5,-155.5,-155.5,-155.5,,,,,,,,0.1,,1.0,,2026-08-25,,,,,0.5,,,0.0
4149,TE884,3879,4149,4463,4464,4460,4464,4352,4464,5296251,Carter Zuliani,WVU,TE,12.0,12.0,12.0,0.18,2.2,2.2,2.2,0.0,2.2,-155.5,-151.4,-155.5,-155.5,-155.5,-155.5,,,,,,,,0.14,,1.0,,2026-08-25,,,,,0.5,,,0.0
4150,TE885,3888,4150,4473,4474,4470,4474,4362,4474,5388850,Trey Moore,UNM,TE,12.0,12.0,12.0,0.18,2.1,2.1,2.1,0.0,2.1,-155.6,-151.5,-155.6,-155.6,-155.6,-155.6,,,,,,,,0.13,,1.0,,2026-08-25,,,,,0.5,,,0.0
4151,TE886,3889,4151,4474,4475,4471,4475,4363,4475,5390298,Max Moore,TLSA,TE,12.0,12.0,12.0,0.18,2.1,2.1,2.1,0.0,2.1,-155.6,-151.5,-155.6,-155.6,-155.6,-155.6,,,,,,,,0.13,,1.0,,2026-08-25,,,,,0.5,,,0.0
4152,TE887,3890,4152,4475,4476,4472,4476,4364,4476,5390403,Mason Mixon,ARMY,TE,12.0,12.0,12.0,0.18,2.1,2.1,2.1,0.0,2.1,-155.6,-151.5,-155.6,-155.6,-155.6,-155.6,,,,,,,,0.14,,1.0,,2026-08-25,,,,,0.5,,,0.0
4153,RB991,4203,4153,4476,4454,4541,4429,4317,4429,5274323,Mariyon Sloan,BOIS,RB,12.0,12.0,12.0,0.18,2.1,2.1,2.1,0.0,2.1,-155.6,-157.1,-155.6,-155.6,-155.6,-155.6,1.453,1.938,1.938,2.46,2.46,,0.007,0.35,,1.0,,2026-08-25,,,,,0.5,,,0.0
4154,TE888,3894,4154,4477,4477,4473,4477,4365,4477,5212589,Emmett Bork,WIS,TE,12.0,12.0,12.0,0.17,2.0,2.0,2.0,0.0,2.0,-155.7,-151.6,-155.7,-155.7,-155.7,-155.7,,,,,,,,0.12,,1.0,,2026-08-25,,,,,0.5,,,0.0
4155,TE889,3895,4155,4478,4478,4474,4478,4366,4478,5222582,Carsen Melvin,BGSU,TE,12.0,12.0,12.0,0.17,2.0,2.0,2.0,0.0,2.0,-155.7,-151.6,-155.7,-155.7,-155.7,-155.7,,,,,,,,0.12,,1.0,,2026-08-25,,,,,0.5,,,0.0
4156,TE890,3896,4156,4479,4479,4475,4479,4367,4479,5296600,Aldin Bilalbegovic,UNM,TE,12.0,12.0,12.0,0.17,2.0,2.0,2.0,0.0,2.0,-155.7,-151.6,-155.7,-155.7,-155.7,-155.7,,,,,,,,0.1,,1.0,,2026-08-25,,,,,0.5,,,0.0
4157,TE891,3897,4157,4480,4480,4476,4480,4368,4480,5302829,Trent Taylor,BGSU,TE,12.0,12.0,12.0,0.17,2.0,2.0,2.0,0.0,2.0,-155.7,-151.6,-155.7,-155.7,-155.7,-155.7,,,,,,,,0.13,,1.0,,2026-08-25,,,,,0.5,,,0.0
4158,RB992,4205,4158,4481,4481,4477,4481,4369,4481,5387605,Connor Mathews,USF,RB,12.0,12.0,12.0,0.17,2.0,2.0,2.0,0.0,2.0,-155.7,-157.2,-155.7,-155.7,-155.7,-155.7,,,,,,,,0.14,,1.0,,2026-08-25,,,,,0.5,,,0.0
4159,TE892,3911,4159,4494,4494,4490,4494,4382,4494,5291796,Max Leeper,UNM,TE,12.0,12.0,12.0,0.16,1.9,1.9,1.9,0.0,1.9,-155.8,-151.7,-155.8,-155.8,-155.8,-155.8,,,,,,,,0.11,,1.0,,2026-08-25,,,,,0.5,,,0.0
4160,TE893,3914,4160,4497,4497,4493,4497,4385,4497,5386513,Patrick O'Brien,USC,TE,12.0,12.0,12.0,0.16,1.9,1.9,1.9,0.0,1.9,-155.8,-151.7,-155.8,-155.8,-155.8,-155.8,,,,,,,,0.06,,1.0,,2026-08-25,,,,,0.5,,,0.0
4161,TE894,3917,4161,4500,4500,4496,4500,4388,4500,5390305,Kuba Malecki,TLSA,TE,12.0,12.0,12.0,0.16,1.9,1.9,1.9,0.0,1.9,-155.8,-151.7,-155.8,-155.8,-155.8,-155.8,,,,,,,,0.13,,1.0,,2026-08-25,,,,,0.5,,,0.0
4162,QB266,4264,4162,1146,1146,1139,1147,1035,1147,4899880,Bennett Meredith,PUR,QB,12.0,12.0,12.0,5.68,68.1,68.1,68.1,0.0,68.1,-177.0,-177.1,-160.2,-155.9,-155.9,-155.9,,,,,,,,0.6,,1.0,,2026-08-25,,,,,0.5,,,0.0
4163,TE895,3923,4163,4504,4504,4500,4505,4393,4505,5257267,Tyler Klaner,NIU,TE,12.0,12.0,12.0,0.15,1.8,1.8,1.8,0.0,1.8,-155.9,-151.8,-155.9,-155.9,-155.9,-155.9,,,,,,,,0.11,,1.0,,2026-08-25,,,,,0.5,,,0.0
4164,TE896,3924,4164,4505,4505,4501,4506,4394,4506,5302270,Jack Lua,SDSU,TE,12.0,12.0,12.0,0.15,1.8,1.8,1.8,0.0,1.8,-155.9,-151.8,-155.9,-155.9,-155.9,-155.9,,,,,,,,0.23,,1.0,,2026-08-25,,,,,0.5,,,0.0
4165,TE897,3925,4165,4506,4506,4502,4507,4395,4507,5334229,AJ Seymour,BALL,TE,12.0,12.0,12.0,0.15,1.8,1.8,1.8,0.0,1.8,-155.9,-151.8,-155.9,-155.9,-155.9,-155.9,,,,,,,,0.13,,1.0,,2026-08-25,,,,,0.5,,,0.0
4166,TE898,3932,4166,4511,4512,4508,4512,4400,4512,5211210,Brady Rhoad,WMU,TE,12.0,12.0,12.0,0.14,1.7,1.7,1.7,0.0,1.7,-156.0,-151.9,-156.0,-156.0,-156.0,-156.0,,,,,,,,0.1,,1.0,,2026-08-25,,,,,0.5,,,0.0
4167,TE899,3933,4167,4512,4513,4509,4513,4401,4513,5237342,Grant Smith,ILL,TE,12.0,12.0,12.0,0.14,1.7,1.7,1.7,0.0,1.7,-156.0,-151.9,-156.0,-156.0,-156.0,-156.0,,,,,,,,0.09,,1.0,,2026-08-25,,,,,0.5,,,0.0
4168,TE900,3936,4168,4515,4516,4512,4516,4404,4516,5369901,BJ Thurman,ILL,TE,12.0,12.0,12.0,0.14,1.7,1.7,1.7,0.0,1.7,-156.0,-151.9,-156.0,-156.0,-156.0,-156.0,,,,,,,,0.08,,1.0,,2026-08-25,,,,,0.5,,,0.0
4169,TE901,3942,4169,4521,4522,4518,4522,4410,4522,5387621,Stone Rozak,BUF,TE,12.0,12.0,12.0,0.14,1.7,1.7,1.7,0.0,1.7,-156.0,-151.9,-156.0,-156.0,-156.0,-156.0,,,,,,,,0.09,,1.0,,2026-08-25,,,,,0.5,,,0.0
4170,TE902,3943,4170,4522,4523,4519,4523,4411,4523,5390285,Thomas Guillemette,JMU,TE,12.0,12.0,12.0,0.14,1.7,1.7,1.7,0.0,1.7,-156.0,-151.9,-156.0,-156.0,-156.0,-156.0,,,,,,,,0.1,,1.0,,2026-08-25,,,,,0.5,,,0.0
4171,RB993,4206,4171,4529,4511,4558,4503,4391,4503,5196027,Michael Henderson III,TTU,RB,12.0,12.0,12.0,0.14,1.6,1.6,1.6,0.0,1.6,-156.1,-157.6,-156.1,-156.1,-156.1,-156.1,1.206,1.494,1.494,1.888,1.888,,0.004,0.38,,1.0,,2026-08-25,,,,,0.5,,,0.0
4172,TE903,3954,4172,4530,4531,4528,4531,4419,4531,5207650,Quandre Coates,UL,TE,12.0,12.0,12.0,0.12,1.5,1.5,1.5,0.0,1.5,-156.2,-152.1,-156.2,-156.2,-156.2,-156.2,,,,,,,,0.1,,1.0,,2026-08-25,,,,,0.5,,,0.0
4173,TE904,3955,4173,4531,4532,4529,4532,4420,4532,5210726,Hayden Bradley,MISS,TE,12.0,12.0,12.0,0.12,1.5,1.5,1.5,0.0,1.5,-156.2,-152.1,-156.2,-156.2,-156.2,-156.2,,,,,,,,0.09,,1.0,,2026-08-25,,,,,0.5,,,0.0
4174,TE905,3958,4174,4534,4535,4532,4535,4423,4535,5295495,Tim Boals,OHIO,TE,12.0,12.0,12.0,0.12,1.5,1.5,1.5,0.0,1.5,-156.2,-152.1,-156.2,-156.2,-156.2,-156.2,,,,,,,,0.14,,1.0,,2026-08-25,,,,,0.5,,,0.0
4175,TE906,3960,4175,4536,4537,4534,4537,4425,4537,5302750,Colten Cole,RICE,TE,12.0,12.0,12.0,0.12,1.5,1.5,1.5,0.0,1.5,-156.2,-152.1,-156.2,-156.2,-156.2,-156.2,,,,,,,,0.1,,1.0,,2026-08-25,,,,,0.5,,,0.0
4176,TE907,3968,4176,4543,4544,4542,4544,4432,4544,5215361,Zayne DeSouza,COLO,TE,12.0,12.0,12.0,0.12,1.4,1.4,1.4,0.0,1.4,-156.3,-152.2,-156.3,-156.3,-156.3,-156.3,,,,,,,,0.05,,1.0,,2026-08-25,,,,,0.5,,,0.0
4177,TE908,3969,4177,4544,4545,4543,4545,4433,4545,5276672,Kekua Aumua,WASH,TE,12.0,12.0,12.0,0.12,1.4,1.4,1.4,0.0,1.4,-156.3,-152.2,-156.3,-156.3,-156.3,-156.3,,,,,,,,0.09,,1.0,,2026-08-25,,,,,0.5,,,0.0
4178,TE909,3970,4178,4545,4546,4544,4546,4434,4546,5294287,Conlee Hovey,KU,TE,12.0,12.0,12.0,0.12,1.4,1.4,1.4,0.0,1.4,-156.3,-152.2,-156.3,-156.3,-156.3,-156.3,,,,,,,,0.1,,1.0,,2026-08-25,,,,,0.5,,,0.0
4179,TE910,3971,4179,4546,4547,4545,4547,4435,4547,5296586,John Condakes,MASS,TE,12.0,12.0,12.0,0.12,1.4,1.4,1.4,0.0,1.4,-156.3,-152.2,-156.3,-156.3,-156.3,-156.3,,,,,,,,0.04,,1.0,,2026-08-25,,,,,0.5,,,0.0
4180,RB994,4208,4180,4547,4530,4584,4524,4412,4524,5295045,Zeke Martinez,BOIS,RB,12.0,12.0,12.0,0.12,1.4,1.4,1.4,0.0,1.4,-156.3,-157.8,-156.3,-156.3,-156.3,-156.3,0.972,1.295,1.295,1.644,1.644,,0.005,0.22,,1.0,,2026-08-25,,,,,0.5,,,0.0
4181,QB267,4265,4181,1157,1157,1150,1158,1046,1158,4870909,Jaden Rashada,MSST,QB,12.0,12.0,12.0,5.63,67.6,67.6,67.6,0.0,67.6,-177.5,-177.6,-160.7,-156.4,-156.4,-156.4,,,,,,,,0.65,,1.0,,2026-08-25,,,,,0.5,,,0.0
4182,TE911,3975,4182,4548,4548,4546,4548,4436,4548,5217799,Arvis Battle Jr.,TXST,TE,12.0,12.0,12.0,0.11,1.3,1.3,1.3,0.0,1.3,-156.4,-152.3,-156.4,-156.4,-156.4,-156.4,,,,,,,,0.06,,1.0,,2026-08-25,,,,,0.5,,,0.0
4183,TE912,3976,4183,4549,4549,4547,4549,4437,4549,5228653,Brady Rhoads,CLT,TE,12.0,12.0,12.0,0.11,1.3,1.3,1.3,0.0,1.3,-156.4,-152.3,-156.4,-156.4,-156.4,-156.4,,,,,,,,0.05,,1.0,,2026-08-25,,,,,0.5,,,0.0
4184,TE913,3977,4184,4550,4550,4548,4550,4438,4550,5276678,Isaac Jensen,MIZ,TE,12.0,12.0,12.0,0.11,1.3,1.3,1.3,0.0,1.3,-156.4,-152.3,-156.4,-156.4,-156.4,-156.4,,,,,,,,0.08,,1.0,,2026-08-25,,,,,0.5,,,0.0
4185,TE914,3981,4185,4554,4554,4552,4554,4442,4554,5295595,Holtz Maine,KENT,TE,12.0,12.0,12.0,0.11,1.3,1.3,1.3,0.0,1.3,-156.4,-152.3,-156.4,-156.4,-156.4,-156.4,,,,,,,,0.12,,1.0,,2026-08-25,,,,,0.5,,,0.0
4186,TE915,3982,4186,4555,4555,4553,4555,4443,4555,5388318,Andrew Rickelman,KENT,TE,12.0,12.0,12.0,0.11,1.3,1.3,1.3,0.0,1.3,-156.4,-152.3,-156.4,-156.4,-156.4,-156.4,,,,,,,,0.12,,1.0,,2026-08-25,,,,,0.5,,,0.0
4187,TE916,3985,4187,4558,4558,4556,4558,4446,4558,5394411,Calvin Moody,OHIO,TE,12.0,12.0,12.0,0.11,1.3,1.3,1.3,0.0,1.3,-156.4,-152.3,-156.4,-156.4,-156.4,-156.4,,,,,,,,0.14,,1.0,,2026-08-25,,,,,0.5,,,0.0
4188,QB268,4266,4188,1158,1158,1152,1159,1047,1159,5155864,Julian Dugger,WSU,QB,12.0,12.0,12.0,5.62,67.5,67.5,67.5,0.0,67.5,-177.6,-177.7,-160.8,-156.5,-156.5,-156.5,,,,,,,,0.67,,1.0,,2026-08-25,,,,,0.5,,,0.0
4189,TE917,3989,4189,4560,4560,4559,4560,4448,4560,5159026,Kendre Harrison,ORE,TE,12.0,12.0,12.0,0.1,1.2,1.2,1.2,0.0,1.2,-156.5,-152.4,-156.5,-156.5,-156.5,-156.5,,,,,,,,0.18,,1.0,,2026-08-25,,,,,0.5,,,0.0
4190,TE918,3990,4190,4561,4561,4560,4561,4449,4561,5277129,Sam Vyhlidal,WASH,TE,12.0,12.0,12.0,0.1,1.2,1.2,1.2,0.0,1.2,-156.5,-152.4,-156.5,-156.5,-156.5,-156.5,,,,,,,,0.09,,1.0,,2026-08-25,,,,,0.5,,,0.0
4191,TE919,3991,4191,4562,4562,4561,4562,4450,4562,5294520,Coleman Parmer,ARST,TE,12.0,12.0,12.0,0.1,1.2,1.2,1.2,0.0,1.2,-156.5,-152.4,-156.5,-156.5,-156.5,-156.5,,,,,,,,0.05,,1.0,,2026-08-25,,,,,0.5,,,0.0
4192,TE920,3995,4192,4566,4566,4565,4566,4454,4566,5302796,Johan Camacho,UTEP,TE,12.0,12.0,12.0,0.1,1.2,1.2,1.2,0.0,1.2,-156.5,-152.4,-156.5,-156.5,-156.5,-156.5,,,,,,,,0.08,,1.0,,2026-08-25,,,,,0.5,,,0.0
4193,TE921,3996,4193,4567,4567,4566,4567,4455,4567,5303265,Russell Crawford,TXST,TE,12.0,12.0,12.0,0.1,1.2,1.2,1.2,0.0,1.2,-156.5,-152.4,-156.5,-156.5,-156.5,-156.5,,,,,,,,0.06,,1.0,,2026-08-25,,,,,0.5,,,0.0
4194,TE922,4005,4194,4575,4575,4574,4575,4463,4575,5294522,Andrew Staten,ARST,TE,12.0,12.0,12.0,0.09,1.1,1.1,1.1,0.0,1.1,-156.6,-152.5,-156.6,-156.6,-156.6,-156.6,,,,,,,,0.05,,1.0,,2026-08-25,,,,,0.5,,,0.0
4195,TE923,4007,4195,4577,4577,4576,4577,4465,4577,5382908,Darren Pinkard,KENN,TE,12.0,12.0,12.0,0.09,1.1,1.1,1.1,0.0,1.1,-156.6,-152.5,-156.6,-156.6,-156.6,-156.6,,,,,,,,0.06,,1.0,,2026-08-25,,,,,0.5,,,0.0
4196,TE924,4009,4196,4579,4579,4578,4579,4467,4579,5393815,Braden Teague,UAB,TE,12.0,12.0,12.0,0.09,1.1,1.1,1.1,0.0,1.1,-156.6,-152.5,-156.6,-156.6,-156.6,-156.6,,,,,,,,0.06,,1.0,,2026-08-25,,,,,0.5,,,0.0
4197,TE925,4012,4197,4580,4580,4579,4580,4468,4580,5268748,Parker Almanza,BAY,TE,12.0,12.0,12.0,0.08,1.0,1.0,1.0,0.0,1.0,-156.7,-152.6,-156.7,-156.7,-156.7,-156.7,,,,,,,,0.05,,1.0,,2026-08-25,,,,,0.5,,,0.0
4198,TE926,4013,4198,4581,4581,4580,4581,4469,4581,5276680,Kai Wesley,BAY,TE,12.0,12.0,12.0,0.08,1.0,1.0,1.0,0.0,1.0,-156.7,-152.6,-156.7,-156.7,-156.7,-156.7,,,,,,,,0.05,,1.0,,2026-08-25,,,,,0.5,,,0.0
4199,TE927,4019,4199,4585,4585,4585,4585,4473,4585,5295214,Ryan Lewis,FRES,TE,12.0,12.0,12.0,0.08,0.9,0.9,0.9,0.0,0.9,-156.8,-152.7,-156.8,-156.8,-156.8,-156.8,,,,,,,,0.1,,1.0,,2026-08-25,,,,,0.5,,,0.0
4200,TE928,4021,4200,4587,4587,4587,4587,4475,4587,5372139,Jack Gaskins,DUKE,TE,12.0,12.0,12.0,0.08,0.9,0.9,0.9,0.0,0.9,-156.8,-152.7,-156.8,-156.8,-156.8,-156.8,,,,,,,,0.05,,1.0,,2026-08-25,,,,,0.5,,,0.0
4201,TE929,4023,4201,4589,4589,4589,4589,4477,4589,5375126,Frankie McAllister,OSU,TE,12.0,12.0,12.0,0.08,0.9,0.9,0.9,0.0,0.9,-156.8,-152.7,-156.8,-156.8,-156.8,-156.8,,,,,,,,0.05,,1.0,,2026-08-25,,,,,0.5,,,0.0
4202,TE930,4024,4202,4590,4590,4590,4590,4478,4590,5382522,Sylas Austin,FRES,TE,12.0,12.0,12.0,0.08,0.9,0.9,0.9,0.0,0.9,-156.8,-152.7,-156.8,-156.8,-156.8,-156.8,,,,,,,,0.1,,1.0,,2026-08-25,,,,,0.5,,,0.0
4203,TE931,4025,4203,4591,4591,4591,4591,4479,4591,5382525,Brayden Ford,FRES,TE,12.0,12.0,12.0,0.08,0.9,0.9,0.9,0.0,0.9,-156.8,-152.7,-156.8,-156.8,-156.8,-156.8,,,,,,,,0.1,,1.0,,2026-08-25,,,,,0.5,,,0.0
4204,RB995,4210,4204,4592,4602,4592,4592,4490,4602,5385737,Sawyer Wilkerson,TTU,RB,12.0,12.0,12.0,0.07,0.9,0.9,0.9,0.0,0.9,-156.8,-158.3,-156.8,-156.8,-156.8,-156.8,,,,,,,0.002,0.16,,1.0,,2026-08-25,,,,,0.5,,,0.0
4205,TE932,4033,4205,4600,4599,4600,4600,4487,4599,5390388,Sam Sartin,ARMY,TE,12.0,12.0,12.0,0.08,0.9,0.9,0.9,0.0,0.9,-156.8,-152.7,-156.8,-156.8,-156.8,-156.8,,,,,,,,0.1,,1.0,,2026-08-25,,,,,0.5,,,0.0
4206,TE933,4034,4206,4601,4600,4601,4601,4488,4600,5390406,Ronan Boyle,ARMY,TE,12.0,12.0,12.0,0.08,0.9,0.9,0.9,0.0,0.9,-156.8,-152.7,-156.8,-156.8,-156.8,-156.8,,,,,,,,0.1,,1.0,,2026-08-25,,,,,0.5,,,0.0
4207,TE934,4044,4207,4608,4608,4608,4608,4496,4608,5382341,Jacob Holland,ECU,TE,12.0,12.0,12.0,0.07,0.8,0.8,0.8,0.0,0.8,-156.9,-152.8,-156.9,-156.9,-156.9,-156.9,,,,,,,,0.05,,1.0,,2026-08-25,,,,,0.5,,,0.0
4208,TE935,4046,4208,4610,4610,4610,4610,4498,4610,5390387,Jackson Blanchard,ARMY,TE,12.0,12.0,12.0,0.07,0.8,0.8,0.8,0.0,0.8,-156.9,-152.8,-156.9,-156.9,-156.9,-156.9,,,,,,,,0.09,,1.0,,2026-08-25,,,,,0.5,,,0.0
4209,TE936,4047,4209,4611,4611,4611,4611,4499,4611,5391398,Jimmy Pisani,MICH,TE,12.0,12.0,12.0,0.07,0.8,0.8,0.8,0.0,0.8,-156.9,-152.8,-156.9,-156.9,-156.9,-156.9,,,,,,,,0.07,,1.0,,2026-08-25,,,,,0.5,,,0.0
4210,TE937,4049,4210,4612,4612,4612,4612,4500,4612,5291730,Bryce Mcdaniel,FRES,TE,12.0,12.0,12.0,0.06,0.7,0.7,0.7,0.0,0.7,-157.0,-152.9,-157.0,-157.0,-157.0,-157.0,,,,,,,,0.08,,1.0,,2026-08-25,,,,,0.5,,,0.0
4211,TE938,4050,4211,4613,4613,4613,4613,4501,4613,5295207,Mason Riggins,BALL,TE,12.0,12.0,12.0,0.06,0.7,0.7,0.7,0.0,0.7,-157.0,-152.9,-157.0,-157.0,-157.0,-157.0,,,,,,,,0.09,,1.0,,2026-08-25,,,,,0.5,,,0.0
4212,TE939,4051,4212,4614,4614,4614,4614,4502,4614,5295601,Noam Butbul,M-OH,TE,12.0,12.0,12.0,0.06,0.7,0.7,0.7,0.0,0.7,-157.0,-152.9,-157.0,-157.0,-157.0,-157.0,,,,,,,,0.06,,1.0,,2026-08-25,,,,,0.5,,,0.0
4213,TE940,4052,4213,4615,4615,4615,4615,4503,4615,5296051,Jackson Berryman,PUR,TE,12.0,12.0,12.0,0.06,0.7,0.7,0.7,0.0,0.7,-157.0,-152.9,-157.0,-157.0,-157.0,-157.0,,,,,,,,0.03,,1.0,,2026-08-25,,,,,0.5,,,0.0
4214,TE941,4053,4214,4616,4616,4616,4616,4504,4616,5302898,Elijah Muliufi,SDSU,TE,12.0,12.0,12.0,0.06,0.7,0.7,0.7,0.0,0.7,-157.0,-152.9,-157.0,-157.0,-157.0,-157.0,,,,,,,,0.1,,1.0,,2026-08-25,,,,,0.5,,,0.0
4215,TE942,4060,4215,4618,4618,4618,4618,4506,4618,5295265,Reece Little,BGSU,TE,12.0,12.0,12.0,0.05,0.6,0.6,0.6,0.0,0.6,-157.1,-153.0,-157.1,-157.1,-157.1,-157.1,,,,,,,,0.1,,1.0,,2026-08-25,,,,,0.5,,,0.0
4216,TE943,4061,4216,4619,4619,4619,4619,4507,4619,5295604,Gray Maultsby,M-OH,TE,12.0,12.0,12.0,0.05,0.6,0.6,0.6,0.0,0.6,-157.1,-153.0,-157.1,-157.1,-157.1,-157.1,,,,,,,,0.06,,1.0,,2026-08-25,,,,,0.5,,,0.0
4217,TE944,4063,4217,4621,4621,4621,4621,4509,4621,5385739,Lucas Andresen,BALL,TE,12.0,12.0,12.0,0.05,0.6,0.6,0.6,0.0,0.6,-157.1,-153.0,-157.1,-157.1,-157.1,-157.1,,,,,,,,0.11,,1.0,,2026-08-25,,,,,0.5,,,0.0
4218,TE945,4069,4218,4622,4622,4622,4622,4510,4622,5274293,Julius Mathis,USA,TE,12.0,12.0,12.0,0.04,0.5,0.5,0.5,0.0,0.5,-157.2,-153.1,-157.2,-157.2,-157.2,-157.2,,,,,,,,0.04,,1.0,,2026-08-25,,,,,0.5,,,0.0
4219,TE946,4073,4219,4626,4626,4626,4626,4514,4626,5388851,Enrique Zatarain,UNM,TE,12.0,12.0,12.0,0.04,0.5,0.5,0.5,0.0,0.5,-157.2,-153.1,-157.2,-157.2,-157.2,-157.2,,,,,,,,0.06,,1.0,,2026-08-25,,,,,0.5,,,0.0
4220,TE947,4074,4220,4627,4627,4627,4627,4515,4627,5391329,Nick Spears,NAVY,TE,12.0,12.0,12.0,0.04,0.5,0.5,0.5,0.0,0.5,-157.2,-153.1,-157.2,-157.2,-157.2,-157.2,,,,,,,,0.05,,1.0,,2026-08-25,,,,,0.5,,,0.0
4221,TE948,4075,4221,4628,4628,4628,4628,4516,4628,5394447,Michael Dersa,WMU,TE,12.0,12.0,12.0,0.04,0.5,0.5,0.5,0.0,0.5,-157.2,-153.1,-157.2,-157.2,-157.2,-157.2,,,,,,,,0.08,,1.0,,2026-08-25,,,,,0.5,,,0.0
4222,TE949,4077,4222,4629,4629,4629,4629,4517,4629,5296817,Dominic DeSarno,BC,TE,12.0,12.0,12.0,0.03,0.4,0.4,0.4,0.0,0.4,-157.3,-153.2,-157.3,-157.3,-157.3,-157.3,,,,,,,,0.03,,1.0,,2026-08-25,,,,,0.5,,,0.0
4223,TE950,4078,4223,4630,4630,4630,4630,4518,4630,5302781,William Mayes,LT,TE,12.0,12.0,12.0,0.03,0.4,0.4,0.4,0.0,0.4,-157.3,-153.2,-157.3,-157.3,-157.3,-157.3,,,,,,,,0.03,,1.0,,2026-08-25,,,,,0.5,,,0.0
4224,TE951,4079,4224,4631,4631,4631,4631,4519,4631,5384744,Jackson DeAtley,RICE,TE,12.0,12.0,12.0,0.03,0.4,0.4,0.4,0.0,0.4,-157.3,-153.2,-157.3,-157.3,-157.3,-157.3,,,,,,,,0.05,,1.0,,2026-08-25,,,,,0.5,,,0.0
4225,QB269,4267,4225,1175,1175,1169,1176,1064,1176,5193492,Ryan Boe,NU,QB,12.0,12.0,12.0,5.55,66.6,66.6,66.6,0.0,66.6,-178.5,-178.6,-161.7,-157.4,-157.4,-157.4,,,,,,,,0.71,,1.0,,2026-08-25,,,,,0.5,,,0.0
4226,TE952,4082,4226,4632,4632,4632,4632,4520,4632,5291737,Ryan Rocheleau,WMU,TE,12.0,12.0,12.0,0.02,0.3,0.3,0.3,0.0,0.3,-157.4,-153.3,-157.4,-157.4,-157.4,-157.4,,,,,,,,0.05,,1.0,,2026-08-25,,,,,0.5,,,0.0
4227,TE953,4083,4227,4633,4633,4633,4633,4521,4633,5296059,Luke Shorter,PUR,TE,12.0,12.0,12.0,0.02,0.3,0.3,0.3,0.0,0.3,-157.4,-153.3,-157.4,-157.4,-157.4,-157.4,,,,,,,,0.03,,1.0,,2026-08-25,,,,,0.5,,,0.0
4228,TE954,4084,4228,4634,4634,4634,4634,4522,4634,5303234,Dawson Mcfadin,ARST,TE,12.0,12.0,12.0,0.02,0.3,0.3,0.3,0.0,0.3,-157.4,-153.3,-157.4,-157.4,-157.4,-157.4,,,,,,,,0.04,,1.0,,2026-08-25,,,,,0.5,,,0.0
4229,TE955,4086,4229,4636,4636,4636,4636,4524,4636,5376851,Aydon Fickell,WIS,TE,12.0,12.0,12.0,0.02,0.3,0.3,0.3,0.0,0.3,-157.4,-153.3,-157.4,-157.4,-157.4,-157.4,,,,,,,,0.06,,1.0,,2026-08-25,,,,,0.5,,,0.0
4230,TE956,4087,4230,4637,4637,4637,4637,4525,4637,5376860,Treve Stoffel,WIS,TE,12.0,12.0,12.0,0.02,0.3,0.3,0.3,0.0,0.3,-157.4,-153.3,-157.4,-157.4,-157.4,-157.4,,,,,,,,0.06,,1.0,,2026-08-25,,,,,0.5,,,0.0
4231,TE957,4088,4231,4638,4638,4638,4638,4526,4638,5388921,Brady Hasquin,NIU,TE,12.0,12.0,12.0,0.02,0.3,0.3,0.3,0.0,0.3,-157.4,-153.3,-157.4,-157.4,-157.4,-157.4,,,,,,,,0.05,,1.0,,2026-08-25,,,,,0.5,,,0.0
4232,QB270,4268,4232,1179,1179,1173,1180,1068,1180,5150680,Max Shikenjanski,MINN,QB,12.0,12.0,12.0,5.54,66.5,66.5,66.5,0.0,66.5,-178.6,-178.7,-161.8,-157.5,-157.5,-157.5,,,,,,,,0.62,,1.0,,2026-08-25,,,,,0.5,,,0.0
4233,TE958,4091,4233,4639,4639,4639,4639,4527,4639,5293672,Hutson Hendrix,ARK,TE,12.0,12.0,12.0,0.02,0.2,0.2,0.2,0.0,0.2,-157.5,-153.4,-157.5,-157.5,-157.5,-157.5,,,,,,,,0.01,,1.0,,2026-08-25,,,,,0.5,,,0.0
4234,TE959,4092,4234,4640,4640,4640,4640,4528,4640,5296210,Carson Su'esu'e,NMSU,TE,12.0,12.0,12.0,0.02,0.2,0.2,0.2,0.0,0.2,-157.5,-153.4,-157.5,-157.5,-157.5,-157.5,,,,,,,,0.01,,1.0,,2026-08-25,,,,,0.5,,,0.0
4235,TE960,4093,4235,4641,4641,4641,4641,4529,4641,5303241,Jerry Birdlow,UL,TE,12.0,12.0,12.0,0.02,0.2,0.2,0.2,0.0,0.2,-157.5,-153.4,-157.5,-157.5,-157.5,-157.5,,,,,,,,0.04,,1.0,,2026-08-25,,,,,0.5,,,0.0
4236,RB996,4214,4236,4642,4642,4642,4642,4530,4642,5158934,Shahn Alston,USC,RB,12.0,12.0,12.0,0.0,0.0,0.0,0.0,0.0,0.0,-157.7,-159.2,-157.7,-157.7,-157.7,-157.7,,,,,,,0.0,0.49,,1.0,,2026-08-25,,,,,0.5,,,0.0
4237,RB997,4215,4237,4643,4643,4643,4643,4531,4643,5159076,Deshonne Redeaux,USC,RB,12.0,12.0,12.0,0.0,0.0,0.0,0.0,0.0,0.0,-157.7,-159.2,-157.7,-157.7,-157.7,-157.7,,,,,,,0.0,0.54,,1.0,,2026-08-25,,,,,0.5,,,0.0
4238,TE961,4095,4238,4644,4644,4644,4644,4532,4644,5161843,Dayton Raiola,ORE,TE,12.0,12.0,12.0,0.0,0.0,0.0,0.0,0.0,0.0,-157.7,-153.6,-157.7,-157.7,-157.7,-157.7,,,,,,,,0.0,,1.0,,2026-08-25,,,,,0.5,,,0.0
4239,TE962,4096,4239,4645,4645,4645,4645,4533,4645,5168292,Owen Ruskavich,MIA,TE,12.0,12.0,12.0,0.0,0.0,0.0,0.0,0.0,0.0,-157.7,-153.6,-157.7,-157.7,-157.7,-157.7,,,,,,,,0.0,,1.0,,2026-08-25,,,,,0.5,,,0.0
4240,TE963,4097,4240,4646,4646,4646,4646,4534,4646,5173623,Frank Abreu,HAW,TE,12.0,12.0,12.0,0.0,0.0,0.0,0.0,0.0,0.0,-157.7,-153.6,-157.7,-157.7,-157.7,-157.7,,,,,,,,0.0,,1.0,,2026-08-25,,,,,0.5,,,0.0
4241,TE964,4098,4241,4647,4647,4647,4647,4535,4647,5203708,Sam Powell,UCF,TE,12.0,12.0,12.0,0.0,0.0,0.0,0.0,0.0,0.0,-157.7,-153.6,-157.7,-157.7,-157.7,-157.7,,,,,,,,0.0,,1.0,,2026-08-25,,,,,0.5,,,0.0
4242,TE965,4099,4242,4648,4648,4648,4648,4536,4648,5210429,Austin Simmons,WASH,TE,12.0,12.0,12.0,0.0,0.0,0.0,0.0,0.0,0.0,-157.7,-153.6,-157.7,-157.7,-157.7,-157.7,,,,,,,,0.0,,1.0,,2026-08-25,,,,,0.5,,,0.0
4243,TE966,4100,4243,4649,4649,4649,4649,4537,4649,5215625,Tayte Crable,USF,TE,12.0,12.0,12.0,0.0,0.0,0.0,0.0,0.0,0.0,-157.7,-153.6,-157.7,-157.7,-157.7,-157.7,,,,,,,,0.0,,1.0,,2026-08-25,,,,,0.5,,,0.0
4244,TE967,4101,4244,4650,4650,4650,4650,4538,4650,5216580,Brandon Kubay,USF,TE,12.0,12.0,12.0,0.0,0.0,0.0,0.0,0.0,0.0,-157.7,-153.6,-157.7,-157.7,-157.7,-157.7,,,,,,,,0.0,,1.0,,2026-08-25,,,,,0.5,,,0.0
4245,TE968,4102,4245,4651,4651,4651,4651,4539,4651,5218750,Jack Olyphant,CAL,TE,12.0,12.0,12.0,0.0,0.0,0.0,0.0,0.0,0.0,-157.7,-153.6,-157.7,-157.7,-157.7,-157.7,,,,,,,,0.0,,1.0,,2026-08-25,,,,,0.5,,,0.0
4246,TE969,4103,4246,4652,4652,4652,4652,4540,4652,5218773,Jack Harper,MISS,TE,12.0,12.0,12.0,0.0,0.0,0.0,0.0,0.0,0.0,-157.7,-153.6,-157.7,-157.7,-157.7,-157.7,,,,,,,,0.0,,1.0,,2026-08-25,,,,,0.5,,,0.0
4247,TE970,4104,4247,4653,4653,4653,4653,4541,4653,5218810,Adam Molitor,MIZ,TE,12.0,12.0,12.0,0.0,0.0,0.0,0.0,0.0,0.0,-157.7,-153.6,-157.7,-157.7,-157.7,-157.7,,,,,,,,0.0,,1.0,,2026-08-25,,,,,0.5,,,0.0
4248,TE971,4106,4248,4657,4657,4657,4657,4545,4657,5226577,Hamilton Atkins,LOU,TE,12.0,12.0,12.0,0.0,0.0,0.0,0.0,0.0,0.0,-157.7,-153.6,-157.7,-157.7,-157.7,-157.7,,,,,,,,0.0,,1.0,,2026-08-25,,,,,0.5,,,0.0
4249,TE972,4107,4249,4658,4658,4658,4658,4546,4658,5226971,Hunter Carver,MIA,TE,12.0,12.0,12.0,0.0,0.0,0.0,0.0,0.0,0.0,-157.7,-153.6,-157.7,-157.7,-157.7,-157.7,,,,,,,,0.0,,1.0,,2026-08-25,,,,,0.5,,,0.0
4250,TE973,4108,4250,4659,4659,4659,4659,4547,4659,5226978,Dylan Reiman,MIA,TE,12.0,12.0,12.0,0.0,0.0,0.0,0.0,0.0,0.0,-157.7,-153.6,-157.7,-157.7,-157.7,-157.7,,,,,,,,0.0,,1.0,,2026-08-25,,,,,0.5,,,0.0
4251,TE974,4109,4251,4660,4660,4660,4660,4548,4660,5229443,Landon Craig,LSU,TE,12.0,12.0,12.0,0.0,0.0,0.0,0.0,0.0,0.0,-157.7,-153.6,-157.7,-157.7,-157.7,-157.7,,,,,,,,0.0,,1.0,,2026-08-25,,,,,0.5,,,0.0
4252,RB998,4216,4252,4661,4661,4661,4661,4549,4661,5233015,Cian McKelvey,USC,RB,12.0,12.0,12.0,0.0,0.0,0.0,0.0,0.0,0.0,-157.7,-159.2,-157.7,-157.7,-157.7,-157.7,,,,,,,0.0,0.46,,1.0,,2026-08-25,,,,,0.5,,,0.0
4253,TE975,4110,4253,4662,4662,4662,4662,4550,4662,5265375,Alex Faiivae,USU,TE,12.0,12.0,12.0,0.0,0.0,0.0,0.0,0.0,0.0,-157.7,-153.6,-157.7,-157.7,-157.7,-157.7,,,,,,,,0.0,,1.0,,2026-08-25,,,,,0.5,,,0.0
4254,TE976,4111,4254,4663,4663,4663,4663,4551,4663,5266887,Drew Hardwick,FSU,TE,12.0,12.0,12.0,0.0,0.0,0.0,0.0,0.0,0.0,-157.7,-153.6,-157.7,-157.7,-157.7,-157.7,,,,,,,,0.0,,1.0,,2026-08-25,,,,,0.5,,,0.0
4255,TE977,4112,4255,4665,4665,4665,4665,4553,4665,5291096,Lawson Mcgraw,KSU,TE,12.0,12.0,12.0,0.0,0.0,0.0,0.0,0.0,0.0,-157.7,-153.6,-157.7,-157.7,-157.7,-157.7,,,,,,,,0.0,,1.0,,2026-08-25,,,,,0.5,,,0.0
4256,TE978,4120,4256,4675,4675,4675,4675,4563,4675,5295965,Aiden Falgout,UL,TE,12.0,12.0,12.0,0.0,0.0,0.0,0.0,0.0,0.0,-157.7,-153.6,-157.7,-157.7,-157.7,-157.7,,,,,,,,0.0,,1.0,,2026-08-25,,,,,0.5,,,0.0
4257,TE979,4122,4257,4678,4678,4678,4678,4566,4678,5297068,Kyle Lively,USU,TE,12.0,12.0,12.0,0.0,0.0,0.0,0.0,0.0,0.0,-157.7,-153.6,-157.7,-157.7,-157.7,-157.7,,,,,,,,0.0,,1.0,,2026-08-25,,,,,0.5,,,0.0
4258,TE980,4124,4258,4685,4685,4685,4685,4573,4685,5325698,Landon Cook,ORST,TE,12.0,12.0,12.0,0.0,0.0,0.0,0.0,0.0,0.0,-157.7,-153.6,-157.7,-157.7,-157.7,-157.7,,,,,,,,0.0,,1.0,,2026-08-25,,,,,0.5,,,0.0
4259,TE981,4127,4259,4690,4690,4690,4690,4578,4690,5376780,Kaleb Johnson,ND,TE,12.0,12.0,12.0,0.0,0.0,0.0,0.0,0.0,0.0,-157.7,-153.6,-157.7,-157.7,-157.7,-157.7,,,,,,,,0.0,,1.0,,2026-08-25,,,,,0.5,,,0.0
4260,TE982,4128,4260,4691,4691,4691,4691,4579,4691,5376781,Austin Ratigan,ND,TE,12.0,12.0,12.0,0.0,0.0,0.0,0.0,0.0,0.0,-157.7,-153.6,-157.7,-157.7,-157.7,-157.7,,,,,,,,0.0,,1.0,,2026-08-25,,,,,0.5,,,0.0
4261,TE983,4130,4261,4697,4697,4697,4697,4585,4697,5382998,Skylar Kirk,LT,TE,12.0,12.0,12.0,0.0,0.0,0.0,0.0,0.0,0.0,-157.7,-153.6,-157.7,-157.7,-157.7,-157.7,,,,,,,,0.0,,1.0,,2026-08-25,,,,,0.5,,,0.0
4262,TE984,4132,4262,4700,4700,4700,4700,4588,4700,5384686,Owen Harrington,KSU,TE,12.0,12.0,12.0,0.0,0.0,0.0,0.0,0.0,0.0,-157.7,-153.6,-157.7,-157.7,-157.7,-157.7,,,,,,,,0.0,,1.0,,2026-08-25,,,,,0.5,,,0.0
4263,RB999,4217,4263,4703,4703,4703,4703,4591,4703,5386510,Kayne Miller,USC,RB,12.0,12.0,12.0,0.0,0.0,0.0,0.0,0.0,0.0,-157.7,-159.2,-157.7,-157.7,-157.7,-157.7,,,,,,,0.0,0.14,,1.0,,2026-08-25,,,,,0.5,,,0.0
4264,RB1000,4218,4264,4704,4704,4704,4704,4592,4704,5386511,Tyson Park,USC,RB,12.0,12.0,12.0,0.0,0.0,0.0,0.0,0.0,0.0,-157.7,-159.2,-157.7,-157.7,-157.7,-157.7,,,,,,,0.0,0.1,,1.0,,2026-08-25,,,,,0.5,,,0.0
4265,TE985,4133,4265,4705,4705,4705,4705,4593,4705,5386515,Manoah Leiato,USC,TE,12.0,12.0,12.0,0.0,0.0,0.0,0.0,0.0,0.0,-157.7,-153.6,-157.7,-157.7,-157.7,-157.7,,,,,,,,0.0,,1.0,,2026-08-25,,,,,0.5,,,0.0
4266,TE986,4134,4266,4706,4706,4706,4706,4594,4706,5387660,Payton Kokaly,EMU,TE,12.0,12.0,12.0,0.0,0.0,0.0,0.0,0.0,0.0,-157.7,-153.6,-157.7,-157.7,-157.7,-157.7,,,,,,,,0.0,,1.0,,2026-08-25,,,,,0.5,,,0.0
4267,TE987,4135,4267,4707,4707,4707,4707,4595,4707,5388338,Josh Tripp,MASS,TE,12.0,12.0,12.0,0.0,0.0,0.0,0.0,0.0,0.0,-157.7,-153.6,-157.7,-157.7,-157.7,-157.7,,,,,,,,0.0,,1.0,,2026-08-25,,,,,0.5,,,0.0
4268,TE988,4140,4268,4714,4714,4714,4714,4602,4714,5391535,Cole Newton,ORE,TE,12.0,12.0,12.0,0.0,0.0,0.0,0.0,0.0,0.0,-157.7,-153.6,-157.7,-157.7,-157.7,-157.7,,,,,,,,0.0,,1.0,,2026-08-25,,,,,0.5,,,0.0
4269,QB271,4269,4269,1195,1195,1189,1196,1084,1196,5218650,Jeremy St-Hilaire,ARST,QB,12.0,12.0,12.0,5.48,65.7,65.7,65.7,0.0,65.7,-179.4,-179.5,-162.6,-158.3,-158.3,-158.3,,,,,,,,0.52,,1.0,,2026-08-25,,,,,0.5,,,0.0
4270,QB272,4270,4270,1215,1215,1209,1216,1104,1216,5010409,Jayden Mandal,FRES,QB,12.0,12.0,12.0,5.38,64.6,64.6,64.6,0.0,64.6,-180.5,-180.6,-163.7,-159.4,-159.4,-159.4,,,,,,,,0.52,,1.0,,2026-08-25,,,,,0.5,,,0.0
4271,QB273,4271,4271,1219,1219,1213,1220,1108,1220,5141563,Husan Longstreet,LSU,QB,12.0,12.0,12.0,5.37,64.4,64.4,64.4,0.0,64.4,-180.7,-180.8,-163.9,-159.6,-159.6,-159.6,,,,,,,,0.68,,1.0,,2026-08-25,,,,,0.5,,,0.0
4272,QB274,4272,4272,1220,1220,1214,1221,1109,1221,5152029,Tre Guerra,CCU,QB,12.0,12.0,12.0,5.37,64.4,64.4,64.4,0.0,64.4,-180.7,-180.8,-163.9,-159.6,-159.6,-159.6,,,,,,,,0.54,,1.0,,2026-08-25,,,,,0.5,,,0.0
4273,QB275,4273,4273,1226,1226,1220,1227,1115,1227,5151316,Brandon Tennison,UTSA,QB,12.0,12.0,12.0,5.35,64.2,64.2,64.2,0.0,64.2,-180.9,-181.0,-164.1,-159.8,-159.8,-159.8,,,,,,,,0.72,,1.0,,2026-08-25,,,,,0.5,,,0.0
4274,QB276,4274,4274,1233,1233,1227,1234,1122,1234,5159671,Cade Tessier,BAY,QB,12.0,12.0,12.0,5.32,63.8,63.8,63.8,0.0,63.8,-181.3,-181.4,-164.5,-160.2,-160.2,-160.2,,,,,,,,0.46,,1.0,,2026-08-25,,,,,0.5,,,0.0
4275,QB277,4275,4275,1246,1246,1240,1247,1135,1247,5079533,Mabrey Mettauer,SMU,QB,12.0,12.0,12.0,5.27,63.2,63.2,63.2,0.0,63.2,-181.9,-182.0,-165.1,-160.8,-160.8,-160.8,,,,,,,,0.51,,1.0,,2026-08-25,,,,,0.5,,,0.0
4276,QB278,4276,4276,1250,1250,1244,1251,1139,1251,5125301,Carson Cruver,UK,QB,12.0,12.0,12.0,5.26,63.1,63.1,63.1,0.0,63.1,-182.0,-182.1,-165.2,-160.9,-160.9,-160.9,,,,,,,,0.55,,1.0,,2026-08-25,,,,,0.5,,,0.0
4277,QB279,4277,4277,1255,1255,1249,1256,1144,1256,5129623,Kaden Martin,LSU,QB,12.0,12.0,12.0,5.24,62.9,62.9,62.9,0.0,62.9,-182.2,-182.3,-165.4,-161.1,-161.1,-161.1,,,,,,,,0.48,,1.0,,2026-08-25,,,,,0.5,,,0.0
4278,QB280,4278,4278,1256,1256,1250,1257,1145,1257,5224762,Braden Streeter,DEL,QB,12.0,12.0,12.0,5.24,62.9,62.9,62.9,0.0,62.9,-182.2,-182.3,-165.4,-161.1,-161.1,-161.1,,,,,,,,0.6,,1.0,,2026-08-25,,,,,0.5,,,0.0
4279,QB281,4279,4279,1257,1257,1251,1258,1146,1258,4923267,Zane Flores,ISU,QB,12.0,12.0,12.0,5.23,62.8,62.8,62.8,0.0,62.8,-182.3,-182.4,-165.5,-161.2,-161.2,-161.2,,,,,,,,0.68,,1.0,,2026-08-25,,,,,0.5,,,0.0
4280,QB282,4280,4280,1259,1259,1253,1260,1148,1260,5215310,Chaston Ditta,UNT,QB,12.0,12.0,12.0,5.23,62.8,62.8,62.8,0.0,62.8,-182.3,-182.4,-165.5,-161.2,-161.2,-161.2,,,,,,,,0.57,,1.0,,2026-08-25,,,,,0.5,,,0.0
4281,QB283,4281,4281,1261,1261,1255,1262,1150,1262,5297927,Preston Brown,NDSU,QB,12.0,12.0,12.0,5.23,62.8,62.8,62.8,0.0,62.8,-182.3,-182.4,-165.5,-161.2,-161.2,-161.2,,,,,,,,0.57,,1.0,,2026-08-25,,,,,0.5,,,0.0
4282,QB284,4282,4282,1262,1262,1256,1263,1151,1263,4914368,Gavin Frakes,NU,QB,12.0,12.0,12.0,5.22,62.7,62.7,62.7,0.0,62.7,-182.4,-182.5,-165.6,-161.3,-161.3,-161.3,,,,,,,,0.53,,1.0,,2026-08-25,,,,,0.5,,,0.0
4283,QB285,4283,4283,1268,1268,1262,1269,1157,1269,5394415,Khamoni Robinson,TOL,QB,12.0,12.0,12.0,5.16,61.9,61.9,61.9,0.0,61.9,-183.2,-183.3,-166.4,-162.1,-162.1,-162.1,,,,,,,,0.52,,1.0,,2026-08-25,,,,,0.5,,,0.0
4284,QB286,4284,4284,1280,1280,1274,1281,1169,1281,5160730,Max Cutforth,BOIS,QB,12.0,12.0,12.0,5.11,61.3,61.3,61.3,0.0,61.3,-183.8,-183.9,-167.0,-162.7,-162.7,-162.7,,,,,,,,0.74,,1.0,,2026-08-25,,,,,0.5,,,0.0
4285,QB287,4285,4285,1304,1304,1298,1305,1193,1305,5140620,Connor Moberly,ISU,QB,12.0,12.0,12.0,5.02,60.3,60.3,60.3,0.0,60.3,-184.8,-184.9,-168.0,-163.7,-163.7,-163.7,,,,,,,,0.58,,1.0,,2026-08-25,,,,,0.5,,,0.0
4286,QB288,4286,4286,1312,1312,1306,1313,1201,1313,4567748,Sam Huard,USC,QB,12.0,12.0,12.0,4.98,59.8,59.8,59.8,0.0,59.8,-185.3,-185.4,-168.5,-164.2,-164.2,-164.2,,,,,,,,0.65,,1.0,,2026-08-25,,,,,0.5,,,0.0
4287,QB289,4287,4287,1318,1318,1312,1319,1207,1319,5221382,Hunter Najm,BGSU,QB,12.0,12.0,12.0,4.95,59.4,59.4,59.4,0.0,59.4,-185.7,-185.8,-168.9,-164.6,-164.6,-164.6,,,,,,,,0.76,,1.0,,2026-08-25,,,,,0.5,,,0.0
4288,QB290,4288,4288,1321,1321,1315,1322,1210,1322,5145789,Cole Geer,UVA,QB,12.0,12.0,12.0,4.94,59.3,59.3,59.3,0.0,59.3,-185.8,-185.9,-169.0,-164.7,-164.7,-164.7,,,,,,,,0.49,,1.0,,2026-08-25,,,,,0.5,,,0.0
4289,QB291,4289,4289,1335,1335,1329,1336,1224,1336,5158251,Khalil Wilkins,MRSH,QB,12.0,12.0,12.0,4.9,58.8,58.8,58.8,0.0,58.8,-186.3,-186.4,-169.5,-165.2,-165.2,-165.2,,,,,,,,0.61,,1.0,,2026-08-25,,,,,0.5,,,0.0
4290,QB292,4290,4290,1346,1346,1340,1347,1235,1347,5224237,Whitt Newbauer,OU,QB,12.0,12.0,12.0,4.87,58.4,58.4,58.4,0.0,58.4,-186.7,-186.8,-169.9,-165.6,-165.6,-165.6,,,,,,,,0.71,,1.0,,2026-08-25,,,,,0.5,,,0.0
4291,QB293,4291,4291,1361,1361,1356,1362,1250,1362,5215248,Jordan Magwood,FAU,QB,12.0,12.0,12.0,4.8,57.6,57.6,57.6,0.0,57.6,-187.5,-187.6,-170.7,-166.4,-166.4,-166.4,,,,,,,,0.48,,1.0,,2026-08-25,,,,,0.5,,,0.0
4292,QB294,4292,4292,1384,1384,1380,1385,1273,1385,5216572,Camren Boykin,TEM,QB,12.0,12.0,12.0,4.71,56.5,56.5,56.5,0.0,56.5,-188.6,-188.7,-171.8,-167.5,-167.5,-167.5,,,,,,,,0.45,,1.0,,2026-08-25,,,,,0.5,,,0.0
4293,QB295,4293,4293,1403,1403,1399,1404,1292,1404,4685435,Justyn Martin,OSU,QB,12.0,12.0,12.0,4.63,55.6,55.6,55.6,0.0,55.6,-189.5,-189.6,-172.7,-168.4,-168.4,-168.4,,,,,,,,0.55,,1.0,,2026-08-25,,,,,0.5,,,0.0
4294,QB296,4294,4294,1405,1405,1401,1406,1294,1406,5146713,Locklan Hewlett,AUB,QB,12.0,12.0,12.0,4.63,55.6,55.6,55.6,0.0,55.6,-189.5,-189.6,-172.7,-168.4,-168.4,-168.4,,,,,,,,0.64,,1.0,,2026-08-25,,,,,0.5,,,0.0
4295,QB297,4295,4295,1406,1406,1402,1407,1295,1407,5223110,Maguire Martin,AF,QB,12.0,12.0,12.0,4.62,55.5,55.5,55.5,0.0,55.5,-189.6,-189.7,-172.8,-168.5,-168.5,-168.5,,,,,,,,0.65,,1.0,,2026-08-25,,,,,0.5,,,0.0
4296,QB298,4296,4296,1434,1434,1430,1435,1323,1435,5158948,Jared Curtis,VAN,QB,12.0,12.0,12.0,4.52,54.2,54.2,54.2,0.0,54.2,-190.9,-191.0,-174.1,-169.8,-169.8,-169.8,,,,,,,,0.54,,1.0,,2026-08-25,,,,,0.5,,,0.0
4297,QB299,4297,4297,1445,1445,1441,1446,1334,1446,5295969,Brady Hart,TA&M,QB,12.0,12.0,12.0,4.48,53.8,53.8,53.8,0.0,53.8,-191.3,-191.4,-174.5,-170.2,-170.2,-170.2,,,,,,,,0.55,,1.0,,2026-08-25,,,,,0.5,,,0.0
4298,QB300,4298,4298,1446,1446,1442,1447,1335,1447,5296411,Stanley Anderson-Lofton,MTSU,QB,12.0,12.0,12.0,4.48,53.8,53.8,53.8,0.0,53.8,-191.3,-191.4,-174.5,-170.2,-170.2,-170.2,,,,,,,,0.64,,1.0,,2026-08-25,,,,,0.5,,,0.0
4299,QB301,4299,4299,1460,1460,1456,1461,1349,1461,5079628,John White,USM,QB,12.0,12.0,12.0,4.41,52.9,52.9,52.9,0.0,52.9,-192.2,-192.3,-175.4,-171.1,-171.1,-171.1,,,,,,,,0.61,,1.0,,2026-08-25,,,,,0.5,,,0.0
4300,QB302,4300,4300,1463,1463,1459,1464,1352,1464,5210501,Tristan Ti'a,AUB,QB,12.0,12.0,12.0,4.41,52.9,52.9,52.9,0.0,52.9,-192.2,-192.3,-175.4,-171.1,-171.1,-171.1,,,,,,,,0.57,,1.0,,2026-08-25,,,,,0.5,,,0.0
4301,QB303,4301,4301,1466,1466,1462,1467,1355,1467,5148858,Jared Hollins,USA,QB,12.0,12.0,12.0,4.4,52.8,52.8,52.8,0.0,52.8,-192.3,-192.4,-175.5,-171.2,-171.2,-171.2,,,,,,,,0.63,,1.0,,2026-08-25,,,,,0.5,,,0.0
4302,QB304,4302,4302,1476,1476,1472,1477,1365,1477,5141687,Carter Smith,WIS,QB,12.0,12.0,12.0,4.38,52.5,52.5,52.5,0.0,52.5,-192.6,-192.7,-175.8,-171.5,-171.5,-171.5,,,,,,,,0.56,,1.0,,2026-08-25,,,,,0.5,,,0.0
4303,QB305,4303,4303,1481,1481,1477,1482,1370,1482,5160619,Billy Johnson,WAKE,QB,12.0,12.0,12.0,4.36,52.3,52.3,52.3,0.0,52.3,-192.8,-192.9,-176.0,-171.7,-171.7,-171.7,,,,,,,,0.44,,1.0,,2026-08-25,,,,,0.5,,,0.0
4304,QB306,4304,4304,1504,1504,1500,1505,1393,1505,5079339,Jayden Bradford,USF,QB,12.0,12.0,12.0,4.27,51.3,51.3,51.3,0.0,51.3,-193.8,-193.9,-177.0,-172.7,-172.7,-172.7,,,,,,,,0.43,,1.0,,2026-08-25,,,,,0.5,,,0.0
4305,QB307,4305,4305,1507,1507,1503,1508,1396,1508,5081162,Brett Brown,MIZ,QB,12.0,12.0,12.0,4.27,51.2,51.2,51.2,0.0,51.2,-193.9,-194.0,-177.1,-172.8,-172.8,-172.8,,,,,,,,0.51,,1.0,,2026-08-25,,,,,0.5,,,0.0
4306,QB308,4306,4306,1511,1511,1508,1512,1400,1512,5079508,Austin Mack,ALA,QB,12.0,12.0,12.0,4.24,50.9,50.9,50.9,0.0,50.9,-194.2,-194.3,-177.4,-173.1,-173.1,-173.1,,,,,,,,0.25,,1.0,,2026-08-25,,,,,0.5,,,0.0
4307,QB309,4307,4307,1512,1512,1509,1513,1401,1513,5141366,Bryce Baker,VT,QB,12.0,12.0,12.0,4.24,50.9,50.9,50.9,0.0,50.9,-194.2,-194.3,-177.4,-173.1,-173.1,-173.1,,,,,,,,0.56,,1.0,,2026-08-25,,,,,0.5,,,0.0
4308,QB310,4308,4308,1524,1524,1521,1525,1413,1525,4917093,Ryan Staub,TENN,QB,12.0,12.0,12.0,4.21,50.5,50.5,50.5,0.0,50.5,-194.6,-194.7,-177.8,-173.5,-173.5,-173.5,,,,,,0.25,,0.25,0.8,1.0,,2026-08-25,2026-08-24,,https://utsports.com/news/2026/8/24/football-vols-begin-mock-game-week-freshman-faizon-brandon-named-qb-starter,2026-08-24,0.5,,,0.0
4309,QB311,4309,4309,1537,1537,1534,1538,1426,1538,5296625,Landon Sims,WYO,QB,12.0,12.0,12.0,4.17,50.0,50.0,50.0,0.0,50.0,-195.1,-195.2,-178.3,-174.0,-174.0,-174.0,,,,,,,,0.55,,1.0,,2026-08-25,,,,,0.5,,,0.0
4310,QB312,4310,4310,1550,1550,1547,1551,1439,1551,5141625,Deante Ruffin,KENT,QB,12.0,12.0,12.0,4.12,49.5,49.5,49.5,0.0,49.5,-195.6,-195.7,-178.8,-174.5,-174.5,-174.5,,,,,,,,0.58,,1.0,,2026-08-25,,,,,0.5,,,0.0
4311,QB313,4311,4311,1556,1556,1553,1557,1445,1557,4993406,CJ Tiller,USU,QB,12.0,12.0,12.0,4.09,49.1,49.1,49.1,0.0,49.1,-196.0,-196.1,-179.2,-174.9,-174.9,-174.9,,,,,,,,0.54,,1.0,,2026-08-25,,,,,0.5,,,0.0
4312,QB314,4312,4312,1564,1564,1561,1565,1453,1565,5126464,Deuce Adams,WIS,QB,12.0,12.0,12.0,4.08,48.9,48.9,48.9,0.0,48.9,-196.2,-196.3,-179.4,-175.1,-175.1,-175.1,,,,,,,,0.57,,1.0,,2026-08-25,,,,,0.5,,,0.0
4313,QB315,4313,4313,1572,1572,1568,1572,1460,1572,5210128,Brady Davidson,NIU,QB,12.0,12.0,12.0,4.05,48.6,48.6,48.6,0.0,48.6,-196.5,-196.6,-179.7,-175.4,-175.4,-175.4,,,,,,,,0.59,,1.0,,2026-08-25,,,,,0.5,,,0.0
4314,QB316,4314,4314,1582,1582,1578,1582,1470,1582,5331746,Braeden Fuller,ARK,QB,12.0,12.0,12.0,4.02,48.2,48.2,48.2,0.0,48.2,-196.9,-197.0,-180.1,-175.8,-175.8,-175.8,,,,,,,,0.37,,1.0,,2026-08-25,,,,,0.5,,,0.0
4315,QB317,4315,4315,1601,1601,1597,1601,1489,1601,5220425,DJ Bailey,SHSU,QB,12.0,12.0,12.0,3.96,47.5,47.5,47.5,0.0,47.5,-197.6,-197.7,-180.8,-176.5,-176.5,-176.5,,,,,,,,0.6,,1.0,,2026-08-25,,,,,0.5,,,0.0
4316,QB318,4316,4316,1609,1609,1605,1609,1497,1609,5146661,Daniel Beale,UL,QB,12.0,12.0,12.0,3.93,47.2,47.2,47.2,0.0,47.2,-197.9,-198.0,-181.1,-176.8,-176.8,-176.8,,,,,,,,0.65,,1.0,,2026-08-25,,,,,0.5,,,0.0
4317,QB319,4317,4317,1615,1615,1611,1615,1503,1615,5084086,Charlie Fiser,SMU,QB,12.0,12.0,12.0,3.92,47.1,47.1,47.1,0.0,47.1,-198.0,-198.1,-181.2,-176.9,-176.9,-176.9,,,,,,,,0.57,,1.0,,2026-08-25,,,,,0.5,,,0.0
4318,QB320,4318,4318,1623,1623,1619,1623,1511,1623,5192909,Jimmy Sullivan,IOWA,QB,12.0,12.0,12.0,3.9,46.8,46.8,46.8,0.0,46.8,-198.3,-198.4,-181.5,-177.2,-177.2,-177.2,,,,,,,,0.49,,1.0,,2026-08-25,,,,,0.5,,,0.0
4319,QB321,4319,4319,1624,1624,1620,1624,1512,1624,5209967,Jack James,TROY,QB,12.0,12.0,12.0,3.9,46.8,46.8,46.8,0.0,46.8,-198.3,-198.4,-181.5,-177.2,-177.2,-177.2,,,,,,,,0.54,,1.0,,2026-08-25,,,,,0.5,,,0.0
4320,QB322,4320,4320,1630,1630,1626,1630,1518,1630,5079568,Adrian Posse,UAB,QB,12.0,12.0,12.0,3.88,46.6,46.6,46.6,0.0,46.6,-198.5,-198.6,-181.7,-177.4,-177.4,-177.4,,,,,,,,0.48,,1.0,,2026-08-25,,,,,0.5,,,0.0
4321,QB323,4321,4321,1633,1633,1629,1633,1521,1633,5265536,Skyler Williams,KENN,QB,12.0,12.0,12.0,3.88,46.6,46.6,46.6,0.0,46.6,-198.5,-198.6,-181.7,-177.4,-177.4,-177.4,,,,,,,,0.41,,1.0,,2026-08-25,,,,,0.5,,,0.0
4322,QB324,4322,4322,1634,1634,1630,1634,1522,1634,5082407,Connor Barry,PSU,QB,12.0,12.0,12.0,3.88,46.5,46.5,46.5,0.0,46.5,-198.6,-198.7,-181.8,-177.5,-177.5,-177.5,,,,,,,,0.37,,1.0,,2026-08-25,,,,,0.5,,,0.0
4323,QB325,4323,4323,1643,1643,1639,1643,1531,1643,5141556,TJ Lateef,NEB,QB,12.0,12.0,12.0,3.83,46.0,46.0,46.0,0.0,46.0,-199.1,-199.2,-182.3,-178.0,-178.0,-178.0,,,,,,,,0.25,,1.0,,2026-08-25,,,,,0.5,,,0.0
4324,QB326,4324,4324,1644,1644,1640,1644,1532,1644,5142146,Thomas Gotkowski,M-OH,QB,12.0,12.0,12.0,3.83,46.0,46.0,46.0,0.0,46.0,-199.1,-199.2,-182.3,-178.0,-178.0,-178.0,,,,,,0.05,,0.25,0.8,1.0,,2026-08-25,2026-08-24,2026-08-24,https://www.bythebelt.com/miami-names-mccomb-starting-qb-gotkowski-out-for-season/,2026-08-24,0.5,,,0.0
4325,QB327,4325,4325,1647,1647,1643,1647,1535,1647,4871092,Dylan Wittke,MINN,QB,12.0,12.0,12.0,3.82,45.9,45.9,45.9,0.0,45.9,-199.2,-199.3,-182.4,-178.1,-178.1,-178.1,,,,,,,,0.5,,1.0,,2026-08-25,,,,,0.5,,,0.0
4326,QB328,4326,4326,1648,1648,1644,1648,1536,1648,5248199,Noah Gillon,APP,QB,12.0,12.0,12.0,3.82,45.9,45.9,45.9,0.0,45.9,-199.2,-199.3,-182.4,-178.1,-178.1,-178.1,,,,,,,,0.6,,1.0,,2026-08-25,,,,,0.5,,,0.0
4327,QB329,4327,4327,1653,1653,1649,1653,1541,1653,5149056,Jadyn Glasser,CMU,QB,12.0,12.0,12.0,3.82,45.8,45.8,45.8,0.0,45.8,-199.3,-199.4,-182.5,-178.2,-178.2,-178.2,,,,,,,,0.66,,1.0,,2026-08-25,,,,,0.5,,,0.0
4328,QB330,4328,4328,1663,1663,1659,1663,1551,1663,5158446,Brock Thomas,ORE,QB,12.0,12.0,12.0,3.8,45.6,45.6,45.6,0.0,45.6,-199.5,-199.6,-182.7,-178.4,-178.4,-178.4,,,,,,,,0.63,,1.0,,2026-08-25,,,,,0.5,,,0.0
4329,QB331,4329,4329,1664,1664,1660,1664,1552,1664,5258470,Cole Hodge,ECU,QB,12.0,12.0,12.0,3.8,45.6,45.6,45.6,0.0,45.6,-199.5,-199.6,-182.7,-178.4,-178.4,-178.4,,,,,,,,0.36,,1.0,,2026-08-25,,,,,0.5,,,0.0
4330,QB332,4330,4330,1674,1674,1670,1674,1562,1674,5141643,Adam Schobel,TCU,QB,12.0,12.0,12.0,3.77,45.2,45.2,45.2,0.0,45.2,-199.9,-200.0,-183.1,-178.8,-178.8,-178.8,,,,,,,,0.43,,1.0,,2026-08-25,,,,,0.5,,,0.0
4331,QB333,4331,4331,1675,1675,1671,1675,1563,1675,5199949,Charlie Johnston,GASO,QB,12.0,12.0,12.0,3.77,45.2,45.2,45.2,0.0,45.2,-199.9,-200.0,-183.1,-178.8,-178.8,-178.8,,,,,,,,0.44,,1.0,,2026-08-25,,,,,0.5,,,0.0
4332,QB334,4332,4332,1682,1682,1678,1682,1570,1682,5211736,Lamar Best,TEM,QB,12.0,12.0,12.0,3.75,45.0,45.0,45.0,0.0,45.0,-200.1,-200.2,-183.3,-179.0,-179.0,-179.0,,,,,,,,0.46,,1.0,,2026-08-25,,,,,0.5,,,0.0
4333,QB335,4333,4333,1683,1683,1679,1683,1571,1683,5213685,Edward Griffin,BAY,QB,12.0,12.0,12.0,3.75,45.0,45.0,45.0,0.0,45.0,-200.1,-200.2,-183.3,-179.0,-179.0,-179.0,,,,,,,,0.41,,1.0,,2026-08-25,,,,,0.5,,,0.0
4334,QB336,4334,4334,1687,1687,1683,1687,1575,1687,5079318,Elijah Brown,WASH,QB,12.0,12.0,12.0,3.73,44.8,44.8,44.8,0.0,44.8,-200.3,-200.4,-183.5,-179.2,-179.2,-179.2,,,,,,,,0.54,,1.0,,2026-08-25,,,,,0.5,,,0.0
4335,QB337,4335,4335,1691,1691,1687,1691,1579,1691,5200190,Walter Moses,TOL,QB,12.0,12.0,12.0,3.73,44.8,44.8,44.8,0.0,44.8,-200.3,-200.4,-183.5,-179.2,-179.2,-179.2,,,,,,,,0.53,,1.0,,2026-08-25,,,,,0.5,,,0.0
4336,QB338,4336,4336,1693,1693,1689,1693,1581,1693,5077114,Caleb McMickle,WKU,QB,12.0,12.0,12.0,3.72,44.6,44.6,44.6,0.0,44.6,-200.5,-200.6,-183.7,-179.4,-179.4,-179.4,,,,,,,,0.46,,1.0,,2026-08-25,,,,,0.5,,,0.0
4337,QB339,4337,4337,1694,1694,1690,1694,1582,1694,5158421,Zachary Waters,FIU,QB,12.0,12.0,12.0,3.72,44.6,44.6,44.6,0.0,44.6,-200.5,-200.6,-183.7,-179.4,-179.4,-179.4,,,,,,,,0.38,,1.0,,2026-08-25,,,,,0.5,,,0.0
4338,QB340,4338,4338,1699,1699,1694,1698,1586,1698,5388741,Isaac Jaramilla-Phe,HAW,QB,12.0,12.0,12.0,3.7,44.4,44.4,44.4,0.0,44.4,-200.7,-200.8,-183.9,-179.6,-179.6,-179.6,,,,,,,,0.45,,1.0,,2026-08-25,,,,,0.5,,,0.0
4339,QB341,4339,4339,1713,1713,1709,1712,1600,1712,5265447,Patrick Crayton Jr.,RICE,QB,12.0,12.0,12.0,3.65,43.8,43.8,43.8,0.0,43.8,-201.3,-201.4,-184.5,-180.2,-180.2,-180.2,,,,,,,,0.58,,1.0,,2026-08-25,,,,,0.5,,,0.0
4340,QB342,4340,4340,1717,1717,1713,1716,1604,1716,5150651,Tommy Poholsky,CSU,QB,12.0,12.0,12.0,3.64,43.7,43.7,43.7,0.0,43.7,-201.4,-201.5,-184.6,-180.3,-180.3,-180.3,,,,,,,,0.47,,1.0,,2026-08-25,,,,,0.5,,,0.0
4341,QB343,4341,4341,1718,1718,1714,1717,1605,1717,5220339,Mason Welch,LT,QB,12.0,12.0,12.0,3.64,43.7,43.7,43.7,0.0,43.7,-201.4,-201.5,-184.6,-180.3,-180.3,-180.3,,,,,,,,0.49,,1.0,,2026-08-25,,,,,0.5,,,0.0
4342,QB344,4342,4342,1741,1741,1737,1740,1628,1740,5079614,Riley Trujillo,DEL,QB,12.0,12.0,12.0,3.58,43.0,43.0,43.0,0.0,43.0,-202.1,-202.2,-185.3,-181.0,-181.0,-181.0,,,,,,,,0.47,,1.0,,2026-08-25,,,,,0.5,,,0.0
4343,QB345,4343,4343,1743,1743,1739,1742,1630,1742,5290250,Grant Lawless,WAKE,QB,12.0,12.0,12.0,3.58,43.0,43.0,43.0,0.0,43.0,-202.1,-202.2,-185.3,-181.0,-181.0,-181.0,,,,,,,,0.39,,1.0,,2026-08-25,,,,,0.5,,,0.0
4344,QB346,4344,4344,1744,1744,1740,1743,1631,1743,5297926,Zander Smith,NDSU,QB,12.0,12.0,12.0,3.58,42.9,42.9,42.9,0.0,42.9,-202.2,-202.3,-185.4,-181.1,-181.1,-181.1,,,,,,,,0.51,,1.0,,2026-08-25,,,,,0.5,,,0.0
4345,QB347,4345,4345,1763,1763,1759,1762,1650,1762,4917943,Aidan Gray,NU,QB,12.0,12.0,12.0,3.52,42.3,42.3,42.3,0.0,42.3,-202.8,-202.9,-186.0,-181.7,-181.7,-181.7,,,,,,,,0.49,,1.0,,2026-08-25,,,,,0.5,,,0.0
4346,QB348,4346,4346,1766,1766,1762,1765,1653,1765,5149006,Evans Chuba,PUR,QB,12.0,12.0,12.0,3.52,42.2,42.2,42.2,0.0,42.2,-202.9,-203.0,-186.1,-181.8,-181.8,-181.8,,,,,,,,0.45,,1.0,,2026-08-25,,,,,0.5,,,0.0
4347,QB349,4347,4347,1774,1774,1770,1773,1661,1773,5219289,Boone Lourd,UVA,QB,12.0,12.0,12.0,3.5,42.0,42.0,42.0,0.0,42.0,-203.1,-203.2,-186.3,-182.0,-182.0,-182.0,,,,,,,,0.38,,1.0,,2026-08-25,,,,,0.5,,,0.0
4348,QB350,4348,4348,1778,1778,1774,1777,1665,1777,5222633,Nolan Good,KENT,QB,12.0,12.0,12.0,3.48,41.8,41.8,41.8,0.0,41.8,-203.3,-203.4,-186.5,-182.2,-182.2,-182.2,,,,,,,,0.53,,1.0,,2026-08-25,,,,,0.5,,,0.0
4349,QB351,4349,4349,1792,1792,1788,1791,1679,1791,5178086,Denzel Gardner,MEM,QB,12.0,12.0,12.0,3.45,41.4,41.4,41.4,0.0,41.4,-203.7,-203.8,-186.9,-182.6,-182.6,-182.6,,,,,,,,0.44,,1.0,,2026-08-25,,,,,0.5,,,0.0
4350,QB352,4350,4350,1793,1793,1789,1792,1680,1792,5207610,Grady Adamson,GT,QB,12.0,12.0,12.0,3.45,41.4,41.4,41.4,0.0,41.4,-203.7,-203.8,-186.9,-182.6,-182.6,-182.6,,,,,,,,0.42,,1.0,,2026-08-25,,,,,0.5,,,0.0
4351,QB353,4351,4351,1798,1798,1794,1797,1685,1797,5158996,Briggs Cherry,LOU,QB,12.0,12.0,12.0,3.44,41.3,41.3,41.3,0.0,41.3,-203.8,-203.9,-187.0,-182.7,-182.7,-182.7,,,,,,,,0.42,,1.0,,2026-08-25,,,,,0.5,,,0.0
4352,QB354,4352,4352,1799,1799,1795,1798,1686,1798,5297026,Joseph Filardi,SYR,QB,12.0,12.0,12.0,3.44,41.3,41.3,41.3,0.0,41.3,-203.8,-203.9,-187.0,-182.7,-182.7,-182.7,,,,,,,,0.49,,1.0,,2026-08-25,,,,,0.5,,,0.0
4353,QB355,4353,4353,1806,1806,1803,1805,1693,1805,5141605,Luke Nickel,MIA,QB,12.0,12.0,12.0,3.42,41.1,41.1,41.1,0.0,41.1,-204.0,-204.1,-187.2,-182.9,-182.9,-182.9,,,,,,,,0.51,,1.0,,2026-08-25,,,,,0.5,,,0.0
4354,QB356,4354,4354,1812,1812,1809,1811,1699,1811,5124584,Blake Barnett,KSU,QB,12.0,12.0,12.0,3.42,41.0,41.0,41.0,0.0,41.0,-204.1,-204.2,-187.3,-183.0,-183.0,-183.0,,,,,,,,0.52,,1.0,,2026-08-25,,,,,0.5,,,0.0
4355,QB357,4355,4355,1821,1821,1818,1820,1708,1820,5164334,Cutter Woods,SC,QB,12.0,12.0,12.0,3.38,40.6,40.6,40.6,0.0,40.6,-204.5,-204.6,-187.7,-183.4,-183.4,-183.4,,,,,,,,0.54,,1.0,,2026-08-25,,,,,0.5,,,0.0
4356,QB358,4356,4356,1832,1832,1829,1831,1719,1831,5172031,Sean Ashenfelder,RUTG,QB,12.0,12.0,12.0,3.36,40.3,40.3,40.3,0.0,40.3,-204.8,-204.9,-188.0,-183.7,-183.7,-183.7,,,,,,,,0.42,,1.0,,2026-08-25,,,,,0.5,,,0.0
4357,QB359,4357,4357,1839,1839,1836,1838,1726,1838,5219416,Nehemiah Vann,ARMY,QB,12.0,12.0,12.0,3.33,40.0,40.0,40.0,0.0,40.0,-205.1,-205.2,-188.3,-184.0,-184.0,-184.0,,,,,,,,0.48,,1.0,,2026-08-25,,,,,0.5,,,0.0
4358,QB360,4358,4358,1844,1844,1841,1843,1731,1843,5141487,Ty Hawkins,SMU,QB,12.0,12.0,12.0,3.31,39.7,39.7,39.7,0.0,39.7,-205.4,-205.5,-188.6,-184.3,-184.3,-184.3,,,,,,,,0.51,,1.0,,2026-08-25,,,,,0.5,,,0.0
4359,QB361,4359,4359,1859,1859,1856,1858,1746,1858,5110100,Judd Anderson,MIA,QB,12.0,12.0,12.0,3.25,39.0,39.0,39.0,0.0,39.0,-206.1,-206.2,-189.3,-185.0,-185.0,-185.0,,,,,,,,0.42,,1.0,,2026-08-25,,,,,0.5,,,0.0
4360,QB362,4360,4360,1865,1865,1862,1864,1752,1864,5214402,Mason Drube,WYO,QB,12.0,12.0,12.0,3.24,38.9,38.9,38.9,0.0,38.9,-206.2,-206.3,-189.4,-185.1,-185.1,-185.1,,,,,,,,0.53,,1.0,,2026-08-25,,,,,0.5,,,0.0
4361,QB363,4361,4361,1866,1866,1863,1865,1753,1865,5220679,Rodge Waldrop,TROY,QB,12.0,12.0,12.0,3.24,38.9,38.9,38.9,0.0,38.9,-206.2,-206.3,-189.4,-185.1,-185.1,-185.1,,,,,,,,0.43,,1.0,,2026-08-25,,,,,0.5,,,0.0
4362,QB364,4362,4362,1867,1867,1864,1866,1754,1866,5222760,Bodie Derrer,BALL,QB,12.0,12.0,12.0,3.24,38.9,38.9,38.9,0.0,38.9,-206.2,-206.3,-189.4,-185.1,-185.1,-185.1,,,,,,,,0.41,,1.0,,2026-08-25,,,,,0.5,,,0.0
4363,QB365,4363,4363,1880,1880,1877,1879,1767,1879,5232555,Aaron Williams,FLA,QB,12.0,12.0,12.0,3.19,38.3,38.3,38.3,0.0,38.3,-206.8,-206.9,-190.0,-185.7,-185.7,-185.7,,,,,,,,0.43,,1.0,,2026-08-25,,,,,0.5,,,0.0
4364,QB366,4364,4364,1901,1901,1898,1900,1788,1900,5145553,Tyler Cherry,IU,QB,12.0,12.0,12.0,3.14,37.7,37.7,37.7,0.0,37.7,-207.4,-207.5,-190.6,-186.3,-186.3,-186.3,,,,,,,,0.43,,1.0,,2026-08-25,,,,,0.5,,,0.0
4365,QB367,4365,4365,1907,1907,1904,1906,1794,1906,5159078,Tait Reynolds,CLEM,QB,12.0,12.0,12.0,3.12,37.5,37.5,37.5,0.0,37.5,-207.6,-207.7,-190.8,-186.5,-186.5,-186.5,,,,,,,,0.48,,1.0,,2026-08-25,,,,,0.5,,,0.0
4366,QB368,4366,4366,1918,1918,1915,1917,1805,1917,5219668,Michael Valentino,FAU,QB,12.0,12.0,12.0,3.12,37.4,37.4,37.4,0.0,37.4,-207.7,-207.8,-190.9,-186.6,-186.6,-186.6,,,,,,,,0.43,,1.0,,2026-08-25,,,,,0.5,,,0.0
4367,QB369,4367,4367,1919,1919,1916,1918,1806,1918,5230240,Mason Bray,ARIZ,QB,12.0,12.0,12.0,3.12,37.4,37.4,37.4,0.0,37.4,-207.7,-207.8,-190.9,-186.6,-186.6,-186.6,,,,,,,,0.45,,1.0,,2026-08-25,,,,,0.5,,,0.0
4368,QB370,4368,4368,1927,1927,1924,1926,1814,1926,5164316,Alex Manske,PSU,QB,12.0,12.0,12.0,3.1,37.2,37.2,37.2,0.0,37.2,-207.9,-208.0,-191.1,-186.8,-186.8,-186.8,,,,,,,,0.67,,1.0,,2026-08-25,,,,,0.5,,,0.0
4369,QB371,4369,4369,1928,1928,1925,1927,1815,1927,5214655,Kaneal Sweetwyne,COLO,QB,12.0,12.0,12.0,3.1,37.2,37.2,37.2,0.0,37.2,-207.9,-208.0,-191.1,-186.8,-186.8,-186.8,,,,,,,,0.52,,1.0,,2026-08-25,,,,,0.5,,,0.0
4370,QB372,4370,4370,1935,1935,1932,1934,1822,1934,5146824,Tavien St. Clair,OSU,QB,12.0,12.0,12.0,3.08,37.0,37.0,37.0,0.0,37.0,-208.1,-208.2,-191.3,-187.0,-187.0,-187.0,,,,,,,,0.55,,1.0,,2026-08-25,,,,,0.5,,,0.0
4371,QB373,4371,4371,1945,1945,1942,1944,1832,1944,5211776,Qur'An McNeill,BUF,QB,12.0,12.0,12.0,3.06,36.7,36.7,36.7,0.0,36.7,-208.4,-208.5,-191.6,-187.3,-187.3,-187.3,,,,,,,,0.47,,1.0,,2026-08-25,,,,,0.5,,,0.0
4372,QB374,4372,4372,1952,1952,1949,1951,1839,1951,5291181,Jamarcus Harrison,KENN,QB,12.0,12.0,12.0,3.05,36.6,36.6,36.6,0.0,36.6,-208.5,-208.6,-191.7,-187.4,-187.4,-187.4,,,,,,,,0.41,,1.0,,2026-08-25,,,,,0.5,,,0.0
4373,QB375,4373,4373,1953,1953,1950,1952,1840,1952,4914482,Charlie Mirer,STAN,QB,12.0,12.0,12.0,3.04,36.5,36.5,36.5,0.0,36.5,-208.6,-208.7,-191.8,-187.5,-187.5,-187.5,,,,,,,,0.25,,1.0,,2026-08-25,,,,,0.5,,,0.0
4374,QB376,4374,4374,1959,1959,1956,1958,1846,1958,5244730,Matt Ponatoski,UK,QB,12.0,12.0,12.0,3.03,36.4,36.4,36.4,0.0,36.4,-208.7,-208.8,-191.9,-187.6,-187.6,-187.6,,,,,,,,0.42,,1.0,,2026-08-25,,,,,0.5,,,0.0
4375,QB377,4375,4375,1973,1973,1971,1972,1860,1972,5209910,Jack Elliott,VAN,QB,12.0,12.0,12.0,3.01,36.1,36.1,36.1,0.0,36.1,-209.0,-209.1,-192.2,-187.9,-187.9,-187.9,,,,,,,,0.41,,1.0,,2026-08-25,,,,,0.5,,,0.0
4376,QB378,4376,4376,1985,1985,1983,1984,1872,1984,5084295,AJ Maddox,MISS,QB,12.0,12.0,12.0,2.98,35.7,35.7,35.7,0.0,35.7,-209.4,-209.5,-192.6,-188.3,-188.3,-188.3,,,,,,,,0.38,,1.0,,2026-08-25,,,,,0.5,,,0.0
4377,QB379,4377,4377,1998,1998,1996,1997,1885,1997,5083847,Dean DeNobile,FSU,QB,12.0,12.0,12.0,2.96,35.5,35.5,35.5,0.0,35.5,-209.6,-209.7,-192.8,-188.5,-188.5,-188.5,,,,,,,,0.25,,1.0,,2026-08-25,,,,,0.5,,,0.0
4378,QB380,4378,4378,2009,2009,2007,2008,1896,2008,5291713,Trace Johnson,TULN,QB,12.0,12.0,12.0,2.93,35.2,35.2,35.2,0.0,35.2,-209.9,-210.0,-193.1,-188.8,-188.8,-188.8,,,,,,,,0.37,,1.0,,2026-08-25,,,,,0.5,,,0.0
4379,QB381,4379,4379,2023,2023,2021,2022,1910,2022,5141634,Steele Pizzella,WAKE,QB,12.0,12.0,12.0,2.91,34.9,34.9,34.9,0.0,34.9,-210.2,-210.3,-193.4,-189.1,-189.1,-189.1,,,,,,,,0.49,,1.0,,2026-08-25,,,,,0.5,,,0.0
4380,QB382,4380,4380,2032,2032,2030,2031,1919,2031,5141571,George MacIntyre,TENN,QB,12.0,12.0,12.0,2.9,34.8,34.8,34.8,0.0,34.8,-210.3,-210.4,-193.5,-189.2,-189.2,-189.2,,,,,,0.25,,0.25,0.8,1.0,,2026-08-25,2026-08-24,,https://utsports.com/news/2026/8/24/football-vols-begin-mock-game-week-freshman-faizon-brandon-named-qb-starter,2026-08-24,0.5,,,0.0
4381,QB383,4381,4381,2037,2037,2035,2036,1924,2036,5154248,Kaleb Annett,UCF,QB,12.0,12.0,12.0,2.89,34.7,34.7,34.7,0.0,34.7,-210.4,-210.5,-193.6,-189.3,-189.3,-189.3,,,,,,,,0.4,,1.0,,2026-08-25,,,,,0.5,,,0.0
4382,QB384,4382,4382,2039,2039,2037,2038,1926,2038,5110101,EJ Caminong,CAL,QB,12.0,12.0,12.0,2.88,34.6,34.6,34.6,0.0,34.6,-210.5,-210.6,-193.7,-189.4,-189.4,-189.4,,,,,,,,0.42,,1.0,,2026-08-25,,,,,0.5,,,0.0
4383,QB385,4383,4383,2047,2047,2045,2046,1934,2046,5158972,Landon Duckworth,SC,QB,12.0,12.0,12.0,2.84,34.1,34.1,34.1,0.0,34.1,-211.0,-211.1,-194.2,-189.9,-189.9,-189.9,,,,,,,,0.4,,1.0,,2026-08-25,,,,,0.5,,,0.0
4384,QB386,4384,4384,2053,2053,2051,2052,1940,2052,5218971,Will Perry,MASS,QB,12.0,12.0,12.0,2.83,34.0,34.0,34.0,0.0,34.0,-211.1,-211.2,-194.3,-190.0,-190.0,-190.0,,,,,,,,0.39,,1.0,,2026-08-25,,,,,0.5,,,0.0
4385,QB387,4385,4385,2060,2060,2058,2059,1947,2059,5209338,Deagan Rose,FRES,QB,12.0,12.0,12.0,2.82,33.8,33.8,33.8,0.0,33.8,-211.3,-211.4,-194.5,-190.2,-190.2,-190.2,,,,,,,,0.4,,1.0,,2026-08-25,,,,,0.5,,,0.0
4386,QB388,4386,4386,2070,2070,2068,2069,1957,2069,5211952,Osiris Lopez,CCU,QB,12.0,12.0,12.0,2.79,33.5,33.5,33.5,0.0,33.5,-211.6,-211.7,-194.8,-190.5,-190.5,-190.5,,,,,,,,0.39,,1.0,,2026-08-25,,,,,0.5,,,0.0
4387,QB389,4387,4387,2075,2075,2073,2074,1962,2074,5209295,Jake Fette,ASU,QB,12.0,12.0,12.0,2.78,33.4,33.4,33.4,0.0,33.4,-211.7,-211.8,-194.9,-190.6,-190.6,-190.6,,,,,,,,0.4,,1.0,,2026-08-25,,,,,0.5,,,0.0
4388,QB390,4388,4388,2083,2083,2081,2082,1970,2082,5245123,Bowe Bentley,OU,QB,12.0,12.0,12.0,2.76,33.1,33.1,33.1,0.0,33.1,-212.0,-212.1,-195.2,-190.9,-190.9,-190.9,,,,,,,,0.42,,1.0,,2026-08-25,,,,,0.5,,,0.0
4389,QB391,4389,4389,2087,2087,2085,2086,1974,2086,5220637,Trey Townsend,GASO,QB,12.0,12.0,12.0,2.74,32.9,32.9,32.9,0.0,32.9,-212.2,-212.3,-195.4,-191.1,-191.1,-191.1,,,,,,,,0.32,,1.0,,2026-08-25,,,,,0.5,,,0.0
4390,QB392,4390,4390,2093,2093,2091,2092,1980,2092,5302749,Ayden Wilhelm,RICE,QB,12.0,12.0,12.0,2.73,32.8,32.8,32.8,0.0,32.8,-212.3,-212.4,-195.5,-191.2,-191.2,-191.2,,,,,,,,0.39,,1.0,,2026-08-25,,,,,0.5,,,0.0
4391,QB393,4391,4391,2100,2100,2098,2099,1987,2099,5164307,Sebastian Circo,UNLV,QB,12.0,12.0,12.0,2.72,32.6,32.6,32.6,0.0,32.6,-212.5,-212.6,-195.7,-191.4,-191.4,-191.4,,,,,,,,0.38,,1.0,,2026-08-25,,,,,0.5,,,0.0
4392,QB394,4392,4392,2102,2102,2100,2101,1989,2101,5280168,Hank Hendrix,ARK,QB,12.0,12.0,12.0,2.72,32.6,32.6,32.6,0.0,32.6,-212.5,-212.6,-195.7,-191.4,-191.4,-191.4,,,,,,,,0.46,,1.0,,2026-08-25,,,,,0.5,,,0.0
4393,QB395,4393,4393,2111,2111,2109,2110,1998,2110,5382898,Landon Varnes,KENN,QB,12.0,12.0,12.0,2.69,32.3,32.3,32.3,0.0,32.3,-212.8,-212.9,-196.0,-191.7,-191.7,-191.7,,,,,,,,0.3,,1.0,,2026-08-25,,,,,0.5,,,0.0
4394,QB396,4394,4394,2116,2116,2114,2115,2003,2115,5382847,Ty Purdy,ULM,QB,12.0,12.0,12.0,2.68,32.2,32.2,32.2,0.0,32.2,-212.9,-213.0,-196.1,-191.8,-191.8,-191.8,,,,,,,,0.38,,1.0,,2026-08-25,,,,,0.5,,,0.0
4395,QB397,4395,4395,2122,2122,2120,2121,2009,2121,5261479,Toa Fa'avae,UNM,QB,12.0,12.0,12.0,2.68,32.1,32.1,32.1,0.0,32.1,-213.0,-213.1,-196.2,-191.9,-191.9,-191.9,,,,,,,,0.44,,1.0,,2026-08-25,,,,,0.5,,,0.0
4396,QB398,4396,4396,2128,2128,2126,2127,2015,2127,5146669,Ty McCutcheon,MASS,QB,12.0,12.0,12.0,2.66,31.9,31.9,31.9,0.0,31.9,-213.2,-213.3,-196.4,-192.1,-192.1,-192.1,,,,,,,,0.35,,1.0,,2026-08-25,,,,,0.5,,,0.0
4397,QB399,4397,4397,2130,2130,2128,2129,2017,2129,5144207,Jace Stuckey,EMU,QB,12.0,12.0,12.0,2.65,31.8,31.8,31.8,0.0,31.8,-213.3,-213.4,-196.5,-192.2,-192.2,-192.2,,,,,,,,0.45,,1.0,,2026-08-25,,,,,0.5,,,0.0
4398,QB400,4398,4398,2142,2142,2140,2141,2029,2141,5209923,Rocco Marriott,UCF,QB,12.0,12.0,12.0,2.62,31.4,31.4,31.4,0.0,31.4,-213.7,-213.8,-196.9,-192.6,-192.6,-192.6,,,,,,,,0.35,,1.0,,2026-08-25,,,,,0.5,,,0.0
4399,QB401,4399,4399,2152,2152,2150,2151,2039,2151,5227766,Elijah Leonard,MOST,QB,12.0,12.0,12.0,2.59,31.1,31.1,31.1,0.0,31.1,-214.0,-214.1,-197.2,-192.9,-192.9,-192.9,,,,,,,,0.38,,1.0,,2026-08-25,,,,,0.5,,,0.0
4400,QB402,4400,4400,2153,2153,2151,2152,2040,2152,5212633,Gavin Owens,MEM,QB,12.0,12.0,12.0,2.58,31.0,31.0,31.0,0.0,31.0,-214.1,-214.2,-197.3,-193.0,-193.0,-193.0,,,,,,,,0.34,,1.0,,2026-08-25,,,,,0.5,,,0.0
4401,QB403,4401,4401,2159,2159,2157,2158,2046,2158,5161816,Dereon Coleman,MIA,QB,12.0,12.0,12.0,2.57,30.8,30.8,30.8,0.0,30.8,-214.3,-214.4,-197.5,-193.2,-193.2,-193.2,,,,,,,,0.35,,1.0,,2026-08-25,,,,,0.5,,,0.0
4402,QB404,4402,4402,2169,2169,2167,2168,2056,2168,5219168,Hudson Wilharm,NCSU,QB,12.0,12.0,12.0,2.54,30.5,30.5,30.5,0.0,30.5,-214.6,-214.7,-197.8,-193.5,-193.5,-193.5,,,,,,,,0.39,,1.0,,2026-08-25,,,,,0.5,,,0.0
4403,QB405,4403,4403,2172,2172,2170,2171,2059,2171,5126471,Daniel Kaelin,NEB,QB,12.0,12.0,12.0,2.53,30.4,30.4,30.4,0.0,30.4,-214.7,-214.8,-197.9,-193.6,-193.6,-193.6,,,,,,,,0.25,,1.0,,2026-08-25,,,,,0.5,,,0.0
4404,QB406,4404,4404,2177,2177,2175,2176,2064,2176,5126475,Trey Petty,WMU,QB,12.0,12.0,12.0,2.52,30.3,30.3,30.3,0.0,30.3,-214.8,-214.9,-198.0,-193.7,-193.7,-193.7,,,,,,,,0.43,,1.0,,2026-08-25,,,,,0.5,,,0.0
4405,QB407,4405,4405,2192,2192,2190,2191,2079,2191,5159112,Dia Bell,TEX,QB,12.0,12.0,12.0,2.5,30.0,30.0,30.0,0.0,30.0,-215.1,-215.2,-198.3,-194.0,-194.0,-194.0,,,,,,,,0.44,,1.0,,2026-08-25,,,,,0.5,,,0.0
4406,QB408,4406,4406,2194,2194,2192,2193,2081,2193,5091836,Jaxon Potter,ODU,QB,12.0,12.0,12.0,2.49,29.9,29.9,29.9,0.0,29.9,-215.2,-215.3,-198.4,-194.1,-194.1,-194.1,,,,,,,,0.25,,1.0,,2026-08-25,,,,,0.5,,,0.0
4407,QB409,4407,4407,2210,2210,2208,2209,2097,2209,5289364,Gannon Jones,WAKE,QB,12.0,12.0,12.0,2.47,29.6,29.6,29.6,0.0,29.6,-215.5,-215.6,-198.7,-194.4,-194.4,-194.4,,,,,,,,0.38,,1.0,,2026-08-25,,,,,0.5,,,0.0
4408,QB410,4408,4408,2211,2211,2209,2210,2098,2210,5141661,Kevin Sperry,FSU,QB,12.0,12.0,12.0,2.46,29.5,29.5,29.5,0.0,29.5,-215.6,-215.7,-198.8,-194.5,-194.5,-194.5,,,,,,,,0.25,,1.0,,2026-08-25,,,,,0.5,,,0.0
4409,QB411,4409,4409,2215,2215,2213,2214,2102,2214,5215545,Bryson Kimbrough,ULM,QB,12.0,12.0,12.0,2.46,29.5,29.5,29.5,0.0,29.5,-215.6,-215.7,-198.8,-194.5,-194.5,-194.5,,,,,,,,0.38,,1.0,,2026-08-25,,,,,0.5,,,0.0
4410,QB412,4410,4410,2216,2216,2214,2215,2103,2215,5295537,Ryan Fitzgerald,IOWA,QB,12.0,12.0,12.0,2.46,29.5,29.5,29.5,0.0,29.5,-215.6,-215.7,-198.8,-194.5,-194.5,-194.5,,,,,,,,0.33,,1.0,,2026-08-25,,,,,0.5,,,0.0
4411,QB413,4411,4411,2218,2218,2216,2217,2105,2217,5219408,Ethan Washington,ARMY,QB,12.0,12.0,12.0,2.45,29.4,29.4,29.4,0.0,29.4,-215.7,-215.8,-198.9,-194.6,-194.6,-194.6,,,,,,,,0.41,,1.0,,2026-08-25,,,,,0.5,,,0.0
4412,QB414,4412,4412,2231,2231,2229,2230,2118,2230,5384718,Kalani McLeod,NMSU,QB,12.0,12.0,12.0,2.43,29.1,29.1,29.1,0.0,29.1,-216.0,-216.1,-199.2,-194.9,-194.9,-194.9,,,,,,,,0.32,,1.0,,2026-08-25,,,,,0.5,,,0.0
4413,QB415,4413,4413,2233,2233,2231,2232,2120,2232,5150283,John Colvin,AUB,QB,12.0,12.0,12.0,2.41,28.9,28.9,28.9,0.0,28.9,-216.2,-216.3,-199.4,-195.1,-195.1,-195.1,,,,,,,,0.3,,1.0,,2026-08-25,,,,,0.5,,,0.0
4414,QB416,4414,4414,2235,2235,2233,2234,2122,2234,5295377,Ryan Brass,NAVY,QB,12.0,12.0,12.0,2.41,28.9,28.9,28.9,0.0,28.9,-216.2,-216.3,-199.4,-195.1,-195.1,-195.1,,,,,,,,0.39,,1.0,,2026-08-25,,,,,0.5,,,0.0
4415,QB417,4415,4415,2236,2236,2234,2235,2123,2235,5388989,Hudson Wyatt,SJSU,QB,12.0,12.0,12.0,2.41,28.9,28.9,28.9,0.0,28.9,-216.2,-216.3,-199.4,-195.1,-195.1,-195.1,,,,,,,,0.25,,1.0,,2026-08-25,,,,,0.5,,,0.0
4416,QB418,4416,4416,2240,2240,2238,2239,2127,2239,5388919,Ean Hamric,NIU,QB,12.0,12.0,12.0,2.4,28.8,28.8,28.8,0.0,28.8,-216.3,-216.4,-199.5,-195.2,-195.2,-195.2,,,,,,,,0.36,,1.0,,2026-08-25,,,,,0.5,,,0.0
4417,QB419,4417,4417,2244,2244,2242,2243,2131,2243,5196352,Carson Boyd,ILL,QB,12.0,12.0,12.0,2.39,28.7,28.7,28.7,0.0,28.7,-216.4,-216.5,-199.6,-195.3,-195.3,-195.3,,,,,,,,0.39,,1.0,,2026-08-25,,,,,0.5,,,0.0
4418,QB420,4418,4418,2248,2248,2246,2247,2135,2247,5146903,Brayden Roggow,AKR,QB,12.0,12.0,12.0,2.38,28.6,28.6,28.6,0.0,28.6,-216.5,-216.6,-199.7,-195.4,-195.4,-195.4,,,,,,,,0.5,,1.0,,2026-08-25,,,,,0.5,,,0.0
4419,QB421,4419,4419,2252,2252,2250,2251,2139,2251,5145396,Miles O'Neill,UNC,QB,12.0,12.0,12.0,2.38,28.5,28.5,28.5,0.0,28.5,-216.6,-216.7,-199.8,-195.5,-195.5,-195.5,,,,,,,,0.25,,1.0,,2026-08-25,,,,,0.5,,,0.0
4420,QB422,4420,4420,2261,2261,2259,2260,2148,2260,5141602,Ryan Montgomery,UGA,QB,12.0,12.0,12.0,2.36,28.3,28.3,28.3,0.0,28.3,-216.8,-216.9,-200.0,-195.7,-195.7,-195.7,,,,,,,,0.41,,1.0,,2026-08-25,,,,,0.5,,,0.0
4421,QB423,4421,4421,2262,2262,2260,2261,2149,2261,5150692,Wyatt Bohm,ISU,QB,12.0,12.0,12.0,2.36,28.3,28.3,28.3,0.0,28.3,-216.8,-216.9,-200.0,-195.7,-195.7,-195.7,,,,,,,,0.31,,1.0,,2026-08-25,,,,,0.5,,,0.0
4422,QB424,4422,4422,2283,2283,2281,2283,2171,2283,5295382,Michael Dove,NAVY,QB,12.0,12.0,12.0,2.33,28.0,28.0,28.0,0.0,28.0,-217.1,-217.2,-200.3,-196.0,-196.0,-196.0,,,,,,,,0.39,,1.0,,2026-08-25,,,,,0.5,,,0.0
4423,QB425,4423,4423,2294,2294,2292,2294,2182,2294,5142236,Grayson Wilson,BC,QB,12.0,12.0,12.0,2.31,27.7,27.7,27.7,0.0,27.7,-217.4,-217.5,-200.6,-196.3,-196.3,-196.3,,,,,,,,0.35,,1.0,,2026-08-25,,,,,0.5,,,0.0
4424,QB426,4424,4424,2319,2319,2317,2319,2207,2319,5081127,George Hamsley,MISS,QB,12.0,12.0,12.0,2.28,27.3,27.3,27.3,0.0,27.3,-217.8,-217.9,-201.0,-196.7,-196.7,-196.7,,,,,,,,0.28,,1.0,,2026-08-25,,,,,0.5,,,0.0
4425,QB427,4425,4425,2321,2321,2319,2321,2209,2321,5209180,Derek Garcia,UNLV,QB,12.0,12.0,12.0,2.28,27.3,27.3,27.3,0.0,27.3,-217.8,-217.9,-201.0,-196.7,-196.7,-196.7,,,,,,,,0.34,,1.0,,2026-08-25,,,,,0.5,,,0.0
4426,QB428,4426,4426,2324,2324,2322,2324,2212,2324,5212648,Mason Holtzclaw,SHSU,QB,12.0,12.0,12.0,2.27,27.2,27.2,27.2,0.0,27.2,-217.9,-218.0,-201.1,-196.8,-196.8,-196.8,,,,,,,,0.41,,1.0,,2026-08-25,,,,,0.5,,,0.0
4427,QB429,4427,4427,2326,2326,2324,2326,2214,2326,5220598,CJ Lee,SJSU,QB,12.0,12.0,12.0,2.26,27.1,27.1,27.1,0.0,27.1,-218.0,-218.1,-201.2,-196.9,-196.9,-196.9,,,,,,,,0.25,,1.0,,2026-08-25,,,,,0.5,,,0.0
4428,QB430,4428,4428,2327,2327,2325,2327,2215,2327,5222545,Ethan Houck,LIB,QB,12.0,12.0,12.0,2.26,27.1,27.1,27.1,0.0,27.1,-218.0,-218.1,-201.2,-196.9,-196.9,-196.9,,,,,,,,0.44,,1.0,,2026-08-25,,,,,0.5,,,0.0
4429,QB431,4429,4429,2328,2328,2326,2328,2216,2328,5282580,Tradon Bessinger,IOWA,QB,12.0,12.0,12.0,2.26,27.1,27.1,27.1,0.0,27.1,-218.0,-218.1,-201.2,-196.9,-196.9,-196.9,,,,,,,,0.42,,1.0,,2026-08-25,,,,,0.5,,,0.0
4430,QB432,4430,4430,2332,2332,2330,2332,2220,2332,5150835,Michael Grant,FSU,QB,12.0,12.0,12.0,2.25,27.0,27.0,27.0,0.0,27.0,-218.1,-218.2,-201.3,-197.0,-197.0,-197.0,,,,,,,,0.25,,1.0,,2026-08-25,,,,,0.5,,,0.0
4431,QB433,4431,4431,2334,2334,2332,2334,2222,2334,5215045,Cameron Dyer,ASU,QB,12.0,12.0,12.0,2.25,27.0,27.0,27.0,0.0,27.0,-218.1,-218.2,-201.3,-197.0,-197.0,-197.0,,,,,,,,0.33,,1.0,,2026-08-25,,,,,0.5,,,0.0
4432,QB434,4432,4432,2338,2338,2336,2338,2226,2338,5290544,Brody Norman,TEM,QB,12.0,12.0,12.0,2.24,26.9,26.9,26.9,0.0,26.9,-218.2,-218.3,-201.4,-197.1,-197.1,-197.1,,,,,,,,0.3,,1.0,,2026-08-25,,,,,0.5,,,0.0
4433,QB435,4433,4433,2344,2344,2342,2344,2232,2344,5388435,Caleb Heavner,M-OH,QB,12.0,12.0,12.0,2.23,26.8,26.8,26.8,0.0,26.8,-218.3,-218.4,-201.5,-197.2,-197.2,-197.2,,,,,,,,0.25,,1.0,,2026-08-25,,,,,0.5,,,0.0
4434,QB436,4434,4434,2360,2360,2358,2360,2248,2360,4920156,Dylan Rizk,STAN,QB,12.0,12.0,12.0,2.2,26.4,26.4,26.4,0.0,26.4,-218.7,-218.8,-201.9,-197.6,-197.6,-197.6,,,,,,,,0.25,,1.0,,2026-08-25,,,,,0.5,,,0.0
4435,QB437,4435,4435,2362,2362,2360,2362,2250,2362,5219167,Andres Miyares Jr.,UNC,QB,12.0,12.0,12.0,2.2,26.4,26.4,26.4,0.0,26.4,-218.7,-218.8,-201.9,-197.6,-197.6,-197.6,,,,,,,,0.25,,1.0,,2026-08-25,,,,,0.5,,,0.0
4436,QB438,4436,4436,2363,2363,2361,2363,2251,2363,5220127,Trey Whirley,FIU,QB,12.0,12.0,12.0,2.2,26.4,26.4,26.4,0.0,26.4,-218.7,-218.8,-201.9,-197.6,-197.6,-197.6,,,,,,,,0.25,,1.0,,2026-08-25,,,,,0.5,,,0.0
4437,QB439,4437,4437,2367,2367,2365,2367,2255,2367,5218725,Jimmy Francis,SC,QB,12.0,12.0,12.0,2.19,26.3,26.3,26.3,0.0,26.3,-218.8,-218.9,-202.0,-197.7,-197.7,-197.7,,,,,,,,0.31,,1.0,,2026-08-25,,,,,0.5,,,0.0
4438,QB440,4438,4438,2368,2368,2366,2368,2256,2368,5290553,Brady Palmer,TEM,QB,12.0,12.0,12.0,2.19,26.3,26.3,26.3,0.0,26.3,-218.8,-218.9,-202.0,-197.7,-197.7,-197.7,,,,,,,,0.3,,1.0,,2026-08-25,,,,,0.5,,,0.0
4439,QB441,4439,4439,2372,2372,2370,2372,2260,2372,5144799,Blake Hebert,ND,QB,12.0,12.0,12.0,2.18,26.2,26.2,26.2,0.0,26.2,-218.9,-219.0,-202.1,-197.8,-197.8,-197.8,,,,,,,,0.38,,1.0,,2026-08-25,,,,,0.5,,,0.0
4440,QB442,4440,4440,2374,2374,2372,2374,2262,2374,5161679,Will Kocher,CIN,QB,12.0,12.0,12.0,2.18,26.2,26.2,26.2,0.0,26.2,-218.9,-219.0,-202.1,-197.8,-197.8,-197.8,,,,,,,,0.23,,1.0,,2026-08-25,,,,,0.5,,,0.0
4441,QB443,4441,4441,2375,2375,2373,2375,2263,2375,5161854,Jonas Williams,USC,QB,12.0,12.0,12.0,2.18,26.2,26.2,26.2,0.0,26.2,-218.9,-219.0,-202.1,-197.8,-197.8,-197.8,,,,,,,,0.39,,1.0,,2026-08-25,,,,,0.5,,,0.0
4442,QB444,4442,4442,2384,2384,2382,2384,2272,2384,5294291,Jay Beamon,TULN,QB,12.0,12.0,12.0,2.18,26.1,26.1,26.1,0.0,26.1,-219.0,-219.1,-202.2,-197.9,-197.9,-197.9,,,,,,,,0.29,,1.0,,2026-08-25,,,,,0.5,,,0.0
4443,QB445,4443,4443,2385,2385,2383,2385,2273,2385,5294300,Cade Scott,TULN,QB,12.0,12.0,12.0,2.18,26.1,26.1,26.1,0.0,26.1,-219.0,-219.1,-202.2,-197.9,-197.9,-197.9,,,,,,,,0.29,,1.0,,2026-08-25,,,,,0.5,,,0.0
4444,QB446,4444,4444,2386,2386,2384,2386,2274,2386,5164308,Leo Hannan,MSU,QB,12.0,12.0,12.0,2.17,26.0,26.0,26.0,0.0,26.0,-219.1,-219.2,-202.3,-198.0,-198.0,-198.0,,,,,,,,0.42,,1.0,,2026-08-25,,,,,0.5,,,0.0
4445,QB447,4445,4445,2387,2387,2385,2387,2275,2387,5164317,Shaker Reisig,TXST,QB,12.0,12.0,12.0,2.17,26.0,26.0,26.0,0.0,26.0,-219.1,-219.2,-202.3,-198.0,-198.0,-198.0,,,,,,,,0.44,,1.0,,2026-08-25,,,,,0.5,,,0.0
4446,QB448,4446,4446,2390,2390,2388,2390,2278,2390,5266583,Kayd Coffman,MSU,QB,12.0,12.0,12.0,2.17,26.0,26.0,26.0,0.0,26.0,-219.1,-219.2,-202.3,-198.0,-198.0,-198.0,,,,,,,,0.38,,1.0,,2026-08-25,,,,,0.5,,,0.0
4447,QB449,4447,4447,2391,2392,2389,2391,2280,2392,5293958,Mason Phillips,TENN,QB,12.0,12.0,12.0,2.16,26.0,26.0,26.0,0.0,26.0,-219.1,-219.2,-202.3,-198.0,-198.0,-198.0,,,,,,,,0.25,,1.0,,2026-08-25,,,,,0.5,,,0.0
4448,QB450,4448,4448,2399,2399,2397,2399,2287,2399,5388942,Henry Nelson,NDSU,QB,12.0,12.0,12.0,2.16,25.9,25.9,25.9,0.0,25.9,-219.2,-219.3,-202.4,-198.1,-198.1,-198.1,,,,,,,,0.34,,1.0,,2026-08-25,,,,,0.5,,,0.0
4449,QB451,4449,4449,2404,2404,2402,2404,2292,2404,5207640,Corey Dailey,PITT,QB,12.0,12.0,12.0,2.15,25.8,25.8,25.8,0.0,25.8,-219.3,-219.4,-202.5,-198.2,-198.2,-198.2,,,,,,,,0.37,,1.0,,2026-08-25,,,,,0.5,,,0.0
4450,QB452,4450,4450,2420,2420,2418,2420,2308,2420,5141631,Kelden Ryan,VT,QB,12.0,12.0,12.0,2.11,25.3,25.3,25.3,0.0,25.3,-219.8,-219.9,-203.0,-198.7,-198.7,-198.7,,,,,,,,0.44,,1.0,,2026-08-25,,,,,0.5,,,0.0
4451,QB453,4451,4451,2429,2429,2427,2429,2317,2429,5226895,Malachi Marshall,FSU,QB,12.0,12.0,12.0,2.1,25.2,25.2,25.2,0.0,25.2,-219.9,-220.0,-203.1,-198.8,-198.8,-198.8,,,,,,,,0.25,,1.0,,2026-08-25,,,,,0.5,,,0.0
4452,QB454,4452,4452,2442,2442,2440,2442,2330,2442,5103860,Jake Sock,HOU,QB,12.0,12.0,12.0,2.07,24.9,24.9,24.9,0.0,24.9,-220.2,-220.3,-203.4,-199.1,-199.1,-199.1,,,,,,,,0.3,,1.0,,2026-08-25,,,,,0.5,,,0.0
4453,QB455,4453,4453,2443,2443,2441,2443,2331,2443,5296209,Mason Schubert,ARST,QB,12.0,12.0,12.0,2.07,24.9,24.9,24.9,0.0,24.9,-220.2,-220.3,-203.4,-199.1,-199.1,-199.1,,,,,,,,0.23,,1.0,,2026-08-25,,,,,0.5,,,0.0
4454,QB456,4454,4454,2446,2446,2444,2446,2334,2446,5211117,Bjorn Jurgensen,HAW,QB,12.0,12.0,12.0,2.07,24.8,24.8,24.8,0.0,24.8,-220.3,-220.4,-203.5,-199.2,-199.2,-199.2,,,,,,,,0.37,,1.0,,2026-08-25,,,,,0.5,,,0.0
4455,QB457,4455,4455,2455,2455,2453,2455,2343,2455,5199937,Travis Burgess,UNC,QB,12.0,12.0,12.0,2.04,24.5,24.5,24.5,0.0,24.5,-220.6,-220.7,-203.8,-199.5,-199.5,-199.5,,,,,,,,0.25,,1.0,,2026-08-25,,,,,0.5,,,0.0
4456,QB458,4456,4456,2459,2459,2457,2459,2347,2459,5216699,Chad Warner,UTEP,QB,12.0,12.0,12.0,2.03,24.4,24.4,24.4,0.0,24.4,-220.7,-220.8,-203.9,-199.6,-199.6,-199.6,,,,,,,,0.34,,1.0,,2026-08-25,,,,,0.5,,,0.0
4457,QB459,4457,4457,2462,2462,2460,2462,2350,2462,5158957,Helaman Casuga,TA&M,QB,12.0,12.0,12.0,2.02,24.3,24.3,24.3,0.0,24.3,-220.8,-220.9,-204.0,-199.7,-199.7,-199.7,,,,,,,,0.35,,1.0,,2026-08-25,,,,,0.5,,,0.0
4458,QB460,4458,4458,2464,2464,2462,2464,2352,2464,5226570,Ryan Zimmerman,LOU,QB,12.0,12.0,12.0,2.02,24.3,24.3,24.3,0.0,24.3,-220.8,-220.9,-204.0,-199.7,-199.7,-199.7,,,,,,,,0.27,,1.0,,2026-08-25,,,,,0.5,,,0.0
4459,QB461,4459,4459,2469,2469,2467,2469,2357,2469,5302764,DJ Alexander,FIU,QB,12.0,12.0,12.0,2.02,24.2,24.2,24.2,0.0,24.2,-220.9,-221.0,-204.1,-199.8,-199.8,-199.8,,,,,,,,0.31,,1.0,,2026-08-25,,,,,0.5,,,0.0
4460,QB462,4460,4460,2475,2475,2473,2475,2363,2475,5093922,Maealiuaki Smith,MISS,QB,12.0,12.0,12.0,2.0,24.0,24.0,24.0,0.0,24.0,-221.1,-221.2,-204.3,-200.0,-200.0,-200.0,,,,,,,,0.3,,1.0,,2026-08-25,,,,,0.5,,,0.0
4461,QB463,4461,4461,2484,2484,2482,2484,2372,2484,5198286,Michael Clayton II,ILL,QB,12.0,12.0,12.0,1.98,23.7,23.7,23.7,0.0,23.7,-221.4,-221.5,-204.6,-200.3,-200.3,-200.3,,,,,,,,0.35,,1.0,,2026-08-25,,,,,0.5,,,0.0
4462,QB464,4462,4462,2498,2498,2496,2498,2386,2498,5159100,Troy Huhn,VT,QB,12.0,12.0,12.0,1.95,23.4,23.4,23.4,0.0,23.4,-221.7,-221.8,-204.9,-200.6,-200.6,-200.6,,,,,,,,0.37,,1.0,,2026-08-25,,,,,0.5,,,0.0
4463,QB465,4463,4463,2505,2505,2503,2505,2393,2505,5293574,John Gazzaniga,ALA,QB,12.0,12.0,12.0,1.94,23.3,23.3,23.3,0.0,23.3,-221.8,-221.9,-205.0,-200.7,-200.7,-200.7,,,,,,,,0.25,,1.0,,2026-08-25,,,,,0.5,,,0.0
4464,QB466,4464,4464,2507,2507,2505,2507,2395,2507,5219165,DJ Mazzone,UNC,QB,12.0,12.0,12.0,1.93,23.2,23.2,23.2,0.0,23.2,-221.9,-222.0,-205.1,-200.8,-200.8,-200.8,,,,,,,,0.25,,1.0,,2026-08-25,,,,,0.5,,,0.0
4465,QB467,4465,4465,2508,2508,2506,2508,2396,2508,5389036,Holt Teichman,TULN,QB,12.0,12.0,12.0,1.93,23.2,23.2,23.2,0.0,23.2,-221.9,-222.0,-205.1,-200.8,-200.8,-200.8,,,,,,,,0.27,,1.0,,2026-08-25,,,,,0.5,,,0.0
4466,QB468,4466,4466,2510,2510,2508,2510,2398,2510,5159000,Will Griffin,FLA,QB,12.0,12.0,12.0,1.92,23.0,23.0,23.0,0.0,23.0,-222.1,-222.2,-205.3,-201.0,-201.0,-201.0,,,,,,,,0.37,,1.0,,2026-08-25,,,,,0.5,,,0.0
4467,QB469,4467,4467,2513,2513,2511,2513,2401,2513,5209418,Bo Polston,CONN,QB,12.0,12.0,12.0,1.92,23.0,23.0,23.0,0.0,23.0,-222.1,-222.2,-205.3,-201.0,-201.0,-201.0,,,,,,,,0.34,,1.0,,2026-08-25,,,,,0.5,,,0.0
4468,QB470,4468,4468,2514,2514,2512,2514,2402,2514,5221234,Jarin Mock,BGSU,QB,12.0,12.0,12.0,1.92,23.0,23.0,23.0,0.0,23.0,-222.1,-222.2,-205.3,-201.0,-201.0,-201.0,,,,,,,,0.41,,1.0,,2026-08-25,,,,,0.5,,,0.0
4469,QB471,4469,4469,2515,2515,2513,2515,2403,2515,5294143,Cade Trotter,ARK,QB,12.0,12.0,12.0,1.92,23.0,23.0,23.0,0.0,23.0,-222.1,-222.2,-205.3,-201.0,-201.0,-201.0,,,,,,,,0.29,,1.0,,2026-08-25,,,,,0.5,,,0.0
4470,QB472,4470,4470,2519,2519,2517,2519,2407,2519,5147872,Matthew Wilson,APP,QB,12.0,12.0,12.0,1.91,22.9,22.9,22.9,0.0,22.9,-222.2,-222.3,-205.4,-201.1,-201.1,-201.1,,,,,,,,0.33,,1.0,,2026-08-25,,,,,0.5,,,0.0
4471,QB473,4471,4471,2521,2521,2519,2521,2409,2521,5221416,Rocco Rainone,RUTG,QB,12.0,12.0,12.0,1.91,22.9,22.9,22.9,0.0,22.9,-222.2,-222.3,-205.4,-201.1,-201.1,-201.1,,,,,,,,0.24,,1.0,,2026-08-25,,,,,0.5,,,0.0
4472,QB474,4472,4472,2522,2522,2520,2522,2410,2522,5263246,Owen Eshelman,WSU,QB,12.0,12.0,12.0,1.91,22.9,22.9,22.9,0.0,22.9,-222.2,-222.3,-205.4,-201.1,-201.1,-201.1,,,,,,,,0.38,,1.0,,2026-08-25,,,,,0.5,,,0.0
4473,QB475,4473,4473,2523,2523,2521,2523,2411,2523,5265297,Jack Daulton,TCU,QB,12.0,12.0,12.0,1.91,22.9,22.9,22.9,0.0,22.9,-222.2,-222.3,-205.4,-201.1,-201.1,-201.1,,,,,,,,0.36,,1.0,,2026-08-25,,,,,0.5,,,0.0
4474,QB476,4474,4474,2529,2529,2527,2529,2417,2529,5291690,Broderick Vehrs,OKST,QB,12.0,12.0,12.0,1.9,22.8,22.8,22.8,0.0,22.8,-222.3,-222.4,-205.5,-201.2,-201.2,-201.2,,,,,,,,0.35,,1.0,,2026-08-25,,,,,0.5,,,0.0
4475,QB477,4475,4475,2537,2537,2535,2537,2425,2537,5278133,Brett Ottensmeyer,MOST,QB,12.0,12.0,12.0,1.88,22.6,22.6,22.6,0.0,22.6,-222.5,-222.6,-205.7,-201.4,-201.4,-201.4,,,,,,,,0.35,,1.0,,2026-08-25,,,,,0.5,,,0.0
4476,QB478,4476,4476,2541,2541,2539,2541,2429,2541,5160157,Jack Lambert,PSU,QB,12.0,12.0,12.0,1.88,22.5,22.5,22.5,0.0,22.5,-222.6,-222.7,-205.8,-201.5,-201.5,-201.5,,,,,,,,0.24,,1.0,,2026-08-25,,,,,0.5,,,0.0
4477,QB479,4477,4477,2549,2549,2547,2549,2437,2549,5244732,Ziondre Williams,UNT,QB,12.0,12.0,12.0,1.87,22.4,22.4,22.4,0.0,22.4,-222.7,-222.8,-205.9,-201.6,-201.6,-201.6,,,,,,,,0.27,,1.0,,2026-08-25,,,,,0.5,,,0.0
4478,QB480,4478,4478,2552,2552,2550,2552,2440,2552,5159059,Hugh Price,USM,QB,12.0,12.0,12.0,1.86,22.3,22.3,22.3,0.0,22.3,-222.8,-222.9,-206.0,-201.7,-201.7,-201.7,,,,,,,,0.42,,1.0,,2026-08-25,,,,,0.5,,,0.0
4479,QB481,4479,4479,2555,2555,2553,2555,2443,2555,5272738,Jaylen White,CLT,QB,12.0,12.0,12.0,1.86,22.3,22.3,22.3,0.0,22.3,-222.8,-222.9,-206.0,-201.7,-201.7,-201.7,,,,,,,,0.36,,1.0,,2026-08-25,,,,,0.5,,,0.0
4480,QB482,4480,4480,2556,2556,2554,2556,2444,2556,5219064,Bode Soukup,NEB,QB,12.0,12.0,12.0,1.85,22.2,22.2,22.2,0.0,22.2,-222.9,-223.0,-206.1,-201.8,-201.8,-201.8,,,,,,,,0.25,,1.0,,2026-08-25,,,,,0.5,,,0.0
4481,QB483,4481,4481,2563,2563,2561,2563,2451,2563,5225235,John Cooper,ALA,QB,12.0,12.0,12.0,1.84,22.1,22.1,22.1,0.0,22.1,-223.0,-223.1,-206.2,-201.9,-201.9,-201.9,,,,,,,,0.25,,1.0,,2026-08-25,,,,,0.5,,,0.0
4482,QB484,4482,4482,2573,2573,2571,2573,2461,2573,5384797,Brett Holloway,SHSU,QB,12.0,12.0,12.0,1.83,22.0,22.0,22.0,0.0,22.0,-223.1,-223.2,-206.3,-202.0,-202.0,-202.0,,,,,,,,0.37,,1.0,,2026-08-25,,,,,0.5,,,0.0
4483,QB485,4483,4483,2589,2589,2587,2589,2477,2589,5224771,Austin Troyer,DEL,QB,12.0,12.0,12.0,1.81,21.7,21.7,21.7,0.0,21.7,-223.4,-223.5,-206.6,-202.3,-202.3,-202.3,,,,,,,,0.3,,1.0,,2026-08-25,,,,,0.5,,,0.0
4484,QB486,4484,4484,2592,2592,2590,2592,2480,2592,5385753,Jay Kastantin,BGSU,QB,12.0,12.0,12.0,1.81,21.7,21.7,21.7,0.0,21.7,-223.4,-223.5,-206.6,-202.3,-202.3,-202.3,,,,,,,,0.25,,1.0,,2026-08-25,,,,,0.5,,,0.0
4485,QB487,4485,4485,2594,2594,2592,2594,2482,2594,5141664,Stone Saunders,SDSU,QB,12.0,12.0,12.0,1.79,21.5,21.5,21.5,0.0,21.5,-223.6,-223.7,-206.8,-202.5,-202.5,-202.5,,,,,,,,0.38,,1.0,,2026-08-25,,,,,0.5,,,0.0
4486,QB488,4486,4486,2600,2600,2598,2600,2488,2600,5141472,Hype Grand,OHIO,QB,12.0,12.0,12.0,1.78,21.4,21.4,21.4,0.0,21.4,-223.7,-223.8,-206.9,-202.6,-202.6,-202.6,,,,,,,,0.39,,1.0,,2026-08-25,,,,,0.5,,,0.0
4487,QB489,4487,4487,2605,2605,2603,2605,2493,2605,5159035,Keisean Henderson,HOU,QB,12.0,12.0,12.0,1.78,21.3,21.3,21.3,0.0,21.3,-223.8,-223.9,-207.0,-202.7,-202.7,-202.7,,,,,,,,0.34,,1.0,,2026-08-25,,,,,0.5,,,0.0
4488,QB490,4488,4488,2607,2607,2605,2607,2495,2607,5291709,Trey Burke,ECU,QB,12.0,12.0,12.0,1.78,21.3,21.3,21.3,0.0,21.3,-223.8,-223.9,-207.0,-202.7,-202.7,-202.7,,,,,,,,0.26,,1.0,,2026-08-25,,,,,0.5,,,0.0
4489,QB491,4489,4489,2611,2611,2609,2611,2499,2611,5141509,Karle Lacey Jr.,TEX,QB,12.0,12.0,12.0,1.77,21.2,21.2,21.2,0.0,21.2,-223.9,-224.0,-207.1,-202.8,-202.8,-202.8,,,,,,,,0.46,,1.0,,2026-08-25,,,,,0.5,,,0.0
4490,QB492,4490,4490,2628,2628,2626,2628,2516,2628,5185699,Dan Mahan,DUKE,QB,12.0,12.0,12.0,1.73,20.8,20.8,20.8,0.0,20.8,-224.3,-224.4,-207.5,-203.2,-203.2,-203.2,,,,,,,,0.29,,1.0,,2026-08-25,,,,,0.5,,,0.0
4491,QB493,4491,4491,2629,2629,2627,2629,2517,2629,5228763,Matthew Papas,OHIO,QB,12.0,12.0,12.0,1.73,20.8,20.8,20.8,0.0,20.8,-224.3,-224.4,-207.5,-203.2,-203.2,-203.2,,,,,,,,0.29,,1.0,,2026-08-25,,,,,0.5,,,0.0
4492,QB494,4492,4492,2636,2636,2634,2636,2524,2636,5215357,Daniel Rolovich,SJSU,QB,12.0,12.0,12.0,1.72,20.7,20.7,20.7,0.0,20.7,-224.4,-224.5,-207.6,-203.3,-203.3,-203.3,,,,,,,,0.25,,1.0,,2026-08-25,,,,,0.5,,,0.0
4493,QB495,4493,4493,2637,2637,2635,2637,2525,2637,5216310,Jonathan Craft,FRES,QB,12.0,12.0,12.0,1.72,20.7,20.7,20.7,0.0,20.7,-224.4,-224.5,-207.6,-203.3,-203.3,-203.3,,,,,,,,0.3,,1.0,,2026-08-25,,,,,0.5,,,0.0
4494,QB496,4494,4494,2645,2645,2643,2645,2533,2645,5161838,Brodie McWhorter,MSST,QB,12.0,12.0,12.0,1.71,20.5,20.5,20.5,0.0,20.5,-224.6,-224.7,-207.8,-203.5,-203.5,-203.5,,,,,,,,0.28,,1.0,,2026-08-25,,,,,0.5,,,0.0
4495,QB497,4495,4495,2660,2660,2658,2660,2548,2660,5216837,Rich Belin,SYR,QB,12.0,12.0,12.0,1.69,20.3,20.3,20.3,0.0,20.3,-224.8,-224.9,-208.0,-203.7,-203.7,-203.7,,,,,,,,0.28,,1.0,,2026-08-25,,,,,0.5,,,0.0
4496,QB498,4496,4496,2661,2661,2659,2661,2549,2661,5222749,Sean Winton,NU,QB,12.0,12.0,12.0,1.69,20.3,20.3,20.3,0.0,20.3,-224.8,-224.9,-208.0,-203.7,-203.7,-203.7,,,,,,,,0.26,,1.0,,2026-08-25,,,,,0.5,,,0.0
4497,QB499,4497,4497,2665,2665,2663,2665,2553,2665,5222557,Jack Moran,JXST,QB,12.0,12.0,12.0,1.68,20.2,20.2,20.2,0.0,20.2,-224.9,-225.0,-208.1,-203.8,-203.8,-203.8,,,,,,,,0.32,,1.0,,2026-08-25,,,,,0.5,,,0.0
4498,QB500,4498,4498,2672,2672,2670,2672,2560,2672,5207798,Max Gerlich,UTSA,QB,12.0,12.0,12.0,1.68,20.1,20.1,20.1,0.0,20.1,-225.0,-225.1,-208.2,-203.9,-203.9,-203.9,,,,,,,,0.4,,1.0,,2026-08-25,,,,,0.5,,,0.0
4499,QB501,4499,4499,2675,2675,2673,2675,2563,2675,5141659,Akili Smith Jr.,ORE,QB,12.0,12.0,12.0,1.67,20.0,20.0,20.0,0.0,20.0,-225.1,-225.2,-208.3,-204.0,-204.0,-204.0,,,,,,,,0.34,,1.0,,2026-08-25,,,,,0.5,,,0.0
4500,QB502,4500,4500,2676,2676,2674,2676,2564,2676,5145473,Mason Reynolds,WMU,QB,12.0,12.0,12.0,1.67,20.0,20.0,20.0,0.0,20.0,-225.1,-225.2,-208.3,-204.0,-204.0,-204.0,,,,,,,,0.35,,1.0,,2026-08-25,,,,,0.5,,,0.0
4501,QB503,4501,4501,2680,2680,2678,2680,2568,2680,5219690,Cam Jennings,UAB,QB,12.0,12.0,12.0,1.67,20.0,20.0,20.0,0.0,20.0,-225.1,-225.2,-208.3,-204.0,-204.0,-204.0,,,,,,,,0.24,,1.0,,2026-08-25,,,,,0.5,,,0.0
4502,QB504,4502,4502,2684,2684,2682,2684,2572,2684,5236332,Khalel Wright,BALL,QB,12.0,12.0,12.0,1.66,19.9,19.9,19.9,0.0,19.9,-225.2,-225.3,-208.4,-204.1,-204.1,-204.1,,,,,,,,0.31,,1.0,,2026-08-25,,,,,0.5,,,0.0
4503,QB505,4503,4503,2692,2692,2690,2692,2580,2692,5244729,Jaylen Mason,KU,QB,12.0,12.0,12.0,1.64,19.7,19.7,19.7,0.0,19.7,-225.4,-225.5,-208.6,-204.3,-204.3,-204.3,,,,,,,,0.33,,1.0,,2026-08-25,,,,,0.5,,,0.0
4504,QB506,4504,4504,2695,2695,2693,2695,2583,2695,5332125,Tanner Vibabul,JMU,QB,12.0,12.0,12.0,1.64,19.7,19.7,19.7,0.0,19.7,-225.4,-225.5,-208.6,-204.3,-204.3,-204.3,,,,,,,,0.26,,1.0,,2026-08-25,,,,,0.5,,,0.0
4505,QB507,4505,4505,2700,2700,2698,2700,2588,2700,5215696,Bryce Button,EMU,QB,12.0,12.0,12.0,1.63,19.6,19.6,19.6,0.0,19.6,-225.5,-225.6,-208.7,-204.4,-204.4,-204.4,,,,,,,,0.27,,1.0,,2026-08-25,,,,,0.5,,,0.0
4506,QB508,4506,4506,2706,2706,2704,2706,2594,2706,5394597,Maddox McCrory,USM,QB,12.0,12.0,12.0,1.63,19.6,19.6,19.6,0.0,19.6,-225.5,-225.6,-208.7,-204.4,-204.4,-204.4,,,,,,,,0.39,,1.0,,2026-08-25,,,,,0.5,,,0.0
4507,QB509,4507,4507,2717,2717,2715,2717,2605,2717,5214646,Luke Fahey,OSU,QB,12.0,12.0,12.0,1.62,19.4,19.4,19.4,0.0,19.4,-225.7,-225.8,-208.9,-204.6,-204.6,-204.6,,,,,,,,0.36,,1.0,,2026-08-25,,,,,0.5,,,0.0
4508,QB510,4508,4508,2747,2747,2746,2747,2635,2747,5159115,Noah Grubbs,ND,QB,12.0,12.0,12.0,1.58,18.9,18.9,18.9,0.0,18.9,-226.2,-226.3,-209.4,-205.1,-205.1,-205.1,,,,,,,,0.37,,1.0,,2026-08-25,,,,,0.5,,,0.0
4509,QB511,4509,4509,2751,2751,2750,2751,2639,2751,5327568,Bodey Weaver,UTEP,QB,12.0,12.0,12.0,1.58,18.9,18.9,18.9,0.0,18.9,-226.2,-226.3,-209.4,-205.1,-205.1,-205.1,,,,,,,,0.28,,1.0,,2026-08-25,,,,,0.5,,,0.0
4510,QB512,4510,4510,2761,2761,2760,2761,2649,2761,5295195,Tyler Lewis,CSU,QB,12.0,12.0,12.0,1.56,18.7,18.7,18.7,0.0,18.7,-226.4,-226.5,-209.6,-205.3,-205.3,-205.3,,,,,,,,0.33,,1.0,,2026-08-25,,,,,0.5,,,0.0
4511,QB513,4511,4511,2764,2764,2763,2764,2652,2764,5393155,John Sanders,BYU,QB,12.0,12.0,12.0,1.56,18.7,18.7,18.7,0.0,18.7,-226.4,-226.5,-209.6,-205.3,-205.3,-205.3,,,,,,,,0.31,,1.0,,2026-08-25,,,,,0.5,,,0.0
4512,QB514,4512,4512,2769,2769,2768,2769,2657,2769,5213355,Jett Niu,OU,QB,12.0,12.0,12.0,1.55,18.6,18.6,18.6,0.0,18.6,-226.5,-226.6,-209.7,-205.4,-205.4,-205.4,,,,,,,,0.37,,1.0,,2026-08-25,,,,,0.5,,,0.0
4513,QB515,4513,4513,2770,2770,2769,2770,2658,2770,5217444,Jershaun Newton,ILL,QB,12.0,12.0,12.0,1.55,18.6,18.6,18.6,0.0,18.6,-226.5,-226.6,-209.7,-205.4,-205.4,-205.4,,,,,,,,0.29,,1.0,,2026-08-25,,,,,0.5,,,0.0
4514,QB516,4514,4514,2777,2777,2776,2777,2665,2777,5295919,Ryan Huff,ODU,QB,12.0,12.0,12.0,1.54,18.5,18.5,18.5,0.0,18.5,-226.6,-226.7,-209.8,-205.5,-205.5,-205.5,,,,,,,,0.25,,1.0,,2026-08-25,,,,,0.5,,,0.0
4515,QB517,4515,4515,2780,2780,2779,2780,2668,2780,5213239,Au'Tori Newkirk,UNC,QB,12.0,12.0,12.0,1.53,18.4,18.4,18.4,0.0,18.4,-226.7,-226.8,-209.9,-205.6,-205.6,-205.6,,,,,,,,0.25,,1.0,,2026-08-25,,,,,0.5,,,0.0
4516,QB518,4516,4516,2794,2794,2793,2794,2682,2794,5221102,Sam Altmann,UL,QB,12.0,12.0,12.0,1.52,18.2,18.2,18.2,0.0,18.2,-226.9,-227.0,-210.1,-205.8,-205.8,-205.8,,,,,,,,0.35,,1.0,,2026-08-25,,,,,0.5,,,0.0
4517,QB519,4517,4517,2795,2795,2794,2795,2683,2795,5276589,Femi Babalola,BC,QB,12.0,12.0,12.0,1.52,18.2,18.2,18.2,0.0,18.2,-226.9,-227.0,-210.1,-205.8,-205.8,-205.8,,,,,,,,0.26,,1.0,,2026-08-25,,,,,0.5,,,0.0
4518,QB520,4518,4518,2799,2799,2798,2799,2687,2799,5208138,Luke Carney,HOU,QB,12.0,12.0,12.0,1.51,18.1,18.1,18.1,0.0,18.1,-227.0,-227.1,-210.2,-205.9,-205.9,-205.9,,,,,,,,0.31,,1.0,,2026-08-25,,,,,0.5,,,0.0
4519,QB521,4519,4519,2801,2801,2800,2801,2689,2801,5293684,Bryson Luter,ARMY,QB,12.0,12.0,12.0,1.51,18.1,18.1,18.1,0.0,18.1,-227.0,-227.1,-210.2,-205.9,-205.9,-205.9,,,,,,,,0.32,,1.0,,2026-08-25,,,,,0.5,,,0.0
4520,QB522,4520,4520,2807,2807,2807,2807,2695,2807,5283062,Brooklyn Nace,ODU,QB,12.0,12.0,12.0,1.5,18.0,18.0,18.0,0.0,18.0,-227.1,-227.2,-210.3,-206.0,-206.0,-206.0,,,,,,,,0.25,,1.0,,2026-08-25,,,,,0.5,,,0.0
4521,QB523,4521,4521,2811,2811,2811,2811,2699,2811,5271184,Jett Thomalla,ALA,QB,12.0,12.0,12.0,1.49,17.9,17.9,17.9,0.0,17.9,-227.2,-227.3,-210.4,-206.1,-206.1,-206.1,,,,,,,,0.25,,1.0,,2026-08-25,,,,,0.5,,,0.0
4522,QB524,4522,4522,2816,2816,2816,2816,2704,2816,5304179,Eian Finkley,MOST,QB,12.0,12.0,12.0,1.48,17.7,17.7,17.7,0.0,17.7,-227.4,-227.5,-210.6,-206.3,-206.3,-206.3,,,,,,,,0.2,,1.0,,2026-08-25,,,,,0.5,,,0.0
4523,QB525,4523,4523,2824,2824,2824,2824,2712,2824,5294027,Will Myers,AUB,QB,12.0,12.0,12.0,1.47,17.6,17.6,17.6,0.0,17.6,-227.5,-227.6,-210.7,-206.4,-206.4,-206.4,,,,,,,,0.22,,1.0,,2026-08-25,,,,,0.5,,,0.0
4524,QB526,4524,4524,2825,2825,2825,2825,2713,2825,5294079,Holden Phillips,TTU,QB,12.0,12.0,12.0,1.47,17.6,17.6,17.6,0.0,17.6,-227.5,-227.6,-210.7,-206.4,-206.4,-206.4,,,,,,,,0.35,,1.0,,2026-08-25,,,,,0.5,,,0.0
4525,QB527,4525,4525,2834,2834,2834,2834,2722,2834,5200187,Brock Bradley,CLEM,QB,12.0,12.0,12.0,1.45,17.4,17.4,17.4,0.0,17.4,-227.7,-227.8,-210.9,-206.6,-206.6,-206.6,,,,,,,,0.29,,1.0,,2026-08-25,,,,,0.5,,,0.0
4526,QB528,4526,4526,2835,2835,2835,2835,2723,2835,5290561,Noah Lee,JXST,QB,12.0,12.0,12.0,1.45,17.4,17.4,17.4,0.0,17.4,-227.7,-227.8,-210.9,-206.6,-206.6,-206.6,,,,,,,,0.32,,1.0,,2026-08-25,,,,,0.5,,,0.0
4527,QB529,4527,4527,2837,2837,2837,2837,2725,2837,5388310,Ethan Thanthanavong,KENT,QB,12.0,12.0,12.0,1.45,17.4,17.4,17.4,0.0,17.4,-227.7,-227.8,-210.9,-206.6,-206.6,-206.6,,,,,,,,0.22,,1.0,,2026-08-25,,,,,0.5,,,0.0
4528,QB530,4528,4528,2850,2850,2850,2850,2738,2850,5203853,Mason Mallory,MTSU,QB,12.0,12.0,12.0,1.42,17.1,17.1,17.1,0.0,17.1,-228.0,-228.1,-211.2,-206.9,-206.9,-206.9,,,,,,,,0.3,,1.0,,2026-08-25,,,,,0.5,,,0.0
4529,QB531,4529,4529,2856,2856,2856,2856,2744,2856,5188792,Garyt Odom,PUR,QB,12.0,12.0,12.0,1.42,17.0,17.0,17.0,0.0,17.0,-228.1,-228.2,-211.3,-207.0,-207.0,-207.0,,,,,,,,0.3,,1.0,,2026-08-25,,,,,0.5,,,0.0
4530,QB532,4530,4530,2870,2870,2870,2870,2758,2870,5275663,Harrison Faulkner Jr.,GASO,QB,12.0,12.0,12.0,1.4,16.8,16.8,16.8,0.0,16.8,-228.3,-228.4,-211.5,-207.2,-207.2,-207.2,,,,,,,,0.27,,1.0,,2026-08-25,,,,,0.5,,,0.0
4531,QB533,4531,4531,2891,2891,2891,2891,2779,2891,5280155,Teddy Jarrard,ND,QB,12.0,12.0,12.0,1.38,16.5,16.5,16.5,0.0,16.5,-228.6,-228.7,-211.8,-207.5,-207.5,-207.5,,,,,,,,0.29,,1.0,,2026-08-25,,,,,0.5,,,0.0
4532,QB534,4532,4532,2893,2893,2893,2893,2781,2893,5147068,Enoch Watson,BYU,QB,12.0,12.0,12.0,1.37,16.4,16.4,16.4,0.0,16.4,-228.7,-228.8,-211.9,-207.6,-207.6,-207.6,,,,,,,,0.37,,1.0,,2026-08-25,,,,,0.5,,,0.0
4533,QB535,4533,4533,2917,2917,2917,2917,2805,2917,5265441,Andrew Alford,TLSA,QB,12.0,12.0,12.0,1.34,16.1,16.1,16.1,0.0,16.1,-229.0,-229.1,-212.2,-207.9,-207.9,-207.9,,,,,,,,0.31,,1.0,,2026-08-25,,,,,0.5,,,0.0
4534,QB536,4534,4534,2918,2918,2918,2918,2806,2918,5369964,Kendall Tambling,UK,QB,12.0,12.0,12.0,1.34,16.1,16.1,16.1,0.0,16.1,-229.0,-229.1,-212.2,-207.9,-207.9,-207.9,,,,,,,,0.26,,1.0,,2026-08-25,,,,,0.5,,,0.0
4535,QB537,4535,4535,2920,2920,2920,2920,2808,2920,5161007,Jackson Taylor,BOIS,QB,12.0,12.0,12.0,1.33,16.0,16.0,16.0,0.0,16.0,-229.1,-229.2,-212.3,-208.0,-208.0,-208.0,,,,,,,,0.32,,1.0,,2026-08-25,,,,,0.5,,,0.0
4536,QB538,4536,4536,2921,2921,2921,2921,2809,2921,5161802,Kane Archer,UTAH,QB,12.0,12.0,12.0,1.33,16.0,16.0,16.0,0.0,16.0,-229.1,-229.2,-212.3,-208.0,-208.0,-208.0,,,,,,,,0.37,,1.0,,2026-08-25,,,,,0.5,,,0.0
4537,QB539,4537,4537,2922,2922,2922,2922,2810,2922,5205684,Robert McDaniel,SJSU,QB,12.0,12.0,12.0,1.33,16.0,16.0,16.0,0.0,16.0,-229.1,-229.2,-212.3,-208.0,-208.0,-208.0,,,,,,,,0.25,,1.0,,2026-08-25,,,,,0.5,,,0.0
4538,QB540,4538,4538,2925,2925,2925,2925,2813,2925,5295362,Grant Troutman,MEM,QB,12.0,12.0,12.0,1.33,16.0,16.0,16.0,0.0,16.0,-229.1,-229.2,-212.3,-208.0,-208.0,-208.0,,,,,,,,0.2,,1.0,,2026-08-25,,,,,0.5,,,0.0
4539,QB541,4539,4539,2930,2930,2930,2930,2818,2930,5379836,Luke McBride,CCU,QB,12.0,12.0,12.0,1.32,15.9,15.9,15.9,0.0,15.9,-229.2,-229.3,-212.4,-208.1,-208.1,-208.1,,,,,,,,0.26,,1.0,,2026-08-25,,,,,0.5,,,0.0
4540,QB542,4540,4540,2935,2935,2935,2935,2823,2935,5289291,Taylor Hasselbeck,WYO,QB,12.0,12.0,12.0,1.32,15.8,15.8,15.8,0.0,15.8,-229.3,-229.4,-212.5,-208.2,-208.2,-208.2,,,,,,,,0.3,,1.0,,2026-08-25,,,,,0.5,,,0.0
4541,QB543,4541,4541,2948,2948,2948,2948,2836,2948,5394556,Landen Abernathy,ODU,QB,12.0,12.0,12.0,1.3,15.6,15.6,15.6,0.0,15.6,-229.5,-229.6,-212.7,-208.4,-208.4,-208.4,,,,,,,,0.25,,1.0,,2026-08-25,,,,,0.5,,,0.0
4542,QB544,4542,4542,2962,2962,2962,2962,2850,2962,5161955,Nick Kinsey,EMU,QB,12.0,12.0,12.0,1.28,15.3,15.3,15.3,0.0,15.3,-229.8,-229.9,-213.0,-208.7,-208.7,-208.7,,,,,,,,0.29,,1.0,,2026-08-25,,,,,0.5,,,0.0
4543,QB545,4543,4543,2964,2964,2964,2964,2852,2964,5265060,Reeve Slone,NEV,QB,12.0,12.0,12.0,1.28,15.3,15.3,15.3,0.0,15.3,-229.8,-229.9,-213.0,-208.7,-208.7,-208.7,,,,,,,,0.29,,1.0,,2026-08-25,,,,,0.5,,,0.0
4544,QB546,4544,4544,2976,2976,2976,2976,2864,2976,5327585,Aedan McCarthy,MASS,QB,12.0,12.0,12.0,1.27,15.2,15.2,15.2,0.0,15.2,-229.9,-230.0,-213.1,-208.8,-208.8,-208.8,,,,,,,,0.24,,1.0,,2026-08-25,,,,,0.5,,,0.0
4545,QB547,4545,4545,2987,2987,2987,2987,2875,2987,5159073,Brady Smigiel,MICH,QB,12.0,12.0,12.0,1.24,14.9,14.9,14.9,0.0,14.9,-230.2,-230.3,-213.4,-209.1,-209.1,-209.1,,,,,,,,0.29,,1.0,,2026-08-25,,,,,0.5,,,0.0
4546,QB548,4546,4546,2988,2988,2988,2988,2876,2988,5218581,Colter Ginn,UGA,QB,12.0,12.0,12.0,1.24,14.9,14.9,14.9,0.0,14.9,-230.2,-230.3,-213.4,-209.1,-209.1,-209.1,,,,,,,,0.23,,1.0,,2026-08-25,,,,,0.5,,,0.0
4547,QB549,4547,4547,2990,2990,2990,2990,2878,2990,5276590,Stephen Cannon,TTU,QB,12.0,12.0,12.0,1.24,14.9,14.9,14.9,0.0,14.9,-230.2,-230.3,-213.4,-209.1,-209.1,-209.1,,,,,,,,0.24,,1.0,,2026-08-25,,,,,0.5,,,0.0
4548,QB550,4548,4548,2993,2993,2993,2993,2881,2993,5218671,Paxton Land,TA&M,QB,12.0,12.0,12.0,1.23,14.8,14.8,14.8,0.0,14.8,-230.3,-230.4,-213.5,-209.2,-209.2,-209.2,,,,,,,,0.23,,1.0,,2026-08-25,,,,,0.5,,,0.0
4549,QB551,4549,4549,2999,2999,2999,2999,2887,2999,5148598,Dash Beierly,WASH,QB,12.0,12.0,12.0,1.22,14.7,14.7,14.7,0.0,14.7,-230.4,-230.5,-213.6,-209.3,-209.3,-209.3,,,,,,,,0.33,,1.0,,2026-08-25,,,,,0.5,,,0.0
4550,QB552,4550,4550,3005,3005,3005,3005,2893,3005,5161828,Jyron Hughley,WVU,QB,12.0,12.0,12.0,1.22,14.6,14.6,14.6,0.0,14.6,-230.5,-230.6,-213.7,-209.4,-209.4,-209.4,,,,,,,,0.27,,1.0,,2026-08-25,,,,,0.5,,,0.0
4551,QB553,4551,4551,3006,3006,3006,3006,2894,3006,5214645,Brady Palmer,MINN,QB,12.0,12.0,12.0,1.22,14.6,14.6,14.6,0.0,14.6,-230.5,-230.6,-213.7,-209.4,-209.4,-209.4,,,,,,,,0.27,,1.0,,2026-08-25,,,,,0.5,,,0.0
4552,QB554,4552,4552,3009,3009,3009,3009,2897,3009,5302741,Jeremiah Daoud,FAU,QB,12.0,12.0,12.0,1.22,14.6,14.6,14.6,0.0,14.6,-230.5,-230.6,-213.7,-209.4,-209.4,-209.4,,,,,,,,0.24,,1.0,,2026-08-25,,,,,0.5,,,0.0
4553,QB555,4553,4553,3014,3014,3014,3014,2902,3014,5281464,Rocco Williams,MTSU,QB,12.0,12.0,12.0,1.21,14.5,14.5,14.5,0.0,14.5,-230.6,-230.7,-213.8,-209.5,-209.5,-209.5,,,,,,,,0.29,,1.0,,2026-08-25,,,,,0.5,,,0.0
4554,QB556,4554,4554,3016,3016,3016,3016,2904,3016,5145620,Jackson Hamilton,MD,QB,12.0,12.0,12.0,1.2,14.4,14.4,14.4,0.0,14.4,-230.7,-230.8,-213.9,-209.6,-209.6,-209.6,,,,,,,,0.26,,1.0,,2026-08-25,,,,,0.5,,,0.0
4555,QB557,4555,4555,3019,3019,3019,3019,2907,3019,5209133,Oscar Rios,ARIZ,QB,12.0,12.0,12.0,1.2,14.4,14.4,14.4,0.0,14.4,-230.7,-230.8,-213.9,-209.6,-209.6,-209.6,,,,,,,,0.28,,1.0,,2026-08-25,,,,,0.5,,,0.0
4556,QB558,4556,4556,3022,3022,3022,3022,2910,3022,5282041,Mason Atkins,BALL,QB,12.0,12.0,12.0,1.2,14.4,14.4,14.4,0.0,14.4,-230.7,-230.8,-213.9,-209.6,-209.6,-209.6,,,,,,,,0.24,,1.0,,2026-08-25,,,,,0.5,,,0.0
4557,QB559,4557,4557,3028,3028,3028,3028,2916,3028,5384798,Shaan Patel,SHSU,QB,12.0,12.0,12.0,1.19,14.3,14.3,14.3,0.0,14.3,-230.8,-230.9,-214.0,-209.7,-209.7,-209.7,,,,,,,,0.28,,1.0,,2026-08-25,,,,,0.5,,,0.0
4558,QB560,4558,4558,3034,3034,3034,3034,2922,3034,5236675,Dante Carr,UCF,QB,12.0,12.0,12.0,1.18,14.2,14.2,14.2,0.0,14.2,-230.9,-231.0,-214.1,-209.8,-209.8,-209.8,,,,,,,,0.22,,1.0,,2026-08-25,,,,,0.5,,,0.0
4559,QB561,4559,4559,3035,3035,3035,3035,2923,3035,5281452,Anthony Coellner,BC,QB,12.0,12.0,12.0,1.18,14.2,14.2,14.2,0.0,14.2,-230.9,-231.0,-214.1,-209.8,-209.8,-209.8,,,,,,,,0.22,,1.0,,2026-08-25,,,,,0.5,,,0.0
4560,QB562,4560,4560,3038,3038,3038,3038,2926,3038,5378091,Parker Thompson,NCSU,QB,12.0,12.0,12.0,1.18,14.2,14.2,14.2,0.0,14.2,-230.9,-231.0,-214.1,-209.8,-209.8,-209.8,,,,,,,,0.24,,1.0,,2026-08-25,,,,,0.5,,,0.0
4561,QB563,4561,4561,3041,3044,3041,3041,2932,3044,5280838,Drew Bellisari,M-OH,QB,12.0,12.0,12.0,1.17,14.1,14.1,14.1,0.0,14.1,-231.0,-231.1,-214.2,-209.9,-209.9,-209.9,,,,,,,,0.25,,1.0,,2026-08-25,,,,,0.5,,,0.0
4562,QB564,4562,4562,3050,3050,3050,3050,2938,3050,5258803,Chase Herbstreit,MICH,QB,12.0,12.0,12.0,1.17,14.0,14.0,14.0,0.0,14.0,-231.1,-231.2,-214.3,-210.0,-210.0,-210.0,,,,,,,,0.21,,1.0,,2026-08-25,,,,,0.5,,,0.0
4563,QB565,4563,4563,3051,3051,3051,3051,2939,3051,5265647,Jacob Chambers,FRES,QB,12.0,12.0,12.0,1.17,14.0,14.0,14.0,0.0,14.0,-231.1,-231.2,-214.3,-210.0,-210.0,-210.0,,,,,,,,0.22,,1.0,,2026-08-25,,,,,0.5,,,0.0
4564,QB566,4564,4564,3052,3052,3052,3052,2940,3052,5295006,Jackson King,AF,QB,12.0,12.0,12.0,1.17,14.0,14.0,14.0,0.0,14.0,-231.1,-231.2,-214.3,-210.0,-210.0,-210.0,,,,,,,,0.25,,1.0,,2026-08-25,,,,,0.5,,,0.0
4565,QB567,4565,4565,3053,3053,3053,3053,2941,3053,5295007,Brody Fortunati,AF,QB,12.0,12.0,12.0,1.17,14.0,14.0,14.0,0.0,14.0,-231.1,-231.2,-214.3,-210.0,-210.0,-210.0,,,,,,,,0.25,,1.0,,2026-08-25,,,,,0.5,,,0.0
4566,QB568,4566,4566,3055,3055,3055,3055,2943,3055,5296312,EJ Archield Jr.,DEL,QB,12.0,12.0,12.0,1.17,14.0,14.0,14.0,0.0,14.0,-231.1,-231.2,-214.3,-210.0,-210.0,-210.0,,,,,,,,0.23,,1.0,,2026-08-25,,,,,0.5,,,0.0
4567,QB569,4567,4567,3066,3066,3066,3066,2954,3066,5211073,Mike Mitchell Jr.,STAN,QB,12.0,12.0,12.0,1.15,13.8,13.8,13.8,0.0,13.8,-231.3,-231.4,-214.5,-210.2,-210.2,-210.2,,,,,,,,0.25,,1.0,,2026-08-25,,,,,0.5,,,0.0
4568,QB570,4568,4568,3067,3067,3067,3067,2955,3067,5216706,TJ Stanley,GAST,QB,12.0,12.0,12.0,1.15,13.8,13.8,13.8,0.0,13.8,-231.3,-231.4,-214.5,-210.2,-210.2,-210.2,,,,,,,,0.26,,1.0,,2026-08-25,,,,,0.5,,,0.0
4569,QB571,4569,4569,3070,3070,3070,3070,2958,3070,5327609,Gavin Peeps,KENT,QB,12.0,12.0,12.0,1.15,13.8,13.8,13.8,0.0,13.8,-231.3,-231.4,-214.5,-210.2,-210.2,-210.2,,,,,,,,0.26,,1.0,,2026-08-25,,,,,0.5,,,0.0
4570,QB572,4570,4570,3074,3074,3074,3074,2962,3074,5160495,Tayden-Evan Kaawa,ALA,QB,12.0,12.0,12.0,1.14,13.7,13.7,13.7,0.0,13.7,-231.4,-231.5,-214.6,-210.3,-210.3,-210.3,,,,,,,,0.25,,1.0,,2026-08-25,,,,,0.5,,,0.0
4571,QB573,4571,4571,3085,3085,3085,3085,2973,3085,5296125,David Potter,TCU,QB,12.0,12.0,12.0,1.13,13.6,13.6,13.6,0.0,13.6,-231.5,-231.6,-214.7,-210.4,-210.4,-210.4,,,,,,,,0.25,,1.0,,2026-08-25,,,,,0.5,,,0.0
4572,QB574,4572,4572,3088,3088,3088,3088,2976,3088,5158407,Sawyer Anderson,ARIZ,QB,12.0,12.0,12.0,1.12,13.5,13.5,13.5,0.0,13.5,-231.6,-231.7,-214.8,-210.5,-210.5,-210.5,,,,,,,,0.32,,1.0,,2026-08-25,,,,,0.5,,,0.0
4573,QB575,4573,4573,3096,3096,3096,3096,2984,3096,5239556,Cash Herrera,BOIS,QB,12.0,12.0,12.0,1.12,13.4,13.4,13.4,0.0,13.4,-231.7,-231.8,-214.9,-210.6,-210.6,-210.6,,,,,,,,0.27,,1.0,,2026-08-25,,,,,0.5,,,0.0
4574,QB576,4574,4574,3102,3102,3102,3102,2990,3102,5211476,Jacob Bell,IU,QB,12.0,12.0,12.0,1.11,13.3,13.3,13.3,0.0,13.3,-231.8,-231.9,-215.0,-210.7,-210.7,-210.7,,,,,,,,0.31,,1.0,,2026-08-25,,,,,0.5,,,0.0
4575,QB577,4575,4575,3109,3109,3109,3109,2997,3109,5299092,Matt Ivaldi,FIU,QB,12.0,12.0,12.0,1.11,13.3,13.3,13.3,0.0,13.3,-231.8,-231.9,-215.0,-210.7,-210.7,-210.7,,,,,,,,0.2,,1.0,,2026-08-25,,,,,0.5,,,0.0
4576,QB578,4576,4576,3133,3133,3133,3133,3021,3133,5269110,Rhys Brush,AUB,QB,12.0,12.0,12.0,1.08,13.0,13.0,13.0,0.0,13.0,-232.1,-232.2,-215.3,-211.0,-211.0,-211.0,,,,,,,,0.22,,1.0,,2026-08-25,,,,,0.5,,,0.0
4577,QB579,4577,4577,3143,3143,3143,3143,3031,3143,5294315,Gregory Fee,APP,QB,12.0,12.0,12.0,1.08,12.9,12.9,12.9,0.0,12.9,-232.2,-232.3,-215.4,-211.1,-211.1,-211.1,,,,,,,,0.22,,1.0,,2026-08-25,,,,,0.5,,,0.0
4578,QB580,4578,4578,3154,3154,3154,3154,3042,3154,5291762,Donovan Moorhead,JXST,QB,12.0,12.0,12.0,1.07,12.8,12.8,12.8,0.0,12.8,-232.3,-232.4,-215.5,-211.2,-211.2,-211.2,,,,,,,,0.25,,1.0,,2026-08-25,,,,,0.5,,,0.0
4579,QB581,4579,4579,3156,3156,3156,3156,3044,3156,5295943,Jachin Davis,LIB,QB,12.0,12.0,12.0,1.07,12.8,12.8,12.8,0.0,12.8,-232.3,-232.4,-215.5,-211.2,-211.2,-211.2,,,,,,,,0.23,,1.0,,2026-08-25,,,,,0.5,,,0.0
4580,QB582,4580,4580,3160,3160,3160,3160,3048,3160,5202460,Gavin Parkhurst,TXST,QB,12.0,12.0,12.0,1.06,12.7,12.7,12.7,0.0,12.7,-232.4,-232.5,-215.6,-211.3,-211.3,-211.3,,,,,,,,0.25,,1.0,,2026-08-25,,,,,0.5,,,0.0
4581,QB583,4581,4581,3163,3163,3163,3163,3051,3163,5264498,Angelo Renda,PITT,QB,12.0,12.0,12.0,1.06,12.7,12.7,12.7,0.0,12.7,-232.4,-232.5,-215.6,-211.3,-211.3,-211.3,,,,,,,,0.24,,1.0,,2026-08-25,,,,,0.5,,,0.0
4582,QB584,4582,4582,3164,3164,3164,3164,3052,3164,5266902,Brooks Goodman,CIN,QB,12.0,12.0,12.0,1.06,12.7,12.7,12.7,0.0,12.7,-232.4,-232.5,-215.6,-211.3,-211.3,-211.3,,,,,,,,0.17,,1.0,,2026-08-25,,,,,0.5,,,0.0
4583,QB585,4583,4583,3165,3165,3165,3165,3053,3165,5289266,Geno Seets,CMU,QB,12.0,12.0,12.0,1.06,12.7,12.7,12.7,0.0,12.7,-232.4,-232.5,-215.6,-211.3,-211.3,-211.3,,,,,,,,0.3,,1.0,,2026-08-25,,,,,0.5,,,0.0
4584,QB586,4584,4584,3179,3179,3179,3179,3067,3179,5209335,Michael Johnson,UTAH,QB,12.0,12.0,12.0,1.04,12.5,12.5,12.5,0.0,12.5,-232.6,-232.7,-215.8,-211.5,-211.5,-211.5,,,,,,,,0.29,,1.0,,2026-08-25,,,,,0.5,,,0.0
4585,QB587,4585,4585,3181,3181,3181,3181,3069,3181,5222653,Coleman Carter,UL,QB,12.0,12.0,12.0,1.04,12.5,12.5,12.5,0.0,12.5,-232.6,-232.7,-215.8,-211.5,-211.5,-211.5,,,,,,,,0.28,,1.0,,2026-08-25,,,,,0.5,,,0.0
4586,QB588,4586,4586,3186,3186,3186,3186,3074,3186,5289260,Xavier Stearn,RUTG,QB,12.0,12.0,12.0,1.04,12.5,12.5,12.5,0.0,12.5,-232.6,-232.7,-215.8,-211.5,-211.5,-211.5,,,,,,,,0.2,,1.0,,2026-08-25,,,,,0.5,,,0.0
4587,QB589,4587,4587,3197,3197,3197,3197,3085,3197,5209395,DJ Bordeaux,UCLA,QB,12.0,12.0,12.0,1.03,12.3,12.3,12.3,0.0,12.3,-232.8,-232.9,-216.0,-211.7,-211.7,-211.7,,,,,,,,0.28,,1.0,,2026-08-25,,,,,0.5,,,0.0
4588,QB590,4588,4588,3198,3198,3198,3198,3086,3198,5211205,Terry Walker III,DUKE,QB,12.0,12.0,12.0,1.03,12.3,12.3,12.3,0.0,12.3,-232.8,-232.9,-216.0,-211.7,-211.7,-211.7,,,,,,,,0.18,,1.0,,2026-08-25,,,,,0.5,,,0.0
4589,QB591,4589,4589,3204,3204,3204,3204,3092,3204,5217148,Gavin Sidwar,MIZ,QB,12.0,12.0,12.0,1.02,12.2,12.2,12.2,0.0,12.2,-232.9,-233.0,-216.1,-211.8,-211.8,-211.8,,,,,,,,0.22,,1.0,,2026-08-25,,,,,0.5,,,0.0
4590,QB592,4590,4590,3208,3208,3208,3208,3096,3208,5293704,Harrison Orr,ARMY,QB,12.0,12.0,12.0,1.02,12.2,12.2,12.2,0.0,12.2,-232.9,-233.0,-216.1,-211.8,-211.8,-211.8,,,,,,,,0.22,,1.0,,2026-08-25,,,,,0.5,,,0.0
4591,QB593,4591,4591,3210,3210,3210,3210,3098,3210,5302259,Draiden Trudeau,SDSU,QB,12.0,12.0,12.0,1.02,12.2,12.2,12.2,0.0,12.2,-232.9,-233.0,-216.1,-211.8,-211.8,-211.8,,,,,,,,0.32,,1.0,,2026-08-25,,,,,0.5,,,0.0
4592,QB594,4592,4592,3215,3215,3215,3215,3103,3215,5209387,Derek Zammit,WASH,QB,12.0,12.0,12.0,1.01,12.1,12.1,12.1,0.0,12.1,-233.0,-233.1,-216.2,-211.9,-211.9,-211.9,,,,,,,,0.27,,1.0,,2026-08-25,,,,,0.5,,,0.0
4593,QB595,4593,4593,3216,3216,3216,3216,3104,3216,5216958,Peyton Falzone,PSU,QB,12.0,12.0,12.0,1.01,12.1,12.1,12.1,0.0,12.1,-233.0,-233.1,-216.2,-211.9,-211.9,-211.9,,,,,,,,0.21,,1.0,,2026-08-25,,,,,0.5,,,0.0
4594,QB596,4594,4594,3221,3221,3221,3221,3109,3221,5306440,Evan Medders,AF,QB,12.0,12.0,12.0,1.01,12.1,12.1,12.1,0.0,12.1,-233.0,-233.1,-216.2,-211.9,-211.9,-211.9,,,,,,,,0.24,,1.0,,2026-08-25,,,,,0.5,,,0.0
4595,QB597,4595,4595,3225,3225,3225,3225,3113,3225,5184630,Jackson Bradley,LT,QB,12.0,12.0,12.0,1.0,12.0,12.0,12.0,0.0,12.0,-233.1,-233.2,-216.3,-212.0,-212.0,-212.0,,,,,,,,0.26,,1.0,,2026-08-25,,,,,0.5,,,0.0
4596,QB598,4596,4596,3226,3226,3226,3226,3114,3226,5216562,Corin Berry,PUR,QB,12.0,12.0,12.0,1.0,12.0,12.0,12.0,0.0,12.0,-233.1,-233.2,-216.3,-212.0,-212.0,-212.0,,,,,,,,0.22,,1.0,,2026-08-25,,,,,0.5,,,0.0
4597,QB599,4597,4597,3230,3230,3230,3230,3118,3230,5280595,Kyden Barker,TLSA,QB,12.0,12.0,12.0,1.0,12.0,12.0,12.0,0.0,12.0,-233.1,-233.2,-216.3,-212.0,-212.0,-212.0,,,,,,,,0.26,,1.0,,2026-08-25,,,,,0.5,,,0.0
4598,QB600,4598,4598,3231,3231,3231,3231,3119,3231,5289836,Hudson Kurland,ISU,QB,12.0,12.0,12.0,1.0,12.0,12.0,12.0,0.0,12.0,-233.1,-233.2,-216.3,-212.0,-212.0,-212.0,,,,,,,,0.21,,1.0,,2026-08-25,,,,,0.5,,,0.0
4599,QB601,4599,4599,3233,3233,3233,3233,3121,3233,5294516,Jerry Horne,USA,QB,12.0,12.0,12.0,1.0,12.0,12.0,12.0,0.0,12.0,-233.1,-233.2,-216.3,-212.0,-212.0,-212.0,,,,,,,,0.22,,1.0,,2026-08-25,,,,,0.5,,,0.0
4600,QB602,4600,4600,3235,3235,3235,3235,3123,3235,5160471,Quinn Murphy,BAY,QB,12.0,12.0,12.0,0.99,11.9,11.9,11.9,0.0,11.9,-233.2,-233.3,-216.4,-212.1,-212.1,-212.1,,,,,,,,0.19,,1.0,,2026-08-25,,,,,0.5,,,0.0
4601,QB603,4601,4601,3237,3237,3237,3237,3125,3237,5216311,Alonzo Esparza,CAL,QB,12.0,12.0,12.0,0.99,11.9,11.9,11.9,0.0,11.9,-233.2,-233.3,-216.4,-212.1,-212.1,-212.1,,,,,,,,0.28,,1.0,,2026-08-25,,,,,0.5,,,0.0
4602,QB604,4602,4602,3239,3239,3239,3239,3127,3239,5309670,Cade Spradling,AF,QB,12.0,12.0,12.0,0.99,11.9,11.9,11.9,0.0,11.9,-233.2,-233.3,-216.4,-212.1,-212.1,-212.1,,,,,,,,0.24,,1.0,,2026-08-25,,,,,0.5,,,0.0
4603,QB605,4603,4603,3246,3246,3246,3246,3134,3246,5269403,Tommy Carr,MICH,QB,12.0,12.0,12.0,0.98,11.8,11.8,11.8,0.0,11.8,-233.3,-233.4,-216.5,-212.2,-212.2,-212.2,,,,,,,,0.27,,1.0,,2026-08-25,,,,,0.5,,,0.0
4604,QB606,4604,4604,3262,3262,3262,3262,3150,3262,5157312,Johnny Brookhart,AKR,QB,12.0,12.0,12.0,0.96,11.5,11.5,11.5,0.0,11.5,-233.6,-233.7,-216.8,-212.5,-212.5,-212.5,,,,,,,,0.17,,1.0,,2026-08-25,,,,,0.5,,,0.0
4605,QB607,4605,4605,3274,3274,3274,3274,3162,3274,5198324,Cibastian Broughton,AKR,QB,12.0,12.0,12.0,0.95,11.4,11.4,11.4,0.0,11.4,-233.7,-233.8,-216.9,-212.6,-212.6,-212.6,,,,,,,,0.24,,1.0,,2026-08-25,,,,,0.5,,,0.0
4606,QB608,4606,4606,3303,3303,3303,3303,3191,3303,5161841,Alex Medyn,USC,QB,12.0,12.0,12.0,0.92,11.0,11.0,11.0,0.0,11.0,-234.1,-234.2,-217.3,-213.0,-213.0,-213.0,,,,,,,,0.32,,1.0,,2026-08-25,,,,,0.5,,,0.0
4607,QB609,4607,4607,3318,3318,3318,3318,3206,3318,5391324,Jett Taylor,NAVY,QB,12.0,12.0,12.0,0.91,10.9,10.9,10.9,0.0,10.9,-234.2,-234.3,-217.4,-213.1,-213.1,-213.1,,,,,,,,0.21,,1.0,,2026-08-25,,,,,0.5,,,0.0
4608,QB610,4608,4608,3325,3325,3325,3325,3213,3325,5289802,Taylor Jacobs Jr,USA,QB,12.0,12.0,12.0,0.9,10.8,10.8,10.8,0.0,10.8,-234.3,-234.4,-217.5,-213.2,-213.2,-213.2,,,,,,,,0.3,,1.0,,2026-08-25,,,,,0.5,,,0.0
4609,QB611,4609,4609,3335,3335,3335,3335,3223,3335,5290975,Maguire Gasperson,UTSA,QB,12.0,12.0,12.0,0.89,10.7,10.7,10.7,0.0,10.7,-234.4,-234.5,-217.6,-213.3,-213.3,-213.3,,,,,,,,0.26,,1.0,,2026-08-25,,,,,0.5,,,0.0
4610,QB612,4610,4610,3345,3345,3345,3345,3233,3345,5291751,Cade Mitchell,UNM,QB,12.0,12.0,12.0,0.88,10.6,10.6,10.6,0.0,10.6,-234.5,-234.6,-217.7,-213.4,-213.4,-213.4,,,,,,,,0.21,,1.0,,2026-08-25,,,,,0.5,,,0.0
4611,QB613,4611,4611,3357,3357,3357,3357,3245,3357,5158945,Nathan Bernhard,MD,QB,12.0,12.0,12.0,0.87,10.4,10.4,10.4,0.0,10.4,-234.7,-234.8,-217.9,-213.6,-213.6,-213.6,,,,,,,,0.18,,1.0,,2026-08-25,,,,,0.5,,,0.0
4612,QB614,4612,4612,3366,3366,3366,3366,3254,3366,5385751,Caleb Moyer,BGSU,QB,12.0,12.0,12.0,0.87,10.4,10.4,10.4,0.0,10.4,-234.7,-234.8,-217.9,-213.6,-213.6,-213.6,,,,,,,,0.26,,1.0,,2026-08-25,,,,,0.5,,,0.0
4613,QB615,4613,4613,3376,3376,3376,3376,3264,3376,5394568,Gavin Gray,WSU,QB,12.0,12.0,12.0,0.85,10.2,10.2,10.2,0.0,10.2,-234.9,-235.0,-218.1,-213.8,-213.8,-213.8,,,,,,,,0.22,,1.0,,2026-08-25,,,,,0.5,,,0.0
4614,QB616,4614,4614,3391,3391,3391,3391,3279,3391,5221244,Owen Lansu,MINN,QB,12.0,12.0,12.0,0.83,10.0,10.0,10.0,0.0,10.0,-235.1,-235.2,-218.3,-214.0,-214.0,-214.0,,,,,,,,0.19,,1.0,,2026-08-25,,,,,0.5,,,0.0
4615,QB617,4615,4615,3397,3397,3397,3397,3285,3397,5328787,Luke Tepas,OKST,QB,12.0,12.0,12.0,0.83,10.0,10.0,10.0,0.0,10.0,-235.1,-235.2,-218.3,-214.0,-214.0,-214.0,,,,,,,,0.19,,1.0,,2026-08-25,,,,,0.5,,,0.0
4616,QB618,4616,4616,3399,3399,3399,3399,3287,3399,5388436,Luke Berry,M-OH,QB,12.0,12.0,12.0,0.83,10.0,10.0,10.0,0.0,10.0,-235.1,-235.2,-218.3,-214.0,-214.0,-214.0,,,,,,,,0.25,,1.0,,2026-08-25,,,,,0.5,,,0.0
4617,QB619,4617,4617,3401,3401,3401,3401,3289,3401,5142594,Madden Iamaleava,UCLA,QB,12.0,12.0,12.0,0.82,9.9,9.9,9.9,0.0,9.9,-235.2,-235.3,-218.4,-214.1,-214.1,-214.1,,,,,,,,0.31,,1.0,,2026-08-25,,,,,0.5,,,0.0
4618,QB620,4618,4618,3438,3438,3438,3438,3326,3438,5237318,Ely Hamrick,UVA,QB,12.0,12.0,12.0,0.8,9.6,9.6,9.6,0.0,9.6,-235.5,-235.6,-218.7,-214.4,-214.4,-214.4,,,,,,,,0.13,,1.0,,2026-08-25,,,,,0.5,,,0.0
4619,QB621,4619,4619,3440,3440,3440,3440,3328,3440,5290842,Jae'Oyn Williams,UVA,QB,12.0,12.0,12.0,0.8,9.6,9.6,9.6,0.0,9.6,-235.5,-235.6,-218.7,-214.4,-214.4,-214.4,,,,,,,,0.13,,1.0,,2026-08-25,,,,,0.5,,,0.0
4620,QB622,4620,4620,3444,3444,3444,3444,3332,3444,5385752,Dylan Dreasky,BGSU,QB,12.0,12.0,12.0,0.8,9.6,9.6,9.6,0.0,9.6,-235.5,-235.6,-218.7,-214.4,-214.4,-214.4,,,,,,,,0.21,,1.0,,2026-08-25,,,,,0.5,,,0.0
4621,QB623,4621,4621,3452,3452,3452,3452,3340,3452,5164321,Dillon Duff,KSU,QB,12.0,12.0,12.0,0.78,9.4,9.4,9.4,0.0,9.4,-235.7,-235.8,-218.9,-214.6,-214.6,-214.6,,,,,,,,0.23,,1.0,,2026-08-25,,,,,0.5,,,0.0
4622,QB624,4622,4622,3459,3459,3459,3459,3347,3459,5387615,Jake Forburger,BUF,QB,12.0,12.0,12.0,0.78,9.4,9.4,9.4,0.0,9.4,-235.7,-235.8,-218.9,-214.6,-214.6,-214.6,,,,,,,,0.17,,1.0,,2026-08-25,,,,,0.5,,,0.0
4623,QB625,4623,4623,3462,3462,3462,3462,3350,3462,5161878,Cole Leinart,SMU,QB,12.0,12.0,12.0,0.78,9.3,9.3,9.3,0.0,9.3,-235.8,-235.9,-219.0,-214.7,-214.7,-214.7,,,,,,,,0.21,,1.0,,2026-08-25,,,,,0.5,,,0.0
4624,QB626,4624,4624,3463,3463,3463,3463,3351,3463,5164312,Luke Haugo,ARIZ,QB,12.0,12.0,12.0,0.78,9.3,9.3,9.3,0.0,9.3,-235.8,-235.9,-219.0,-214.7,-214.7,-214.7,,,,,,,,0.22,,1.0,,2026-08-25,,,,,0.5,,,0.0
4625,QB627,4625,4625,3474,3474,3474,3474,3362,3474,5382334,Daulton Phalines,ECU,QB,12.0,12.0,12.0,0.78,9.3,9.3,9.3,0.0,9.3,-235.8,-235.9,-219.0,-214.7,-214.7,-214.7,,,,,,,,0.14,,1.0,,2026-08-25,,,,,0.5,,,0.0
4626,QB628,4626,4626,3487,3487,3487,3487,3375,3487,5296863,Tyler Smith,CONN,QB,12.0,12.0,12.0,0.77,9.2,9.2,9.2,0.0,9.2,-235.9,-236.0,-219.1,-214.8,-214.8,-214.8,,,,,,,,0.16,,1.0,,2026-08-25,,,,,0.5,,,0.0
4627,QB629,4627,4627,3489,3489,3489,3489,3377,3489,5384720,Trey Arnold,NMSU,QB,12.0,12.0,12.0,0.77,9.2,9.2,9.2,0.0,9.2,-235.9,-236.0,-219.1,-214.8,-214.8,-214.8,,,,,,,,0.17,,1.0,,2026-08-25,,,,,0.5,,,0.0
4628,QB630,4628,4628,3491,3491,3491,3491,3379,3491,5390014,Braesen Leon,UTEP,QB,12.0,12.0,12.0,0.77,9.2,9.2,9.2,0.0,9.2,-235.9,-236.0,-219.1,-214.8,-214.8,-214.8,,,,,,,,0.11,,1.0,,2026-08-25,,,,,0.5,,,0.0
4629,QB631,4629,4629,3496,3496,3496,3496,3384,3496,5290891,Bryshawn Brown,NIU,QB,12.0,12.0,12.0,0.76,9.1,9.1,9.1,0.0,9.1,-236.0,-236.1,-219.2,-214.9,-214.9,-214.9,,,,,,,,0.24,,1.0,,2026-08-25,,,,,0.5,,,0.0
4630,QB632,4630,4630,3505,3505,3505,3505,3393,3505,5265562,Koi Fagan,MRSH,QB,12.0,12.0,12.0,0.75,9.0,9.0,9.0,0.0,9.0,-236.1,-236.2,-219.3,-215.0,-215.0,-215.0,,,,,,,,0.2,,1.0,,2026-08-25,,,,,0.5,,,0.0
4631,QB633,4631,4631,3523,3523,3523,3523,3411,3523,5381550,Devin Mignery,STAN,QB,12.0,12.0,12.0,0.74,8.9,8.9,8.9,0.0,8.9,-236.2,-236.3,-219.4,-215.1,-215.1,-215.1,,,,,,,,0.25,,1.0,,2026-08-25,,,,,0.5,,,0.0
4632,QB634,4632,4632,3525,3525,3525,3525,3413,3525,5388742,Hazyn Botelho,HAW,QB,12.0,12.0,12.0,0.74,8.9,8.9,8.9,0.0,8.9,-236.2,-236.3,-219.4,-215.1,-215.1,-215.1,,,,,,,,0.18,,1.0,,2026-08-25,,,,,0.5,,,0.0
4633,QB635,4633,4633,3534,3534,3534,3534,3422,3534,5274377,John Johnson III,WVU,QB,12.0,12.0,12.0,0.73,8.8,8.8,8.8,0.0,8.8,-236.3,-236.4,-219.5,-215.2,-215.2,-215.2,,,,,,,,0.2,,1.0,,2026-08-25,,,,,0.5,,,0.0
4634,QB636,4634,4634,3536,3536,3536,3536,3424,3536,5290514,Kase Evans,PSU,QB,12.0,12.0,12.0,0.73,8.8,8.8,8.8,0.0,8.8,-236.3,-236.4,-219.5,-215.2,-215.2,-215.2,,,,,,,,0.18,,1.0,,2026-08-25,,,,,0.5,,,0.0
4635,QB637,4635,4635,3540,3540,3540,3540,3428,3540,5209963,Cam O'Hara,WKU,QB,12.0,12.0,12.0,0.72,8.7,8.7,8.7,0.0,8.7,-236.4,-236.5,-219.6,-215.3,-215.3,-215.3,,,,,,,,0.19,,1.0,,2026-08-25,,,,,0.5,,,0.0
4636,QB638,4636,4636,3569,3569,3569,3569,3457,3569,5291023,Easton Webb,TXST,QB,12.0,12.0,12.0,0.71,8.5,8.5,8.5,0.0,8.5,-236.6,-236.7,-219.8,-215.5,-215.5,-215.5,,,,,,,,0.18,,1.0,,2026-08-25,,,,,0.5,,,0.0
4637,QB639,4637,4637,3571,3571,3571,3571,3459,3571,5296588,Gabriel Motschenbacher,UNM,QB,12.0,12.0,12.0,0.71,8.5,8.5,8.5,0.0,8.5,-236.6,-236.7,-219.8,-215.5,-215.5,-215.5,,,,,,,,0.11,,1.0,,2026-08-25,,,,,0.5,,,0.0
4638,QB640,4638,4638,3575,3575,3575,3575,3463,3575,5385844,Peyton Babbitt,MSU,QB,12.0,12.0,12.0,0.71,8.5,8.5,8.5,0.0,8.5,-236.6,-236.7,-219.8,-215.5,-215.5,-215.5,,,,,,,,0.19,,1.0,,2026-08-25,,,,,0.5,,,0.0
4639,QB641,4639,4639,3590,3590,3590,3590,3478,3590,5200371,Wyatt Walker Brown,WVU,QB,12.0,12.0,12.0,0.69,8.3,8.3,8.3,0.0,8.3,-236.8,-236.9,-220.0,-215.7,-215.7,-215.7,,,,,,,,0.19,,1.0,,2026-08-25,,,,,0.5,,,0.0
4640,QB642,4640,4640,3594,3594,3594,3594,3482,3594,5215504,Johnny O'Brien,NU,QB,12.0,12.0,12.0,0.69,8.3,8.3,8.3,0.0,8.3,-236.8,-236.9,-220.0,-215.7,-215.7,-215.7,,,,,,,,0.15,,1.0,,2026-08-25,,,,,0.5,,,0.0
4641,QB643,4641,4641,3600,3600,3600,3600,3488,3600,5291095,Nainoa Lopes,CAL,QB,12.0,12.0,12.0,0.69,8.3,8.3,8.3,0.0,8.3,-236.8,-236.9,-220.0,-215.7,-215.7,-215.7,,,,,,,,0.2,,1.0,,2026-08-25,,,,,0.5,,,0.0
4642,QB644,4642,4642,3608,3608,3608,3608,3496,3608,5302791,Brady Campbell,SDSU,QB,12.0,12.0,12.0,0.68,8.2,8.2,8.2,0.0,8.2,-236.9,-237.0,-220.1,-215.8,-215.8,-215.8,,,,,,,,0.23,,1.0,,2026-08-25,,,,,0.5,,,0.0
4643,QB645,4643,4643,3610,3610,3610,3610,3498,3610,5391226,Jayden Maples,TCU,QB,12.0,12.0,12.0,0.68,8.2,8.2,8.2,0.0,8.2,-236.9,-237.0,-220.1,-215.8,-215.8,-215.8,,,,,,,,0.14,,1.0,,2026-08-25,,,,,0.5,,,0.0
4644,QB646,4644,4644,3613,3613,3613,3613,3501,3613,5210475,Ryan Hopkins,WIS,QB,12.0,12.0,12.0,0.68,8.1,8.1,8.1,0.0,8.1,-237.0,-237.1,-220.2,-215.9,-215.9,-215.9,,,,,,,,0.18,,1.0,,2026-08-25,,,,,0.5,,,0.0
4645,QB647,4645,4645,3630,3630,3630,3630,3518,3630,5296812,Jake Coniglio,BC,QB,12.0,12.0,12.0,0.67,8.0,8.0,8.0,0.0,8.0,-237.1,-237.2,-220.3,-216.0,-216.0,-216.0,,,,,,,,0.14,,1.0,,2026-08-25,,,,,0.5,,,0.0
4646,QB648,4646,4646,3643,3643,3643,3643,3531,3643,5264725,Max Anderson,WVU,QB,12.0,12.0,12.0,0.66,7.9,7.9,7.9,0.0,7.9,-237.2,-237.3,-220.4,-216.1,-216.1,-216.1,,,,,,,,0.18,,1.0,,2026-08-25,,,,,0.5,,,0.0
4647,QB649,4647,4647,3646,3646,3646,3646,3534,3646,5296013,Mark Wiepert,UTSA,QB,12.0,12.0,12.0,0.66,7.9,7.9,7.9,0.0,7.9,-237.2,-237.3,-220.4,-216.1,-216.1,-216.1,,,,,,,,0.17,,1.0,,2026-08-25,,,,,0.5,,,0.0
4648,QB650,4648,4648,3658,3658,3658,3658,3546,3658,5369892,Dane Eisenmenger,ILL,QB,12.0,12.0,12.0,0.65,7.8,7.8,7.8,0.0,7.8,-237.3,-237.4,-220.5,-216.2,-216.2,-216.2,,,,,,,,0.11,,1.0,,2026-08-25,,,,,0.5,,,0.0
4649,QB651,4649,4649,3679,3679,3679,3679,3567,3679,5229348,Hezekiah Millender,UGA,QB,12.0,12.0,12.0,0.63,7.6,7.6,7.6,0.0,7.6,-237.5,-237.6,-220.7,-216.4,-216.4,-216.4,,,,,,,,0.16,,1.0,,2026-08-25,,,,,0.5,,,0.0
4650,QB652,4650,4650,3696,3696,3696,3696,3584,3696,5216708,Zaid Lott,SYR,QB,12.0,12.0,12.0,0.62,7.5,7.5,7.5,0.0,7.5,-237.6,-237.7,-220.8,-216.5,-216.5,-216.5,,,,,,,,0.16,,1.0,,2026-08-25,,,,,0.5,,,0.0
4651,QB653,4651,4651,3735,3735,3735,3735,3623,3735,5290347,Aaden Shamburger,USA,QB,12.0,12.0,12.0,0.6,7.2,7.2,7.2,0.0,7.2,-237.9,-238.0,-221.1,-216.8,-216.8,-216.8,,,,,,,,0.2,,1.0,,2026-08-25,,,,,0.5,,,0.0
4652,QB654,4652,4652,3744,3744,3744,3744,3632,3744,5215381,Brady Vodicka,LT,QB,12.0,12.0,12.0,0.59,7.1,7.1,7.1,0.0,7.1,-238.0,-238.1,-221.2,-216.9,-216.9,-216.9,,,,,,,,0.16,,1.0,,2026-08-25,,,,,0.5,,,0.0
4653,QB655,4653,4653,3758,3758,3758,3758,3646,3758,5168278,Joe Borchers,MIA,QB,12.0,12.0,12.0,0.58,7.0,7.0,7.0,0.0,7.0,-238.1,-238.2,-221.3,-217.0,-217.0,-217.0,,,,,,,,0.07,,1.0,,2026-08-25,,,,,0.5,,,0.0
4654,QB656,4654,4654,3805,3805,3805,3805,3693,3805,5257811,Jaxson Dosh,WMU,QB,12.0,12.0,12.0,0.56,6.7,6.7,6.7,0.0,6.7,-238.4,-238.5,-221.6,-217.3,-217.3,-217.3,,,,,,,,0.21,,1.0,,2026-08-25,,,,,0.5,,,0.0
4655,QB657,4655,4655,3811,3811,3811,3811,3699,3811,5294278,Brandon Cunningham,SC,QB,12.0,12.0,12.0,0.56,6.7,6.7,6.7,0.0,6.7,-238.4,-238.5,-221.6,-217.3,-217.3,-217.3,,,,,,,,0.17,,1.0,,2026-08-25,,,,,0.5,,,0.0
4656,QB658,4656,4656,3815,3815,3815,3815,3703,3815,5393156,Owen Geilman,BYU,QB,12.0,12.0,12.0,0.56,6.7,6.7,6.7,0.0,6.7,-238.4,-238.5,-221.6,-217.3,-217.3,-217.3,,,,,,,,0.16,,1.0,,2026-08-25,,,,,0.5,,,0.0
4657,QB659,4657,4657,3824,3824,3824,3825,3713,3825,5296039,Vanden Dugger,UAB,QB,12.0,12.0,12.0,0.55,6.6,6.6,6.6,0.0,6.6,-238.5,-238.6,-221.7,-217.4,-217.4,-217.4,,,,,,,,0.15,,1.0,,2026-08-25,,,,,0.5,,,0.0
4658,QB660,4658,4658,3840,3840,3840,3841,3729,3841,5391327,Jason Williams Jr.,NAVY,QB,12.0,12.0,12.0,0.54,6.5,6.5,6.5,0.0,6.5,-238.6,-238.7,-221.8,-217.5,-217.5,-217.5,,,,,,,,0.17,,1.0,,2026-08-25,,,,,0.5,,,0.0
4659,QB661,4659,4659,3854,3854,3854,3855,3743,3855,5297060,Kaden Cox,USU,QB,12.0,12.0,12.0,0.53,6.4,6.4,6.4,0.0,6.4,-238.7,-238.8,-221.9,-217.6,-217.6,-217.6,,,,,,,,0.14,,1.0,,2026-08-25,,,,,0.5,,,0.0
4660,QB662,4660,4660,3858,3858,3858,3859,3747,3859,5391331,Evan Blouir,NAVY,QB,12.0,12.0,12.0,0.53,6.4,6.4,6.4,0.0,6.4,-238.7,-238.8,-221.9,-217.6,-217.6,-217.6,,,,,,,,0.17,,1.0,,2026-08-25,,,,,0.5,,,0.0
4661,QB663,4661,4661,3867,3867,3867,3868,3756,3868,5276621,Rees Wise,MISS,QB,12.0,12.0,12.0,0.52,6.3,6.3,6.3,0.0,6.3,-238.8,-238.9,-222.0,-217.7,-217.7,-217.7,,,,,,,,0.15,,1.0,,2026-08-25,,,,,0.5,,,0.0
4662,QB664,4662,4662,3882,3882,3882,3883,3771,3883,5296230,Beau Jackson,PITT,QB,12.0,12.0,12.0,0.52,6.2,6.2,6.2,0.0,6.2,-238.9,-239.0,-222.1,-217.8,-217.8,-217.8,,,,,,,,0.14,,1.0,,2026-08-25,,,,,0.5,,,0.0
4663,QB665,4663,4663,3890,3890,3889,3890,3778,3890,5216847,Colton Gumino,UCLA,QB,12.0,12.0,12.0,0.51,6.1,6.1,6.1,0.0,6.1,-239.0,-239.1,-222.2,-217.9,-217.9,-217.9,,,,,,,,0.16,,1.0,,2026-08-25,,,,,0.5,,,0.0
4664,QB666,4664,4664,3892,3892,3891,3892,3780,3892,5222556,Eli Morcos,TA&M,QB,12.0,12.0,12.0,0.51,6.1,6.1,6.1,0.0,6.1,-239.0,-239.1,-222.2,-217.9,-217.9,-217.9,,,,,,,,0.15,,1.0,,2026-08-25,,,,,0.5,,,0.0
4665,QB667,4665,4665,3905,3905,3904,3905,3793,3905,5391319,Brady Carmical,NAVY,QB,12.0,12.0,12.0,0.51,6.1,6.1,6.1,0.0,6.1,-239.0,-239.1,-222.2,-217.9,-217.9,-217.9,,,,,,,,0.16,,1.0,,2026-08-25,,,,,0.5,,,0.0
4666,QB668,4666,4666,3906,3906,3905,3906,3794,3906,5391322,Maverick Chance,NAVY,QB,12.0,12.0,12.0,0.51,6.1,6.1,6.1,0.0,6.1,-239.0,-239.1,-222.2,-217.9,-217.9,-217.9,,,,,,,,0.16,,1.0,,2026-08-25,,,,,0.5,,,0.0
4667,QB669,4667,4667,3916,3916,3915,3916,3804,3916,5327264,Isaiah Arriaza,ORST,QB,12.0,12.0,12.0,0.5,6.0,6.0,6.0,0.0,6.0,-239.1,-239.2,-222.3,-218.0,-218.0,-218.0,,,,,,,,0.19,,1.0,,2026-08-25,,,,,0.5,,,0.0
4668,QB670,4668,4668,3918,3918,3917,3918,3806,3918,5384622,Braylen Rooney,KU,QB,12.0,12.0,12.0,0.5,6.0,6.0,6.0,0.0,6.0,-239.1,-239.2,-222.3,-218.0,-218.0,-218.0,,,,,,,,0.13,,1.0,,2026-08-25,,,,,0.5,,,0.0
4669,QB671,4669,4669,3919,3919,3918,3919,3807,3919,5384623,Connor Hanika,KU,QB,12.0,12.0,12.0,0.5,6.0,6.0,6.0,0.0,6.0,-239.1,-239.2,-222.3,-218.0,-218.0,-218.0,,,,,,,,0.13,,1.0,,2026-08-25,,,,,0.5,,,0.0
4670,QB672,4670,4670,3929,3929,3928,3929,3817,3929,5304182,Peter Grandjean,MTSU,QB,12.0,12.0,12.0,0.49,5.9,5.9,5.9,0.0,5.9,-239.2,-239.3,-222.4,-218.1,-218.1,-218.1,,,,,,,,0.15,,1.0,,2026-08-25,,,,,0.5,,,0.0
4671,QB673,4671,4671,3960,3960,3959,3960,3848,3960,5390351,Santiago Fernandez,ARMY,QB,12.0,12.0,12.0,0.48,5.7,5.7,5.7,0.0,5.7,-239.4,-239.5,-222.6,-218.3,-218.3,-218.3,,,,,,,,0.16,,1.0,,2026-08-25,,,,,0.5,,,0.0
4672,QB674,4672,4672,3961,3961,3960,3961,3849,3961,5390354,Tanner Wilson,ARMY,QB,12.0,12.0,12.0,0.48,5.7,5.7,5.7,0.0,5.7,-239.4,-239.5,-222.6,-218.3,-218.3,-218.3,,,,,,,,0.16,,1.0,,2026-08-25,,,,,0.5,,,0.0
4673,QB675,4673,4673,3971,3971,3970,3971,3859,3971,5388311,Cole Miller,KENT,QB,12.0,12.0,12.0,0.47,5.6,5.6,5.6,0.0,5.6,-239.5,-239.6,-222.7,-218.4,-218.4,-218.4,,,,,,,,0.11,,1.0,,2026-08-25,,,,,0.5,,,0.0
4674,QB676,4674,4674,3991,3991,3990,3991,3879,3991,5390357,Andrew Heidel,ARMY,QB,12.0,12.0,12.0,0.46,5.5,5.5,5.5,0.0,5.5,-239.6,-239.7,-222.8,-218.5,-218.5,-218.5,,,,,,,,0.16,,1.0,,2026-08-25,,,,,0.5,,,0.0
4675,QB677,4675,4675,4004,4004,4003,4004,3892,4004,5293896,Luke McNulty,CLT,QB,12.0,12.0,12.0,0.45,5.4,5.4,5.4,0.0,5.4,-239.7,-239.8,-222.9,-218.6,-218.6,-218.6,,,,,,,,0.12,,1.0,,2026-08-25,,,,,0.5,,,0.0
4676,QB678,4676,4676,4027,4027,4027,4027,3915,4027,5295481,Daniel Gomez,CMU,QB,12.0,12.0,12.0,0.43,5.2,5.2,5.2,0.0,5.2,-239.9,-240.0,-223.1,-218.8,-218.8,-218.8,,,,,,,,0.13,,1.0,,2026-08-25,,,,,0.5,,,0.0
4677,QB679,4677,4677,4043,4043,4043,4044,3932,4044,5379955,Davin Friedman,PITT,QB,12.0,12.0,12.0,0.42,5.1,5.1,5.1,0.0,5.1,-240.0,-240.1,-223.2,-218.9,-218.9,-218.9,,,,,,,,0.12,,1.0,,2026-08-25,,,,,0.5,,,0.0
4678,QB680,4678,4678,4044,4044,4044,4045,3933,4045,5390294,Connor Dantzler,TLSA,QB,12.0,12.0,12.0,0.42,5.1,5.1,5.1,0.0,5.1,-240.0,-240.1,-223.2,-218.9,-218.9,-218.9,,,,,,,,0.14,,1.0,,2026-08-25,,,,,0.5,,,0.0
4679,QB681,4679,4679,4053,4053,4053,4055,3943,4055,5296356,Kaden Martirano,NEV,QB,12.0,12.0,12.0,0.42,5.0,5.0,5.0,0.0,5.0,-240.1,-240.2,-223.3,-219.0,-219.0,-219.0,,,,,,,,0.11,,1.0,,2026-08-25,,,,,0.5,,,0.0
4680,QB682,4680,4680,4091,4091,4091,4093,3981,4093,5211645,Treston McMillan,WASH,QB,12.0,12.0,12.0,0.4,4.8,4.8,4.8,0.0,4.8,-240.3,-240.4,-223.5,-219.2,-219.2,-219.2,,,,,,,,0.13,,1.0,,2026-08-25,,,,,0.5,,,0.0
4681,QB683,4681,4681,4111,4112,4111,4113,4001,4113,5390295,Kincayde Eng,TLSA,QB,12.0,12.0,12.0,0.39,4.7,4.7,4.7,0.0,4.7,-240.4,-240.5,-223.6,-219.3,-219.3,-219.3,,,,,,,,0.13,,1.0,,2026-08-25,,,,,0.5,,,0.0
4682,QB684,4682,4682,4112,4113,4112,4114,4002,4114,5390296,Barrett Mullen,TLSA,QB,12.0,12.0,12.0,0.39,4.7,4.7,4.7,0.0,4.7,-240.4,-240.5,-223.6,-219.3,-219.3,-219.3,,,,,,,,0.13,,1.0,,2026-08-25,,,,,0.5,,,0.0
4683,QB685,4683,4683,4124,4124,4123,4125,4013,4125,5295771,Jadon Olafsson,GAST,QB,12.0,12.0,12.0,0.38,4.6,4.6,4.6,0.0,4.6,-240.5,-240.6,-223.7,-219.4,-219.4,-219.4,,,,,,,,0.12,,1.0,,2026-08-25,,,,,0.5,,,0.0
4684,QB686,4684,4684,4139,4139,4138,4140,4028,4140,5381375,Gavin Nuckolls,GAST,QB,12.0,12.0,12.0,0.38,4.5,4.5,4.5,0.0,4.5,-240.6,-240.7,-223.8,-219.5,-219.5,-219.5,,,,,,,,0.1,,1.0,,2026-08-25,,,,,0.5,,,0.0
4685,QB687,4685,4685,4152,4152,4150,4152,4040,4152,5296090,Kadyn Mitchell,JXST,QB,12.0,12.0,12.0,0.37,4.4,4.4,4.4,0.0,4.4,-240.7,-240.8,-223.9,-219.6,-219.6,-219.6,,,,,,,,0.11,,1.0,,2026-08-25,,,,,0.5,,,0.0
4686,QB688,4686,4686,4191,4191,4189,4192,4080,4192,5294646,Parker Puckett,MSST,QB,12.0,12.0,12.0,0.34,4.1,4.1,4.1,0.0,4.1,-241.0,-241.1,-224.2,-219.9,-219.9,-219.9,,,,,,,,0.11,,1.0,,2026-08-25,,,,,0.5,,,0.0
4687,QB689,4687,4687,4209,4209,4208,4210,4098,4210,5295266,Maverick Geske,IU,QB,12.0,12.0,12.0,0.33,4.0,4.0,4.0,0.0,4.0,-241.1,-241.2,-224.3,-220.0,-220.0,-220.0,,,,,,,,0.12,,1.0,,2026-08-25,,,,,0.5,,,0.0
4688,QB690,4688,4688,4219,4220,4218,4220,4108,4220,5244755,Levi Davis,OHIO,QB,12.0,12.0,12.0,0.32,3.9,3.9,3.9,0.0,3.9,-241.2,-241.3,-224.4,-220.1,-220.1,-220.1,,,,,,,,0.09,,1.0,,2026-08-25,,,,,0.5,,,0.0
4689,QB691,4689,4689,4379,4379,4378,4380,4268,4380,5393657,Danny Leary,ORST,QB,12.0,12.0,12.0,0.24,2.9,2.9,2.9,0.0,2.9,-242.2,-242.3,-225.4,-221.1,-221.1,-221.1,,,,,,,,0.1,,1.0,,2026-08-25,,,,,0.5,,,0.0
4690,QB692,4690,4690,4434,4434,4432,4437,4325,4437,5387636,Ryland Watters,CMU,QB,12.0,12.0,12.0,0.2,2.4,2.4,2.4,0.0,2.4,-242.7,-242.8,-225.9,-221.6,-221.6,-221.6,,,,,,,,0.07,,1.0,,2026-08-25,,,,,0.5,,,0.0
4691,QB693,4691,4691,4448,4450,4446,4451,4339,4451,5327573,Asa Johnson,NIU,QB,12.0,12.0,12.0,0.19,2.3,2.3,2.3,0.0,2.3,-242.8,-242.9,-226.0,-221.7,-221.7,-221.7,,,,,,,,0.06,,1.0,,2026-08-25,,,,,0.5,,,0.0
4692,QB694,4692,4692,4466,4467,4463,4467,4355,4467,5375077,Mason Fields,LOU,QB,12.0,12.0,12.0,0.18,2.2,2.2,2.2,0.0,2.2,-242.9,-243.0,-226.1,-221.8,-221.8,-221.8,,,,,,,,0.04,,1.0,,2026-08-25,,,,,0.5,,,0.0
4693,QB695,4693,4693,4654,4654,4654,4654,4542,4654,5221315,Ryder Hayes,ORE,QB,12.0,12.0,12.0,0.0,0.0,0.0,0.0,0.0,0.0,-245.1,-245.2,-228.3,-224.0,-224.0,-224.0,,,,,,,,0.0,,1.0,,2026-08-25,,,,,0.5,,,0.0
4694,QB696,4694,4694,4656,4656,4656,4656,4544,4656,5224144,Jack Patterson,MISS,QB,12.0,12.0,12.0,0.0,0.0,0.0,0.0,0.0,0.0,-245.1,-245.2,-228.3,-224.0,-224.0,-224.0,,,,,,,,0.0,,1.0,,2026-08-25,,,,,0.5,,,0.0
4695,QB697,4695,4695,4664,4664,4664,4664,4552,4664,5279260,Bryson Beaver,UGA,QB,12.0,12.0,12.0,0.0,0.0,0.0,0.0,0.0,0.0,-245.1,-245.2,-228.3,-224.0,-224.0,-224.0,,,,,,,,0.0,,1.0,,2026-08-25,,,,,0.5,,,0.0
4696,QB698,4696,4696,4668,4668,4668,4668,4556,4668,5293822,Luke Dunham,TEX,QB,12.0,12.0,12.0,0.0,0.0,0.0,0.0,0.0,0.0,-245.1,-245.2,-228.3,-224.0,-224.0,-224.0,,,,,,,,0.0,,1.0,,2026-08-25,,,,,0.5,,,0.0
4697,QB699,4697,4697,4671,4671,4671,4671,4559,4671,5294261,Drew Cowart,VAN,QB,12.0,12.0,12.0,0.0,0.0,0.0,0.0,0.0,0.0,-245.1,-245.2,-228.3,-224.0,-224.0,-224.0,,,,,,,,0.0,,1.0,,2026-08-25,,,,,0.5,,,0.0
4698,QB700,4698,4698,4677,4677,4677,4677,4565,4677,5296106,Dominic Ingrassia,CAL,QB,12.0,12.0,12.0,0.0,0.0,0.0,0.0,0.0,0.0,-245.1,-245.2,-228.3,-224.0,-224.0,-224.0,,,,,,,,0.0,,1.0,,2026-08-25,,,,,0.5,,,0.0
4699,QB701,4699,4699,4679,4679,4679,4679,4567,4679,5297369,Lawrence Gardner,DUKE,QB,12.0,12.0,12.0,0.0,0.0,0.0,0.0,0.0,0.0,-245.1,-245.2,-228.3,-224.0,-224.0,-224.0,,,,,,,,0.0,,1.0,,2026-08-25,,,,,0.5,,,0.0
4700,QB702,4700,4700,4680,4680,4680,4680,4568,4680,5297799,Kolton Stover,OSU,QB,12.0,12.0,12.0,0.0,0.0,0.0,0.0,0.0,0.0,-245.1,-245.2,-228.3,-224.0,-224.0,-224.0,,,,,,,,0.0,,1.0,,2026-08-25,,,,,0.5,,,0.0
4701,QB703,4701,4701,4681,4681,4681,4681,4569,4681,5300483,Brady Geibel,OSU,QB,12.0,12.0,12.0,0.0,0.0,0.0,0.0,0.0,0.0,-245.1,-245.2,-228.3,-224.0,-224.0,-224.0,,,,,,,,0.0,,1.0,,2026-08-25,,,,,0.5,,,0.0
4702,QB704,4702,4702,4682,4682,4682,4682,4570,4682,5300518,Jake Bobo,UGA,QB,12.0,12.0,12.0,0.0,0.0,0.0,0.0,0.0,0.0,-245.1,-245.2,-228.3,-224.0,-224.0,-224.0,,,,,,,,0.0,,1.0,,2026-08-25,,,,,0.5,,,0.0
4703,QB705,4703,4703,4684,4684,4684,4684,4572,4684,5306780,Vinny Gonzalez,MIA,QB,12.0,12.0,12.0,0.0,0.0,0.0,0.0,0.0,0.0,-245.1,-245.2,-228.3,-224.0,-224.0,-224.0,,,,,,,,0.0,,1.0,,2026-08-25,,,,,0.5,,,0.0
4704,QB706,4704,4704,4686,4686,4686,4686,4574,4686,5329822,Dylan Barber,MRSH,QB,12.0,12.0,12.0,0.0,0.0,0.0,0.0,0.0,0.0,-245.1,-245.2,-228.3,-224.0,-224.0,-224.0,,,,,,,,0.0,,1.0,,2026-08-25,,,,,0.5,,,0.0
4705,QB707,4705,4705,4689,4689,4689,4689,4577,4689,5369939,Max Lawrence,MD,QB,12.0,12.0,12.0,0.0,0.0,0.0,0.0,0.0,0.0,-245.1,-245.2,-228.3,-224.0,-224.0,-224.0,,,,,,,,0.0,,1.0,,2026-08-25,,,,,0.5,,,0.0
4706,QB708,4706,4706,4693,4693,4693,4693,4581,4693,5381525,JJ Miller,CIN,QB,12.0,12.0,12.0,0.0,0.0,0.0,0.0,0.0,0.0,-245.1,-245.2,-228.3,-224.0,-224.0,-224.0,,,,,,,,0.0,,1.0,,2026-08-25,,,,,0.5,,,0.0
4707,QB709,4707,4707,4694,4694,4694,4694,4582,4694,5381554,Ryan Smith,HOU,QB,12.0,12.0,12.0,0.0,0.0,0.0,0.0,0.0,0.0,-245.1,-245.2,-228.3,-224.0,-224.0,-224.0,,,,,,,,0.0,,1.0,,2026-08-25,,,,,0.5,,,0.0
4708,QB710,4708,4708,4695,4695,4695,4695,4583,4695,5381555,Canon Toon,HOU,QB,12.0,12.0,12.0,0.0,0.0,0.0,0.0,0.0,0.0,-245.1,-245.2,-228.3,-224.0,-224.0,-224.0,,,,,,,,0.0,,1.0,,2026-08-25,,,,,0.5,,,0.0
4709,QB711,4709,4709,4696,4696,4696,4696,4584,4696,5382989,Michael Kirby,LT,QB,12.0,12.0,12.0,0.0,0.0,0.0,0.0,0.0,0.0,-245.1,-245.2,-228.3,-224.0,-224.0,-224.0,,,,,,,,0.0,,1.0,,2026-08-25,,,,,0.5,,,0.0
4710,QB712,4710,4710,4698,4698,4698,4698,4586,4698,5383805,Stone Walker,TXST,QB,12.0,12.0,12.0,0.0,0.0,0.0,0.0,0.0,0.0,-245.1,-245.2,-228.3,-224.0,-224.0,-224.0,,,,,,,,0.0,,1.0,,2026-08-25,,,,,0.5,,,0.0
4711,QB713,4711,4711,4701,4701,4701,4701,4589,4701,5386508,James Johnson,USC,QB,12.0,12.0,12.0,0.0,0.0,0.0,0.0,0.0,0.0,-245.1,-245.2,-228.3,-224.0,-224.0,-224.0,,,,,,,,0.0,,1.0,,2026-08-25,,,,,0.5,,,0.0
4712,QB714,4712,4712,4702,4702,4702,4702,4590,4702,5386509,Will Doherty,USC,QB,12.0,12.0,12.0,0.0,0.0,0.0,0.0,0.0,0.0,-245.1,-245.2,-228.3,-224.0,-224.0,-224.0,,,,,,,,0.0,,1.0,,2026-08-25,,,,,0.5,,,0.0
4713,QB715,4713,4713,4709,4709,4709,4709,4597,4709,5388926,Cole Latimer,NIU,QB,12.0,12.0,12.0,0.0,0.0,0.0,0.0,0.0,0.0,-245.1,-245.2,-228.3,-224.0,-224.0,-224.0,,,,,,,,0.0,,1.0,,2026-08-25,,,,,0.5,,,0.0
4714,QB716,4714,4714,4713,4713,4713,4713,4601,4713,5391525,TC Manumaleuna,ORE,QB,12.0,12.0,12.0,0.0,0.0,0.0,0.0,0.0,0.0,-245.1,-245.2,-228.3,-224.0,-224.0,-224.0,,,,,,,,0.0,,1.0,,2026-08-25,,,,,0.5,,,0.0
4715,QB717,4715,4715,4715,4715,4715,4715,4603,4715,5394417,Alex Munoz,UL,QB,12.0,12.0,12.0,0.0,0.0,0.0,0.0,0.0,0.0,-245.1,-245.2,-228.3,-224.0,-224.0,-224.0,,,,,,,,0.0,,1.0,,2026-08-25,,,,,0.5,,,0.0
