Player,Team,Pos,Market,Balanced/Milestone,Current Line,Release Date,Open Line,Open O Odds,Open U Odds,Limit,Notes,Date Moved,Action,New Line,New O Odds,New U Odds,New Limit,Movement,Notes,Date Moved,Action,New Line,New O Odds,New U Odds,New Limit,Movement,Notes,Date Moved,Action,New Line,New O Odds,New U Odds,New Limit,Movement,Notes,Date Moved,Action,New Line,New O Odds,New U Odds,New Limit,Movement,Notes,Date Moved,Action,New Line,New O Odds,New U Odds,New Limit,Movement,Notes,,,,,,,,,,,,,,,,
David Montgomery,HOU,RB,Rushing Yards O/U,Balanced,799.5  -120 / 100,3/2,774.5,-110,-110,"$1,500.00",,6/10,Line Move,824.5,-115,-105,,50,"Tipped play on over, Moved to 799 then 824.5",8/16,Line Move,799.5,-120,100,,-25,Cluster of sharps on the under. Could be tipped,,,,,,,,,,,,,,,,,,,,,,,,,,,,,,,,,,,,,,,,
Jahmyr Gibbs,DET,RB,Rushing Yards O/U,Balanced,1199.5  -110 / -110,3/2,1249.5,-110,-110,"$1,500.00",,6/26,Line Move,1199.5,-110,-110,,-50,"Move towards market, sharp under action",,,,,,,,,,,,,,,,,,,,,,,,,,,,,,,,,,,,,,,,,,,,,,,,
Kenneth Walker III,KC,RB,Rushing Yards O/U,Balanced,949.5  -115 / -105,3/9,924.5,-110,-110,"$1,500.00",,8/2,Line Move,949.5,-115,-105,,25,"Liable to his overs, popular pick. At CZs number now",,,,,,,,,,,,,,,,,,,,,,,,,,,,,,,,,,,,,,,,,,,,,,,,
DJ Moore,BUF,WR,Receiving Yards O/U,Balanced,824.5  -115 / -105,3/5,724.5,-110,-110,"$1,500.00",,3/6,Line Move,749.5,-110,-110,,25,Heavy Over Action,3/12,Line Move,774.5,-115,-105,,25,Continued One Way Action,5/21,Line Move,799.5,-110,-110,,25,Continued one way action,6/11,Line Move,824.5,-115,-105,,25,"Continued over action, tipped play",,,,,,,,"Continued over action, tipped play",,,,,,,,,,,,,,,,
Michael Pittman Jr.,PIT,WR,Receiving Yards O/U,Balanced,749.5  -105 / -115,3/9,774.5,-110,-110,"$1,500.00",,7/25,Line Move,749.5,-105,-115,,-25,Tipped,,,,,,,,,,,,,,,,,,,,,,,,,,,,,,,,,,,,,,,,,,,,,,,,
Alec Pierce,IND,WR,Receiving Yards O/U,Balanced,899.5  -110 / -110,3/9,949.5,-110,-110,"$1,500.00",,5/16,Line Move,899.5,-110,-110,,-50,"heavy under action, FD at 925.5, CZS at 900",,,,,,,,,,,,,,,,,,,,,,,,,,,,,,,,,,,,,,,,,,,,,,,,
Mike Evans,SF,WR,Receiving Yards O/U,Balanced,824.5  -105 / -115,3/9,949.5,-110,-110,"$1,500.00",,3/13,Line Move,924.5,-110,-110,,-25,40 - 4 bets to the Under,4/23,Line Move,899.5,-115,-105,,-25,Continued one way action to under,6/12,Line Move,849.5,-110,-110,,-50,Moved to market under liab.,7/17,Line Move,824.5,-105,-115,,-25,Continued action on unders due to being highest in market,,,,,,,,Continued action on unders due to being highest in market,,,,,,,,,,,,,,,,
Travis Kelce,KC,TE,Receiving Yards O/U,Balanced,674.5  -110 / -110,3/10,699.5,-125,100,"$1,500.00",,5/22,Line Move,674.5,-110,-110,,-25,"2k risk on the under , comps at 650",,,,,,,,,,,,,,,,,,,,,,,,,,,,,,,,,,,,,,,,,,,,,,,,
Travis Kelce,KC,TE,Receiving TDs O/U,Balanced,4.5  125 / -155,3/10,4.5,150,-190,"$1,500.00",,4/21,Odds Move,4.5,125,-155,,150 / -190  -->  125 / -155,158 to 3 bet count,,Odds Move,,-115,-115,,-155 /   -->  -115 / -115,"250 bets , 7k Liability",,,,,,,,,,,,,,,,,,,,,,,,,,,,,,,,,,,,,,,,
Maxx Crosby,LV,DEF,Sacks O/U,Balanced,10.75  -105 / -120,7/10,10.75,-105,-120,"$2,000.00",,,,,,,,,,,,,,,,,,,,,,,,,,,,,,,,,,,,,,,,,,,,,,,,,,,,,,,,,
Romeo Doubs,NE,WR,Receiving Yards O/U,Balanced,649.5  -110 / -110,3/10,774.5,-110,-110,"$1,500.00",Frozen as of 4/17 with AJB trade possibilities to NE,6/30,Line Move,649.5,-110,-110,,-125,,,,,,,,,,,,,,,,,,,,,,,,,,,,,,,,,,,,,,,,,,,,,,,,,
Jaylen Waddle,DEN,WR,Receiving Yards O/U,Balanced,899.5  -110 / -110,3/17,875.5,-110,-110,"$1,500.00",,7/21,Line Move,899.5,-110,-110,,24,,,,,,,,,,,,,,,,,,,,,,,,,,,,,,,,,,,,,,,,,,,,,,,,,
Lamar Jackson,BAL,QB,Passing Yards O/U,Balanced,3249.5  -110 / -110,4/17,3249.5,-110,-110,"$1,500.00",,,,,,,,,,,,,,,,,,,,,,,,,,,,,,,,,,,,,,,,,,,,,,,,,,,,,,,,,
Josh Allen,BUF,QB,Passing Yards O/U,Balanced,3624.5  -110 / -110,4/17,3549.5,-110,-110,"$1,500.00",,7/1,Line Move,3599.5,-110,-110,,50,Tipped play on over,8/8,Line Move,3624.5,-110,-110,,25,Liability on the Over (10k),,,,,,,,,,,,,,,,,,,,,,,,,,,,,,,,,,,,,,,,
Caleb Williams,CHI,QB,Passing Yards O/U,Balanced,3649.5  -120 / 100,4/17,3549.5,-110,-110,"$1,500.00",,5/9,Line Move,3599.5,-110,-110,,50,,5/27,Line Move,3624.5,-115,-105,,25,One-sided action on overs -- C's came up 50 yards since our last move,7/22,Odds Move,3624.5,-120,100,,-105 /   -->  -120 / 100,"Level 5 came in with multiple low combos, moved odds to stop the flow will monitor",7/30,Line Move,3649.5,-120,100,,3769.5,Continued one-sided action,,,,,,,,Continued one-sided action,,,,,,,,,,,,,,,,
Joe Burrow,CIN,QB,Passing Yards O/U,Balanced,3999.5  -110 / -110,4/17,3949.5,-110,-110,"$1,500.00",,4/23,Line Move,3999.5,-110,-110,5K Bet on over,50,,,,,,,,,,,,,,,,,,,,,,,,,,,,,,,,,,,,,,,,,,,,,,,,,
Dak Prescott,DAL,QB,Passing Yards O/U,Balanced,3999.5  -110 / -110,4/17,3999.5,-110,-110,"$1,500.00",,,,,,,,,,,,,,,,,,,,,,,,,,,,,,,,,,,,,,,,,,,,,,,,,,,,,,,,,
Jayden Daniels,WAS,QB,Passing Yards O/U,Balanced,3249.5  -110 / -110,4/17,3399.5,-110,-110,"$1,500.00",,6/2,Line Move,3349.5,-105,-115,,-50,"FD at 3200, Some Under action",6/3,Line Move,3249.5,-110,-110,,-100,Swirv on under ,,,,,,,,,,,,,,,,,,,,,,,,,,,,,,,,,,,,,,,,
Drake Maye,NE,QB,Passing Yards O/U,Balanced,3799.5  -120 / 100,4/17,3699.5,-110,-110,"$1,500.00",,4/22,Line Move,3749.5,-110,-110,,50,"$2700 bet on over, expecting mainly 1 way action",5/1,Line Move,3799.5,-120,100,,50,FD Opened 3850,,,,,,,,,,,,,,,,,,,,,,,,,,,,,,,,,,,,,,,,
Justin Herbert,LAC,QB,Passing Yards O/U,Balanced,3649.5  -115 / -105,4/17,3524.5,-110,-110,"$1,500.00",,6/12,Line Move,3599.5,-110,-110,,75,"Moving to market, over skewed action so far",7/21,Line Move,3649.5,-115,-105,,50,Continued action on overs,,,,,,,,,,,,,,,,,,,,,,,,,,,,,,,,,,,,,,,,
Jalen Hurts,PHI,QB,Passing Yards O/U,Balanced,3249.5  -110 / -110,4/17,3249.5,-110,-110,"$1,500.00",,,,,,,,,,,,,,,,,,,,,,,,,,,,,,,,,,,,,,,,,,,,,,,,,,,,,,,,,
Jordan Love,GB,QB,Passing Yards O/U,Balanced,3549.5  -110 / -110,4/17,3549.5,-110,-110,"$1,500.00",,,,,,,,,,,,,,,,,,,,,,,,,,,,,,,,,,,,,,,,,,,,,,,,,,,,,,,,,
Bo Nix,DEN,QB,Passing Yards O/U,Balanced,3499.5  -110 / -110,4/21,3499.5,-110,-110,"$1,500.00",,,,,,,,,,,,,,,,,,,,,,,,,,,,,,,,,,,,,,,,,,,,,,,,,,,,,,,,,
Bijan Robinson,ATL,RB,Rushing Yards O/U,Balanced,1174.5  -110 / -110,4/17,1174.5,-110,-110,"$1,500.00",,,,,,,,,,,,,,,,,,,,,,,,,,,,,,,,,,,,,,,,,,,,,,,,,,,,,,,,,
Derrick Henry,BAL,RB,Rushing Yards O/U,Balanced,1249.5  -110 / -110,4/17,1274.5,-110,-110,"$1,500.00",,6/9,Line Move,1249.5,-110,-110,,-25,Sharp under Action,,,,,,,,,,,,,,,,,,,,,,,,,,,,,,,,,,,,,,,,,,,,,,,,
James Cook,BUF,RB,Rushing Yards O/U,Balanced,1224.5  -110 / -110,4/17,1249.5,-110,-110,"$1,500.00",,8/8,Line Move,1224.5,-110,-110,,-25,Sharp under Action,,,,,,,,,,,,,,,,,,,,,,,,,,,,,,,,,,,,,,,,,,,,,,,,
Josh Jacobs,GB,RB,Rushing Yards O/U,Balanced,974.5  -110 / -110,4/17,999.5,-110,-110,"$1,500.00","Frozen, arrested",5/26,Line Move,974.5,-110,-110,,-25,"3k to under, mainly one way action",,,,,,,,,,,,,,,,,,,,,,,,,,,,,,,,,,,,,,,,,,,,,,,,
Jonathan Taylor,IND,RB,Rushing Yards O/U,Balanced,1249.5  -110 / -110,4/17,1249.5,-110,-110,"$1,500.00",,,,,,,,,,,,,,,,,,,,,,,,,,,,,,,,,,,,,,,,,,,,,,,,,,,,,,,,,
Ashton Jeanty,LV,RB,Rushing Yards O/U,Balanced,974.5  -110 / -110,4/17,1024.5,-110,-110,"$1,500.00",,6/26,Line Move,974.5,-110,-110,,-50,Moved towards market sharp under action,,,,,,,,,,,,,,,,,,,,,,,,,,,,,,,,,,,,,,,,,,,,,,,,
Saquon Barkley,PHI,RB,Rushing Yards O/U,Balanced,1099.5  -110 / -110,4/17,1099.5,-110,-110,"$1,500.00",,,,,,,,,,,,,,,,,,,,,,,,,,,,,,,,,,,,,,,,,,,,,,,,,,,,,,,,,
Christian McCaffrey,SF,RB,Rushing Yards O/U,Balanced,949.5  -110 / -110,4/17,1024.5,-110,-110,"$1,500.00",Swirv played the Under on 1024,4/30,Line Move,974.5,-105,-115,,-50,"heavy action on under, as well as the swirv under was enough to move down to 975.5 w CZS at 950",8/9,Line Move,949.5,-110,-110,,-25,"Small sharp action on the Under , FD at 900",,,,,,,,,,,,,,,,,,,,,,,,,,,,,,,,,,,,,,,,
Ja'Marr Chase,CIN,WR,Receiving Yards O/U,Balanced,1324.5  -110 / -110,4/17,1324.5,-110,-110,"$1,500.00",,,,,,,,,,,,,,,,,,,,,,,,,,,,,,,,,,,,,,,,,,,,,,,,,,,,,,,,,
CeeDee Lamb,DAL,WR,Receiving Yards O/U,Balanced,1199.5  -110 / -110,4/17,1199.5,-110,-110,"$1,500.00",,,,,,,,,,,,,,,,,,,,,,,,,,,,,,,,,,,,,,,,,,,,,,,,,,,,,,,,,
Amon-Ra St. Brown,DET,WR,Receiving Yards O/U,Balanced,1249.5  -110 / -110,4/17,1249.5,-110,-110,"$1,500.00",,,,,,,,,,,,,,,,,,,,,,,,,,,,,,,,,,,,,,,,,,,,,,,,,,,,,,,,,
Brock Bowers,LV,WR,Receiving Yards O/U,Balanced,924.5  -110 / -110,4/17,874.5,-110,-110,"$1,500.00",,5/21,Line Move,899.5,-110,-110,,25,One way action on the over -- Czrs moved to 900,7/22,Line Move,924.5,-110,-110,,25,"Continued action on over, now in line with FD's number",,,,,,,,,,,,,,,,,,,,,,,,,,,,,,,,,,,,,,,,
Justin Jefferson,MIN,WR,Receiving Yards O/U,Balanced,1149.5  -110 / -110,4/17,1149.5,-110,-110,"$1,500.00",,,,,,,,,,,,,,,,,,,,,,,,,,,,,,,,,,,,,,,,,,,,,,,,,,,,,,,,,
Malik Nabers,NYG,WR,Receiving Yards O/U,Balanced,999.5  -110 / -110,4/17,999.5,-110,-110,"$1,500.00",Frozen,,,,,,,,,,,,,,,,,,,,,,,,,,,,,,,,,,,,,,,,,,,,,,,,,,,,,,,,
Jaxon Smith-Njigba,SEA,WR,Receiving Yards O/U,Balanced,1324.5  -110 / -110,4/17,1324.5,-110,-110,"$1,500.00",,,,,,,,,,,,,,,,,,,,,,,,,,,,,,,,,,,,,,,,,,,,,,,,,,,,,,,,,
Drake London,ATL,WR,Receiving Yards O/U,Balanced,1099.5  -105 / -115,4/17,1149.5,-110,-110,"$1,500.00",,8/5,Odds Move,1149.5,100,-120,,-110 / -110  -->  100 / -120,Alert on under selection; MGM had put us into a 10 cent arb. This odds move eliminated it. No change to milestones,8/5,Line Move,1099.5,-105,-115,,-50,"Liable to under due to MGMs arb, comps at 1100 so slight drop. Touted pick too",,,,,,,,,,,,,,,,,,,,,,,,,,,,,,,,,,,,,,,,
Fernando Mendoza,LV,QB,Rookie Pass Yd MS,Milestones,   / ,4/23,,,,"$1,000.00",,8/1,Odds Move,,,,, /   -->   / ,"3000+ -> 200 / 3500+ ->350 / 4000+ ->900 / 4500+ ->3500
Matching regular MS Prices",,,,,,,,,,,,,,,,,,,,,,,,,,,,,,,,,,,,,,,,,,,,,,,,
Fernando Mendoza,LV,QB,Rookie Pass TD MS,Milestones,   / ,4/23,,,,"$1,000.00",,,,,,,,,,,,,,,,,,,,,,,,,,,,,,,,,,,,,,,,,,,,,,,,,,,,,,,,,
David Bailey,NYJ,DL,Rookie Sacks MS,Milestones,   / ,4/23,,,,"$1,000.00",,,,,,,,,,,,,,,,,,,,,,,,,,,,,,,,,,,,,,,,,,,,,,,,,,,,,,,,,
Jeremiyah Love,ARI,RB,Rookie Rush Yds MS,Milestones,   / ,4/23,,,,"$1,000.00",,,,,,,,,,,,,,,,,,,,,,,,,,,,,,,,,,,,,,,,,,,,,,,,,,,,,,,,,
Jeremiyah Love,ARI,RB,Rookie Rush TDs MS,Milestones,   / ,4/23,,,,"$1,000.00",,,,,,,,,,,,,,,,,,,,,,,,,,,,,,,,,,,,,,,,,,,,,,,,,,,,,,,,,
Carnell Tate,TEN,WR,Rookie Rec Yds MS,Milestones,   / ,4/23,,,,"$1,000.00",,,,,,,,,,,,,,,,,,,,,,,,,,,,,,,,,,,,,,,,,,,,,,,,,,,,,,,,,
Carnell Tate,TEN,WR,Rookie Rec TDs MS,Milestones,   / ,4/23,,,,"$1,000.00",,,,,,,,,,,,,,,,,,,,,,,,,,,,,,,,,,,,,,,,,,,,,,,,,,,,,,,,,
Arvell Reese,NYG,LB,Rookie Sacks MS,Milestones,   / ,4/23,,,,$750.00,,,,,,,,,,,,,,,,,,,,,,,,,,,,,,,,,,,,,,,,,,,,,,,,,,,,,,,,,
Mansoor Delane,KC,DB,Rookie Def Ints MS,Milestones,   / ,4/23,,,,"$1,000.00",,,,,,,,,,,,,,,,,,,,,,,,,,,,,,,,,,,,,,,,,,,,,,,,,,,,,,,,,
Jordyn Tyson,NO,WR,Rookie Rec Yds MS,Milestones,   / ,4/23,,,,"$1,000.00",,8/1,Line Move,,,,,0,Getting in line with his O/U line,,,,,,,,,,,,,,,,,,,,,,,,,,,,,,,,,,,,,,,,,,,,,,,,
Jordyn Tyson,NO,WR,Rookie Rec TDs MS,Milestones,   / ,4/23,,,,"$1,000.00",,,,,,,,,,,,,,,,,,,,,,,,,,,,,,,,,,,,,,,,,,,,,,,,,,,,,,,,,
Caleb Downs,DAL,DB,Rookie Def Ints MS,Milestones,   / ,4/23,,,,"$1,000.00",,,,,,,,,,,,,,,,,,,,,,,,,,,,,,,,,,,,,,,,,,,,,,,,,,,,,,,,,
Rueben Bain Jr.,TB,DL,Rookie Sacks MS,Milestones,   / ,4/23,,,,"$1,000.00",,,,,,,,,,,,,,,,,,,,,,,,,,,,,,,,,,,,,,,,,,,,,,,,,,,,,,,,,
Kenyon Sadiq,NYJ,TE,Rookie Rec Yds MS,Milestones,   / ,4/23,,,,"$1,000.00","Frozen 5/28, Underwent hip surgery expected ready for camp still",,,,,,,,,,,,,,,,,,,,,,,,,,,,,,,,,,,,,,,,,,,,,,,,,,,,,,,,
Kenyon Sadiq,NYJ,TE,Rookie Rec TDs MS,Milestones,   / ,4/23,,,,"$1,000.00",,,,,,,,,,,,,,,,,,,,,,,,,,,,,,,,,,,,,,,,,,,,,,,,,,,,,,,,,
Makai Lemon,PHI,WR,Rookie Rec Yds MS,Milestones,   / ,4/23,,,,"$1,000.00",,,,,,,,,,,,,,,,,,,,,,,,,,,,,,,,,,,,,,,,,,,,,,,,,,,,,,,,,
Makai Lemon,PHI,WR,Rookie Rec TDs MS,Milestones,   / ,4/23,,,,"$1,000.00",,,,,,,,,,,,,,,,,,,,,,,,,,,,,,,,,,,,,,,,,,,,,,,,,,,,,,,,,
KC Concepcion,CLE,WR,Rookie Rec Yds MS,Milestones,   / ,4/23,,,,"$1,000.00",,4/25,,,,,,,"500+: -135 -> -180, 750+: +220 -> +175, 1000+: +850 -> +700",,,,,,,,,,,,,,,,,,,,,,,,,,,,,,,,,,,,,,,,,,,,,,,,
KC Concepcion,CLE,WR,Rookie Rec TDs MS,Milestones,   / ,4/23,,,,"$1,000.00",,,,,,,,,,,,,,,,,,,,,,,,,,,,,,,,,,,,,,,,,,,,,,,,,,,,,,,,,
Dillon Thieneman,CHI,DB,Rookie Def Ints MS,Milestones,   / ,4/23,,,,"$1,000.00",,,,,,,,,,,,,,,,,,,,,,,,,,,,,,,,,,,,,,,,,,,,,,,,,,,,,,,,,
Omar Cooper Jr.,NYJ,WR,Rookie Rec Yds MS,Milestones,   / ,4/23,,,,"$1,000.00",,,,,,,,,,,,,,,,,,,,,,,,,,,,,,,,,,,,,,,,,,,,,,,,,,,,,,,,,
Omar Cooper Jr.,NYJ,WR,Rookie Rec Yds MS,Milestones,   / ,4/23,,,,"$1,000.00",,,,,,,,,,,,,,,,,,,,,,,,,,,,,,,,,,,,,,,,,,,,,,,,,,,,,,,,,
Denzel Boston,CLE,WR,Rookie Rec Yds MS,Milestones,   / ,4/24,,,,,,,,,,,,,,,,,,,,,,,,,,,,,,,,,,,,,,,,,,,,,,,,,,,,,,,,,,,,,
Denzel Boston,CLE,WR,Rookie Rec Yds MS,Milestones,   / ,4/24,,,,,,,,,,,,,,,,,,,,,,,,,,,,,,,,,,,,,,,,,,,,,,,,,,,,,,,,,,,,,
Jadarian Price,SEA,RB,Rookie Rush Yds MS,Milestones,   / ,4/23,,,,"$1,000.00",,,,,,,,,,,,,,,,,,,,,,,,,,,,,,,,,,,,,,,,,,,,,,,,,,,,,,,,,
Fernando Mendoza,LV,QB,Passing Yards O/U,Balanced,2299.5  -105 / -115,4/27,2649.5,-110,-110,"$1,000.00",Limits dropped to 1k will adjust in May,4/28,Line Move,2499.5,-110,-110,,-150,"Heavy under action, market down to 2500",6/8,Line Move,2399.5,-105,-115,,-100,"Comps 2350, one way under action",7/28,Line Move,2349.5,-110,-110,,-50,2 big VIP bets on the under ,7/28,Other,2299.5,-105,-115,,-50,$5000 bet on 2349.5  -- frozen,8/9,Odds Move,2299.5,100,-120,,,"Run of under bets, ~15 in an hour",8/11,Line Move,2199.5,-110,-110,,,Market down to 2200.5 and all liability to his under,,8/21,Down to 2099.5 now,,,,,
Jeremiyah Love,ARI,RB,Rushing Yards O/U,Balanced,774.5  -110 / -110,4/27,899.5,-110,-110,"$1,000.00",Limits dropped to 1k will adjust in May,7/30,Line Move,849.5,-105,-115,,-50,under sharp attack; likely correlated with camp news,7/30,Line Move,824.5,-110,-110,,-25,Someone did this and didnt log it idk probably getting under bets,8/17,Line Move,774.5,-110,-110,,-50,Lowered off of Injury news ~1 game of rushing yards,,,,,,,,,,,,,,,,,,,,,,,,,,,,,,,,
Carnell Tate,TEN,WR,Receiving Yards O/U,Balanced,799.5  100 / -120,4/27,774.5,-110,-110,"$1,000.00",Limits dropped to 1k will adjust in May,,Line Move,799.5,-110,-110,,25,Unsure when this move occurred -- filling this out retrospectively. ,,Line Move,825.5,-105,-115,,26,"33 played it twice and cluster alert on under, comps at 825.5",8/10,Line Move,799.5,-110,-110,,-26,Liability on the Over > moving towards our median projection,8/14,Odds Move,799.5,100,-120,,-110 /   -->  100 / -120,Odds adjustment following poor preseason showing and sharps on the Under. Rest of industry at 775. ,8/14,Line Move,774.5,-105,-115,,,Alerts on his under,,,,,,,,,,,,,,,,
Jordyn Tyson,NO,WR,Receiving Yards O/U,Balanced,774.5  -110 / -110,4/27,774.5,-110,-110,"$1,000.00",Limits dropped to 1k will adjust in May,8/13,Other,,,,,,Frozen due to injury news,,,,,,,,,,,,,,,,,,,,,,,,,,,,,,,,,,,,,,,,,,,,,,,,
Makai Lemon,PHI,WR,Receiving Yards O/U,Balanced,649.5  -110 / -110,4/27,649.5,-110,-110,"$1,000.00",Limits dropped to 1k will adjust in May,,,,,,,,,,,,,,,,,,,,,,,,,,,,,,,,,,,,,,,,,,,,,,,,,,,,,,,,
KC Concepcion,CLE,WR,Receiving Yards O/U,Balanced,599.5  -110 / -110,4/27,624.5,-110,-110,"$1,000.00",Limits dropped to 1k will adjust in May,8/1,Line Move,599.5,-110,-110,,-25,Under perfoming vs Boston in Camp,,,,,,,,,,,,,,,,,,,,,,,,,,,,,,,,,,,,,,,,,,,,,,,,
Omar Cooper Jr.,NYJ,WR,Receiving Yards O/U,Balanced,449.5  -105 / -110,4/27,549.5,-110,-110,"$1,000.00",Limits dropped to 1k will adjust in May,7/7,Line Move,499.5,-110,-110,,-50,Under action plus our poor results on rookie unders last year,8/13,Line Move,474.5,-110,-110,,-25,Prop Bet Guy tip on the under ,8/15,Line Move,449.5,-105,-110,,-25,Came out with 2nd team in preseason,,,,,,,,,,,,,,,,,,,,,,,,,,,,,,,,
Denzel Boston,CLE,WR,Receiving Yards O/U,Balanced,499.5  -110 / -110,4/27,474.5,-110,-110,"$1,000.00",Limits dropped to 1k will adjust in May,8/1,Line Move,499.5,-110,-110,,25,Boston outperforming KC in Camp,,Line Move,,,,,-499.5,,,,,,,,,,,,,,,,,,,,,,,,,,,,,,,,,,,,,,,,,
Kenyon Sadiq,NYJ,TE,Receiving Yards O/U,Balanced,449.5  -110 / -110,4/27,474.5,-110,-110,"$1,000.00",Limits dropped to 1k will adjust in May,8/4,Line Move,449.5,-110,-110,,-25,"Hurt during camp, should be fine for week 1. will want to monitor",,,,,,,,,,,,,,,,,,,,,,,,,,,,,,,,,,,,,,,,,,,,,,,,
Trey McBride,ARI,TE,Receiving Yards O/U,Balanced,999.5  -110 / -110,5/6,999.5,-110,-110,"$1,500.00",,,,,,,,,,,,,,,,,,,,,,,,,,,,,,,,,,,,,,,,,,,,,,,,,,,,,,,,,
Mark Andrews,BAL,TE,Receiving Yards O/U,Balanced,499.5  -110 / -110,5/6,474.5,-110,-110,"$1,500.00",,5/26,Line Move,524.5,-110,-110,,50,"Possibly tipped, string of bets on over",8/7,Line Move,499.5,-110,-110,,-25,string of sharp unders came in likely tipped,,,,,,,,,,,,,,,,,,,,,,,,,,,,,,,,,,,,,,,,
Zay Flowers,BAL,WR,Receiving Yards O/U,Balanced,999.5  -110 / -110,5/6,974.5,-110,-110,"$1,500.00",,8/5,Line Move,999.5,-110,-110,,25,"Sharp overs after the extension, as well as liable to his overs",,,,,,,,,,,,,,,,,,,,,,,,,,,,,,,,,,,,,,,,,,,,,,,,
Dalton Kincaid,BUF,TE,Receiving Yards O/U,Balanced,549.5  -110 / -110,5/6,549.5,-110,-110,"$1,500.00",,,,,,,,,,,,,,,,,,,,,,,,,,,,,,,,,,,,,,,,,,,,,,,,,,,,,,,,,
Khalil Shakir,BUF,WR,Receiving Yards O/U,Balanced,624.5  -110 / -110,5/6,674.5,-110,-110,"$1,500.00",,6/16,Line Move,649.5,-110,-110,,-25,Swirv and sharps on under,8/6,Line Move,624.5,-110,-110,,-25,Cluster of bets on the Under,,,,,,,,,,,,,,,,,,,,,,,,,,,,,,,,,,,,,,,,
Tetairoa McMillan,CAR,WR,Receiving Yards O/U,Balanced,949.5  -110 / -110,5/6,949.5,-110,-110,"$1,500.00",,,,,,,,,,,,,,,,,,,,,,,,,,,,,,,,,,,,,,,,,,,,,,,,,,,,,,,,,
Colston Loveland,CHI,TE,Receiving Yards O/U,Balanced,824.5  -110 / -110,5/6,749.5,-110,-110,"$1,500.00",,6/11,Line Move,799.5,-110,-110,,50,"Over liability, tipped play on over",7/21,Line Move,824.5,-110,-110,,25,"45 Over bets in the last 24 hours. We were higher than FD and Cs, but still better to move and see if we gonna get action on the under.",,,,,,,,,,,,,,,,,,,,,,,,,,,,,,,,,,,,,,,,
Luther Burden III,CHI,WR,Receiving Yards O/U,Balanced,874.5  -110 / -110,5/6,749.5,-110,-110,"$1,500.00",,7/24,Line Move,849.5,-110,-110,,100,,5/14,Line Move,799.5,-115,-105,,-50,Logged this entry on 5/24 after seeing it wasn't already entered,5/28,Line Move,824.5,-110,-110,,25,Liability building and strong reports out of camp,7/24,Line Move,874.5,-110,-110,,50,"Heavy over action, Cody Brown Tip (850.5)",8/6,Line Move,899.5,-110,-110,,25,"One sided action, comps at 900.5",8/10,Line Move,849.5,-110,-110,,-50,Level 3 played the under with 1k.,,,,,,,,
Rome Odunze,CHI,WR,Receiving Yards O/U,Balanced,824.5  -110 / -110,5/6,799.5,-110,-110,"$1,500.00",,8/9,Line Move,824.5,-110,-110,,25,Bump off of Burden injury news and past liability almost entirely on the over,,,,,,,,,,,,,,,,,,,,,,,,,,,,,,,,,,,,,,,,,,,,,,,,
Tee Higgins,CIN,WR,Receiving Yards O/U,Balanced,874.5  -110 / -110,5/6,874.5,-110,-110,"$1,500.00",,,,,,,,,,,,,,,,,,,,,,,,,,,,,,,,,,,,,,,,,,,,,,,,,,,,,,,,,
Javonte Williams,DAL,RB,Rushing Yards O/U,Balanced,949.5  -110 / -110,5/6,1049.5,-110,-110,"$1,500.00",,5/13,Line Move,999.5,-110,-110,,-50,"Market dropped, only under action so far, 1k from a sharp",7/1,Line Move,949.5,-110,-110,,-50,Tipped play on under,,,,,,,,,,,,,,,,,,,,,,,,,,,,,,,,,,,,,,,,
George Pickens,DAL,WR,Receiving Yards O/U,Balanced,1049.5  -110 / -110,5/6,999.5,-110,-110,"$1,500.00",,8/19,Line Move,1049.5,-110,-110,,50,Market up 50 yds,,,,,,,,,,,,,,,,,,,,,,,,,,,,,,,,,,,,,,,,,,,,,,,,
Jake Ferguson,DAL,TE,Receiving Yards O/U,Balanced,524.5  -110 / -110,5/6,524.5,-110,-110,"$1,500.00",,,,,,,,,,,,,,,,,,,,,,,,,,,,,,,,,,,,,,,,,,,,,,,,,,,,,,,,,
Courtland Sutton,DEN,WR,Receiving Yards O/U,Balanced,699.5  -110 / -110,5/6,799.5,-110,-110,"$1,500.00",,7/15,Line Move,774.5,-110,-110,,-25,We were on top of the market on him - FD 775 ; Cs  750,8/10,Line Move,749.5,-110,-110,,-25,"Market went lower, consistent sharp action. Missed a few practices",8/12,Line Move,699.5,-110,-110,,-50,Nothing but under bets,,,,,,,,,,,,,,,,,,,,,,,,,,,,,,,,
Jared Goff,DET,QB,Passing Yards O/U,Balanced,4099.5  -110 / -110,5/6,4099.5,-110,-110,"$1,500.00",,,,,,,,,,,,,,,,,,,,,,,,,,,,,,,,,,,,,,,,,,,,,,,,,,,,,,,,,
Jameson Williams,DET,WR,Receiving Yards O/U,Balanced,924.5  -110 / -110,5/6,899.5,-110,-110,"$1,500.00",,8/15,Line Move,924.5,-110,-110,,25,tipped action on over,,,,,,,,,,,,,,,,,,,,,,,,,,,,,,,,,,,,,,,,,,,,,,,,
Christian Watson,GB,WR,Receiving Yards O/U,Balanced,774.5  -110 / -110,5/6,799.5,-110,-110,"$1,500.00",,7/25,Line Move,774.5,-110,-110,,-25,Tipped (Was tipped somewhere on the over so flipped juice to -110/-110 on 8/10),,,,,,,,,,,,,,,,,,,,,,,,,,,,,,,,,,,,,,,,,,,,,,,,
C.J. Stroud,HOU,QB,Passing Yards O/U,Balanced,3549.5  -110 / -110,5/6,3649.5,-110,-110,"$1,500.00",,6/26,Line Move,3599.5,-110,-110,,-50,"Under action, moving towards market",8/10,Line Move,3549.5,-110,-110,,-50,"Steady action on under, moving down to market price",,,,,,,,,,,,,,,,,,,,,,,,,,,,,,,,,,,,,,,,
Nico Collins,HOU,WR,Receiving Yards O/U,Balanced,1149.5  -110 / -110,5/6,1074.5,-110,-110,"$1,500.00",,8/19,Line Move,1149.5,-110,-110,,75,Higgins out for season FD went to 1175,,,,,,,,,,,,,,,,,,,,,,,,,,,,,,,,,,,,,,,,,,,,,,,,
Tyler Warren,IND,TE,Receiving Yards O/U,Balanced,774.5  -110 / -110,5/6,724.5,-110,-110,"$1,500.00",,7/22,Line Move,774.5,-110,-110,,50,Most likely a tip on the over - only non-segmented customers,,,,,,,,,,,,,,,,,,,,,,,,,,,,,,,,,,,,,,,,,,,,,,,,
Trevor Lawrence,JAX,QB,Passing Yards O/U,Balanced,3749.5  -105 / -115,5/6,3749.5,-110,-110,"$1,500.00",,7/3,Line Move,3749.5,-105,-115,,25,Over action with sharps,,,,,,,,,,,,,,,,,,,,,,,,,,,,,,,,,,,,,,,,,,,,,,,,
Omarion Hampton,LAC,RB,Rushing Yards O/U,Balanced,949.5  -110 / -110,5/6,949.5,-110,-110,"$1,500.00",,,,,,,,,,,,,,,,,,,,,,,,,,,,,,,,,,,,,,,,,,,,,,,,,,,,,,,,,
Ladd McConkey,LAC,WR,Receiving Yards O/U,Balanced,899.5  -110 / -110,5/6,849.5,-110,-110,"$1,500.00",,7/22,Line Move,899.5,-110,-110,,50,Over action and 43 bets in the last 24 hours. Could be tipped somewhere.,,,,,,,,,,,,,,,,,,,,,,,,,,,,,,,,,,,,,,,,,,,,,,,,
Matthew Stafford,LAR,QB,Passing Yards O/U,Balanced,3899.5  -110 / -110,5/6,3999.5,-110,-110,"$1,500.00",,7/22,Line Move,3949.5,-110,-110,,-50,"20 bets on the under in the last 24 hours with a few sharp bets. Cs are at 3850 , FD at 3925. Our projection is closer to 3900",8/17,Line Move,3924.5,-110,-110,,-25,"cluster of sharps in the space of 15 minutes on the Under. FD are at 3824.5, so we can go further if needed.",8/18,Line Move,3899.5,-110,-110,,-25,Continued sharp action on the Under overnight,,,,,,,,,,,,,,,,,,,,,,,,,,,,,,,,
Kyren Williams,LAR,RB,Rushing Yards O/U,Balanced,949.5  -110 / -110,5/6,999.5,-110,-110,"$1,500.00",,8/15,Line Move,949.5,-110,-110,,-50,Action on under and higher than comps,,,,,,,,,,,,,,,,,,,,,,,,,,,,,,,,,,,,,,,,,,,,,,,,
Davante Adams,LAR,WR,Receiving Yards O/U,Balanced,774.5  -110 / -110,5/6,774.5,-110,-110,"$1,500.00",,,,,,,,,,,,,,,,,,,,,,,,,,,,,,,,,,,,,,,,,,,,,,,,,,,,,,,,,
Puka Nacua,LAR,WR,Receiving Yards O/U,Balanced,1324.5  -110 / -110,5/6,1324.5,-110,-110,"$1,500.00",,,,,,,,,,,,,,,,,,,,,,,,,,,,,,,,,,,,,,,,,,,,,,,,,,,,,,,,,
Tyler Shough,NO,QB,Passing Yards O/U,Balanced,3449.5  -120 / 100,5/6,3649.5,-110,-110,"$1,500.00",,7/31,Line Move,3549.5,-110,-110,,-100,,8/5,Line Move,3449.5,-120,100,,-100,"Sharp activity on under end of last week, and FD followed up by moving even lower.  Effectively matching FD's price now but positioned as ""best price"" on over by just 1 yard ",,,,,,,,,,,,,,,,,,,,,,,,,,,,,,,,,,,,,,,,
Chris Olave,NO,WR,Receiving Yards O/U,Balanced,1024.5  -110 / -110,5/6,1024.5,-110,-110,"$1,500.00",,,,,,,,,,,,,,,,,,,,,,,,,,,,,,,,,,,,,,,,,,,,,,,,,,,,,,,,,
Breece Hall,NYJ,RB,Rushing Yards O/U,Balanced,899.5  -110 / -110,5/6,899.5,-110,-110,"$1,500.00",,,,,,,,,,,,,,,,,,,,,,,,,,,,,,,,,,,,,,,,,,,,,,,,,,,,,,,,,
Garrett Wilson,NYJ,WR,Receiving Yards O/U,Balanced,999.5  -110 / -110,5/6,999.5,-110,-110,"$1,500.00",,,,,,,,,,,,,,,,,,,,,,,,,,,,,,,,,,,,,,,,,,,,,,,,,,,,,,,,,
DK Metcalf,PIT,WR,Receiving Yards O/U,Balanced,824.5  -110 / -110,5/6,824.5,-110,-110,"$1,500.00",,,,,,,,,,,,,,,,,,,,,,,,,,,,,,,,,,,,,,,,,,,,,,,,,,,,,,,,,
Sam Darnold,SEA,QB,Passing Yards O/U,Balanced,3699.5  -110 / -110,5/6,3799.5,-110,-110,"$1,500.00",,5/19,Line Move,3749.5,-105,-115,,-50,Sharps on Under had 100 yd middle with FD,6/11,Line Move,3699.5,-110,-110,,-50,"Liability to under, was higher than market",,,,,,,,,,,,,,,,,,,,,,,,,,,,,,,,,,,,,,,,
Brock Purdy,SF,QB,Passing Yards O/U,Balanced,3799.5  -110 / -110,5/6,3799.5,-110,-110,"$1,500.00",,,,,,,,,,,,,,,,,,,,,,,,,,,,,,,,,,,,,,,,,,,,,,,,,,,,,,,,,
Baker Mayfield,TB,QB,Passing Yards O/U,Balanced,3599.5  -110 / -110,5/6,3599.5,-110,-110,"$1,500.00",,,,,,,,,,,,,,,,,,,,,,,,,,,,,,,,,,,,,,,,,,,,,,,,,,,,,,,,,
Emeka Egbuka,TB,WR,Receiving Yards O/U,Balanced,924.5  -110 / ,5/6,899.5,-110,-110,"$1,500.00",Swirv played on under 899.5,5/14,Line Move,874.5,-110,-110,,-25,,7/20,Line Move,924.5,-110,,,50,Liable to the over 899.5 and profitable on the middle between 874.5-899.5 but 95% of bets have been on over,,,,,,,,,,,,,,,,,,,,,,,,,,,,,,,,,,,,,,,,
Cameron Ward,TEN,QB,Passing Yards O/U,Balanced,3299.5  -110 / -110,5/6,3299.5,-110,-110,"$1,500.00",,,,,,,,,,,,,,,,,,,,,,,,,,,,,,,,,,,,,,,,,,,,,,,,,,,,,,,,,
Terry McLaurin,WAS,WR,Receiving Yards O/U,Balanced,924.5  -110 / -110,5/6,949.5,-110,-110,"$1,500.00",,,,,,,,,,8/5,Line Move,924.5,-110,-110,,924.5,"Was higher than FD, Diggs signing ",,,,,,,,,,,,,,,,,,,,,,,,,,,,,,,,,,,,,,,,
Aaron Rodgers,PIT,QB,Passing Yards O/U,Balanced,3149.5  -110 / -110,5/19,3199.5,-110,-110,"$1,500.00",,7/15,Line Move,3149.5,-110,-110,,-50,All of the sharp bets are on the Under . FD and Cs at 3050,,,,,,,,,,,,,,,,,,,,,,,,,,,,,,,,,,,,,,,,,,,,,,,,
Jaxson Dart,NYG,QB,Passing Yards O/U,Balanced,3150.5  -110 / -110,5/19,3150.5,-110,-110,"$1,500.00",,,,,,,,,,,,,,,,,,,,,,,,,,,,,,,,,,,,,,,,,,,,,,,,,,,,,,,,,
Bryce Young,CAR,QB,Passing Yards O/U,Balanced,2924.5  -110 / -110,5/19,3074.5,-110,-110,"$1,500.00",,8/7,Line Move,2999.5,-110,-110,,-75,"Tipped somewhere , FD moved to 2875",8/7,Line Move,2924.5,-110,-110,,-75,Continued under action,,,,,,,,,,,,,,,,,,,,,,,,,,,,,,,,,,,,,,,,
Chase Brown,CIN,RB,Rushing Yards O/U,Balanced,849.5  -115 / -105,5/19,824.5,-110,-110,"$1,500.00",,8/13,Line Move,849.5,-115,-105,,25,10K bet on Over (19640304),,,,,,,,,,,,,,,,,,,,,,,,,,,,,,,,,,,,,,,,,,,,,,,,
D'Andre Swift,CHI,RB,Rushing Yards O/U,Balanced,824.5  -110 / -110,5/19,799.5,-110,-110,"$1,500.00",,8/17,Line Move,824.5,-110,-110,,25,Monangai out for multiple weeks with hyper extended knee,,,,,,,,,,,,,,,,,,,,,,,,,,,,,,,,,,,,,,,,,,,,,,,,
Lamar Jackson,BAL,QB,Rushing Yards O/U,Balanced,599.5  -110 / -110,5/19,574.5,-110,-110,"$1,500.00",,8/16,Line Move,599.5,-110,-110,,25,Keep getting bets on the Over throughout the day. 4k risk overall,,,,,,,,,,,,,,,,,,,,,,,,,,,,,,,,,,,,,,,,,,,,,,,,
Josh Allen,BUF,QB,Rushing Yards O/U,Balanced,499.5  -110 / -110,5/19,499.5,-110,-110,"$1,500.00",,,,,,,,,,,,,,,,,,,,,,,,,,,,,,,,,,,,,,,,,,,,,,,,,,,,,,,,,
Jaxson Dart,NYG,QB,Rushing Yards O/U,Balanced,449.5  -110 / -110,5/19,449.5,-110,-110,"$1,500.00",,,,,,,,,,,,,,,,,,,,,,,,,,,,,,,,,,,,,,,,,,,,,,,,,,,,,,,,,
Drake Maye,NE,QB,Rushing Yards O/U,Balanced,424.5  -110 / -110,5/19,424.5,-110,-110,"$1,500.00",,,,,,,,,,,,,,,,,,,,,,,,,,,,,,,,,,,,,,,,,,,,,,,,,,,,,,,,,
Jalen Hurts,PHI,QB,Rushing Yards O/U,Balanced,424.5  -110 / -110,5/19,399.5,-110,-110,"$1,500.00",,8/6,Line Move,424.5,-110,-110,,25,"Reports suggest that Hurts will be used more in the run game compared to last year, so prefer to stay on top of market here.",,,,,,,,,,,,,,,,,,,,,,,,,,,,,,,,,,,,,,,,,,,,,,,,
Marvin Harrison Jr.,ARI,WR,Receiving Yards O/U,Balanced,824.5  -110 / -110,5/19,824.5,-110,-110,"$1,500.00",,,,,,,,,,,,,,,,,,,,,,,,,,,,,,,,,,,,,,,,,,,,,,,,,,,,,,,,,
Kyle Pitts,ATL,TE,Receiving Yards O/U,Balanced,774.5  -110 / -110,5/19,774.5,-110,-110,"$1,500.00",,,,,,,,,,,,,,,,,,,,,,,,,,,,,,,,,,,,,,,,,,,,,,,,,,,,,,,,,
Aaron Rodgers,PIT,QB,Team Specials,Milestones,3726+  200 / ,5/21,3726+,200,,,,,,,,,,,,,,,,,,,,,,,,,,,,,,,,,,,,,,,,,,,,,,,,,,,,,,,,,,,
Joe Burrow,CIN,QB,Passing TDs O/U,Balanced,32.5  -115 / -105,5/21,32.5,-115,-105,"$1,500.00",,,,,,,,,,,,,,,,,,,,,,,,,,,,,,,,,,,,,,,,,,,,,,,,,,,,,,,,,
Matthew Stafford,LAR,QB,Passing TDs O/U,Balanced,30.5  -105 / -115,5/21,30.5,-105,-115,"$1,500.00",,,,,,,,,,,,,,,,,,,,,,,,,,,,,,,,,,,,,,,,,,,,,,,,,,,,,,,,,
Jared Goff,DET,QB,Passing TDs O/U,Balanced,29.5  -110 / -110,5/21,29.5,-110,-110,"$1,500.00",,,,,,,,,,,,,,,,,,,,,,,,,,,,,,,,,,,,,,,,,,,,,,,,,,,,,,,,,
Brock Purdy,SF,QB,Passing TDs O/U,Balanced,27.5  -115 / -105,5/21,27.5,-115,-105,"$1,500.00",,,,,,,,,,,,,,,,,,,,,,,,,,,,,,,,,,,,,,,,,,,,,,,,,,,,,,,,,
Dak Prescott,DAL,QB,Passing TDs O/U,Balanced,27.5  100 / -120,5/21,27.5,100,-120,"$1,500.00",,,,,,,,,,,,,,,,,,,,,,,,,,,,,,,,,,,,,,,,,,,,,,,,,,,,,,,,,
Drake Maye,NE,QB,Passing TDs O/U,Balanced,26.5  -105 / -115,5/21,26.5,-105,-115,"$1,500.00",,,,,,,,,,,,,,,,,,,,,,,,,,,,,,,,,,,,,,,,,,,,,,,,,,,,,,,,,
Trevor Lawrence,JAX,QB,Passing TDs O/U,Balanced,25.5  -110 / -110,5/21,25.5,-110,-110,"$1,500.00",,,,,,,,,,,,,,,,,,,,,,,,,,,,,,,,,,,,,,,,,,,,,,,,,,,,,,,,,
Baker Mayfield,TB,QB,Passing TDs O/U,Balanced,25.5  110 / -130,5/21,25.5,100,-120,"$1,500.00",,7/8,Odds Move,25.5,110,-130,,100 / -120  -->  110 / -130,Tipped on under,,,,,,,,,,,,,,,,,,,,,,,,,,,,,,,,,,,,,,,,,,,,,,,,
Lamar Jackson,BAL,QB,Passing TDs O/U,Balanced,24.5  -115 / -105,5/21,24.5,-115,-105,"$1,500.00",,,,,,,,,,,,,,,,,,,,,,,,,,,,,,,,,,,,,,,,,,,,,,,,,,,,,,,,,
Josh Allen,BUF,QB,Passing TDs O/U,Balanced,24.5  -110 / -110,5/21,24.5,-110,-110,"$1,500.00",,,,,,,,,,,,,,,,,,,,,,,,,,,,,,,,,,,,,,,,,,,,,,,,,,,,,,,,,
Justin Herbert,LAC,QB,Passing TDs O/U,Balanced,25.5  -105 / -125,5/21,24.5,-115,-105,"$1,500.00",,7/24,Line Move,25.5,-105,-125,,1,"Large level 35 bet, only action on over. FD at 25.5",,,,,,,,,,,,,,,,,,,,,,,,,,,,,,,,,,,,,,,,,,,,,,,,
Bo Nix,DEN,QB,Passing TDs O/U,Balanced,24.5  -105 / -115,5/21,24.5,-105,-115,"$1,500.00",,,,,,,,,,,,,,,,,,,,,,,,,,,,,,,,,,,,,,,,,,,,,,,,,,,,,,,,,
Jordan Love,GB,QB,Passing TDs O/U,Balanced,24.5  -105 / -115,5/21,24.5,-105,-115,"$1,500.00",,,,,,,,,,,,,,,,,,,,,,,,,,,,,,,,,,,,,,,,,,,,,,,,,,,,,,,,,
Caleb Williams,CHI,QB,Passing TDs O/U,Balanced,24.5  100 / -120,5/21,24.5,100,-120,"$1,500.00",,,,,,,,,,,,,,,,,,,,,,,,,,,,,,,,,,,,,,,,,,,,,,,,,,,,,,,,,
Sam Darnold,SEA,QB,Passing TDs O/U,Balanced,23.5  -110 / -110,5/21,23.5,-110,-110,"$1,500.00",,,,,,,,,,,,,,,,,,,,,,,,,,,,,,,,,,,,,,,,,,,,,,,,,,,,,,,,,
Jalen Hurts,PHI,QB,Passing TDs O/U,Balanced,22.5  -110 / -110,5/21,22.5,-110,-110,"$1,500.00",,,,,,,,,,,,,,,,,,,,,,,,,,,,,,,,,,,,,,,,,,,,,,,,,,,,,,,,,
C.J. Stroud,HOU,QB,Passing TDs O/U,Balanced,22.5  -110 / -110,5/21,22.5,100,-120,"$1,500.00",,7/1,Odds Move,22.5,-110,-110,,100 / -120  -->  -110 / -110,Sharp Action,,,,,,,,,,,,,,,,,,,,,,,,,,,,,,,,,,,,,,,,,,,,,,,,
Jayden Daniels,WAS,QB,Passing TDs O/U,Balanced,21.5  -105 / -115,5/21,21.5,-105,-115,"$1,500.00",,,,,,,,,,,,,,,,,,,,,,,,,,,,,,,,,,,,,,,,,,,,,,,,,,,,,,,,,
Aaron Rodgers,PIT,QB,Passing TDs O/U,Balanced,21.5  -120 / 100,5/21,20.5,-115,-105,"$1,500.00",,6/5,Line Move,21.5,-120,100,,1,Huge VIP bets / ID 36074175,,,,,,,,,,,,,,,,,,,,,,,,,,,,,,,,,,,,,,,,,,,,,,,,
Bryce Young,CAR,QB,Passing TDs O/U,Balanced,20.5  -110 / -110,5/21,20.5,-110,-110,"$1,500.00",,,,,,,,,,,,,,,,,,,,,,,,,,,,,,,,,,,,,,,,,,,,,,,,,,,,,,,,,
Jaxson Dart,NYG,QB,Passing TDs O/U,Balanced,19.5  -115 / -105,5/21,19.5,-115,-105,"$1,500.00",,,,,,,,,,,,,,,,,,,,,,,,,,,,,,,,,,,,,,,,,,,,,,,,,,,,,,,,,
Tyler Shough,NO,QB,Passing TDs O/U,Balanced,20.5  -110 / -110,5/21,18.5,-110,-110,"$1,500.00",,5/27,Line Move,19.5,-120,100,,1,Steady Over Action,5/27,Line Move,19.5,-125,105,,0,Possible tip alert,5/28,Line Move,20.5,-110,-110,,1,,,,,,,,,,,,,,,,,,,,,,,,,,,,,,,,,
Cameron Ward,TEN,QB,Passing TDs O/U,Balanced,20.5  -115 / -105,5/21,18.5,-110,-110,"$1,500.00",,7/24,Line Move,19.5,-105,-115,,1,"FD at 19.5, tipped play, bunch of large VIP bets in a row",8/10,Odds Move,19.5,-120,100,,-115 /   -->  -120 / 100,Tip alert,8/12,Line Move,20.5,-115,-105,,1,Action on the over continues,,,,,,,,,,,,,,,,,,,,,,,,,,,,,,,,
Malik Willis,MIA,QB,Passing TDs O/U,Balanced,14.5  -105 / -115,5/21,15.5,100,-120,"$1,500.00",,6/27,Line Move,14.5,-105,-115,,-1,FD line at 13.5 (-125ish on over) & took some action on under,,,,,,,,,,,,,,,,,,,,,,,,,,,,,,,,,,,,,,,,,,,,,,,,
Fernando Mendoza,LAR,QB,Passing TDs O/U,Balanced,12.5  -110 / -110,5/21,12.5,-115,-105,"$1,500.00",,8/9,Odds Move,12.5,-110,-110,,-115 / -105  -->  -110 / -110,Following move of Pass Yards O/U,,,,,,,,,,,,,,,,,,,,,,,,,,,,,,,,,,,,,,,,,,,,,,,,
Malik Willis,MIA,QB,Passing Yards O/U,Balanced,2949.5  -110 / -110,5/21,3050.5,-110,-110,"$1,500.00",,6/26,Line Move,2949.5,-110,-110,,-101,Under action,,,,,,,,,,,,,,,,,,,,,,,,,,,,,,,,,,,,,,,,,,,,,,,,
Ashton Jeanty,LV,RB,Rushing TDs O/U,Balanced,7.5  105 / -130,5/28,7.5,105,-130,"$1,500.00",,,,,,,,,,,,,,,,,,,,,,,,,,,,,,,,,,,,,,,,,,,,,,,,,,,,,,,,,
Bijan Robinson,ATL,RB,Rushing TDs O/U,Balanced,8.5  -125 / 100,5/28,7.5,-125,100,"$1,500.00",,5/28,Line Move,8.5,-125,100,,1,FD opened at 10.5 ,,,,,,,,,,,,,,,,,,,,,,,,,,,,,,,,,,,,,,,,,,,,,,,,
Christian McCaffrey,SF,RB,Rushing TDs O/U,Balanced,8.5  -115 / -110,5/28,8.5,-115,-110,"$1,500.00",,,,,,,,,,,,,,,,,,,,,,,,,,,,,,,,,,,,,,,,,,,,,,,,,,,,,,,,,
Derrick Henry,BAL,RB,Rushing TDs O/U,Balanced,12.5  -105 / -120,5/28,12.5,-105,-120,"$1,500.00",,,,,,,,,,,,,,,,,,,,,,,,,,,,,,,,,,,,,,,,,,,,,,,,,,,,,,,,,
Jahmyr Gibbs,DET,RB,Rushing TDs O/U,Balanced,12.5  100 / -125,5/28,12.5,100,-125,"$1,500.00",,,,,,,,,,,,,,,,,,,,,,,,,,,,,,,,,,,,,,,,,,,,,,,,,,,,,,,,,
Jalen Hurts,PHI,QB,Rushing TDs O/U,Balanced,8.5  105 / -130,5/28,8.5,-120,-105,"$1,500.00",,7/21,Odds Move,8.5,105,-130,,-120 / -105  -->  105 / -130,Koerner tip,,,,,,,,,,,,,,,,,,,,,,,,,,,,,,,,,,,,,,,,,,,,,,,,
James Cook,BUF,RB,Rushing TDs O/U,Balanced,10.5  110 / -135,5/28,10.5,-105,-120,"$1,500.00",,8/2,Odds Move,10.5,110,-135,,-105 / -120  -->  110 / -135,Market dropped to -140 after reports of more pass involvement,,,,,,,,,,,,,,,,,,,,,,,,,,,,,,,,,,,,,,,,,,,,,,,,
Javonte Williams,DAL,RB,Rushing TDs O/U,Balanced,9.5  -105 / -120,5/28,9.5,-105,-120,"$1,500.00",,,,,,,,,,,,,,,,,,,,,,,,,,,,,,,,,,,,,,,,,,,,,,,,,,,,,,,,,
Jonathan Taylor,IND,RB,Rushing TDs O/U,Balanced,11.5  105 / -130,5/28,11.5,105,-130,"$1,500.00",,,,,,,,,,,,,,,,,,,,,,,,,,,,,,,,,,,,,,,,,,,,,,,,,,,,,,,,,
Josh Allen,BUF,QB,Rushing TDs O/U,Balanced,11.5  100 / -125,5/28,11.5,100,-125,"$1,500.00",,,,,,,,,,,,,,,,,,,,,,,,,,,,,,,,,,,,,,,,,,,,,,,,,,,,,,,,,
Kyren Williams,LAR,RB,Rushing TDs O/U,Balanced,9.5  -125 / 100,5/28,9.5,-125,100,"$1,500.00",,,,,,,,,,,,,,,,,,,,,,,,,,,,,,,,,,,,,,,,,,,,,,,,,,,,,,,,,
Saquon Barkley,PHI,RB,Rushing TDs O/U,Balanced,7.5  -125 / 100,5/28,7.5,100,-125,"$1,500.00",,7/21,Odds Move,7.5,-125,100,,100 / -125  -->  -125 / 100,Koerner TIp,,,,,,,,,,,,,,,,,,,,,,,,,,,,,,,,,,,,,,,,,,,,,,,,
Amon-Ra St. Brown,DET,WR,Receiving TDs O/U,Balanced,9.5  -115 / -110,5/29,9.5,-115,-110,"$1,500.00",,,,,,,,,,,,,,,,,,,,,,,,,,,,,,,,,,,,,,,,,,,,,,,,,,,,,,,,,
Brock Bowers,LV,TE,Receiving TDs O/U,Balanced,7.5  115 / -145,5/29,7.5,110,-135,"$1,500.00",,6/25,Odds Move,7.5,115,-145,,110 / -135  -->  115 / -145,FD Opened at 6.5 o +120 ,,,,,,,,,,,,,,,,,,,,,,,,,,,,,,,,,,,,,,,,,,,,,,,,
CeeDee Lamb,DAL,WR,Receiving TDs O/U,Balanced,7.5  -110 / -115,5/29,7.5,-110,-115,"$1,500.00",,,,,,,,,,,,,,,,,,,,,,,,,,,,,,,,,,,,,,,,,,,,,,,,,,,,,,,,,
Chris Olave,NO,WR,Receiving TDs O/U,Balanced,5.5  -120 / -105,5/29,5.5,-120,-105,"$1,500.00",,,,,,,,,,,,,,,,,,,,,,,,,,,,,,,,,,,,,,,,,,,,,,,,,,,,,,,,,
Davante Adams,LAR,WR,Receiving TDs O/U,Balanced,9.5  110 / -135,5/29,9.5,105,-130,"$1,500.00",,7/30,Odds Move,9.5,110,-135,,105 / -130  -->  110 / -135,Tipped,,,,,,,,,,,,,,,,,,,,,,,,,,,,,,,,,,,,,,,,,,,,,,,,
Drake London,ATL,WR,Receiving TDs O/U,Balanced,7.5  110 / -135,5/29,7.5,110,-135,"$1,500.00",,,,,,,,,,,,,,,,,,,,,,,,,,,,,,,,,,,,,,,,,,,,,,,,,,,,,,,,,
George Pickens,DAL,WR,Receiving TDs O/U,Balanced,6.5  -130 / 105,5/29,6.5,-130,105,"$1,500.00",,,,,,,,,,,,,,,,,,,,,,,,,,,,,,,,,,,,,,,,,,,,,,,,,,,,,,,,,
Ja'Marr Chase,CIN,WR,Receiving TDs O/U,Balanced,10.5  110 / -135,5/29,10.5,110,-135,"$1,500.00",,,,,,,,,,,,,,,,,,,,,,,,,,,,,,,,,,,,,,,,,,,,,,,,,,,,,,,,,
Jaxon Smith-Njigba,SEA,WR,Receiving TDs O/U,Balanced,8.5  110 / -135,5/29,8.5,110,-135,"$1,500.00",,,,,,,,,,,,,,,,,,,,,,,,,,,,,,,,,,,,,,,,,,,,,,,,,,,,,,,,,
Justin Jefferson,MIN,WR,Receiving TDs O/U,Balanced,6.5  -135 / 110,5/29,6.5,-135,110,"$1,500.00",,,,,,,,,,,,,,,,,,,,,,,,,,,,,,,,,,,,,,,,,,,,,,,,,,,,,,,,,
Nico Collins,HOU,WR,Receiving TDs O/U,Balanced,6.5  -105 / -120,5/29,6.5,-105,-120,"$1,500.00",,,,,,,,,,,,,,,,,,,,,,,,,,,,,,,,,,,,,,,,,,,,,,,,,,,,,,,,,
Puka Nacua,LAR,WR,Receiving TDs O/U,Balanced,7.5  -135 / 110,5/29,7.5,-135,110,"$1,500.00",,,,,,,,,,,,,,,,,,,,,,,,,,,,,,,,,,,,,,,,,,,,,,,,,,,,,,,,,
Tee Higgins,CIN,WR,Receiving TDs O/U,Balanced,8.5  115 / -145,5/29,8.5,105,-130,"$1,500.00",,7/30,Odds Move,8.5,115,-145,,105 / -130  -->  115 / -145,Tipped,,,,,,,,,,,,,,,,,,,,,,,,,,,,,,,,,,,,,,,,,,,,,,,,
Tetairoa McMillan,CAR,WR,Receiving TDs O/U,Balanced,6.5  -110 / -115,5/29,6.5,-110,-115,"$1,500.00",,,,,,,,,,,,,,,,,,,,,,,,,,,,,,,,,,,,,,,,,,,,,,,,,,,,,,,,,
Trey McBride,ARI,TE,Receiving TDs O/U,Balanced,6.5  100 / -125,5/29,6.5,100,-125,"$1,500.00",,,,,,,,,,,,,,,,,,,,,,,,,,,,,,,,,,,,,,,,,,,,,,,,,,,,,,,,,
Omarion Hampton,LAC,RB,Rushing TDs O/U,Balanced,7.5  -135 / 110,5/29,7.5,-125,100,"$1,500.00",,7/20,Odds Move,7.5,-135,110,,-125 / 100  -->  -135 / 110,Small sharp action / FD -150,,,,,,,,,,,,,,,,,,,,,,,,,,,,,,,,,,,,,,,,,,,,,,,,
Chase Brown,CIN,RB,Rushing TDs O/U,Balanced,5.5  -135 / 110,5/29,5.5,-110,-115,"$1,500.00",,6/16,Odds Move,5.5,-125,100,,-110 / -115  -->  -125 / 100,Tipped play,8/18,Odds Move,5.5,-135,110,,100 /   -->  -135 / 110,"Action and risk increasing on the over. Could switch to 6.5 , as we are close to 8k liability. ",,,,,,,,,,,,,,,,,,,,,,,,,,,,,,,,,,,,,,,,
Jeremiyah Love,ARI,RB,Rushing TDs O/U,Balanced,5.5  -130 / 105,5/29,5.5,-130,105,"$1,500.00",,,,,,,,,,,,,,,,,,,,,,,,,,,,,,,,,,,,,,,,,,,,,,,,,,,,,,,,,
Kenneth Walker III,KC,RB,Rushing TDs O/U,Balanced,7.5  -105 / -120,5/29,7.5,-105,-120,"$1,500.00",,,,,,,,,,,,,,,,,,,,,,,,,,,,,,,,,,,,,,,,,,,,,,,,,,,,,,,,,
Myles Garrett,LAR,DE,Sacks O/U,Balanced,15.75  -120 / -105,6/1,15.75,-120,-105,"$1,500.00",,,,,,,,,,,,,,,,,,,,,,,,,,,,,,,,,,,,,,,,,,,,,,,,,,,,,,,,,
DeVonta Smith,PHI,WR,Receiving Yards O/U,Balanced,1049.5  -110 / -110,6/1,1049.5,-110,-110,"$1,500.00",,,,,,,,,,,,,,,,,,,,,,,,,,,,,,,,,,,,,,,,,,,,,,,,,,,,,,,,,
A.J. Brown,NE,WR,Receiving Yards O/U,Balanced,1124.5  -110 / -110,6/1,1074.5,-115,-105,"$1,500.00",,6/3,Line Move,1124.5,-110,-110,,50,lot of over action of our opener all comps above us moved to top of market now,,,,,,,,,,,,,,,,,,,,,,,,,,,,,,,,,,,,,,,,,,,,,,,,
DeVonta Smith,PHI,WR,Receiving TDs O/U,Balanced,5.5  -115 / -110,6/9,5.5,-115,-110,"$1,500.00",,,,,,,,,,,,,,,,,,,,,,,,,,,,,,,,,,,,,,,,,,,,,,,,,,,,,,,,,
A.J. Brown,NE,WR,Receiving TDs O/U,Balanced,7.5  115 / -145,6/9,7.5,115,-145,"$1,500.00",,,,,,,,,,,,,,,,,,,,,,,,,,,,,,,,,,,,,,,,,,,,,,,,,,,,,,,,,
Bhayshul Tuten,JAX,RB,Rushing Yards O/U,Balanced,724.5  -110 / -110,6/5,699.5,-110,-110,"$1,500.00",,8/3,Line Move,724.5,-110,-110,,25,Liablity to his over and consistent action there. Matched comps,,,,,,,,,,,,,,,,,,,,,,,,,,,,,,,,,,,,,,,,,,,,,,,,
Blake Corum,LAR,RB,Rushing Yards O/U,Balanced,674.5  -110 / -110,6/5,674.5,-110,-110,"$1,500.00",,,,,,,,,,,,,,,,,,,,,,,,,,,,,,,,,,,,,,,,,,,,,,,,,,,,,,,,,
De'Von Achane,MIA,RB,Rushing Yards O/U,Balanced,974.5  -110 / -110,6/5,999.5,-110,-110,"$1,500.00",,7/27,Line Move,974.5,-110,-110,,-25,"34 overnight bets , could be a tip",,,,,,,,,,,,,,,,,,,,,,,,,,,,,,,,,,,,,,,,,,,,,,,,
Jayden Daniels,WAS,QB,Rushing Yards O/U,Balanced,549.5  -110 / -110,6/5,549.5,-110,-110,"$1,500.00",,,,,,,,,,,,,,,,,,,,,,,,,,,,,,,,,,,,,,,,,,,,,,,,,,,,,,,,,
Tony Pollard,TEN,RB,Rushing Yards O/U,Balanced,799.5  -110 / -110,6/5,799.5,-110,-110,"$1,500.00",,,,,,,,,,,,,,,,,,,,,,,,,,,,,,,,,,,,,,,,,,,,,,,,,,,,,,,,,
Brian Thomas Jr.,JAX,WR,Receiving Yards O/U,Balanced,724.5  -115 / -105,6/5,699.5,-110,-110,"$1,500.00",,6/8,Line Move,724.5,-115,-105,,25,One way action,,,,,,,,,,,,,,,,,,,,,,,,,,,,,,,,,,,,,,,,,,,,,,,,
Dallas Goedert,PHI,TE,Receiving Yards O/U,Balanced,574.5  -110 / -110,6/5,574.5,-110,-110,"$1,500.00",,,,,,,,,,,,,,,,,,,,,,,,,,,,,,,,,,,,,,,,,,,,,,,,,,,,,,,,,
Jayden Reed,GB,WR,Receiving Yards O/U,Balanced,674.5  -110 / -110,6/5,649.5,-110,-110,"$1,500.00",,8/12,Line Move,674.5,-110,-110,,25,Sharp Handle on the over,,,,,,,,,,,,,,,,,,,,,,,,,,,,,,,,,,,,,,,,,,,,,,,,
Jordan Addison,MIN,WR,Receiving Yards O/U,Balanced,674.5  -110 / -110,6/5,674.5,-110,-110,"$1,500.00",,,,,,,,,,,,,,,,,,,,,,,,,,,,,,,,,,,,,,,,,,,,,,,,,,,,,,,,,
Josh Downs,IND,WR,Receiving Yards O/U,Balanced,774.9  -110 / -110,6/5,649.5,-110,-110,"$1,500.00",,6/10,Line Move,699.5,-110,-110,,50,Over action following Peirce injury news,6/11,Line Move,749.5,-110,-110,,50,Tipped play on over,6/24,Line Move,774.5,-120,,,25,Action continues,8/21,Line Move,774.9,-110,-110,,0.4,swirv on under 824.5,,,,,,,,,,,,,,,,,,,,,,,,
Bijan Robinson,ATL,RB,Receiving TDs O/U,Balanced,3.5  100 / -125,6/16,3.5,100,-125,"$1,500.00",,,,,,,,,,,,,,,,,,,,,,,,,,,,,,,,,,,,,,,,,,,,,,,,,,,,,,,,,
Brian Thomas Jr.,JAX,WR,Receiving TDs O/U,Balanced,4.5  100 / -125,6/16,4.5,100,-125,"$1,500.00",,,,,,,,,,,,,,,,,,,,,,,,,,,,,,,,,,,,,,,,,,,,,,,,,,,,,,,,,
Calvin Ridley,TEN,WR,Receiving TDs O/U,Balanced,3.5  110 / -135,6/16,3.5,110,-135,"$1,500.00",,,,,,,,,,,,,,,,,,,,,,,,,,,,,,,,,,,,,,,,,,,,,,,,,,,,,,,,,
Carnell Tate,TEN,WR,Receiving TDs O/U,Balanced,4.5  120 / -145,6/16,4.5,120,-145,"$1,500.00",,,,,,,,,,,,,,,,,,,,,,,,,,,,,,,,,,,,,,,,,,,,,,,,,,,,,,,,,
Christian McCaffrey,SF,RB,Receiving TDs O/U,Balanced,4.5  115 / -140,6/16,4.5,115,-140,"$1,500.00",,,,,,,,,,,,,,,,,,,,,,,,,,,,,,,,,,,,,,,,,,,,,,,,,,,,,,,,,
Chris Godwin,TB,WR,Receiving TDs O/U,Balanced,4.5  -125 / 100,6/16,4.5,-125,100,"$1,500.00",,,,,,,,,,,,,,,,,,,,,,,,,,,,,,,,,,,,,,,,,,,,,,,,,,,,,,,,,
Christian Watson,GB,WR,Receiving TDs O/U,Balanced,6.5  115 / -145,6/16,6.5,-105,-120,"$1,500.00",,6/26,Odds Move,6.5,115,-145,,-105 / -120  -->  115 / -145,Under action,,,,,,,,,,,,,,,,,,,,,,,,,,,,,,,,,,,,,,,,,,,,,,,,
Colston Loveland,CHI,TE,Receiving TDs O/U,Balanced,5.5  -130 / 105,6/16,5.5,-105,-120,"$1,500.00",,7/21,Odds Move,5.5,-130,105,,-105 / -120  -->  -130 / 105,Consistent over action,,,,,,,,,,,,,,,,,,,,,,,,,,,,,,,,,,,,,,,,,,,,,,,,
Courtland Sutton,DEN,WR,Receiving TDs O/U,Balanced,6.5  -125 / 100,6/16,6.5,-140,115,"$1,500.00",,6/25,Odds Move,6.5,-125,100,,-140 / 115  -->  -125 / 100,FD opened at 5.5 o -102,,,,,,,,,,,,,,,,,,,,,,,,,,,,,,,,,,,,,,,,,,,,,,,,
Dallas Goedert,PHI,TE,Receiving TDs O/U,Balanced,4.5  -130 / 105,6/16,4.5,-130,105,"$1,500.00",,,,,,,,,,,,,,,,,,,,,,,,,,,,,,,,,,,,,,,,,,,,,,,,,,,,,,,,,
Dalton Kincaid,BUF,TE,Receiving TDs O/U,Balanced,3.5  -150 / 125,6/16,3.5,-150,125,"$1,500.00",,,,,,,,,,,,,,,,,,,,,,,,,,,,,,,,,,,,,,,,,,,,,,,,,,,,,,,,,
DJ Moore,BUF,WR,Receiving TDs O/U,Balanced,6.5  115 / -140,6/16,6.5,115,-140,"$1,500.00",,,,,,,,,,,,,,,,,,,,,,,,,,,,,,,,,,,,,,,,,,,,,,,,,,,,,,,,,
DK Metcalf,PIT,WR,Receiving TDs O/U,Balanced,5.5  -105 / -120,6/16,5.5,-105,-120,"$1,500.00",,,,,,,,,,,,,,,,,,,,,,,,,,,,,,,,,,,,,,,,,,,,,,,,,,,,,,,,,
Emeka Egbuka,TB,WR,Receiving TDs O/U,Balanced,6.5  -105 / -120,6/16,6.5,-105,-120,"$1,500.00",,,,,,,,,,,,,,,,,,,,,,,,,,,,,,,,,,,,,,,,,,,,,,,,,,,,,,,,,
Garrett Wilson,NY,WR,Receiving TDs O/U,Balanced,4.5  -120 / -105,6/16,4.5,-110,-115,"$1,500.00",,6/25,Odds Move,4.5,-120,-105,,-110 / -115  -->  -120 / -105,Flipped the juice to get out of the arb w/ FD opener,,,,,,,,,,,,,,,,,,,,,,,,,,,,,,,,,,,,,,,,,,,,,,,,
Jahmyr Gibbs,DET,RB,Receiving TDs O/U,Balanced,4.5  160 / -15,6/16,4.5,160,-15,"$1,500.00",,,,,,,,,,,,,,,,,,,,,,,,,,,,,,,,,,,,,,,,,,,,,,,,,,,,,,,,,
Jameson Williams,DET,WR,Receiving TDs O/U,Balanced,5.5  -105 / -120,6/16,5.5,-105,-120,"$1,500.00",,,,,,,,,,,,,,,,,,,,,,,,,,,,,,,,,,,,,,,,,,,,,,,,,,,,,,,,,
Jaylen Waddle,DEN,WR,Receiving TDs O/U,Balanced,5.5  -105 / -120,6/16,5.5,-105,-120,"$1,500.00",,,,,,,,,,,,,,,,,,,,,,,,,,,,,,,,,,,,,,,,,,,,,,,,,,,,,,,,,
Jordyn Tyson,NO,WR,Receiving TDs O/U,Balanced,4.5  -110 / -115,6/16,4.5,-110,-115,"$1,500.00",,8/13,Other,,,,,,Frozen due to injury news,,,,,,,,,,,,,,,,,,,,,,,,,,,,,,,,,,,,,,,,,,,,,,,,
Mike Evans,SF,WR,Receiving TDs O/U,Balanced,6.5  -105 / -120,6/16,6.5,-105,-120,"$1,500.00",,,,,,,,,,,,,,,,,,,,,,,,,,,,,,,,,,,,,,,,,,,,,,,,,,,,,,,,,
Sam LaPorta,DET,TE,Receiving TDs O/U,Balanced,4.5  -130 / 105,6/16,4.5,-105,-120,"$1,500.00",,6/29,Odds Move,4.5,-130,105,,-105 / -120  -->  -130 / 105,Moved out of 20 cent arb with FD,,,,,,,,,,,,,,,,,,,,,,,,,,,,,,,,,,,,,,,,,,,,,,,,
Terry McLaurin,WAS,WR,Receiving TDs O/U,Balanced,5.5  -125 / 100,6/16,5.5,115,-140,"$1,500.00",,6/25,Odds Move,5.5,100,-125,,115 / -140  -->  100 / -125,"Closed the Arb gap w/FD opener, all liability on over. ",7/27,Odds Move,5.5,-125,100,,-125 /   -->  -125 / 100,"Liability on over, still in arb with FD. BOSS alert. Cut 8+ MS as well",,,,,,,,,,,,,,,,,,,,,,,,,,,,,,,,,,,,,,,,
Zay Flowers,BAL,WR,Receiving TDs O/U,Balanced,5.5  100 / -130,6/16,5.5,115,-140,"$1,500.00",,7/19,Odds Move,5.5,100,-130,,115 / -140  -->  100 / -130,Sudden activity on the Over in the last 24 hours,,,,,,,,,,,,,,,,,,,,,,,,,,,,,,,,,,,,,,,,,,,,,,,,
Breece Hall,NYJ,RB,Rushing TDs O/U,Balanced,5.5  130 / -155,6/16,5.5,130,-155,"$1,500.00",,,,,,,,,,,,,,,,,,,,,,,,,,,,,,,,,,,,,,,,,,,,,,,,,,,,,,,,,
Cameron Skattebo,NYG,RB,Rushing TDs O/U,Balanced,6.5  105 / -130,6/16,6.5,105,-130,"$1,500.00",,,,,,,,,,,,,,,,,,,,,,,,,,,,,,,,,,,,,,,,,,,,,,,,,,,,,,,,,
D'Andre Swift,CHI,RB,Rushing TDs O/U,Balanced,7.5  130 / -165,6/16,6.5,-135,110,"$1,500.00",,8/17,Line Move,7.5,130,-165,,1,Monangai out for multiple weeks with hyper extended knee,,,,,,,,,,,,,,,,,,,,,,,,,,,,,,,,,,,,,,,,,,,,,,,,
David Montgomery,HOU,RB,Rushing TDs O/U,Balanced,7.5  -115 / -110,6/16,7.5,-115,-110,"$1,500.00",,,,,,,,,,,,,,,,,,,,,,,,,,,,,,,,,,,,,,,,,,,,,,,,,,,,,,,,,
De'Von Achane,MIA,RB,Rushing TDs O/U,Balanced,5.5  130 / -155,6/16,5.5,130,-155,"$1,500.00",,,,,,,,,,,,,,,,,,,,,,,,,,,,,,,,,,,,,,,,,,,,,,,,,,,,,,,,,
Drake Maye,NE,QB,Rushing TDs O/U,Balanced,3.5  100 / -125,6/16,3.5,100,-125,"$1,500.00",,,,,,,,,,,,,,,,,,,,,,,,,,,,,,,,,,,,,,,,,,,,,,,,,,,,,,,,,
Jaxson Dart,NYG,QB,Rushing TDs O/U,Balanced,5.5  -140 / 115,6/16,5.5,-140,115,"$1,500.00",,,,,,,,,,,,,,,,,,,,,,,,,,,,,,,,,,,,,,,,,,,,,,,,,,,,,,,,,
Rhamondre Stevenson,NE,RB,Rushing TDs O/U,Balanced,5.5  -145 / 120,6/16,5.5,-145,120,"$1,500.00",,,,,,,,,,,,,,,,,,,,,,,,,,,,,,,,,,,,,,,,,,,,,,,,,,,,,,,,,
Tony Pollard,TEN,RB,Rushing TDs O/U,Balanced,5.5  115 / -140,6/16,5.5,100,-125,"$1,500.00",,8/14,Odds Move,5.5,115,-140,,100 / -125  -->  115 / -140,"Swirv played the Under , so moved it a little bit.",,,,,,,,,,,,,,,,,,,,,,,,,,,,,,,,,,,,,,,,,,,,,,,,
TreVeyon Henderson,NE,RB,Rushing TDs O/U,Balanced,6.5  125 / -150,6/16,6.5,125,-150,"$1,500.00",,,,,,,,,,,,,,,,,,,,,,,,,,,,,,,,,,,,,,,,,,,,,,,,,,,,,,,,,
Lamar Jackson,BAL,QB,Rushing TDs O/U,Balanced,3.5  -115 / -110,6/16,3.5,-115,-110,"$1,500.00",,,,,,,,,,,,,,,,,,,,,,,,,,,,,,,,,,,,,,,,,,,,,,,,,,,,,,,,,
Aaron Jones,MIN,RB,Rushing Yards O/U,Balanced,474.5  -115 / -105,6/16,624.5,-110,-110,"$1,500.00",,7/20,Line Move,599.5,-110,-110,,-25,Steady action on under/few overs taken at price/CZRs at 550,8/10,Line Move,499.5,-105,-115,,-100,"Was at 549.5, tipped play, took about 2k in 20 mins",8/12,Line Move,474.5,-115,-105,,-25,continued under action,,,,,,,,,,,,,,,,,,,,,,,,,,,,,,,,
Cameron Skattebo,NYG,RB,Rushing Yards O/U,Balanced,799.5  -110 / -110,6/16,824.5,-110,-110,"$1,500.00",,8/18,Line Move,799.5,-110,-110,,-25,dropping a touch on Najee signing and were 50 yds higher than market before,,,,,,,,,,,,,,,,,,,,,,,,,,,,,,,,,,,,,,,,,,,,,,,,
Chuba Hubbard,CAR,RB,Rushing Yards O/U,Balanced,699.5  -110 / -110,6/16,824.5,-110,-110,"$1,500.00",,7/23,Line Move,749.5,-110,-110,,-75,"Jonathan Brooks news, sharp unders",7/27,Line Move,699.5,-110,-110,,-50,Continued sharp action and other books have gone to 700 yards too,,,,,,,,,,,,,,,,,,,,,,,,,,,,,,,,,,,,,,,,
Jacory Croskey-Merritt,WAS,RB,Rushing Yards O/U,Balanced,624.5  -110 / -110,6/16,574.5,-110,-110,"$1,500.00",,8/4,Line Move,599.5,-110,-110,,25,Consitent sharp over action only 34 bets on under v 1150 on over,8/19,Line Move,624.5,-110,-110,,25,Rachaad White injury news and FD moved up 25 yards. Following them up.,,,,,,,,,,,,,,,,,,,,,,,,,,,,,,,,,,,,,,,,
Jadarian Price,SEA,RB,Rushing Yards O/U,Balanced,724.5  -110 / -110,6/16,749.5,-110,-110,"$1,500.00",,7/28,Line Move,699.5,-110,-110,,-50,Seattle wont rule out Charbonett week 1 return. FD at 700.5,8/1,Line Move,724.5,-110,-110,,25,"Sharp overs, good news from camp and liable to over",,,,,,,,,,,,,,,,,,,,,,,,,,,,,,,,,,,,,,,,
Jaylen Warren,PIT,RB,Rushing Yards O/U,Balanced,624.5  -110 / -110,6/16,599.5,-110,-110,"$1,500.00",,8/5,Line Move,624.5,-110,-110,,25,"Listed RB1 on intial depth chart, just a small move for now",,,,,,,,,,,,,,,,,,,,,,,,,,,,,,,,,,,,,,,,,,,,,,,,
Kyle Monangai,CHI,RB,Rushing Yards O/U,Balanced,649.5  -110 / -110,6/16,624.5,-110,-110,"$1,500.00",,7/15,Line Move,649.5,-110,-110,,25,Tipped play and all current handle on over,,,,,,,,,,,,,,,,,,,,,,,,,,,,,,,,,,,,,,,,,,,,,,,,
Quinshon Judkins,CLE,RB,Rushing Yards O/U,Balanced,899.5  -105 / -115,6/16,924.5,-110,-110,"$1,500.00",,7/9,Line Move,899.5,-105,-115,,-25,Koerner tipped play,,,,,,,,,,,,,,,,,,,,,,,,,,,,,,,,,,,,,,,,,,,,,,,,
Rhamondre Stevenson,NE,RB,Rushing Yards O/U,Balanced,624.5  -110 / -110,6/16,624.5,-110,-110,"$1,500.00",,,,,,,,,,,,,,,,,,,,,,,,,,,,,,,,,,,,,,,,,,,,,,,,,,,,,,,,,
Rico Dowdle,PIT,RB,Rushing Yards O/U,Balanced,699.5  -110 / -110,6/16,749.5,-110,-110,"$1,500.00",,7/27,Line Move,724.5,-105,-115,,-25,Large arb to FD 750+,8/5,Line Move,699.5,-110,-110,,-25,"Listed RB2 on intial depth chart, just a small move for now",,,,,,,,,,,,,,,,,,,,,,,,,,,,,,,,,,,,,,,,
TreVeyon Henderson,NE,RB,Rushing Yards O/U,Balanced,699.5  -110 / -110,6/16,699.5,-110,-110,"$1,500.00",,,,,,,,,,,,,,,,,,,,,,,,,,,,,,,,,,,,,,,,,,,,,,,,,,,,,,,,,
Bijan Robinson,ATL,RB,Receiving Yards O/U,Balanced,574.5  -110 / -110,6/17,574.5,-110,-110,"$1,500.00",,,,,,,,,,,,,,,,,,,,,,,,,,,,,,,,,,,,,,,,,,,,,,,,,,,,,,,,,
Calvin Ridley,TEN,WR,Receiving Yards O/U,Balanced,549.5  -110 / -110,6/17,624.5,-110,-110,"$1,500.00",,7/23,Line Move,574.5,-105,-115,,-50,Repeated sharp action from level 5s,8/8,Line Move,549.5,-110,-110,,-25,Marker on his under,,,,,,,,,,,,,,,,,,,,,,,,,,,,,,,,,,,,,,,,
Chris Godwin,TB,WR,Receiving Yards O/U,Balanced,699.5  -110 / -110,6/17,699.5,-110,-110,"$1,500.00",,,,,,,,,,,,,,,,,,,,,,,,,,,,,,,,,,,,,,,,,,,,,,,,,,,,,,,,,
Christian McCaffrey,SF,RB,Receiving Yards O/U,Balanced,574.5  -110 / -110,6/17,574.5,-110,-110,"$1,500.00",,8/6,Line Move,599.5,-110,-110,,25,"Over liability, all the injuries with receivers has driven up handle on over so wanted to be top of market",8/7,Line Move,574.5,-110,-110,,-25,bunch of sharp unders came in; FD at 550,,,,,,,,,,,,,,,,,,,,,,,,,,,,,,,,,,,,,,,,
Harold Fannin Jr.,CLE,TE,Receiving Yards O/U,Balanced,699.5  -110 / -110,6/17,699.5,-110,-110,"$1,500.00",,,,,,,,,,,,,,,,,,,,,,,,,,,,,,,,,,,,,,,,,,,,,,,,,,,,,,,,,
Jahmyr Gibbs,DET,RB,Receiving Yards O/U,Balanced,449.5  -110 / -110,6/17,449.5,-110,-110,"$1,500.00",,,,,,,,,,,,,,,,,,,,,,,,,,,,,,,,,,,,,,,,,,,,,,,,,,,,,,,,,
Jakobi Meyers,JAX,WR,Receiving Yards O/U,Balanced,674.5  -105 / -115,6/17,699.5,-110,-110,"$1,500.00",,8/12,Line Move,674.5,-105,-115,,-25,Tiiped,,,,,,,,,,,,,,,,,,,,,,,,,,,,,,,,,,,,,,,,,,,,,,,,
Jalen Coker,CAR,WR,Receiving Yards O/U,Balanced,624.5  -115 / -105,6/17,599.5,-110,-110,"$1,500.00",,7/29,Line Move,624.5,-115,-105,,25,"Had already been taking a few bets, Brazzell out 8 weeks",,,,,,,,,,,,,,,,,,,,,,,,,,,,,,,,,,,,,,,,,,,,,,,,
Jayden Higgins,HOU,WR,Receiving Yards O/U,Balanced,574.5  -110 / -110,6/17,574.5,-110,-110,"$1,500.00",,,,,,,,,,,,,,,,,,,,,,,,,,,,,,,,,,,,,,,,,,,,,,,,,,,,,,,,,
Jerry Jeudy,CLE,WR,Receiving Yards O/U,Balanced,549.5  -110 / -110,6/17,624.5,-110,-110,"$1,500.00",,8/11,Line Move,549.5,-110,-110,,-75,Tipped with Aaron Jones unders,,,,,,,,,,,,,,,,,,,,,,,,,,,,,,,,,,,,,,,,,,,,,,,,
Juwan Johnson,NO,TE,Receiving Yards O/U,Balanced,599.5  -110 / -110,6/17,599.5,-110,-110,"$1,500.00",,6/18,Line Move,574.5,-110,-110,,-25,"Was higher than Cs, tipped play to under",8/18,Line Move,599.5,-110,-110,,25,Moved up due to action and possible increased usage based on Tyson injury. ,,,,,,,,,,,,,,,,,,,,,,,,,,,,,,,,,,,,,,,,
Matthew Golden,GB,WR,Receiving Yards O/U,Balanced,649.5  -110 / -110,6/17,599.5,-110,-110,"$1,500.00",,7/9,Line Move,649.5,-110,-110,,50,Over action,,,,,,,,,,,,,,,,,,,,,,,,,,,,,,,,,,,,,,,,,,,,,,,,
Michael Wilson,ARI,WR,Receiving Yards O/U,Balanced,724.5  110 / -130,6/17,749.5,-110,-110,"$1,500.00",,7/7,Line Move,724.5,-110,-110,,-25,Koerner tip on under,7/29,Line Move,699.5,-110,-110,,-25,Liability on the under ,7/30,Line Move,724.5,110,-130,,25,Sharp action on his Over and 1000+; moved back to 725 & juiced the under to limit combo liability,,,,,,,,,,,,,,,,,,,,,,,,,,,,,,,,
Parker Washington,JAX,WR,Receiving Yards O/U,Balanced,774.5  -115 / -105,6/17,749.5,-110,-110,"$1,500.00",,7/30,Line Move,774.5,-115,-105,,25,One-sided liability; training camp reports touting his ascension ,,,,,,,,,,,,,,,,,,,,,,,,,,,,,,,,,,,,,,,,,,,,,,,,
Quentin Johnston,LA,WR,Receiving Yards O/U,Balanced,649.5  -110 / -110,6/17,649.5,-110,-110,"$1,500.00",,,,,,,,,,,,,,,,,,,,,,,,,,,,,,,,,,,,,,,,,,,,,,,,,,,,,,,,,
Ricky Pearsall,SF,WR,Receiving Yards O/U,Balanced,674.5  -110 / -110,6/17,674.5,-110,-110,"$1,500.00",,,,,,,,,,,,,,,,,,,,,,,,,,,,,,,,,,,,,,,,,,,,,,,,,,,,,,,,,
Sam LaPorta,DET,TE,Receiving Yards O/U,Balanced,624.5  -110 / -110,6/17,624.5,-110,-110,"$1,500.00",,,,,,,,,,,,,,,,,,,,,,,,,,,,,,,,,,,,,,,,,,,,,,,,,,,,,,,,,
Tre Tucker,LV,WR,Receiving Yards O/U,Balanced,574.5  -110 / -110,6/17,574.5,-110,-110,"$1,500.00",,,,,,,,,,,,,,,,,,,,,,,,,,,,,,,,,,,,,,,,,,,,,,,,,,,,,,,,,
Tucker Kraft,GB,TE,Receiving Yards O/U,Balanced,699.5  -110 / -110,6/17,649.5,-110,-110,"$1,500.00",,7/29,Line Move,699.5,-110,-110,,50,Closing the gap to fanduel 775,,,,,,,,,,,,,,,,,,,,,,,,,,,,,,,,,,,,,,,,,,,,,,,,
Wan'Dale Robinson,TEN,WR,Receiving Yards O/U,Balanced,699.5  -110 / -110,6/17,674.5,-110,-110,"$1,500.00",,8/3,Line Move,699.5,-110,-110,,25,Overnight cluster of bets including a level 7,,,,,,,,,,,,,,,,,,,,,,,,,,,,,,,,,,,,,,,,,,,,,,,,
Ladd McConkey,LAC,WR,Receiving TDs O/U,Balanced,5.5  -125 / 100,6/29,5.5,-125,100,"$1,500.00",,,,,,,,,,,,,,,,,,,,,,,,,,,,,,,,,,,,,,,,,,,,,,,,,,,,,,,,,
Jordan Mason,MIN,RB,Rushing Yards O/U,Balanced,649.5  -110 / -110,6/29,649.5,-110,-110,"$1,500.00",,,,,,,,,,,,,,,,,,,,,,,,,,,,,,,,,,,,,,,,,,,,,,,,,,,,,,,,,
Travis Etienne Jr.,NO,RB,Rushing Yards O/U,Balanced,824.5  -110 / -110,6/29,774.5,-110,-110,"$1,500.00",,7/24,Line Move,799.5,-110,-110,,25,"Closed gap w/ FD (850.5), have accumulated good amount of Sharp/Concerning action",8/19,Line Move,824.5,-110,-110,,25,"Moving towards FD(850), following Kamara news",,,,,,,,,,,,,,,,,,,,,,,,,,,,,,,,,,,,,,,,
J.K. Dobbins,DEN,RB,Rushing Yards O/U,Balanced,674.5  -110 / -110,6/29,674.5,-110,-110,"$1,500.00",,,,,,,,,,,,,,,,,,,,,,,,,,,,,,,,,,,,,,,,,,,,,,,,,,,,,,,,,
George Kittle,SF,TE,Receiving Yards O/U,Balanced,699.5  -110 / -110,6/29,724.5,-110,-110,"$1,500.00",,8/9,Line Move,699.5,-110,-110,,-25,"Closed gap with FD, taking sharp unders and more liability on under. Still some injury concerns",,,,,,,,,,,,,,,,,,,,,,,,,,,,,,,,,,,,,,,,,,,,,,,,
Rashid Shaheed,SEA,WR,Receiving Yards O/U,Balanced,574.5  -110 / -110,6/29,499.5,-110,-110,"$1,500.00",,8/14,Line Move,524.5,-125,105,,25,Cody Brown Bets tip: sharp action on Overs; sharp cluster alert in Boss. Growing liability on the over,8/14,Line Move,549.5,-110,-110,,25,"Sharp bets on the over, possible tip, several alerts on bets for the over",8/14,Line Move,574.5,-110,-110,,25,More activity on the over racking up a decent amount of liability,,,,,,,,,,,,,,,,,,,,,,,,,,,,,,,,
Xavier Worthy,KC,WR,Receiving Yards O/U,Balanced,649.5  -110 / -110,6/29,649.5,-110,-110,"$1,500.00",,,,,,,,,,,,,,,,,,,,,,,,,,,,,,,,,,,,,,,,,,,,,,,,,,,,,,,,,
George Kittle,SF,TE,Receiving TDs O/U,Balanced,5.5  -130 / 105,6/30,5.5,-130,105,"$1,500.00",,,,,,,,,,,,,,,,,,,,,,,,,,,,,,,,,,,,,,,,,,,,,,,,,,,,,,,,,
Jake Ferguson,DAL,TE,Receiving TDs O/U,Balanced,4.5  -140 / 115,6/30,4.5,-140,115,"$1,500.00",,,,,,,,,,,,,,,,,,,,,,,,,,,,,,,,,,,,,,,,,,,,,,,,,,,,,,,,,
Kyle Pitts,ATL,TE,Receiving TDs O/U,Balanced,4.5  -120 / -105,6/30,4.5,-120,-105,"$1,500.00",,,,,,,,,,,,,,,,,,,,,,,,,,,,,,,,,,,,,,,,,,,,,,,,,,,,,,,,,
Mark Andrews,BAL,TE,Receiving TDs O/U,Balanced,6.5  120 / -150,6/30,6.5,100,-125,"$1,500.00",,8/9,Odds Move,6.5,120,-150,,100 / -125  -->  120 / -150,"Pushed closer to comps at 5.5, liability on under as of now",,,,,,,,,,,,,,,,,,,,,,,,,,,,,,,,,,,,,,,,,,,,,,,,
Marvin Harrison Jr.,ARI,WR,Receiving TDs O/U,Balanced,4.5  125 / -150,6/30,4.5,125,-150,"$1,500.00",,,,,,,,,,,,,,,,,,,,,,,,,,,,,,,,,,,,,,,,,,,,,,,,,,,,,,,,,
Michael Pittman Jr.,PIT,WR,Receiving TDs O/U,Balanced,4.5  110 / -135,6/30,4.5,110,-135,"$1,500.00",,,,,,,,,,,,,,,,,,,,,,,,,,,,,,,,,,,,,,,,,,,,,,,,,,,,,,,,,
Rome Odunze,CHI,WR,Receiving TDs O/U,Balanced,5.5  -145 / 115,6/30,5.5,-135,110,"$1,500.00",,8/9,Odds Move,5.5,-145,115,,-135 / 110  -->  -145 / 115,Slight bump off of Burden injury news,,,,,,,,,,,,,,,,,,,,,,,,,,,,,,,,,,,,,,,,,,,,,,,,
Romeo Doubs,NE,WR,Receiving TDs O/U,Balanced,4.5  -145 / 115,6/30,4.5,-145,115,"$1,500.00",,,,,,,,,,,,,,,,,,,,,,,,,,,,,,,,,,,,,,,,,,,,,,,,,,,,,,,,,
Tyler Warren,IND,TE,Receiving TDs O/U,Balanced,5.5  110 / -135,6/30,5.5,110,-135,"$1,500.00",,,,,,,,,,,,,,,,,,,,,,,,,,,,,,,,,,,,,,,,,,,,,,,,,,,,,,,,,
Will Anderson Jr.,HOU,DE,Sacks O/U,Balanced,12.25  110 / -135,7/10,12.25,110,-135,"$2,000.00",,,,,,,,,,,,,,,,,,,,,,,,,,,,,,,,,,,,,,,,,,,,,,,,,,,,,,,,,
Aidan Hutchinson,DET,DE,Sacks O/U,Balanced,13.25  -105 / -120,7/10,13.25,-105,-120,"$2,000.00",,,,,,,,,,,,,,,,,,,,,,,,,,,,,,,,,,,,,,,,,,,,,,,,,,,,,,,,,
Danielle Hunter,HOU,DE,Sacks O/U,Balanced,12.75  110 / -135,7/10,12.75,110,-135,"$2,000.00",,,,,,,,,,,,,,,,,,,,,,,,,,,,,,,,,,,,,,,,,,,,,,,,,,,,,,,,,
Trey Hendrickson,BAL,DE,Sacks O/U,Balanced,12.25  -105 / -120,7/10,12.25,-105,-120,"$2,000.00",,,,,,,,,,,,,,,,,,,,,,,,,,,,,,,,,,,,,,,,,,,,,,,,,,,,,,,,,
Nik Bonitto,DEN,DE,Sacks O/U,Balanced,11.75  110 / -135,7/10,11.75,110,-135,"$2,000.00",,,,,,,,,,,,,,,,,,,,,,,,,,,,,,,,,,,,,,,,,,,,,,,,,,,,,,,,,
T.J. Watt,PIT,DE,Sacks O/U,Balanced,11.25  120 / -150,7/10,11.25,120,-150,"$2,000.00",,,,,,,,,,,,,,,,,,,,,,,,,,,,,,,,,,,,,,,,,,,,,,,,,,,,,,,,,
Brian Burns,NYG,DE,Sacks O/U,Balanced,11.25  120 / -150,7/10,11.25,120,-150,"$2,000.00",,,,,,,,,,,,,,,,,,,,,,,,,,,,,,,,,,,,,,,,,,,,,,,,,,,,,,,,,
Nick Bosa,SF,DE,Sacks O/U,Balanced,10.25  105 / -130,7/10,10.25,105,-130,"$2,000.00",,,,,,,,,,,,,,,,,,,,,,,,,,,,,,,,,,,,,,,,,,,,,,,,,,,,,,,,,
Tuli Tuipulotu,LAC,DT,Sacks O/U,Balanced,10.25  -110 / -115,7/10,10.25,-110,-115,"$2,000.00",,,,,,,,,,,,,,,,,,,,,,,,,,,,,,,,,,,,,,,,,,,,,,,,,,,,,,,,,
Josh Hines-Allen,JAX,DE,Sacks O/U,Balanced,9.75  -105 / -120,7/10,9.75,-105,-120,"$2,000.00",,,,,,,,,,,,,,,,,,,,,,,,,,,,,,,,,,,,,,,,,,,,,,,,,,,,,,,,,
Josh Sweat,ARI,DE,Sacks O/U,Balanced,8.75  -120 / -105,7/10,8.75,-120,-105,"$2,000.00",,,,,,,,,,,,,,,,,,,,,,,,,,,,,,,,,,,,,,,,,,,,,,,,,,,,,,,,,
Zach Allen,DEN,DE,Sacks O/U,Balanced,7.75  -110 / -115,7/10,8.25,110,-135,"$2,000.00",,7/29,Line Move,7.75,-110,-115,,-0.5,Bump towards CZs,,,,,,,,,,,,,,,,,,,,,,,,,,,,,,,,,,,,,,,,,,,,,,,,
Chris Jones,KC,DT,Sacks O/U,Balanced,7.75  -120 / -105,7/10,8.25,-115,-110,"$2,000.00",,7/29,Line Move,7.75,-120,-105,,-0.5,"Czs opened lower, concerned with him still having his full role. Happy to go higher if action moves that way",,,,,,,,,,,,,,,,,,,,,,,,,,,,,,,,,,,,,,,,,,,,,,,,
Bradley Chubb,BUF,DE,Sacks O/U,Balanced,8.25  -120 / -105,7/10,8.25,-120,-105,"$2,000.00",,,,,,,,,,,,,,,,,,,,,,,,,,,,,,,,,,,,,,,,,,,,,,,,,,,,,,,,,
Harold Landry III,NE,DE,Sacks O/U,Balanced,8.25  -120 / -105,7/10,8.25,-120,-105,"$2,000.00",,,,,,,,,,,,,,,,,,,,,,,,,,,,,,,,,,,,,,,,,,,,,,,,,,,,,,,,,
Montez Sweat,CHI,DE,Sacks O/U,Balanced,8.25  110 / -135,7/10,8.25,110,-135,"$2,000.00",,,,,,,,,,,,,,,,,,,,,,,,,,,,,,,,,,,,,,,,,,,,,,,,,,,,,,,,,
Jeffery Simmons,TEN,DT,Sacks O/U,Balanced,8.25  -120 / -105,7/10,8.25,-120,-105,"$2,000.00",,,,,,,,,,,,,,,,,,,,,,,,,,,,,,,,,,,,,,,,,,,,,,,,,,,,,,,,,
Chase Young,NO,DE,Sacks O/U,Balanced,7.75  -115 / -110,7/10,7.75,-115,-110,"$2,000.00",,,,,,,,,,,,,,,,,,,,,,,,,,,,,,,,,,,,,,,,,,,,,,,,,,,,,,,,,
Will McDonald IV,NYJ,DE,Sacks O/U,Balanced,7.25  -120 / -105,7/10,7.25,-120,-105,"$2,000.00",,,,,,,,,,,,,,,,,,,,,,,,,,,,,,,,,,,,,,,,,,,,,,,,,,,,,,,,,
Khalil Mack,LAC,DE,Sacks O/U,Balanced,7.25  105 / -130,7/10,7.25,105,-130,"$2,000.00",,,,,,,,,,,,,,,,,,,,,,,,,,,,,,,,,,,,,,,,,,,,,,,,,,,,,,,,,
Jared Verse,CLE,DE,Sacks O/U,Balanced,7.25  110 / -135,7/10,7.25,110,-135,"$2,000.00",,,,,,,,,,,,,,,,,,,,,,,,,,,,,,,,,,,,,,,,,,,,,,,,,,,,,,,,,
Rashan Gary,DAL,DE,Sacks O/U,Balanced,7.25  110 / -135,7/10,7.25,110,-135,"$2,000.00",,,,,,,,,,,,,,,,,,,,,,,,,,,,,,,,,,,,,,,,,,,,,,,,,,,,,,,,,
Travon Walker,JAX,DE,Sacks O/U,Balanced,6.75  -110 / -115,7/10,6.75,-110,-115,"$2,000.00",,,,,,,,,,,,,,,,,,,,,,,,,,,,,,,,,,,,,,,,,,,,,,,,,,,,,,,,,
Laiatu Latu,IND,DE,Sacks O/U,Balanced,6.75  -135 / 100,7/10,6.75,-125,100,"$2,000.00",,7/29,Odds Move,6.75,-135,100,,-125 / 100  -->  -135 / 100,Bump towards CZs,,,,,,,,,,,,,,,,,,,,,,,,,,,,,,,,,,,,,,,,,,,,,,,,
Rueben Bain Jr.,TB,DE,Sacks O/U,Balanced,6.25  -125 / 100,7/10,5.75,-130,105,"$2,000.00",,8/13,Line Move,6.25,-125,100,,0.5,Level 33 with 1.4k bet on the Over,,,,,,,,,,,,,,,,,,,,,,,,,,,,,,,,,,,,,,,,,,,,,,,,
David Bailey,NYJ,DE,Sacks O/U,Balanced,5.75  100 / -125,7/10,5.75,100,-125,"$2,000.00",,,,,,,,,,,,,,,,,,,,,,,,,,,,,,,,,,,,,,,,,,,,,,,,,,,,,,,,,
Abdul Carter,NYG,DE,Sacks O/U,Balanced,7.25  100 / -135,7/10,5.25,-125,100,"$2,000.00",,7/14,Line Move,5.75,-110,-115,,0.25,Marker play w/ sharp action,7/21,Odds Move,6.25,-110,-115,,-115 /   -->  -110 / -115,Koerner tout on the over,7/29,Line Move,7.25,100,-135,,,"CZs opened at 7.5, happy to go lower if action shifts",,,,,,,,,,,,,,,,,,,,,,,,,,,,,,,,
Jalen Carter,PHI,DE,Sacks O/U,Balanced,4.75  -120 / -105,7/10,4.75,-120,-105,"$2,000.00",,,,,,,,,,,,,,,,,,,,,,,,,,,,,,,,,,,,,,,,,,,,,,,,,,,,,,,,,
Derrick Brown,CAR,DT,Sacks O/U,Balanced,4.25  -110 / -115,7/10,4.25,-110,-115,"$2,000.00",,,,,,,,,,,,,,,,,,,,,,,,,,,,,,,,,,,,,,,,,,,,,,,,,,,,,,,,,
Dexter Lawrence,CIN,DT,Sacks O/U,Balanced,4.25  -125 / 100,7/10,4.25,-125,100,"$2,000.00",,,,,,,,,,,,,,,,,,,,,,,,,,,,,,,,,,,,,,,,,,,,,,,,,,,,,,,,,
Arvell Reese,NYG,DE,Sacks O/U,Balanced,3.75  -105 / -120,7/10,3.75,-105,-120,"$2,000.00",,,,,,,,,,,,,,,,,,,,,,,,,,,,,,,,,,,,,,,,,,,,,,,,,,,,,,,,,
Malachi Lawrence,DAL,DE,Sacks O/U,Balanced,3.75  -125 / 100,7/10,3.75,105,-130,"$2,000.00",,7/29,Odds Move,3.75,-125,100,,,Bump towards CZs,,,,,,,,,,,,,,,,,,,,,,,,,,,,,,,,,,,,,,,,,,,,,,,,
Abdul Carter,NYG,DE,Sacks Leader,Milestones,/,,,,,,,7/16,Odds Move,,,,,from 12000-> 10000,sharp action due to rumors,7/21,Odds Move,,,,,from 10000 -> 6500,Koerner's tout drew some action,,,,,,,,,,,,,,,,,,,,,,,,,,,,,,,,,,,,,,,,
,,,,,,,,,,,,,,,,,,,,,,,,,,,,,,,,,,,,,,,,,,,,,,,,,,,,,,,,,,,,,,,,,,,
Deebo Samuel,SF,WR,Receiving Yards,Milestones,1000+  550/,8/1,650,,,,Just cut slightly after being released,,,,,,,,,,,,,,,,,,,,,,,,,,,,,,,,,,,,,,,,,,,,,,,,,,,,,,,,
Deebo Samuel,SF,WR,Receiving Yards,Milestones,1250+ 2000/,8/1,2500,,,,Just cut slightly after being released,,,,,,,,,,,,,,,,,,,,,,,,,,,,,,,,,,,,,,,,,,,,,,,,,,,,,,,,
Deebo Samuel,SF,WR,Receiving TDs,Milestones,5+ 150/,8/1,180,,,,Just cut slightly after being released,,,,,,,,,,,,,,,,,,,,,,,,,,,,,,,,,,,,,,,,,,,,,,,,,,,,,,,,
Deebo Samuel,SF,WR,Receiving TDs,Milestones,8+ 750/,8/1,950,,,,Just cut slightly after being released,,,,,,,,,,,,,,,,,,,,,,,,,,,,,,,,,,,,,,,,,,,,,,,,,,,,,,,,
Deebo Samuel,SF,WR,Receiving TDs,Milestones,10+ 1800/,8/1,2200,,,,Just cut slightly after being released,,,,,,,,,,,,,,,,,,,,,,,,,,,,,,,,,,,,,,,,,,,,,,,,,,,,,,,,
Chris Olave,NO,WR,Receiving Tds,MS,10+ 700,,900,,,,have cut due to discrepancies between FD (+500) and 365 (+475),8/5,Odds Move,,,,,from 900 to 700,,,,,,,,,,,,,,,,,,,,,,,,,,,,,,,,,,,,,,,,,,,,,,,,,
Stefon Diggs,WAS,WR,Rushing Yards O/U,Balanced,10+ 701,8/5,799.5,-110,-110,,,8/16,Line Move,774.5,-110,-110,,-25,"Swirv bet under 799.5, considerable handle on under so far",,,,,,,,,,,,,,,,,,,,,,,,,,,,,,,,,,,,,,,,,,,,,,,,
Stefon Diggs,WAS,WR,Receiving TDs O/U,Balanced,10+ 702,8/5,4.5,-125,100,,,,,,,,,,,,,,,,,,,,,,,,,,,,,,,,,,,,,,,,,,,,,,,,,,,,,,,,,,
Christian McCaffrey,SF,RB,Receptions O/U,Balanced,,,68.5,-110,-110,,,8/14,Line Move,60.5,-115,-105,,-8,5k rejected bet on his under (1.2k accepted); FD offering 58.5,,,,,,,,,,,,,,,,,,,,,,,,,,,,,,,,,,,,,,,,,,,,,,,,
Mike Evans,TB,WR,Receptions O/U,Balanced,,,62.5,-115,-110,,,8/14,Line Move,59.5,-115,-110,,-3,"Swirv on under, FD 25 rec yards lower",,,,,,,,,,,,,,,,,,,,,,,,,,,,,,,,,,,,,,,,,,,,,,,,
Malik Willis,MIA,QB,Rushing TDs O/U,Balanced,3.5 -160 / 130,8/11,3.5,-145,120,,,8/15,Odds Move,3.5,-160,130,,-145 / 120  -->  -160 / 130,Tipped action on over,,,,,,,,,,,,,,,,,,,,,,,,,,,,,,,,,,,,,,,,,,,,,,,,
Keenan Allen,IND,WR,Receiving Yards,Milestones,750+  150/,8/17,150,,,,,,,,,,,,,,,,,,,,,,,,,,,,,,,,,,,,,,,,,,,,,,,,,,,,,,,,,,,,
Keenan Allen,IND,WR,Receiving Yards,Milestones,1000+ 500/,8/17,500,,,,,,Other,,,,,,,,,,,,,,,,,,,,,,,,,,,,,,,,,,,,,,,,,,,,,,,,,,,,,,
Keenan Allen,IND,WR,Receiving Yards,Milestones,1250+ +1500/,8/17,1500,,,,,,,,,,,,,,,,,,,,,,,,,,,,,,,,,,,,,,,,,,,,,,,,,,,,,,,,,,,,
Keenan Allen,IND,WR,Receiving TDs,Milestones,5+ 110/,8/17,110,,,,,,,,,,,,,,,,,,,,,,,,,,,,,,,,,,,,,,,,,,,,,,,,,,,,,,,,,,,,
Keenan Allen,IND,WR,Receiving TDs,Milestones,8+ 500/,8/17,500,,,,,,,,,,,,,,,,,,,,,,,,,,,,,,,,,,,,,,,,,,,,,,,,,,,,,,,,,,,,
Keenan Allen,IND,WR,Receiving TDs,Milestones,10+ 1200/,8/17,1200,,,,,,,,,,,,,,,,,,,,,,,,,,,,,,,,,,,,,,,,,,,,,,,,,,,,,,,,,,,,
De'Zhaun Stribling,SF,WR,Receiving Yards,Balanced,599.5  -110 / -110,8/18,574.5,-110,-110,,,8/20,Line Move,599.5,-110,-110,,25,"Consistent action on over, bumped",,,,,,,,,,,,,,,,,,,,,,,,,,,,,,,,,,,,,,,,,,,,,,,,
,,,,,,,,,,,,,,,,,,,,,,,,,,,,,,,,,,,,,,,,,,,,,,,,,,,,,,,,,,,,,,,,,,,
,,,,,,,,,,,,,,,,,,,,,,,,,,,,,,,,,,,,,,,,,,,,,,,,,,,,,,,,,,,,,,,,,,,
,,,,,,,,,,,,,,,,,,,,,,,,,,,,,,,,,,,,,,,,,,,,,,,,,,,,,,,,,,,,,,,,,,,
,,,,,,,,,,,,,,,,,,,,,,,,,,,,,,,,,,,,,,,,,,,,,,,,,,,,,,,,,,,,,,,,,,,
,,,,,,,,,,,,,,,,,,,,,,,,,,,,,,,,,,,,,,,,,,,,,,,,,,,,,,,,,,,,,,,,,,,
,,,,,,,,,,,,,,,,,,,,,,,,,,,,,,,,,,,,,,,,,,,,,,,,,,,,,,,,,,,,,,,,,,,
,,,,,,,,,,,,,,,,,,,,,,,,,,,,,,,,,,,,,,,,,,,,,,,,,,,,,,,,,,,,,,,,,,,
,,,,,,,,,,,,,,,,,,,,,,,,,,,,,,,,,,,,,,,,,,,,,,,,,,,,,,,,,,,,,,,,,,,
,,,,,,,,,,,,,,,,,,,,,,,,,,,,,,,,,,,,,,,,,,,,,,,,,,,,,,,,,,,,,,,,,,,
,,,,,,,,,,,,,,,,,,,,,,,,,,,,,,,,,,,,,,,,,,,,,,,,,,,,,,,,,,,,,,,,,,,
,,,,,,,,,,,,,,,,,,,,,,,,,,,,,,,,,,,,,,,,,,,,,,,,,,,,,,,,,,,,,,,,,,,
,,,,,,,,,,,,,,,,,,,,,,,,,,,,,,,,,,,,,,,,,,,,,,,,,,,,,,,,,,,,,,,,,,,
,,,,,,,,,,,,,,,,,,,,,,,,,,,,,,,,,,,,,,,,,,,,,,,,,,,,,,,,,,,,,,,,,,,
,,,,,,,,,,,,,,,,,,,,,,,,,,,,,,,,,,,,,,,,,,,,,,,,,,,,,,,,,,,,,,,,,,,
,,,,,,,,,,,,,,,,,,,,,,,,,,,,,,,,,,,,,,,,,,,,,,,,,,,,,,,,,,,,,,,,,,,
,,,,,,,,,,,,,,,,,,,,,,,,,,,,,,,,,,,,,,,,,,,,,,,,,,,,,,,,,,,,,,,,,,,
,,,,,,,,,,,,,,,,,,,,,,,,,,,,,,,,,,,,,,,,,,,,,,,,,,,,,,,,,,,,,,,,,,,
,,,,,,,,,,,,,,,,,,,,,,,,,,,,,,,,,,,,,,,,,,,,,,,,,,,,,,,,,,,,,,,,,,,
,,,,,,,,,,,,,,,,,,,,,,,,,,,,,,,,,,,,,,,,,,,,,,,,,,,,,,,,,,,,,,,,,,,
,,,,,,,,,,,,,,,,,,,,,,,,,,,,,,,,,,,,,,,,,,,,,,,,,,,,,,,,,,,,,,,,,,,
,,,,,,,,,,,,,,,,,,,,,,,,,,,,,,,,,,,,,,,,,,,,,,,,,,,,,,,,,,,,,,,,,,,
,,,,,,,,,,,,,,,,,,,,,,,,,,,,,,,,,,,,,,,,,,,,,,,,,,,,,,,,,,,,,,,,,,,
,,,,,,,,,,,,,,,,,,,,,,,,,,,,,,,,,,,,,,,,,,,,,,,,,,,,,,,,,,,,,,,,,,,
,,,,,,,,,,,,,,,,,,,,,,,,,,,,,,,,,,,,,,,,,,,,,,,,,,,,,,,,,,,,,,,,,,,
,,,,,,,,,,,,,,,,,,,,,,,,,,,,,,,,,,,,,,,,,,,,,,,,,,,,,,,,,,,,,,,,,,,
,,,,,,,,,,,,,,,,,,,,,,,,,,,,,,,,,,,,,,,,,,,,,,,,,,,,,,,,,,,,,,,,,,,
,,,,,,,,,,,,,,,,,,,,,,,,,,,,,,,,,,,,,,,,,,,,,,,,,,,,,,,,,,,,,,,,,,,
,,,,,,,,,,,,,,,,,,,,,,,,,,,,,,,,,,,,,,,,,,,,,,,,,,,,,,,,,,,,,,,,,,,
,,,,,,,,,,,,,,,,,,,,,,,,,,,,,,,,,,,,,,,,,,,,,,,,,,,,,,,,,,,,,,,,,,,
,,,,,,,,,,,,,,,,,,,,,,,,,,,,,,,,,,,,,,,,,,,,,,,,,,,,,,,,,,,,,,,,,,,
,,,,,,,,,,,,,,,,,,,,,,,,,,,,,,,,,,,,,,,,,,,,,,,,,,,,,,,,,,,,,,,,,,,
,,,,,,,,,,,,,,,,,,,,,,,,,,,,,,,,,,,,,,,,,,,,,,,,,,,,,,,,,,,,,,,,,,,
,,,,,,,,,,,,,,,,,,,,,,,,,,,,,,,,,,,,,,,,,,,,,,,,,,,,,,,,,,,,,,,,,,,
,,,,,,,,,,,,,,,,,,,,,,,,,,,,,,,,,,,,,,,,,,,,,,,,,,,,,,,,,,,,,,,,,,,
,,,,,,,,,,,,,,,,,,,,,,,,,,,,,,,,,,,,,,,,,,,,,,,,,,,,,,,,,,,,,,,,,,,
,,,,,,,,,,,,,,,,,,,,,,,,,,,,,,,,,,,,,,,,,,,,,,,,,,,,,,,,,,,,,,,,,,,
,,,,,,,,,,,,,,,,,,,,,,,,,,,,,,,,,,,,,,,,,,,,,,,,,,,,,,,,,,,,,,,,,,,
,,,,,,,,,,,,,,,,,,,,,,,,,,,,,,,,,,,,,,,,,,,,,,,,,,,,,,,,,,,,,,,,,,,
,,,,,,,,,,,,,,,,,,,,,,,,,,,,,,,,,,,,,,,,,,,,,,,,,,,,,,,,,,,,,,,,,,,
,,,,,,,,,,,,,,,,,,,,,,,,,,,,,,,,,,,,,,,,,,,,,,,,,,,,,,,,,,,,,,,,,,,
,,,,,,,,,,,,,,,,,,,,,,,,,,,,,,,,,,,,,,,,,,,,,,,,,,,,,,,,,,,,,,,,,,,
,,,,,,,,,,,,,,,,,,,,,,,,,,,,,,,,,,,,,,,,,,,,,,,,,,,,,,,,,,,,,,,,,,,
,,,,,,,,,,,,,,,,,,,,,,,,,,,,,,,,,,,,,,,,,,,,,,,,,,,,,,,,,,,,,,,,,,,
,,,,,,,,,,,,,,,,,,,,,,,,,,,,,,,,,,,,,,,,,,,,,,,,,,,,,,,,,,,,,,,,,,,
,,,,,,,,,,,,,,,,,,,,,,,,,,,,,,,,,,,,,,,,,,,,,,,,,,,,,,,,,,,,,,,,,,,
,,,,,,,,,,,,,,,,,,,,,,,,,,,,,,,,,,,,,,,,,,,,,,,,,,,,,,,,,,,,,,,,,,,
,,,,,,,,,,,,,,,,,,,,,,,,,,,,,,,,,,,,,,,,,,,,,,,,,,,,,,,,,,,,,,,,,,,
,,,,,,,,,,,,,,,,,,,,,,,,,,,,,,,,,,,,,,,,,,,,,,,,,,,,,,,,,,,,,,,,,,,
,,,,,,,,,,,,,,,,,,,,,,,,,,,,,,,,,,,,,,,,,,,,,,,,,,,,,,,,,,,,,,,,,,,
,,,,,,,,,,,,,,,,,,,,,,,,,,,,,,,,,,,,,,,,,,,,,,,,,,,,,,,,,,,,,,,,,,,
,,,,,,,,,,,,,,,,,,,,,,,,,,,,,,,,,,,,,,,,,,,,,,,,,,,,,,,,,,,,,,,,,,,
,,,,,,,,,,,,,,,,,,,,,,,,,,,,,,,,,,,,,,,,,,,,,,,,,,,,,,,,,,,,,,,,,,,
,,,,,,,,,,,,,,,,,,,,,,,,,,,,,,,,,,,,,,,,,,,,,,,,,,,,,,,,,,,,,,,,,,,
,,,,,,,,,,,,,,,,,,,,,,,,,,,,,,,,,,,,,,,,,,,,,,,,,,,,,,,,,,,,,,,,,,,
,,,,,,,,,,,,,,,,,,,,,,,,,,,,,,,,,,,,,,,,,,,,,,,,,,,,,,,,,,,,,,,,,,,
,,,,,,,,,,,,,,,,,,,,,,,,,,,,,,,,,,,,,,,,,,,,,,,,,,,,,,,,,,,,,,,,,,,
,,,,,,,,,,,,,,,,,,,,,,,,,,,,,,,,,,,,,,,,,,,,,,,,,,,,,,,,,,,,,,,,,,,
,,,,,,,,,,,,,,,,,,,,,,,,,,,,,,,,,,,,,,,,,,,,,,,,,,,,,,,,,,,,,,,,,,,
,,,,,,,,,,,,,,,,,,,,,,,,,,,,,,,,,,,,,,,,,,,,,,,,,,,,,,,,,,,,,,,,,,,
,,,,,,,,,,,,,,,,,,,,,,,,,,,,,,,,,,,,,,,,,,,,,,,,,,,,,,,,,,,,,,,,,,,
,,,,,,,,,,,,,,,,,,,,,,,,,,,,,,,,,,,,,,,,,,,,,,,,,,,,,,,,,,,,,,,,,,,
,,,,,,,,,,,,,,,,,,,,,,,,,,,,,,,,,,,,,,,,,,,,,,,,,,,,,,,,,,,,,,,,,,,
,,,,,,,,,,,,,,,,,,,,,,,,,,,,,,,,,,,,,,,,,,,,,,,,,,,,,,,,,,,,,,,,,,,
,,,,,,,,,,,,,,,,,,,,,,,,,,,,,,,,,,,,,,,,,,,,,,,,,,,,,,,,,,,,,,,,,,,
,,,,,,,,,,,,,,,,,,,,,,,,,,,,,,,,,,,,,,,,,,,,,,,,,,,,,,,,,,,,,,,,,,,
,,,,,,,,,,,,,,,,,,,,,,,,,,,,,,,,,,,,,,,,,,,,,,,,,,,,,,,,,,,,,,,,,,,
,,,,,,,,,,,,,,,,,,,,,,,,,,,,,,,,,,,,,,,,,,,,,,,,,,,,,,,,,,,,,,,,,,,
,,,,,,,,,,,,,,,,,,,,,,,,,,,,,,,,,,,,,,,,,,,,,,,,,,,,,,,,,,,,,,,,,,,
,,,,,,,,,,,,,,,,,,,,,,,,,,,,,,,,,,,,,,,,,,,,,,,,,,,,,,,,,,,,,,,,,,,
,,,,,,,,,,,,,,,,,,,,,,,,,,,,,,,,,,,,,,,,,,,,,,,,,,,,,,,,,,,,,,,,,,,
,,,,,,,,,,,,,,,,,,,,,,,,,,,,,,,,,,,,,,,,,,,,,,,,,,,,,,,,,,,,,,,,,,,
,,,,,,,,,,,,,,,,,,,,,,,,,,,,,,,,,,,,,,,,,,,,,,,,,,,,,,,,,,,,,,,,,,,
,,,,,,,,,,,,,,,,,,,,,,,,,,,,,,,,,,,,,,,,,,,,,,,,,,,,,,,,,,,,,,,,,,,
,,,,,,,,,,,,,,,,,,,,,,,,,,,,,,,,,,,,,,,,,,,,,,,,,,,,,,,,,,,,,,,,,,,
,,,,,,,,,,,,,,,,,,,,,,,,,,,,,,,,,,,,,,,,,,,,,,,,,,,,,,,,,,,,,,,,,,,
,,,,,,,,,,,,,,,,,,,,,,,,,,,,,,,,,,,,,,,,,,,,,,,,,,,,,,,,,,,,,,,,,,,
,,,,,,,,,,,,,,,,,,,,,,,,,,,,,,,,,,,,,,,,,,,,,,,,,,,,,,,,,,,,,,,,,,,
,,,,,,,,,,,,,,,,,,,,,,,,,,,,,,,,,,,,,,,,,,,,,,,,,,,,,,,,,,,,,,,,,,,
,,,,,,,,,,,,,,,,,,,,,,,,,,,,,,,,,,,,,,,,,,,,,,,,,,,,,,,,,,,,,,,,,,,
,,,,,,,,,,,,,,,,,,,,,,,,,,,,,,,,,,,,,,,,,,,,,,,,,,,,,,,,,,,,,,,,,,,
,,,,,,,,,,,,,,,,,,,,,,,,,,,,,,,,,,,,,,,,,,,,,,,,,,,,,,,,,,,,,,,,,,,
,,,,,,,,,,,,,,,,,,,,,,,,,,,,,,,,,,,,,,,,,,,,,,,,,,,,,,,,,,,,,,,,,,,
,,,,,,,,,,,,,,,,,,,,,,,,,,,,,,,,,,,,,,,,,,,,,,,,,,,,,,,,,,,,,,,,,,,
,,,,,,,,,,,,,,,,,,,,,,,,,,,,,,,,,,,,,,,,,,,,,,,,,,,,,,,,,,,,,,,,,,,
,,,,,,,,,,,,,,,,,,,,,,,,,,,,,,,,,,,,,,,,,,,,,,,,,,,,,,,,,,,,,,,,,,,
,,,,,,,,,,,,,,,,,,,,,,,,,,,,,,,,,,,,,,,,,,,,,,,,,,,,,,,,,,,,,,,,,,,
,,,,,,,,,,,,,,,,,,,,,,,,,,,,,,,,,,,,,,,,,,,,,,,,,,,,,,,,,,,,,,,,,,,
,,,,,,,,,,,,,,,,,,,,,,,,,,,,,,,,,,,,,,,,,,,,,,,,,,,,,,,,,,,,,,,,,,,
,,,,,,,,,,,,,,,,,,,,,,,,,,,,,,,,,,,,,,,,,,,,,,,,,,,,,,,,,,,,,,,,,,,
,,,,,,,,,,,,,,,,,,,,,,,,,,,,,,,,,,,,,,,,,,,,,,,,,,,,,,,,,,,,,,,,,,,
,,,,,,,,,,,,,,,,,,,,,,,,,,,,,,,,,,,,,,,,,,,,,,,,,,,,,,,,,,,,,,,,,,,
,,,,,,,,,,,,,,,,,,,,,,,,,,,,,,,,,,,,,,,,,,,,,,,,,,,,,,,,,,,,,,,,,,,
,,,,,,,,,,,,,,,,,,,,,,,,,,,,,,,,,,,,,,,,,,,,,,,,,,,,,,,,,,,,,,,,,,,
,,,,,,,,,,,,,,,,,,,,,,,,,,,,,,,,,,,,,,,,,,,,,,,,,,,,,,,,,,,,,,,,,,,
,,,,,,,,,,,,,,,,,,,,,,,,,,,,,,,,,,,,,,,,,,,,,,,,,,,,,,,,,,,,,,,,,,,
,,,,,,,,,,,,,,,,,,,,,,,,,,,,,,,,,,,,,,,,,,,,,,,,,,,,,,,,,,,,,,,,,,,
,,,,,,,,,,,,,,,,,,,,,,,,,,,,,,,,,,,,,,,,,,,,,,,,,,,,,,,,,,,,,,,,,,,
,,,,,,,,,,,,,,,,,,,,,,,,,,,,,,,,,,,,,,,,,,,,,,,,,,,,,,,,,,,,,,,,,,,
,,,,,,,,,,,,,,,,,,,,,,,,,,,,,,,,,,,,,,,,,,,,,,,,,,,,,,,,,,,,,,,,,,,
,,,,,,,,,,,,,,,,,,,,,,,,,,,,,,,,,,,,,,,,,,,,,,,,,,,,,,,,,,,,,,,,,,,
,,,,,,,,,,,,,,,,,,,,,,,,,,,,,,,,,,,,,,,,,,,,,,,,,,,,,,,,,,,,,,,,,,,
,,,,,,,,,,,,,,,,,,,,,,,,,,,,,,,,,,,,,,,,,,,,,,,,,,,,,,,,,,,,,,,,,,,
,,,,,,,,,,,,,,,,,,,,,,,,,,,,,,,,,,,,,,,,,,,,,,,,,,,,,,,,,,,,,,,,,,,
,,,,,,,,,,,,,,,,,,,,,,,,,,,,,,,,,,,,,,,,,,,,,,,,,,,,,,,,,,,,,,,,,,,
,,,,,,,,,,,,,,,,,,,,,,,,,,,,,,,,,,,,,,,,,,,,,,,,,,,,,,,,,,,,,,,,,,,
,,,,,,,,,,,,,,,,,,,,,,,,,,,,,,,,,,,,,,,,,,,,,,,,,,,,,,,,,,,,,,,,,,,
,,,,,,,,,,,,,,,,,,,,,,,,,,,,,,,,,,,,,,,,,,,,,,,,,,,,,,,,,,,,,,,,,,,
,,,,,,,,,,,,,,,,,,,,,,,,,,,,,,,,,,,,,,,,,,,,,,,,,,,,,,,,,,,,,,,,,,,
,,,,,,,,,,,,,,,,,,,,,,,,,,,,,,,,,,,,,,,,,,,,,,,,,,,,,,,,,,,,,,,,,,,
,,,,,,,,,,,,,,,,,,,,,,,,,,,,,,,,,,,,,,,,,,,,,,,,,,,,,,,,,,,,,,,,,,,
,,,,,,,,,,,,,,,,,,,,,,,,,,,,,,,,,,,,,,,,,,,,,,,,,,,,,,,,,,,,,,,,,,,
,,,,,,,,,,,,,,,,,,,,,,,,,,,,,,,,,,,,,,,,,,,,,,,,,,,,,,,,,,,,,,,,,,,
,,,,,,,,,,,,,,,,,,,,,,,,,,,,,,,,,,,,,,,,,,,,,,,,,,,,,,,,,,,,,,,,,,,
,,,,,,,,,,,,,,,,,,,,,,,,,,,,,,,,,,,,,,,,,,,,,,,,,,,,,,,,,,,,,,,,,,,
,,,,,,,,,,,,,,,,,,,,,,,,,,,,,,,,,,,,,,,,,,,,,,,,,,,,,,,,,,,,,,,,,,,
,,,,,,,,,,,,,,,,,,,,,,,,,,,,,,,,,,,,,,,,,,,,,,,,,,,,,,,,,,,,,,,,,,,
,,,,,,,,,,,,,,,,,,,,,,,,,,,,,,,,,,,,,,,,,,,,,,,,,,,,,,,,,,,,,,,,,,,
,,,,,,,,,,,,,,,,,,,,,,,,,,,,,,,,,,,,,,,,,,,,,,,,,,,,,,,,,,,,,,,,,,,
,,,,,,,,,,,,,,,,,,,,,,,,,,,,,,,,,,,,,,,,,,,,,,,,,,,,,,,,,,,,,,,,,,,
,,,,,,,,,,,,,,,,,,,,,,,,,,,,,,,,,,,,,,,,,,,,,,,,,,,,,,,,,,,,,,,,,,,
,,,,,,,,,,,,,,,,,,,,,,,,,,,,,,,,,,,,,,,,,,,,,,,,,,,,,,,,,,,,,,,,,,,
,,,,,,,,,,,,,,,,,,,,,,,,,,,,,,,,,,,,,,,,,,,,,,,,,,,,,,,,,,,,,,,,,,,
,,,,,,,,,,,,,,,,,,,,,,,,,,,,,,,,,,,,,,,,,,,,,,,,,,,,,,,,,,,,,,,,,,,
,,,,,,,,,,,,,,,,,,,,,,,,,,,,,,,,,,,,,,,,,,,,,,,,,,,,,,,,,,,,,,,,,,,
,,,,,,,,,,,,,,,,,,,,,,,,,,,,,,,,,,,,,,,,,,,,,,,,,,,,,,,,,,,,,,,,,,,
,,,,,,,,,,,,,,,,,,,,,,,,,,,,,,,,,,,,,,,,,,,,,,,,,,,,,,,,,,,,,,,,,,,
,,,,,,,,,,,,,,,,,,,,,,,,,,,,,,,,,,,,,,,,,,,,,,,,,,,,,,,,,,,,,,,,,,,
,,,,,,,,,,,,,,,,,,,,,,,,,,,,,,,,,,,,,,,,,,,,,,,,,,,,,,,,,,,,,,,,,,,
,,,,,,,,,,,,,,,,,,,,,,,,,,,,,,,,,,,,,,,,,,,,,,,,,,,,,,,,,,,,,,,,,,,
,,,,,,,,,,,,,,,,,,,,,,,,,,,,,,,,,,,,,,,,,,,,,,,,,,,,,,,,,,,,,,,,,,,
,,,,,,,,,,,,,,,,,,,,,,,,,,,,,,,,,,,,,,,,,,,,,,,,,,,,,,,,,,,,,,,,,,,
,,,,,,,,,,,,,,,,,,,,,,,,,,,,,,,,,,,,,,,,,,,,,,,,,,,,,,,,,,,,,,,,,,,
,,,,,,,,,,,,,,,,,,,,,,,,,,,,,,,,,,,,,,,,,,,,,,,,,,,,,,,,,,,,,,,,,,,
,,,,,,,,,,,,,,,,,,,,,,,,,,,,,,,,,,,,,,,,,,,,,,,,,,,,,,,,,,,,,,,,,,,
,,,,,,,,,,,,,,,,,,,,,,,,,,,,,,,,,,,,,,,,,,,,,,,,,,,,,,,,,,,,,,,,,,,
,,,,,,,,,,,,,,,,,,,,,,,,,,,,,,,,,,,,,,,,,,,,,,,,,,,,,,,,,,,,,,,,,,,
,,,,,,,,,,,,,,,,,,,,,,,,,,,,,,,,,,,,,,,,,,,,,,,,,,,,,,,,,,,,,,,,,,,
,,,,,,,,,,,,,,,,,,,,,,,,,,,,,,,,,,,,,,,,,,,,,,,,,,,,,,,,,,,,,,,,,,,
,,,,,,,,,,,,,,,,,,,,,,,,,,,,,,,,,,,,,,,,,,,,,,,,,,,,,,,,,,,,,,,,,,,
,,,,,,,,,,,,,,,,,,,,,,,,,,,,,,,,,,,,,,,,,,,,,,,,,,,,,,,,,,,,,,,,,,,
,,,,,,,,,,,,,,,,,,,,,,,,,,,,,,,,,,,,,,,,,,,,,,,,,,,,,,,,,,,,,,,,,,,
,,,,,,,,,,,,,,,,,,,,,,,,,,,,,,,,,,,,,,,,,,,,,,,,,,,,,,,,,,,,,,,,,,,
,,,,,,,,,,,,,,,,,,,,,,,,,,,,,,,,,,,,,,,,,,,,,,,,,,,,,,,,,,,,,,,,,,,
,,,,,,,,,,,,,,,,,,,,,,,,,,,,,,,,,,,,,,,,,,,,,,,,,,,,,,,,,,,,,,,,,,,
,,,,,,,,,,,,,,,,,,,,,,,,,,,,,,,,,,,,,,,,,,,,,,,,,,,,,,,,,,,,,,,,,,,
,,,,,,,,,,,,,,,,,,,,,,,,,,,,,,,,,,,,,,,,,,,,,,,,,,,,,,,,,,,,,,,,,,,
,,,,,,,,,,,,,,,,,,,,,,,,,,,,,,,,,,,,,,,,,,,,,,,,,,,,,,,,,,,,,,,,,,,
,,,,,,,,,,,,,,,,,,,,,,,,,,,,,,,,,,,,,,,,,,,,,,,,,,,,,,,,,,,,,,,,,,,
,,,,,,,,,,,,,,,,,,,,,,,,,,,,,,,,,,,,,,,,,,,,,,,,,,,,,,,,,,,,,,,,,,,
,,,,,,,,,,,,,,,,,,,,,,,,,,,,,,,,,,,,,,,,,,,,,,,,,,,,,,,,,,,,,,,,,,,
,,,,,,,,,,,,,,,,,,,,,,,,,,,,,,,,,,,,,,,,,,,,,,,,,,,,,,,,,,,,,,,,,,,
,,,,,,,,,,,,,,,,,,,,,,,,,,,,,,,,,,,,,,,,,,,,,,,,,,,,,,,,,,,,,,,,,,,
,,,,,,,,,,,,,,,,,,,,,,,,,,,,,,,,,,,,,,,,,,,,,,,,,,,,,,,,,,,,,,,,,,,
,,,,,,,,,,,,,,,,,,,,,,,,,,,,,,,,,,,,,,,,,,,,,,,,,,,,,,,,,,,,,,,,,,,
,,,,,,,,,,,,,,,,,,,,,,,,,,,,,,,,,,,,,,,,,,,,,,,,,,,,,,,,,,,,,,,,,,,
,,,,,,,,,,,,,,,,,,,,,,,,,,,,,,,,,,,,,,,,,,,,,,,,,,,,,,,,,,,,,,,,,,,
,,,,,,,,,,,,,,,,,,,,,,,,,,,,,,,,,,,,,,,,,,,,,,,,,,,,,,,,,,,,,,,,,,,
,,,,,,,,,,,,,,,,,,,,,,,,,,,,,,,,,,,,,,,,,,,,,,,,,,,,,,,,,,,,,,,,,,,
,,,,,,,,,,,,,,,,,,,,,,,,,,,,,,,,,,,,,,,,,,,,,,,,,,,,,,,,,,,,,,,,,,,
,,,,,,,,,,,,,,,,,,,,,,,,,,,,,,,,,,,,,,,,,,,,,,,,,,,,,,,,,,,,,,,,,,,
,,,,,,,,,,,,,,,,,,,,,,,,,,,,,,,,,,,,,,,,,,,,,,,,,,,,,,,,,,,,,,,,,,,
,,,,,,,,,,,,,,,,,,,,,,,,,,,,,,,,,,,,,,,,,,,,,,,,,,,,,,,,,,,,,,,,,,,
,,,,,,,,,,,,,,,,,,,,,,,,,,,,,,,,,,,,,,,,,,,,,,,,,,,,,,,,,,,,,,,,,,,
,,,,,,,,,,,,,,,,,,,,,,,,,,,,,,,,,,,,,,,,,,,,,,,,,,,,,,,,,,,,,,,,,,,
,,,,,,,,,,,,,,,,,,,,,,,,,,,,,,,,,,,,,,,,,,,,,,,,,,,,,,,,,,,,,,,,,,,
,,,,,,,,,,,,,,,,,,,,,,,,,,,,,,,,,,,,,,,,,,,,,,,,,,,,,,,,,,,,,,,,,,,
,,,,,,,,,,,,,,,,,,,,,,,,,,,,,,,,,,,,,,,,,,,,,,,,,,,,,,,,,,,,,,,,,,,
,,,,,,,,,,,,,,,,,,,,,,,,,,,,,,,,,,,,,,,,,,,,,,,,,,,,,,,,,,,,,,,,,,,
,,,,,,,,,,,,,,,,,,,,,,,,,,,,,,,,,,,,,,,,,,,,,,,,,,,,,,,,,,,,,,,,,,,
,,,,,,,,,,,,,,,,,,,,,,,,,,,,,,,,,,,,,,,,,,,,,,,,,,,,,,,,,,,,,,,,,,,
,,,,,,,,,,,,,,,,,,,,,,,,,,,,,,,,,,,,,,,,,,,,,,,,,,,,,,,,,,,,,,,,,,,
,,,,,,,,,,,,,,,,,,,,,,,,,,,,,,,,,,,,,,,,,,,,,,,,,,,,,,,,,,,,,,,,,,,
,,,,,,,,,,,,,,,,,,,,,,,,,,,,,,,,,,,,,,,,,,,,,,,,,,,,,,,,,,,,,,,,,,,
,,,,,,,,,,,,,,,,,,,,,,,,,,,,,,,,,,,,,,,,,,,,,,,,,,,,,,,,,,,,,,,,,,,
,,,,,,,,,,,,,,,,,,,,,,,,,,,,,,,,,,,,,,,,,,,,,,,,,,,,,,,,,,,,,,,,,,,
,,,,,,,,,,,,,,,,,,,,,,,,,,,,,,,,,,,,,,,,,,,,,,,,,,,,,,,,,,,,,,,,,,,
,,,,,,,,,,,,,,,,,,,,,,,,,,,,,,,,,,,,,,,,,,,,,,,,,,,,,,,,,,,,,,,,,,,
,,,,,,,,,,,,,,,,,,,,,,,,,,,,,,,,,,,,,,,,,,,,,,,,,,,,,,,,,,,,,,,,,,,
,,,,,,,,,,,,,,,,,,,,,,,,,,,,,,,,,,,,,,,,,,,,,,,,,,,,,,,,,,,,,,,,,,,
,,,,,,,,,,,,,,,,,,,,,,,,,,,,,,,,,,,,,,,,,,,,,,,,,,,,,,,,,,,,,,,,,,,
,,,,,,,,,,,,,,,,,,,,,,,,,,,,,,,,,,,,,,,,,,,,,,,,,,,,,,,,,,,,,,,,,,,
,,,,,,,,,,,,,,,,,,,,,,,,,,,,,,,,,,,,,,,,,,,,,,,,,,,,,,,,,,,,,,,,,,,
,,,,,,,,,,,,,,,,,,,,,,,,,,,,,,,,,,,,,,,,,,,,,,,,,,,,,,,,,,,,,,,,,,,
,,,,,,,,,,,,,,,,,,,,,,,,,,,,,,,,,,,,,,,,,,,,,,,,,,,,,,,,,,,,,,,,,,,
,,,,,,,,,,,,,,,,,,,,,,,,,,,,,,,,,,,,,,,,,,,,,,,,,,,,,,,,,,,,,,,,,,,
,,,,,,,,,,,,,,,,,,,,,,,,,,,,,,,,,,,,,,,,,,,,,,,,,,,,,,,,,,,,,,,,,,,
,,,,,,,,,,,,,,,,,,,,,,,,,,,,,,,,,,,,,,,,,,,,,,,,,,,,,,,,,,,,,,,,,,,
,,,,,,,,,,,,,,,,,,,,,,,,,,,,,,,,,,,,,,,,,,,,,,,,,,,,,,,,,,,,,,,,,,,
,,,,,,,,,,,,,,,,,,,,,,,,,,,,,,,,,,,,,,,,,,,,,,,,,,,,,,,,,,,,,,,,,,,
,,,,,,,,,,,,,,,,,,,,,,,,,,,,,,,,,,,,,,,,,,,,,,,,,,,,,,,,,,,,,,,,,,,
,,,,,,,,,,,,,,,,,,,,,,,,,,,,,,,,,,,,,,,,,,,,,,,,,,,,,,,,,,,,,,,,,,,
,,,,,,,,,,,,,,,,,,,,,,,,,,,,,,,,,,,,,,,,,,,,,,,,,,,,,,,,,,,,,,,,,,,
,,,,,,,,,,,,,,,,,,,,,,,,,,,,,,,,,,,,,,,,,,,,,,,,,,,,,,,,,,,,,,,,,,,
,,,,,,,,,,,,,,,,,,,,,,,,,,,,,,,,,,,,,,,,,,,,,,,,,,,,,,,,,,,,,,,,,,,
,,,,,,,,,,,,,,,,,,,,,,,,,,,,,,,,,,,,,,,,,,,,,,,,,,,,,,,,,,,,,,,,,,,
,,,,,,,,,,,,,,,,,,,,,,,,,,,,,,,,,,,,,,,,,,,,,,,,,,,,,,,,,,,,,,,,,,,
,,,,,,,,,,,,,,,,,,,,,,,,,,,,,,,,,,,,,,,,,,,,,,,,,,,,,,,,,,,,,,,,,,,
,,,,,,,,,,,,,,,,,,,,,,,,,,,,,,,,,,,,,,,,,,,,,,,,,,,,,,,,,,,,,,,,,,,
,,,,,,,,,,,,,,,,,,,,,,,,,,,,,,,,,,,,,,,,,,,,,,,,,,,,,,,,,,,,,,,,,,,
,,,,,,,,,,,,,,,,,,,,,,,,,,,,,,,,,,,,,,,,,,,,,,,,,,,,,,,,,,,,,,,,,,,
,,,,,,,,,,,,,,,,,,,,,,,,,,,,,,,,,,,,,,,,,,,,,,,,,,,,,,,,,,,,,,,,,,,
,,,,,,,,,,,,,,,,,,,,,,,,,,,,,,,,,,,,,,,,,,,,,,,,,,,,,,,,,,,,,,,,,,,
,,,,,,,,,,,,,,,,,,,,,,,,,,,,,,,,,,,,,,,,,,,,,,,,,,,,,,,,,,,,,,,,,,,
,,,,,,,,,,,,,,,,,,,,,,,,,,,,,,,,,,,,,,,,,,,,,,,,,,,,,,,,,,,,,,,,,,,
,,,,,,,,,,,,,,,,,,,,,,,,,,,,,,,,,,,,,,,,,,,,,,,,,,,,,,,,,,,,,,,,,,,
,,,,,,,,,,,,,,,,,,,,,,,,,,,,,,,,,,,,,,,,,,,,,,,,,,,,,,,,,,,,,,,,,,,
,,,,,,,,,,,,,,,,,,,,,,,,,,,,,,,,,,,,,,,,,,,,,,,,,,,,,,,,,,,,,,,,,,,
,,,,,,,,,,,,,,,,,,,,,,,,,,,,,,,,,,,,,,,,,,,,,,,,,,,,,,,,,,,,,,,,,,,
,,,,,,,,,,,,,,,,,,,,,,,,,,,,,,,,,,,,,,,,,,,,,,,,,,,,,,,,,,,,,,,,,,,
,,,,,,,,,,,,,,,,,,,,,,,,,,,,,,,,,,,,,,,,,,,,,,,,,,,,,,,,,,,,,,,,,,,
,,,,,,,,,,,,,,,,,,,,,,,,,,,,,,,,,,,,,,,,,,,,,,,,,,,,,,,,,,,,,,,,,,,
,,,,,,,,,,,,,,,,,,,,,,,,,,,,,,,,,,,,,,,,,,,,,,,,,,,,,,,,,,,,,,,,,,,
,,,,,,,,,,,,,,,,,,,,,,,,,,,,,,,,,,,,,,,,,,,,,,,,,,,,,,,,,,,,,,,,,,,
,,,,,,,,,,,,,,,,,,,,,,,,,,,,,,,,,,,,,,,,,,,,,,,,,,,,,,,,,,,,,,,,,,,
,,,,,,,,,,,,,,,,,,,,,,,,,,,,,,,,,,,,,,,,,,,,,,,,,,,,,,,,,,,,,,,,,,,
,,,,,,,,,,,,,,,,,,,,,,,,,,,,,,,,,,,,,,,,,,,,,,,,,,,,,,,,,,,,,,,,,,,
,,,,,,,,,,,,,,,,,,,,,,,,,,,,,,,,,,,,,,,,,,,,,,,,,,,,,,,,,,,,,,,,,,,
,,,,,,,,,,,,,,,,,,,,,,,,,,,,,,,,,,,,,,,,,,,,,,,,,,,,,,,,,,,,,,,,,,,
,,,,,,,,,,,,,,,,,,,,,,,,,,,,,,,,,,,,,,,,,,,,,,,,,,,,,,,,,,,,,,,,,,,
,,,,,,,,,,,,,,,,,,,,,,,,,,,,,,,,,,,,,,,,,,,,,,,,,,,,,,,,,,,,,,,,,,,
,,,,,,,,,,,,,,,,,,,,,,,,,,,,,,,,,,,,,,,,,,,,,,,,,,,,,,,,,,,,,,,,,,,
,,,,,,,,,,,,,,,,,,,,,,,,,,,,,,,,,,,,,,,,,,,,,,,,,,,,,,,,,,,,,,,,,,,
,,,,,,,,,,,,,,,,,,,,,,,,,,,,,,,,,,,,,,,,,,,,,,,,,,,,,,,,,,,,,,,,,,,
,,,,,,,,,,,,,,,,,,,,,,,,,,,,,,,,,,,,,,,,,,,,,,,,,,,,,,,,,,,,,,,,,,,
,,,,,,,,,,,,,,,,,,,,,,,,,,,,,,,,,,,,,,,,,,,,,,,,,,,,,,,,,,,,,,,,,,,
,,,,,,,,,,,,,,,,,,,,,,,,,,,,,,,,,,,,,,,,,,,,,,,,,,,,,,,,,,,,,,,,,,,
,,,,,,,,,,,,,,,,,,,,,,,,,,,,,,,,,,,,,,,,,,,,,,,,,,,,,,,,,,,,,,,,,,,
,,,,,,,,,,,,,,,,,,,,,,,,,,,,,,,,,,,,,,,,,,,,,,,,,,,,,,,,,,,,,,,,,,,
,,,,,,,,,,,,,,,,,,,,,,,,,,,,,,,,,,,,,,,,,,,,,,,,,,,,,,,,,,,,,,,,,,,
,,,,,,,,,,,,,,,,,,,,,,,,,,,,,,,,,,,,,,,,,,,,,,,,,,,,,,,,,,,,,,,,,,,
,,,,,,,,,,,,,,,,,,,,,,,,,,,,,,,,,,,,,,,,,,,,,,,,,,,,,,,,,,,,,,,,,,,
,,,,,,,,,,,,,,,,,,,,,,,,,,,,,,,,,,,,,,,,,,,,,,,,,,,,,,,,,,,,,,,,,,,
,,,,,,,,,,,,,,,,,,,,,,,,,,,,,,,,,,,,,,,,,,,,,,,,,,,,,,,,,,,,,,,,,,,
,,,,,,,,,,,,,,,,,,,,,,,,,,,,,,,,,,,,,,,,,,,,,,,,,,,,,,,,,,,,,,,,,,,
,,,,,,,,,,,,,,,,,,,,,,,,,,,,,,,,,,,,,,,,,,,,,,,,,,,,,,,,,,,,,,,,,,,
,,,,,,,,,,,,,,,,,,,,,,,,,,,,,,,,,,,,,,,,,,,,,,,,,,,,,,,,,,,,,,,,,,,
,,,,,,,,,,,,,,,,,,,,,,,,,,,,,,,,,,,,,,,,,,,,,,,,,,,,,,,,,,,,,,,,,,,
,,,,,,,,,,,,,,,,,,,,,,,,,,,,,,,,,,,,,,,,,,,,,,,,,,,,,,,,,,,,,,,,,,,
,,,,,,,,,,,,,,,,,,,,,,,,,,,,,,,,,,,,,,,,,,,,,,,,,,,,,,,,,,,,,,,,,,,
,,,,,,,,,,,,,,,,,,,,,,,,,,,,,,,,,,,,,,,,,,,,,,,,,,,,,,,,,,,,,,,,,,,
,,,,,,,,,,,,,,,,,,,,,,,,,,,,,,,,,,,,,,,,,,,,,,,,,,,,,,,,,,,,,,,,,,,
,,,,,,,,,,,,,,,,,,,,,,,,,,,,,,,,,,,,,,,,,,,,,,,,,,,,,,,,,,,,,,,,,,,
,,,,,,,,,,,,,,,,,,,,,,,,,,,,,,,,,,,,,,,,,,,,,,,,,,,,,,,,,,,,,,,,,,,
,,,,,,,,,,,,,,,,,,,,,,,,,,,,,,,,,,,,,,,,,,,,,,,,,,,,,,,,,,,,,,,,,,,
,,,,,,,,,,,,,,,,,,,,,,,,,,,,,,,,,,,,,,,,,,,,,,,,,,,,,,,,,,,,,,,,,,,
,,,,,,,,,,,,,,,,,,,,,,,,,,,,,,,,,,,,,,,,,,,,,,,,,,,,,,,,,,,,,,,,,,,
,,,,,,,,,,,,,,,,,,,,,,,,,,,,,,,,,,,,,,,,,,,,,,,,,,,,,,,,,,,,,,,,,,,
,,,,,,,,,,,,,,,,,,,,,,,,,,,,,,,,,,,,,,,,,,,,,,,,,,,,,,,,,,,,,,,,,,,
,,,,,,,,,,,,,,,,,,,,,,,,,,,,,,,,,,,,,,,,,,,,,,,,,,,,,,,,,,,,,,,,,,,
,,,,,,,,,,,,,,,,,,,,,,,,,,,,,,,,,,,,,,,,,,,,,,,,,,,,,,,,,,,,,,,,,,,
,,,,,,,,,,,,,,,,,,,,,,,,,,,,,,,,,,,,,,,,,,,,,,,,,,,,,,,,,,,,,,,,,,,
,,,,,,,,,,,,,,,,,,,,,,,,,,,,,,,,,,,,,,,,,,,,,,,,,,,,,,,,,,,,,,,,,,,
,,,,,,,,,,,,,,,,,,,,,,,,,,,,,,,,,,,,,,,,,,,,,,,,,,,,,,,,,,,,,,,,,,,
,,,,,,,,,,,,,,,,,,,,,,,,,,,,,,,,,,,,,,,,,,,,,,,,,,,,,,,,,,,,,,,,,,,
,,,,,,,,,,,,,,,,,,,,,,,,,,,,,,,,,,,,,,,,,,,,,,,,,,,,,,,,,,,,,,,,,,,
,,,,,,,,,,,,,,,,,,,,,,,,,,,,,,,,,,,,,,,,,,,,,,,,,,,,,,,,,,,,,,,,,,,
,,,,,,,,,,,,,,,,,,,,,,,,,,,,,,,,,,,,,,,,,,,,,,,,,,,,,,,,,,,,,,,,,,,
,,,,,,,,,,,,,,,,,,,,,,,,,,,,,,,,,,,,,,,,,,,,,,,,,,,,,,,,,,,,,,,,,,,
,,,,,,,,,,,,,,,,,,,,,,,,,,,,,,,,,,,,,,,,,,,,,,,,,,,,,,,,,,,,,,,,,,,
,,,,,,,,,,,,,,,,,,,,,,,,,,,,,,,,,,,,,,,,,,,,,,,,,,,,,,,,,,,,,,,,,,,
,,,,,,,,,,,,,,,,,,,,,,,,,,,,,,,,,,,,,,,,,,,,,,,,,,,,,,,,,,,,,,,,,,,
,,,,,,,,,,,,,,,,,,,,,,,,,,,,,,,,,,,,,,,,,,,,,,,,,,,,,,,,,,,,,,,,,,,
,,,,,,,,,,,,,,,,,,,,,,,,,,,,,,,,,,,,,,,,,,,,,,,,,,,,,,,,,,,,,,,,,,,
,,,,,,,,,,,,,,,,,,,,,,,,,,,,,,,,,,,,,,,,,,,,,,,,,,,,,,,,,,,,,,,,,,,
,,,,,,,,,,,,,,,,,,,,,,,,,,,,,,,,,,,,,,,,,,,,,,,,,,,,,,,,,,,,,,,,,,,
,,,,,,,,,,,,,,,,,,,,,,,,,,,,,,,,,,,,,,,,,,,,,,,,,,,,,,,,,,,,,,,,,,,
,,,,,,,,,,,,,,,,,,,,,,,,,,,,,,,,,,,,,,,,,,,,,,,,,,,,,,,,,,,,,,,,,,,
,,,,,,,,,,,,,,,,,,,,,,,,,,,,,,,,,,,,,,,,,,,,,,,,,,,,,,,,,,,,,,,,,,,
,,,,,,,,,,,,,,,,,,,,,,,,,,,,,,,,,,,,,,,,,,,,,,,,,,,,,,,,,,,,,,,,,,,
,,,,,,,,,,,,,,,,,,,,,,,,,,,,,,,,,,,,,,,,,,,,,,,,,,,,,,,,,,,,,,,,,,,
,,,,,,,,,,,,,,,,,,,,,,,,,,,,,,,,,,,,,,,,,,,,,,,,,,,,,,,,,,,,,,,,,,,
,,,,,,,,,,,,,,,,,,,,,,,,,,,,,,,,,,,,,,,,,,,,,,,,,,,,,,,,,,,,,,,,,,,
,,,,,,,,,,,,,,,,,,,,,,,,,,,,,,,,,,,,,,,,,,,,,,,,,,,,,,,,,,,,,,,,,,,
,,,,,,,,,,,,,,,,,,,,,,,,,,,,,,,,,,,,,,,,,,,,,,,,,,,,,,,,,,,,,,,,,,,
,,,,,,,,,,,,,,,,,,,,,,,,,,,,,,,,,,,,,,,,,,,,,,,,,,,,,,,,,,,,,,,,,,,
,,,,,,,,,,,,,,,,,,,,,,,,,,,,,,,,,,,,,,,,,,,,,,,,,,,,,,,,,,,,,,,,,,,
,,,,,,,,,,,,,,,,,,,,,,,,,,,,,,,,,,,,,,,,,,,,,,,,,,,,,,,,,,,,,,,,,,,
,,,,,,,,,,,,,,,,,,,,,,,,,,,,,,,,,,,,,,,,,,,,,,,,,,,,,,,,,,,,,,,,,,,
,,,,,,,,,,,,,,,,,,,,,,,,,,,,,,,,,,,,,,,,,,,,,,,,,,,,,,,,,,,,,,,,,,,
,,,,,,,,,,,,,,,,,,,,,,,,,,,,,,,,,,,,,,,,,,,,,,,,,,,,,,,,,,,,,,,,,,,
,,,,,,,,,,,,,,,,,,,,,,,,,,,,,,,,,,,,,,,,,,,,,,,,,,,,,,,,,,,,,,,,,,,
,,,,,,,,,,,,,,,,,,,,,,,,,,,,,,,,,,,,,,,,,,,,,,,,,,,,,,,,,,,,,,,,,,,
,,,,,,,,,,,,,,,,,,,,,,,,,,,,,,,,,,,,,,,,,,,,,,,,,,,,,,,,,,,,,,,,,,,
,,,,,,,,,,,,,,,,,,,,,,,,,,,,,,,,,,,,,,,,,,,,,,,,,,,,,,,,,,,,,,,,,,,
,,,,,,,,,,,,,,,,,,,,,,,,,,,,,,,,,,,,,,,,,,,,,,,,,,,,,,,,,,,,,,,,,,,
,,,,,,,,,,,,,,,,,,,,,,,,,,,,,,,,,,,,,,,,,,,,,,,,,,,,,,,,,,,,,,,,,,,
,,,,,,,,,,,,,,,,,,,,,,,,,,,,,,,,,,,,,,,,,,,,,,,,,,,,,,,,,,,,,,,,,,,
,,,,,,,,,,,,,,,,,,,,,,,,,,,,,,,,,,,,,,,,,,,,,,,,,,,,,,,,,,,,,,,,,,,
,,,,,,,,,,,,,,,,,,,,,,,,,,,,,,,,,,,,,,,,,,,,,,,,,,,,,,,,,,,,,,,,,,,
,,,,,,,,,,,,,,,,,,,,,,,,,,,,,,,,,,,,,,,,,,,,,,,,,,,,,,,,,,,,,,,,,,,
,,,,,,,,,,,,,,,,,,,,,,,,,,,,,,,,,,,,,,,,,,,,,,,,,,,,,,,,,,,,,,,,,,,
,,,,,,,,,,,,,,,,,,,,,,,,,,,,,,,,,,,,,,,,,,,,,,,,,,,,,,,,,,,,,,,,,,,
,,,,,,,,,,,,,,,,,,,,,,,,,,,,,,,,,,,,,,,,,,,,,,,,,,,,,,,,,,,,,,,,,,,
,,,,,,,,,,,,,,,,,,,,,,,,,,,,,,,,,,,,,,,,,,,,,,,,,,,,,,,,,,,,,,,,,,,
,,,,,,,,,,,,,,,,,,,,,,,,,,,,,,,,,,,,,,,,,,,,,,,,,,,,,,,,,,,,,,,,,,,
,,,,,,,,,,,,,,,,,,,,,,,,,,,,,,,,,,,,,,,,,,,,,,,,,,,,,,,,,,,,,,,,,,,
,,,,,,,,,,,,,,,,,,,,,,,,,,,,,,,,,,,,,,,,,,,,,,,,,,,,,,,,,,,,,,,,,,,
,,,,,,,,,,,,,,,,,,,,,,,,,,,,,,,,,,,,,,,,,,,,,,,,,,,,,,,,,,,,,,,,,,,
,,,,,,,,,,,,,,,,,,,,,,,,,,,,,,,,,,,,,,,,,,,,,,,,,,,,,,,,,,,,,,,,,,,
,,,,,,,,,,,,,,,,,,,,,,,,,,,,,,,,,,,,,,,,,,,,,,,,,,,,,,,,,,,,,,,,,,,
,,,,,,,,,,,,,,,,,,,,,,,,,,,,,,,,,,,,,,,,,,,,,,,,,,,,,,,,,,,,,,,,,,,
,,,,,,,,,,,,,,,,,,,,,,,,,,,,,,,,,,,,,,,,,,,,,,,,,,,,,,,,,,,,,,,,,,,
,,,,,,,,,,,,,,,,,,,,,,,,,,,,,,,,,,,,,,,,,,,,,,,,,,,,,,,,,,,,,,,,,,,
,,,,,,,,,,,,,,,,,,,,,,,,,,,,,,,,,,,,,,,,,,,,,,,,,,,,,,,,,,,,,,,,,,,
,,,,,,,,,,,,,,,,,,,,,,,,,,,,,,,,,,,,,,,,,,,,,,,,,,,,,,,,,,,,,,,,,,,
,,,,,,,,,,,,,,,,,,,,,,,,,,,,,,,,,,,,,,,,,,,,,,,,,,,,,,,,,,,,,,,,,,,
,,,,,,,,,,,,,,,,,,,,,,,,,,,,,,,,,,,,,,,,,,,,,,,,,,,,,,,,,,,,,,,,,,,
,,,,,,,,,,,,,,,,,,,,,,,,,,,,,,,,,,,,,,,,,,,,,,,,,,,,,,,,,,,,,,,,,,,
,,,,,,,,,,,,,,,,,,,,,,,,,,,,,,,,,,,,,,,,,,,,,,,,,,,,,,,,,,,,,,,,,,,
,,,,,,,,,,,,,,,,,,,,,,,,,,,,,,,,,,,,,,,,,,,,,,,,,,,,,,,,,,,,,,,,,,,
,,,,,,,,,,,,,,,,,,,,,,,,,,,,,,,,,,,,,,,,,,,,,,,,,,,,,,,,,,,,,,,,,,,
,,,,,,,,,,,,,,,,,,,,,,,,,,,,,,,,,,,,,,,,,,,,,,,,,,,,,,,,,,,,,,,,,,,
,,,,,,,,,,,,,,,,,,,,,,,,,,,,,,,,,,,,,,,,,,,,,,,,,,,,,,,,,,,,,,,,,,,
,,,,,,,,,,,,,,,,,,,,,,,,,,,,,,,,,,,,,,,,,,,,,,,,,,,,,,,,,,,,,,,,,,,
,,,,,,,,,,,,,,,,,,,,,,,,,,,,,,,,,,,,,,,,,,,,,,,,,,,,,,,,,,,,,,,,,,,
,,,,,,,,,,,,,,,,,,,,,,,,,,,,,,,,,,,,,,,,,,,,,,,,,,,,,,,,,,,,,,,,,,,
,,,,,,,,,,,,,,,,,,,,,,,,,,,,,,,,,,,,,,,,,,,,,,,,,,,,,,,,,,,,,,,,,,,
,,,,,,,,,,,,,,,,,,,,,,,,,,,,,,,,,,,,,,,,,,,,,,,,,,,,,,,,,,,,,,,,,,,
,,,,,,,,,,,,,,,,,,,,,,,,,,,,,,,,,,,,,,,,,,,,,,,,,,,,,,,,,,,,,,,,,,,
,,,,,,,,,,,,,,,,,,,,,,,,,,,,,,,,,,,,,,,,,,,,,,,,,,,,,,,,,,,,,,,,,,,
,,,,,,,,,,,,,,,,,,,,,,,,,,,,,,,,,,,,,,,,,,,,,,,,,,,,,,,,,,,,,,,,,,,
,,,,,,,,,,,,,,,,,,,,,,,,,,,,,,,,,,,,,,,,,,,,,,,,,,,,,,,,,,,,,,,,,,,
,,,,,,,,,,,,,,,,,,,,,,,,,,,,,,,,,,,,,,,,,,,,,,,,,,,,,,,,,,,,,,,,,,,
,,,,,,,,,,,,,,,,,,,,,,,,,,,,,,,,,,,,,,,,,,,,,,,,,,,,,,,,,,,,,,,,,,,
,,,,,,,,,,,,,,,,,,,,,,,,,,,,,,,,,,,,,,,,,,,,,,,,,,,,,,,,,,,,,,,,,,,
,,,,,,,,,,,,,,,,,,,,,,,,,,,,,,,,,,,,,,,,,,,,,,,,,,,,,,,,,,,,,,,,,,,
,,,,,,,,,,,,,,,,,,,,,,,,,,,,,,,,,,,,,,,,,,,,,,,,,,,,,,,,,,,,,,,,,,,
,,,,,,,,,,,,,,,,,,,,,,,,,,,,,,,,,,,,,,,,,,,,,,,,,,,,,,,,,,,,,,,,,,,
,,,,,,,,,,,,,,,,,,,,,,,,,,,,,,,,,,,,,,,,,,,,,,,,,,,,,,,,,,,,,,,,,,,
,,,,,,,,,,,,,,,,,,,,,,,,,,,,,,,,,,,,,,,,,,,,,,,,,,,,,,,,,,,,,,,,,,,
,,,,,,,,,,,,,,,,,,,,,,,,,,,,,,,,,,,,,,,,,,,,,,,,,,,,,,,,,,,,,,,,,,,
,,,,,,,,,,,,,,,,,,,,,,,,,,,,,,,,,,,,,,,,,,,,,,,,,,,,,,,,,,,,,,,,,,,
,,,,,,,,,,,,,,,,,,,,,,,,,,,,,,,,,,,,,,,,,,,,,,,,,,,,,,,,,,,,,,,,,,,
,,,,,,,,,,,,,,,,,,,,,,,,,,,,,,,,,,,,,,,,,,,,,,,,,,,,,,,,,,,,,,,,,,,
,,,,,,,,,,,,,,,,,,,,,,,,,,,,,,,,,,,,,,,,,,,,,,,,,,,,,,,,,,,,,,,,,,,
,,,,,,,,,,,,,,,,,,,,,,,,,,,,,,,,,,,,,,,,,,,,,,,,,,,,,,,,,,,,,,,,,,,
,,,,,,,,,,,,,,,,,,,,,,,,,,,,,,,,,,,,,,,,,,,,,,,,,,,,,,,,,,,,,,,,,,,
,,,,,,,,,,,,,,,,,,,,,,,,,,,,,,,,,,,,,,,,,,,,,,,,,,,,,,,,,,,,,,,,,,,
,,,,,,,,,,,,,,,,,,,,,,,,,,,,,,,,,,,,,,,,,,,,,,,,,,,,,,,,,,,,,,,,,,,
,,,,,,,,,,,,,,,,,,,,,,,,,,,,,,,,,,,,,,,,,,,,,,,,,,,,,,,,,,,,,,,,,,,
,,,,,,,,,,,,,,,,,,,,,,,,,,,,,,,,,,,,,,,,,,,,,,,,,,,,,,,,,,,,,,,,,,,
,,,,,,,,,,,,,,,,,,,,,,,,,,,,,,,,,,,,,,,,,,,,,,,,,,,,,,,,,,,,,,,,,,,
,,,,,,,,,,,,,,,,,,,,,,,,,,,,,,,,,,,,,,,,,,,,,,,,,,,,,,,,,,,,,,,,,,,
,,,,,,,,,,,,,,,,,,,,,,,,,,,,,,,,,,,,,,,,,,,,,,,,,,,,,,,,,,,,,,,,,,,
,,,,,,,,,,,,,,,,,,,,,,,,,,,,,,,,,,,,,,,,,,,,,,,,,,,,,,,,,,,,,,,,,,,
,,,,,,,,,,,,,,,,,,,,,,,,,,,,,,,,,,,,,,,,,,,,,,,,,,,,,,,,,,,,,,,,,,,
,,,,,,,,,,,,,,,,,,,,,,,,,,,,,,,,,,,,,,,,,,,,,,,,,,,,,,,,,,,,,,,,,,,
,,,,,,,,,,,,,,,,,,,,,,,,,,,,,,,,,,,,,,,,,,,,,,,,,,,,,,,,,,,,,,,,,,,
,,,,,,,,,,,,,,,,,,,,,,,,,,,,,,,,,,,,,,,,,,,,,,,,,,,,,,,,,,,,,,,,,,,
,,,,,,,,,,,,,,,,,,,,,,,,,,,,,,,,,,,,,,,,,,,,,,,,,,,,,,,,,,,,,,,,,,,
,,,,,,,,,,,,,,,,,,,,,,,,,,,,,,,,,,,,,,,,,,,,,,,,,,,,,,,,,,,,,,,,,,,
,,,,,,,,,,,,,,,,,,,,,,,,,,,,,,,,,,,,,,,,,,,,,,,,,,,,,,,,,,,,,,,,,,,
,,,,,,,,,,,,,,,,,,,,,,,,,,,,,,,,,,,,,,,,,,,,,,,,,,,,,,,,,,,,,,,,,,,
,,,,,,,,,,,,,,,,,,,,,,,,,,,,,,,,,,,,,,,,,,,,,,,,,,,,,,,,,,,,,,,,,,,
,,,,,,,,,,,,,,,,,,,,,,,,,,,,,,,,,,,,,,,,,,,,,,,,,,,,,,,,,,,,,,,,,,,
,,,,,,,,,,,,,,,,,,,,,,,,,,,,,,,,,,,,,,,,,,,,,,,,,,,,,,,,,,,,,,,,,,,
,,,,,,,,,,,,,,,,,,,,,,,,,,,,,,,,,,,,,,,,,,,,,,,,,,,,,,,,,,,,,,,,,,,
,,,,,,,,,,,,,,,,,,,,,,,,,,,,,,,,,,,,,,,,,,,,,,,,,,,,,,,,,,,,,,,,,,,
,,,,,,,,,,,,,,,,,,,,,,,,,,,,,,,,,,,,,,,,,,,,,,,,,,,,,,,,,,,,,,,,,,,
,,,,,,,,,,,,,,,,,,,,,,,,,,,,,,,,,,,,,,,,,,,,,,,,,,,,,,,,,,,,,,,,,,,
,,,,,,,,,,,,,,,,,,,,,,,,,,,,,,,,,,,,,,,,,,,,,,,,,,,,,,,,,,,,,,,,,,,
,,,,,,,,,,,,,,,,,,,,,,,,,,,,,,,,,,,,,,,,,,,,,,,,,,,,,,,,,,,,,,,,,,,
,,,,,,,,,,,,,,,,,,,,,,,,,,,,,,,,,,,,,,,,,,,,,,,,,,,,,,,,,,,,,,,,,,,
,,,,,,,,,,,,,,,,,,,,,,,,,,,,,,,,,,,,,,,,,,,,,,,,,,,,,,,,,,,,,,,,,,,
,,,,,,,,,,,,,,,,,,,,,,,,,,,,,,,,,,,,,,,,,,,,,,,,,,,,,,,,,,,,,,,,,,,
,,,,,,,,,,,,,,,,,,,,,,,,,,,,,,,,,,,,,,,,,,,,,,,,,,,,,,,,,,,,,,,,,,,
,,,,,,,,,,,,,,,,,,,,,,,,,,,,,,,,,,,,,,,,,,,,,,,,,,,,,,,,,,,,,,,,,,,
,,,,,,,,,,,,,,,,,,,,,,,,,,,,,,,,,,,,,,,,,,,,,,,,,,,,,,,,,,,,,,,,,,,
,,,,,,,,,,,,,,,,,,,,,,,,,,,,,,,,,,,,,,,,,,,,,,,,,,,,,,,,,,,,,,,,,,,
,,,,,,,,,,,,,,,,,,,,,,,,,,,,,,,,,,,,,,,,,,,,,,,,,,,,,,,,,,,,,,,,,,,
,,,,,,,,,,,,,,,,,,,,,,,,,,,,,,,,,,,,,,,,,,,,,,,,,,,,,,,,,,,,,,,,,,,
,,,,,,,,,,,,,,,,,,,,,,,,,,,,,,,,,,,,,,,,,,,,,,,,,,,,,,,,,,,,,,,,,,,
,,,,,,,,,,,,,,,,,,,,,,,,,,,,,,,,,,,,,,,,,,,,,,,,,,,,,,,,,,,,,,,,,,,
,,,,,,,,,,,,,,,,,,,,,,,,,,,,,,,,,,,,,,,,,,,,,,,,,,,,,,,,,,,,,,,,,,,
,,,,,,,,,,,,,,,,,,,,,,,,,,,,,,,,,,,,,,,,,,,,,,,,,,,,,,,,,,,,,,,,,,,
,,,,,,,,,,,,,,,,,,,,,,,,,,,,,,,,,,,,,,,,,,,,,,,,,,,,,,,,,,,,,,,,,,,
,,,,,,,,,,,,,,,,,,,,,,,,,,,,,,,,,,,,,,,,,,,,,,,,,,,,,,,,,,,,,,,,,,,
,,,,,,,,,,,,,,,,,,,,,,,,,,,,,,,,,,,,,,,,,,,,,,,,,,,,,,,,,,,,,,,,,,,
,,,,,,,,,,,,,,,,,,,,,,,,,,,,,,,,,,,,,,,,,,,,,,,,,,,,,,,,,,,,,,,,,,,
,,,,,,,,,,,,,,,,,,,,,,,,,,,,,,,,,,,,,,,,,,,,,,,,,,,,,,,,,,,,,,,,,,,
,,,,,,,,,,,,,,,,,,,,,,,,,,,,,,,,,,,,,,,,,,,,,,,,,,,,,,,,,,,,,,,,,,,
,,,,,,,,,,,,,,,,,,,,,,,,,,,,,,,,,,,,,,,,,,,,,,,,,,,,,,,,,,,,,,,,,,,
,,,,,,,,,,,,,,,,,,,,,,,,,,,,,,,,,,,,,,,,,,,,,,,,,,,,,,,,,,,,,,,,,,,
,,,,,,,,,,,,,,,,,,,,,,,,,,,,,,,,,,,,,,,,,,,,,,,,,,,,,,,,,,,,,,,,,,,
,,,,,,,,,,,,,,,,,,,,,,,,,,,,,,,,,,,,,,,,,,,,,,,,,,,,,,,,,,,,,,,,,,,
,,,,,,,,,,,,,,,,,,,,,,,,,,,,,,,,,,,,,,,,,,,,,,,,,,,,,,,,,,,,,,,,,,,
,,,,,,,,,,,,,,,,,,,,,,,,,,,,,,,,,,,,,,,,,,,,,,,,,,,,,,,,,,,,,,,,,,,
,,,,,,,,,,,,,,,,,,,,,,,,,,,,,,,,,,,,,,,,,,,,,,,,,,,,,,,,,,,,,,,,,,,
,,,,,,,,,,,,,,,,,,,,,,,,,,,,,,,,,,,,,,,,,,,,,,,,,,,,,,,,,,,,,,,,,,,
,,,,,,,,,,,,,,,,,,,,,,,,,,,,,,,,,,,,,,,,,,,,,,,,,,,,,,,,,,,,,,,,,,,
,,,,,,,,,,,,,,,,,,,,,,,,,,,,,,,,,,,,,,,,,,,,,,,,,,,,,,,,,,,,,,,,,,,
,,,,,,,,,,,,,,,,,,,,,,,,,,,,,,,,,,,,,,,,,,,,,,,,,,,,,,,,,,,,,,,,,,,
,,,,,,,,,,,,,,,,,,,,,,,,,,,,,,,,,,,,,,,,,,,,,,,,,,,,,,,,,,,,,,,,,,,
,,,,,,,,,,,,,,,,,,,,,,,,,,,,,,,,,,,,,,,,,,,,,,,,,,,,,,,,,,,,,,,,,,,
,,,,,,,,,,,,,,,,,,,,,,,,,,,,,,,,,,,,,,,,,,,,,,,,,,,,,,,,,,,,,,,,,,,
,,,,,,,,,,,,,,,,,,,,,,,,,,,,,,,,,,,,,,,,,,,,,,,,,,,,,,,,,,,,,,,,,,,
,,,,,,,,,,,,,,,,,,,,,,,,,,,,,,,,,,,,,,,,,,,,,,,,,,,,,,,,,,,,,,,,,,,
,,,,,,,,,,,,,,,,,,,,,,,,,,,,,,,,,,,,,,,,,,,,,,,,,,,,,,,,,,,,,,,,,,,
,,,,,,,,,,,,,,,,,,,,,,,,,,,,,,,,,,,,,,,,,,,,,,,,,,,,,,,,,,,,,,,,,,,
,,,,,,,,,,,,,,,,,,,,,,,,,,,,,,,,,,,,,,,,,,,,,,,,,,,,,,,,,,,,,,,,,,,
,,,,,,,,,,,,,,,,,,,,,,,,,,,,,,,,,,,,,,,,,,,,,,,,,,,,,,,,,,,,,,,,,,,
,,,,,,,,,,,,,,,,,,,,,,,,,,,,,,,,,,,,,,,,,,,,,,,,,,,,,,,,,,,,,,,,,,,
,,,,,,,,,,,,,,,,,,,,,,,,,,,,,,,,,,,,,,,,,,,,,,,,,,,,,,,,,,,,,,,,,,,
,,,,,,,,,,,,,,,,,,,,,,,,,,,,,,,,,,,,,,,,,,,,,,,,,,,,,,,,,,,,,,,,,,,
,,,,,,,,,,,,,,,,,,,,,,,,,,,,,,,,,,,,,,,,,,,,,,,,,,,,,,,,,,,,,,,,,,,
,,,,,,,,,,,,,,,,,,,,,,,,,,,,,,,,,,,,,,,,,,,,,,,,,,,,,,,,,,,,,,,,,,,
,,,,,,,,,,,,,,,,,,,,,,,,,,,,,,,,,,,,,,,,,,,,,,,,,,,,,,,,,,,,,,,,,,,
,,,,,,,,,,,,,,,,,,,,,,,,,,,,,,,,,,,,,,,,,,,,,,,,,,,,,,,,,,,,,,,,,,,
,,,,,,,,,,,,,,,,,,,,,,,,,,,,,,,,,,,,,,,,,,,,,,,,,,,,,,,,,,,,,,,,,,,
,,,,,,,,,,,,,,,,,,,,,,,,,,,,,,,,,,,,,,,,,,,,,,,,,,,,,,,,,,,,,,,,,,,
,,,,,,,,,,,,,,,,,,,,,,,,,,,,,,,,,,,,,,,,,,,,,,,,,,,,,,,,,,,,,,,,,,,
,,,,,,,,,,,,,,,,,,,,,,,,,,,,,,,,,,,,,,,,,,,,,,,,,,,,,,,,,,,,,,,,,,,
,,,,,,,,,,,,,,,,,,,,,,,,,,,,,,,,,,,,,,,,,,,,,,,,,,,,,,,,,,,,,,,,,,,
,,,,,,,,,,,,,,,,,,,,,,,,,,,,,,,,,,,,,,,,,,,,,,,,,,,,,,,,,,,,,,,,,,,
,,,,,,,,,,,,,,,,,,,,,,,,,,,,,,,,,,,,,,,,,,,,,,,,,,,,,,,,,,,,,,,,,,,
,,,,,,,,,,,,,,,,,,,,,,,,,,,,,,,,,,,,,,,,,,,,,,,,,,,,,,,,,,,,,,,,,,,
,,,,,,,,,,,,,,,,,,,,,,,,,,,,,,,,,,,,,,,,,,,,,,,,,,,,,,,,,,,,,,,,,,,
,,,,,,,,,,,,,,,,,,,,,,,,,,,,,,,,,,,,,,,,,,,,,,,,,,,,,,,,,,,,,,,,,,,
,,,,,,,,,,,,,,,,,,,,,,,,,,,,,,,,,,,,,,,,,,,,,,,,,,,,,,,,,,,,,,,,,,,
,,,,,,,,,,,,,,,,,,,,,,,,,,,,,,,,,,,,,,,,,,,,,,,,,,,,,,,,,,,,,,,,,,,
,,,,,,,,,,,,,,,,,,,,,,,,,,,,,,,,,,,,,,,,,,,,,,,,,,,,,,,,,,,,,,,,,,,
,,,,,,,,,,,,,,,,,,,,,,,,,,,,,,,,,,,,,,,,,,,,,,,,,,,,,,,,,,,,,,,,,,,
,,,,,,,,,,,,,,,,,,,,,,,,,,,,,,,,,,,,,,,,,,,,,,,,,,,,,,,,,,,,,,,,,,,
,,,,,,,,,,,,,,,,,,,,,,,,,,,,,,,,,,,,,,,,,,,,,,,,,,,,,,,,,,,,,,,,,,,
,,,,,,,,,,,,,,,,,,,,,,,,,,,,,,,,,,,,,,,,,,,,,,,,,,,,,,,,,,,,,,,,,,,
,,,,,,,,,,,,,,,,,,,,,,,,,,,,,,,,,,,,,,,,,,,,,,,,,,,,,,,,,,,,,,,,,,,
,,,,,,,,,,,,,,,,,,,,,,,,,,,,,,,,,,,,,,,,,,,,,,,,,,,,,,,,,,,,,,,,,,,
,,,,,,,,,,,,,,,,,,,,,,,,,,,,,,,,,,,,,,,,,,,,,,,,,,,,,,,,,,,,,,,,,,,
,,,,,,,,,,,,,,,,,,,,,,,,,,,,,,,,,,,,,,,,,,,,,,,,,,,,,,,,,,,,,,,,,,,
,,,,,,,,,,,,,,,,,,,,,,,,,,,,,,,,,,,,,,,,,,,,,,,,,,,,,,,,,,,,,,,,,,,
,,,,,,,,,,,,,,,,,,,,,,,,,,,,,,,,,,,,,,,,,,,,,,,,,,,,,,,,,,,,,,,,,,,
,,,,,,,,,,,,,,,,,,,,,,,,,,,,,,,,,,,,,,,,,,,,,,,,,,,,,,,,,,,,,,,,,,,
,,,,,,,,,,,,,,,,,,,,,,,,,,,,,,,,,,,,,,,,,,,,,,,,,,,,,,,,,,,,,,,,,,,
,,,,,,,,,,,,,,,,,,,,,,,,,,,,,,,,,,,,,,,,,,,,,,,,,,,,,,,,,,,,,,,,,,,
,,,,,,,,,,,,,,,,,,,,,,,,,,,,,,,,,,,,,,,,,,,,,,,,,,,,,,,,,,,,,,,,,,,
,,,,,,,,,,,,,,,,,,,,,,,,,,,,,,,,,,,,,,,,,,,,,,,,,,,,,,,,,,,,,,,,,,,
,,,,,,,,,,,,,,,,,,,,,,,,,,,,,,,,,,,,,,,,,,,,,,,,,,,,,,,,,,,,,,,,,,,
,,,,,,,,,,,,,,,,,,,,,,,,,,,,,,,,,,,,,,,,,,,,,,,,,,,,,,,,,,,,,,,,,,,
,,,,,,,,,,,,,,,,,,,,,,,,,,,,,,,,,,,,,,,,,,,,,,,,,,,,,,,,,,,,,,,,,,,
,,,,,,,,,,,,,,,,,,,,,,,,,,,,,,,,,,,,,,,,,,,,,,,,,,,,,,,,,,,,,,,,,,,
,,,,,,,,,,,,,,,,,,,,,,,,,,,,,,,,,,,,,,,,,,,,,,,,,,,,,,,,,,,,,,,,,,,
,,,,,,,,,,,,,,,,,,,,,,,,,,,,,,,,,,,,,,,,,,,,,,,,,,,,,,,,,,,,,,,,,,,
,,,,,,,,,,,,,,,,,,,,,,,,,,,,,,,,,,,,,,,,,,,,,,,,,,,,,,,,,,,,,,,,,,,
,,,,,,,,,,,,,,,,,,,,,,,,,,,,,,,,,,,,,,,,,,,,,,,,,,,,,,,,,,,,,,,,,,,
,,,,,,,,,,,,,,,,,,,,,,,,,,,,,,,,,,,,,,,,,,,,,,,,,,,,,,,,,,,,,,,,,,,
,,,,,,,,,,,,,,,,,,,,,,,,,,,,,,,,,,,,,,,,,,,,,,,,,,,,,,,,,,,,,,,,,,,
,,,,,,,,,,,,,,,,,,,,,,,,,,,,,,,,,,,,,,,,,,,,,,,,,,,,,,,,,,,,,,,,,,,
,,,,,,,,,,,,,,,,,,,,,,,,,,,,,,,,,,,,,,,,,,,,,,,,,,,,,,,,,,,,,,,,,,,
,,,,,,,,,,,,,,,,,,,,,,,,,,,,,,,,,,,,,,,,,,,,,,,,,,,,,,,,,,,,,,,,,,,
,,,,,,,,,,,,,,,,,,,,,,,,,,,,,,,,,,,,,,,,,,,,,,,,,,,,,,,,,,,,,,,,,,,
,,,,,,,,,,,,,,,,,,,,,,,,,,,,,,,,,,,,,,,,,,,,,,,,,,,,,,,,,,,,,,,,,,,
,,,,,,,,,,,,,,,,,,,,,,,,,,,,,,,,,,,,,,,,,,,,,,,,,,,,,,,,,,,,,,,,,,,
,,,,,,,,,,,,,,,,,,,,,,,,,,,,,,,,,,,,,,,,,,,,,,,,,,,,,,,,,,,,,,,,,,,
,,,,,,,,,,,,,,,,,,,,,,,,,,,,,,,,,,,,,,,,,,,,,,,,,,,,,,,,,,,,,,,,,,,
,,,,,,,,,,,,,,,,,,,,,,,,,,,,,,,,,,,,,,,,,,,,,,,,,,,,,,,,,,,,,,,,,,,
,,,,,,,,,,,,,,,,,,,,,,,,,,,,,,,,,,,,,,,,,,,,,,,,,,,,,,,,,,,,,,,,,,,
,,,,,,,,,,,,,,,,,,,,,,,,,,,,,,,,,,,,,,,,,,,,,,,,,,,,,,,,,,,,,,,,,,,
,,,,,,,,,,,,,,,,,,,,,,,,,,,,,,,,,,,,,,,,,,,,,,,,,,,,,,,,,,,,,,,,,,,
,,,,,,,,,,,,,,,,,,,,,,,,,,,,,,,,,,,,,,,,,,,,,,,,,,,,,,,,,,,,,,,,,,,
,,,,,,,,,,,,,,,,,,,,,,,,,,,,,,,,,,,,,,,,,,,,,,,,,,,,,,,,,,,,,,,,,,,
,,,,,,,,,,,,,,,,,,,,,,,,,,,,,,,,,,,,,,,,,,,,,,,,,,,,,,,,,,,,,,,,,,,
,,,,,,,,,,,,,,,,,,,,,,,,,,,,,,,,,,,,,,,,,,,,,,,,,,,,,,,,,,,,,,,,,,,
,,,,,,,,,,,,,,,,,,,,,,,,,,,,,,,,,,,,,,,,,,,,,,,,,,,,,,,,,,,,,,,,,,,
,,,,,,,,,,,,,,,,,,,,,,,,,,,,,,,,,,,,,,,,,,,,,,,,,,,,,,,,,,,,,,,,,,,
,,,,,,,,,,,,,,,,,,,,,,,,,,,,,,,,,,,,,,,,,,,,,,,,,,,,,,,,,,,,,,,,,,,
,,,,,,,,,,,,,,,,,,,,,,,,,,,,,,,,,,,,,,,,,,,,,,,,,,,,,,,,,,,,,,,,,,,
,,,,,,,,,,,,,,,,,,,,,,,,,,,,,,,,,,,,,,,,,,,,,,,,,,,,,,,,,,,,,,,,,,,
,,,,,,,,,,,,,,,,,,,,,,,,,,,,,,,,,,,,,,,,,,,,,,,,,,,,,,,,,,,,,,,,,,,
,,,,,,,,,,,,,,,,,,,,,,,,,,,,,,,,,,,,,,,,,,,,,,,,,,,,,,,,,,,,,,,,,,,
,,,,,,,,,,,,,,,,,,,,,,,,,,,,,,,,,,,,,,,,,,,,,,,,,,,,,,,,,,,,,,,,,,,
,,,,,,,,,,,,,,,,,,,,,,,,,,,,,,,,,,,,,,,,,,,,,,,,,,,,,,,,,,,,,,,,,,,
,,,,,,,,,,,,,,,,,,,,,,,,,,,,,,,,,,,,,,,,,,,,,,,,,,,,,,,,,,,,,,,,,,,
,,,,,,,,,,,,,,,,,,,,,,,,,,,,,,,,,,,,,,,,,,,,,,,,,,,,,,,,,,,,,,,,,,,
,,,,,,,,,,,,,,,,,,,,,,,,,,,,,,,,,,,,,,,,,,,,,,,,,,,,,,,,,,,,,,,,,,,
,,,,,,,,,,,,,,,,,,,,,,,,,,,,,,,,,,,,,,,,,,,,,,,,,,,,,,,,,,,,,,,,,,,
,,,,,,,,,,,,,,,,,,,,,,,,,,,,,,,,,,,,,,,,,,,,,,,,,,,,,,,,,,,,,,,,,,,
,,,,,,,,,,,,,,,,,,,,,,,,,,,,,,,,,,,,,,,,,,,,,,,,,,,,,,,,,,,,,,,,,,,
,,,,,,,,,,,,,,,,,,,,,,,,,,,,,,,,,,,,,,,,,,,,,,,,,,,,,,,,,,,,,,,,,,,
,,,,,,,,,,,,,,,,,,,,,,,,,,,,,,,,,,,,,,,,,,,,,,,,,,,,,,,,,,,,,,,,,,,
,,,,,,,,,,,,,,,,,,,,,,,,,,,,,,,,,,,,,,,,,,,,,,,,,,,,,,,,,,,,,,,,,,,
,,,,,,,,,,,,,,,,,,,,,,,,,,,,,,,,,,,,,,,,,,,,,,,,,,,,,,,,,,,,,,,,,,,
,,,,,,,,,,,,,,,,,,,,,,,,,,,,,,,,,,,,,,,,,,,,,,,,,,,,,,,,,,,,,,,,,,,
,,,,,,,,,,,,,,,,,,,,,,,,,,,,,,,,,,,,,,,,,,,,,,,,,,,,,,,,,,,,,,,,,,,
,,,,,,,,,,,,,,,,,,,,,,,,,,,,,,,,,,,,,,,,,,,,,,,,,,,,,,,,,,,,,,,,,,,
,,,,,,,,,,,,,,,,,,,,,,,,,,,,,,,,,,,,,,,,,,,,,,,,,,,,,,,,,,,,,,,,,,,
,,,,,,,,,,,,,,,,,,,,,,,,,,,,,,,,,,,,,,,,,,,,,,,,,,,,,,,,,,,,,,,,,,,
,,,,,,,,,,,,,,,,,,,,,,,,,,,,,,,,,,,,,,,,,,,,,,,,,,,,,,,,,,,,,,,,,,,
,,,,,,,,,,,,,,,,,,,,,,,,,,,,,,,,,,,,,,,,,,,,,,,,,,,,,,,,,,,,,,,,,,,
,,,,,,,,,,,,,,,,,,,,,,,,,,,,,,,,,,,,,,,,,,,,,,,,,,,,,,,,,,,,,,,,,,,
,,,,,,,,,,,,,,,,,,,,,,,,,,,,,,,,,,,,,,,,,,,,,,,,,,,,,,,,,,,,,,,,,,,
,,,,,,,,,,,,,,,,,,,,,,,,,,,,,,,,,,,,,,,,,,,,,,,,,,,,,,,,,,,,,,,,,,,
,,,,,,,,,,,,,,,,,,,,,,,,,,,,,,,,,,,,,,,,,,,,,,,,,,,,,,,,,,,,,,,,,,,
,,,,,,,,,,,,,,,,,,,,,,,,,,,,,,,,,,,,,,,,,,,,,,,,,,,,,,,,,,,,,,,,,,,
,,,,,,,,,,,,,,,,,,,,,,,,,,,,,,,,,,,,,,,,,,,,,,,,,,,,,,,,,,,,,,,,,,,
,,,,,,,,,,,,,,,,,,,,,,,,,,,,,,,,,,,,,,,,,,,,,,,,,,,,,,,,,,,,,,,,,,,
,,,,,,,,,,,,,,,,,,,,,,,,,,,,,,,,,,,,,,,,,,,,,,,,,,,,,,,,,,,,,,,,,,,
,,,,,,,,,,,,,,,,,,,,,,,,,,,,,,,,,,,,,,,,,,,,,,,,,,,,,,,,,,,,,,,,,,,
,,,,,,,,,,,,,,,,,,,,,,,,,,,,,,,,,,,,,,,,,,,,,,,,,,,,,,,,,,,,,,,,,,,
,,,,,,,,,,,,,,,,,,,,,,,,,,,,,,,,,,,,,,,,,,,,,,,,,,,,,,,,,,,,,,,,,,,
,,,,,,,,,,,,,,,,,,,,,,,,,,,,,,,,,,,,,,,,,,,,,,,,,,,,,,,,,,,,,,,,,,,
,,,,,,,,,,,,,,,,,,,,,,,,,,,,,,,,,,,,,,,,,,,,,,,,,,,,,,,,,,,,,,,,,,,
,,,,,,,,,,,,,,,,,,,,,,,,,,,,,,,,,,,,,,,,,,,,,,,,,,,,,,,,,,,,,,,,,,,
,,,,,,,,,,,,,,,,,,,,,,,,,,,,,,,,,,,,,,,,,,,,,,,,,,,,,,,,,,,,,,,,,,,
,,,,,,,,,,,,,,,,,,,,,,,,,,,,,,,,,,,,,,,,,,,,,,,,,,,,,,,,,,,,,,,,,,,
,,,,,,,,,,,,,,,,,,,,,,,,,,,,,,,,,,,,,,,,,,,,,,,,,,,,,,,,,,,,,,,,,,,
,,,,,,,,,,,,,,,,,,,,,,,,,,,,,,,,,,,,,,,,,,,,,,,,,,,,,,,,,,,,,,,,,,,
,,,,,,,,,,,,,,,,,,,,,,,,,,,,,,,,,,,,,,,,,,,,,,,,,,,,,,,,,,,,,,,,,,,
,,,,,,,,,,,,,,,,,,,,,,,,,,,,,,,,,,,,,,,,,,,,,,,,,,,,,,,,,,,,,,,,,,,
,,,,,,,,,,,,,,,,,,,,,,,,,,,,,,,,,,,,,,,,,,,,,,,,,,,,,,,,,,,,,,,,,,,
,,,,,,,,,,,,,,,,,,,,,,,,,,,,,,,,,,,,,,,,,,,,,,,,,,,,,,,,,,,,,,,,,,,
,,,,,,,,,,,,,,,,,,,,,,,,,,,,,,,,,,,,,,,,,,,,,,,,,,,,,,,,,,,,,,,,,,,
,,,,,,,,,,,,,,,,,,,,,,,,,,,,,,,,,,,,,,,,,,,,,,,,,,,,,,,,,,,,,,,,,,,
,,,,,,,,,,,,,,,,,,,,,,,,,,,,,,,,,,,,,,,,,,,,,,,,,,,,,,,,,,,,,,,,,,,
,,,,,,,,,,,,,,,,,,,,,,,,,,,,,,,,,,,,,,,,,,,,,,,,,,,,,,,,,,,,,,,,,,,
,,,,,,,,,,,,,,,,,,,,,,,,,,,,,,,,,,,,,,,,,,,,,,,,,,,,,,,,,,,,,,,,,,,
,,,,,,,,,,,,,,,,,,,,,,,,,,,,,,,,,,,,,,,,,,,,,,,,,,,,,,,,,,,,,,,,,,,
,,,,,,,,,,,,,,,,,,,,,,,,,,,,,,,,,,,,,,,,,,,,,,,,,,,,,,,,,,,,,,,,,,,
,,,,,,,,,,,,,,,,,,,,,,,,,,,,,,,,,,,,,,,,,,,,,,,,,,,,,,,,,,,,,,,,,,,
,,,,,,,,,,,,,,,,,,,,,,,,,,,,,,,,,,,,,,,,,,,,,,,,,,,,,,,,,,,,,,,,,,,
,,,,,,,,,,,,,,,,,,,,,,,,,,,,,,,,,,,,,,,,,,,,,,,,,,,,,,,,,,,,,,,,,,,
,,,,,,,,,,,,,,,,,,,,,,,,,,,,,,,,,,,,,,,,,,,,,,,,,,,,,,,,,,,,,,,,,,,
,,,,,,,,,,,,,,,,,,,,,,,,,,,,,,,,,,,,,,,,,,,,,,,,,,,,,,,,,,,,,,,,,,,
,,,,,,,,,,,,,,,,,,,,,,,,,,,,,,,,,,,,,,,,,,,,,,,,,,,,,,,,,,,,,,,,,,,
,,,,,,,,,,,,,,,,,,,,,,,,,,,,,,,,,,,,,,,,,,,,,,,,,,,,,,,,,,,,,,,,,,,
,,,,,,,,,,,,,,,,,,,,,,,,,,,,,,,,,,,,,,,,,,,,,,,,,,,,,,,,,,,,,,,,,,,
,,,,,,,,,,,,,,,,,,,,,,,,,,,,,,,,,,,,,,,,,,,,,,,,,,,,,,,,,,,,,,,,,,,
,,,,,,,,,,,,,,,,,,,,,,,,,,,,,,,,,,,,,,,,,,,,,,,,,,,,,,,,,,,,,,,,,,,
,,,,,,,,,,,,,,,,,,,,,,,,,,,,,,,,,,,,,,,,,,,,,,,,,,,,,,,,,,,,,,,,,,,
,,,,,,,,,,,,,,,,,,,,,,,,,,,,,,,,,,,,,,,,,,,,,,,,,,,,,,,,,,,,,,,,,,,
,,,,,,,,,,,,,,,,,,,,,,,,,,,,,,,,,,,,,,,,,,,,,,,,,,,,,,,,,,,,,,,,,,,
,,,,,,,,,,,,,,,,,,,,,,,,,,,,,,,,,,,,,,,,,,,,,,,,,,,,,,,,,,,,,,,,,,,
,,,,,,,,,,,,,,,,,,,,,,,,,,,,,,,,,,,,,,,,,,,,,,,,,,,,,,,,,,,,,,,,,,,
,,,,,,,,,,,,,,,,,,,,,,,,,,,,,,,,,,,,,,,,,,,,,,,,,,,,,,,,,,,,,,,,,,,
,,,,,,,,,,,,,,,,,,,,,,,,,,,,,,,,,,,,,,,,,,,,,,,,,,,,,,,,,,,,,,,,,,,
,,,,,,,,,,,,,,,,,,,,,,,,,,,,,,,,,,,,,,,,,,,,,,,,,,,,,,,,,,,,,,,,,,,
,,,,,,,,,,,,,,,,,,,,,,,,,,,,,,,,,,,,,,,,,,,,,,,,,,,,,,,,,,,,,,,,,,,
,,,,,,,,,,,,,,,,,,,,,,,,,,,,,,,,,,,,,,,,,,,,,,,,,,,,,,,,,,,,,,,,,,,
,,,,,,,,,,,,,,,,,,,,,,,,,,,,,,,,,,,,,,,,,,,,,,,,,,,,,,,,,,,,,,,,,,,
,,,,,,,,,,,,,,,,,,,,,,,,,,,,,,,,,,,,,,,,,,,,,,,,,,,,,,,,,,,,,,,,,,,
,,,,,,,,,,,,,,,,,,,,,,,,,,,,,,,,,,,,,,,,,,,,,,,,,,,,,,,,,,,,,,,,,,,
,,,,,,,,,,,,,,,,,,,,,,,,,,,,,,,,,,,,,,,,,,,,,,,,,,,,,,,,,,,,,,,,,,,
,,,,,,,,,,,,,,,,,,,,,,,,,,,,,,,,,,,,,,,,,,,,,,,,,,,,,,,,,,,,,,,,,,,
,,,,,,,,,,,,,,,,,,,,,,,,,,,,,,,,,,,,,,,,,,,,,,,,,,,,,,,,,,,,,,,,,,,
,,,,,,,,,,,,,,,,,,,,,,,,,,,,,,,,,,,,,,,,,,,,,,,,,,,,,,,,,,,,,,,,,,,
,,,,,,,,,,,,,,,,,,,,,,,,,,,,,,,,,,,,,,,,,,,,,,,,,,,,,,,,,,,,,,,,,,,
,,,,,,,,,,,,,,,,,,,,,,,,,,,,,,,,,,,,,,,,,,,,,,,,,,,,,,,,,,,,,,,,,,,
,,,,,,,,,,,,,,,,,,,,,,,,,,,,,,,,,,,,,,,,,,,,,,,,,,,,,,,,,,,,,,,,,,,
,,,,,,,,,,,,,,,,,,,,,,,,,,,,,,,,,,,,,,,,,,,,,,,,,,,,,,,,,,,,,,,,,,,
,,,,,,,,,,,,,,,,,,,,,,,,,,,,,,,,,,,,,,,,,,,,,,,,,,,,,,,,,,,,,,,,,,,
,,,,,,,,,,,,,,,,,,,,,,,,,,,,,,,,,,,,,,,,,,,,,,,,,,,,,,,,,,,,,,,,,,,
,,,,,,,,,,,,,,,,,,,,,,,,,,,,,,,,,,,,,,,,,,,,,,,,,,,,,,,,,,,,,,,,,,,
,,,,,,,,,,,,,,,,,,,,,,,,,,,,,,,,,,,,,,,,,,,,,,,,,,,,,,,,,,,,,,,,,,,
,,,,,,,,,,,,,,,,,,,,,,,,,,,,,,,,,,,,,,,,,,,,,,,,,,,,,,,,,,,,,,,,,,,
,,,,,,,,,,,,,,,,,,,,,,,,,,,,,,,,,,,,,,,,,,,,,,,,,,,,,,,,,,,,,,,,,,,
,,,,,,,,,,,,,,,,,,,,,,,,,,,,,,,,,,,,,,,,,,,,,,,,,,,,,,,,,,,,,,,,,,,
,,,,,,,,,,,,,,,,,,,,,,,,,,,,,,,,,,,,,,,,,,,,,,,,,,,,,,,,,,,,,,,,,,,
,,,,,,,,,,,,,,,,,,,,,,,,,,,,,,,,,,,,,,,,,,,,,,,,,,,,,,,,,,,,,,,,,,,
,,,,,,,,,,,,,,,,,,,,,,,,,,,,,,,,,,,,,,,,,,,,,,,,,,,,,,,,,,,,,,,,,,,
,,,,,,,,,,,,,,,,,,,,,,,,,,,,,,,,,,,,,,,,,,,,,,,,,,,,,,,,,,,,,,,,,,,
,,,,,,,,,,,,,,,,,,,,,,,,,,,,,,,,,,,,,,,,,,,,,,,,,,,,,,,,,,,,,,,,,,,
,,,,,,,,,,,,,,,,,,,,,,,,,,,,,,,,,,,,,,,,,,,,,,,,,,,,,,,,,,,,,,,,,,,
,,,,,,,,,,,,,,,,,,,,,,,,,,,,,,,,,,,,,,,,,,,,,,,,,,,,,,,,,,,,,,,,,,,
,,,,,,,,,,,,,,,,,,,,,,,,,,,,,,,,,,,,,,,,,,,,,,,,,,,,,,,,,,,,,,,,,,,
,,,,,,,,,,,,,,,,,,,,,,,,,,,,,,,,,,,,,,,,,,,,,,,,,,,,,,,,,,,,,,,,,,,
,,,,,,,,,,,,,,,,,,,,,,,,,,,,,,,,,,,,,,,,,,,,,,,,,,,,,,,,,,,,,,,,,,,
,,,,,,,,,,,,,,,,,,,,,,,,,,,,,,,,,,,,,,,,,,,,,,,,,,,,,,,,,,,,,,,,,,,
,,,,,,,,,,,,,,,,,,,,,,,,,,,,,,,,,,,,,,,,,,,,,,,,,,,,,,,,,,,,,,,,,,,
,,,,,,,,,,,,,,,,,,,,,,,,,,,,,,,,,,,,,,,,,,,,,,,,,,,,,,,,,,,,,,,,,,,
,,,,,,,,,,,,,,,,,,,,,,,,,,,,,,,,,,,,,,,,,,,,,,,,,,,,,,,,,,,,,,,,,,,
,,,,,,,,,,,,,,,,,,,,,,,,,,,,,,,,,,,,,,,,,,,,,,,,,,,,,,,,,,,,,,,,,,,
,,,,,,,,,,,,,,,,,,,,,,,,,,,,,,,,,,,,,,,,,,,,,,,,,,,,,,,,,,,,,,,,,,,
,,,,,,,,,,,,,,,,,,,,,,,,,,,,,,,,,,,,,,,,,,,,,,,,,,,,,,,,,,,,,,,,,,,
,,,,,,,,,,,,,,,,,,,,,,,,,,,,,,,,,,,,,,,,,,,,,,,,,,,,,,,,,,,,,,,,,,,
,,,,,,,,,,,,,,,,,,,,,,,,,,,,,,,,,,,,,,,,,,,,,,,,,,,,,,,,,,,,,,,,,,,
,,,,,,,,,,,,,,,,,,,,,,,,,,,,,,,,,,,,,,,,,,,,,,,,,,,,,,,,,,,,,,,,,,,
,,,,,,,,,,,,,,,,,,,,,,,,,,,,,,,,,,,,,,,,,,,,,,,,,,,,,,,,,,,,,,,,,,,
,,,,,,,,,,,,,,,,,,,,,,,,,,,,,,,,,,,,,,,,,,,,,,,,,,,,,,,,,,,,,,,,,,,
,,,,,,,,,,,,,,,,,,,,,,,,,,,,,,,,,,,,,,,,,,,,,,,,,,,,,,,,,,,,,,,,,,,
,,,,,,,,,,,,,,,,,,,,,,,,,,,,,,,,,,,,,,,,,,,,,,,,,,,,,,,,,,,,,,,,,,,
,,,,,,,,,,,,,,,,,,,,,,,,,,,,,,,,,,,,,,,,,,,,,,,,,,,,,,,,,,,,,,,,,,,
,,,,,,,,,,,,,,,,,,,,,,,,,,,,,,,,,,,,,,,,,,,,,,,,,,,,,,,,,,,,,,,,,,,
,,,,,,,,,,,,,,,,,,,,,,,,,,,,,,,,,,,,,,,,,,,,,,,,,,,,,,,,,,,,,,,,,,,
,,,,,,,,,,,,,,,,,,,,,,,,,,,,,,,,,,,,,,,,,,,,,,,,,,,,,,,,,,,,,,,,,,,
,,,,,,,,,,,,,,,,,,,,,,,,,,,,,,,,,,,,,,,,,,,,,,,,,,,,,,,,,,,,,,,,,,,
,,,,,,,,,,,,,,,,,,,,,,,,,,,,,,,,,,,,,,,,,,,,,,,,,,,,,,,,,,,,,,,,,,,
,,,,,,,,,,,,,,,,,,,,,,,,,,,,,,,,,,,,,,,,,,,,,,,,,,,,,,,,,,,,,,,,,,,
,,,,,,,,,,,,,,,,,,,,,,,,,,,,,,,,,,,,,,,,,,,,,,,,,,,,,,,,,,,,,,,,,,,
,,,,,,,,,,,,,,,,,,,,,,,,,,,,,,,,,,,,,,,,,,,,,,,,,,,,,,,,,,,,,,,,,,,
,,,,,,,,,,,,,,,,,,,,,,,,,,,,,,,,,,,,,,,,,,,,,,,,,,,,,,,,,,,,,,,,,,,
,,,,,,,,,,,,,,,,,,,,,,,,,,,,,,,,,,,,,,,,,,,,,,,,,,,,,,,,,,,,,,,,,,,
,,,,,,,,,,,,,,,,,,,,,,,,,,,,,,,,,,,,,,,,,,,,,,,,,,,,,,,,,,,,,,,,,,,
,,,,,,,,,,,,,,,,,,,,,,,,,,,,,,,,,,,,,,,,,,,,,,,,,,,,,,,,,,,,,,,,,,,
,,,,,,,,,,,,,,,,,,,,,,,,,,,,,,,,,,,,,,,,,,,,,,,,,,,,,,,,,,,,,,,,,,,
,,,,,,,,,,,,,,,,,,,,,,,,,,,,,,,,,,,,,,,,,,,,,,,,,,,,,,,,,,,,,,,,,,,
,,,,,,,,,,,,,,,,,,,,,,,,,,,,,,,,,,,,,,,,,,,,,,,,,,,,,,,,,,,,,,,,,,,
,,,,,,,,,,,,,,,,,,,,,,,,,,,,,,,,,,,,,,,,,,,,,,,,,,,,,,,,,,,,,,,,,,,
,,,,,,,,,,,,,,,,,,,,,,,,,,,,,,,,,,,,,,,,,,,,,,,,,,,,,,,,,,,,,,,,,,,
,,,,,,,,,,,,,,,,,,,,,,,,,,,,,,,,,,,,,,,,,,,,,,,,,,,,,,,,,,,,,,,,,,,
,,,,,,,,,,,,,,,,,,,,,,,,,,,,,,,,,,,,,,,,,,,,,,,,,,,,,,,,,,,,,,,,,,,
,,,,,,,,,,,,,,,,,,,,,,,,,,,,,,,,,,,,,,,,,,,,,,,,,,,,,,,,,,,,,,,,,,,
,,,,,,,,,,,,,,,,,,,,,,,,,,,,,,,,,,,,,,,,,,,,,,,,,,,,,,,,,,,,,,,,,,,
,,,,,,,,,,,,,,,,,,,,,,,,,,,,,,,,,,,,,,,,,,,,,,,,,,,,,,,,,,,,,,,,,,,
,,,,,,,,,,,,,,,,,,,,,,,,,,,,,,,,,,,,,,,,,,,,,,,,,,,,,,,,,,,,,,,,,,,
,,,,,,,,,,,,,,,,,,,,,,,,,,,,,,,,,,,,,,,,,,,,,,,,,,,,,,,,,,,,,,,,,,,
,,,,,,,,,,,,,,,,,,,,,,,,,,,,,,,,,,,,,,,,,,,,,,,,,,,,,,,,,,,,,,,,,,,
,,,,,,,,,,,,,,,,,,,,,,,,,,,,,,,,,,,,,,,,,,,,,,,,,,,,,,,,,,,,,,,,,,,
,,,,,,,,,,,,,,,,,,,,,,,,,,,,,,,,,,,,,,,,,,,,,,,,,,,,,,,,,,,,,,,,,,,
,,,,,,,,,,,,,,,,,,,,,,,,,,,,,,,,,,,,,,,,,,,,,,,,,,,,,,,,,,,,,,,,,,,
,,,,,,,,,,,,,,,,,,,,,,,,,,,,,,,,,,,,,,,,,,,,,,,,,,,,,,,,,,,,,,,,,,,
,,,,,,,,,,,,,,,,,,,,,,,,,,,,,,,,,,,,,,,,,,,,,,,,,,,,,,,,,,,,,,,,,,,
,,,,,,,,,,,,,,,,,,,,,,,,,,,,,,,,,,,,,,,,,,,,,,,,,,,,,,,,,,,,,,,,,,,
,,,,,,,,,,,,,,,,,,,,,,,,,,,,,,,,,,,,,,,,,,,,,,,,,,,,,,,,,,,,,,,,,,,
,,,,,,,,,,,,,,,,,,,,,,,,,,,,,,,,,,,,,,,,,,,,,,,,,,,,,,,,,,,,,,,,,,,
,,,,,,,,,,,,,,,,,,,,,,,,,,,,,,,,,,,,,,,,,,,,,,,,,,,,,,,,,,,,,,,,,,,
,,,,,,,,,,,,,,,,,,,,,,,,,,,,,,,,,,,,,,,,,,,,,,,,,,,,,,,,,,,,,,,,,,,
,,,,,,,,,,,,,,,,,,,,,,,,,,,,,,,,,,,,,,,,,,,,,,,,,,,,,,,,,,,,,,,,,,,
,,,,,,,,,,,,,,,,,,,,,,,,,,,,,,,,,,,,,,,,,,,,,,,,,,,,,,,,,,,,,,,,,,,
,,,,,,,,,,,,,,,,,,,,,,,,,,,,,,,,,,,,,,,,,,,,,,,,,,,,,,,,,,,,,,,,,,,
,,,,,,,,,,,,,,,,,,,,,,,,,,,,,,,,,,,,,,,,,,,,,,,,,,,,,,,,,,,,,,,,,,,
,,,,,,,,,,,,,,,,,,,,,,,,,,,,,,,,,,,,,,,,,,,,,,,,,,,,,,,,,,,,,,,,,,,
,,,,,,,,,,,,,,,,,,,,,,,,,,,,,,,,,,,,,,,,,,,,,,,,,,,,,,,,,,,,,,,,,,,
,,,,,,,,,,,,,,,,,,,,,,,,,,,,,,,,,,,,,,,,,,,,,,,,,,,,,,,,,,,,,,,,,,,
,,,,,,,,,,,,,,,,,,,,,,,,,,,,,,,,,,,,,,,,,,,,,,,,,,,,,,,,,,,,,,,,,,,
,,,,,,,,,,,,,,,,,,,,,,,,,,,,,,,,,,,,,,,,,,,,,,,,,,,,,,,,,,,,,,,,,,,
,,,,,,,,,,,,,,,,,,,,,,,,,,,,,,,,,,,,,,,,,,,,,,,,,,,,,,,,,,,,,,,,,,,
,,,,,,,,,,,,,,,,,,,,,,,,,,,,,,,,,,,,,,,,,,,,,,,,,,,,,,,,,,,,,,,,,,,
,,,,,,,,,,,,,,,,,,,,,,,,,,,,,,,,,,,,,,,,,,,,,,,,,,,,,,,,,,,,,,,,,,,
,,,,,,,,,,,,,,,,,,,,,,,,,,,,,,,,,,,,,,,,,,,,,,,,,,,,,,,,,,,,,,,,,,,
,,,,,,,,,,,,,,,,,,,,,,,,,,,,,,,,,,,,,,,,,,,,,,,,,,,,,,,,,,,,,,,,,,,
,,,,,,,,,,,,,,,,,,,,,,,,,,,,,,,,,,,,,,,,,,,,,,,,,,,,,,,,,,,,,,,,,,,
,,,,,,,,,,,,,,,,,,,,,,,,,,,,,,,,,,,,,,,,,,,,,,,,,,,,,,,,,,,,,,,,,,,
,,,,,,,,,,,,,,,,,,,,,,,,,,,,,,,,,,,,,,,,,,,,,,,,,,,,,,,,,,,,,,,,,,,
,,,,,,,,,,,,,,,,,,,,,,,,,,,,,,,,,,,,,,,,,,,,,,,,,,,,,,,,,,,,,,,,,,,
,,,,,,,,,,,,,,,,,,,,,,,,,,,,,,,,,,,,,,,,,,,,,,,,,,,,,,,,,,,,,,,,,,,
,,,,,,,,,,,,,,,,,,,,,,,,,,,,,,,,,,,,,,,,,,,,,,,,,,,,,,,,,,,,,,,,,,,
,,,,,,,,,,,,,,,,,,,,,,,,,,,,,,,,,,,,,,,,,,,,,,,,,,,,,,,,,,,,,,,,,,,
,,,,,,,,,,,,,,,,,,,,,,,,,,,,,,,,,,,,,,,,,,,,,,,,,,,,,,,,,,,,,,,,,,,
,,,,,,,,,,,,,,,,,,,,,,,,,,,,,,,,,,,,,,,,,,,,,,,,,,,,,,,,,,,,,,,,,,,
,,,,,,,,,,,,,,,,,,,,,,,,,,,,,,,,,,,,,,,,,,,,,,,,,,,,,,,,,,,,,,,,,,,
,,,,,,,,,,,,,,,,,,,,,,,,,,,,,,,,,,,,,,,,,,,,,,,,,,,,,,,,,,,,,,,,,,,
,,,,,,,,,,,,,,,,,,,,,,,,,,,,,,,,,,,,,,,,,,,,,,,,,,,,,,,,,,,,,,,,,,,
,,,,,,,,,,,,,,,,,,,,,,,,,,,,,,,,,,,,,,,,,,,,,,,,,,,,,,,,,,,,,,,,,,,
,,,,,,,,,,,,,,,,,,,,,,,,,,,,,,,,,,,,,,,,,,,,,,,,,,,,,,,,,,,,,,,,,,,
,,,,,,,,,,,,,,,,,,,,,,,,,,,,,,,,,,,,,,,,,,,,,,,,,,,,,,,,,,,,,,,,,,,
,,,,,,,,,,,,,,,,,,,,,,,,,,,,,,,,,,,,,,,,,,,,,,,,,,,,,,,,,,,,,,,,,,,
,,,,,,,,,,,,,,,,,,,,,,,,,,,,,,,,,,,,,,,,,,,,,,,,,,,,,,,,,,,,,,,,,,,
,,,,,,,,,,,,,,,,,,,,,,,,,,,,,,,,,,,,,,,,,,,,,,,,,,,,,,,,,,,,,,,,,,,
,,,,,,,,,,,,,,,,,,,,,,,,,,,,,,,,,,,,,,,,,,,,,,,,,,,,,,,,,,,,,,,,,,,
,,,,,,,,,,,,,,,,,,,,,,,,,,,,,,,,,,,,,,,,,,,,,,,,,,,,,,,,,,,,,,,,,,,
,,,,,,,,,,,,,,,,,,,,,,,,,,,,,,,,,,,,,,,,,,,,,,,,,,,,,,,,,,,,,,,,,,,
,,,,,,,,,,,,,,,,,,,,,,,,,,,,,,,,,,,,,,,,,,,,,,,,,,,,,,,,,,,,,,,,,,,
,,,,,,,,,,,,,,,,,,,,,,,,,,,,,,,,,,,,,,,,,,,,,,,,,,,,,,,,,,,,,,,,,,,
,,,,,,,,,,,,,,,,,,,,,,,,,,,,,,,,,,,,,,,,,,,,,,,,,,,,,,,,,,,,,,,,,,,
,,,,,,,,,,,,,,,,,,,,,,,,,,,,,,,,,,,,,,,,,,,,,,,,,,,,,,,,,,,,,,,,,,,
,,,,,,,,,,,,,,,,,,,,,,,,,,,,,,,,,,,,,,,,,,,,,,,,,,,,,,,,,,,,,,,,,,,
,,,,,,,,,,,,,,,,,,,,,,,,,,,,,,,,,,,,,,,,,,,,,,,,,,,,,,,,,,,,,,,,,,,
,,,,,,,,,,,,,,,,,,,,,,,,,,,,,,,,,,,,,,,,,,,,,,,,,,,,,,,,,,,,,,,,,,,
,,,,,,,,,,,,,,,,,,,,,,,,,,,,,,,,,,,,,,,,,,,,,,,,,,,,,,,,,,,,,,,,,,,
,,,,,,,,,,,,,,,,,,,,,,,,,,,,,,,,,,,,,,,,,,,,,,,,,,,,,,,,,,,,,,,,,,,
,,,,,,,,,,,,,,,,,,,,,,,,,,,,,,,,,,,,,,,,,,,,,,,,,,,,,,,,,,,,,,,,,,,
,,,,,,,,,,,,,,,,,,,,,,,,,,,,,,,,,,,,,,,,,,,,,,,,,,,,,,,,,,,,,,,,,,,
,,,,,,,,,,,,,,,,,,,,,,,,,,,,,,,,,,,,,,,,,,,,,,,,,,,,,,,,,,,,,,,,,,,
,,,,,,,,,,,,,,,,,,,,,,,,,,,,,,,,,,,,,,,,,,,,,,,,,,,,,,,,,,,,,,,,,,,
,,,,,,,,,,,,,,,,,,,,,,,,,,,,,,,,,,,,,,,,,,,,,,,,,,,,,,,,,,,,,,,,,,,
,,,,,,,,,,,,,,,,,,,,,,,,,,,,,,,,,,,,,,,,,,,,,,,,,,,,,,,,,,,,,,,,,,,
,,,,,,,,,,,,,,,,,,,,,,,,,,,,,,,,,,,,,,,,,,,,,,,,,,,,,,,,,,,,,,,,,,,
,,,,,,,,,,,,,,,,,,,,,,,,,,,,,,,,,,,,,,,,,,,,,,,,,,,,,,,,,,,,,,,,,,,
